[32m14:39:29[0m | [1mINFO    [0m | [36mbackend.strategies.core.market_structure[0m:[36mupdate[0m | [1mChoCH fired: BEARISH | Broken level: 6129.202 | BOS count: 1[0m
[32m14:39:29[0m | [1mINFO    [0m | [36mbackend.strategies.core.market_structure[0m:[36mupdate[0m | [1mBOS fired: BEARISH | Broken level: 6096.992 | BOS count: 2 | Trend Confirmed: True[0m
[32m14:39:29[0m | [1mINFO    [0m | [36mbackend.strategies.core.market_structure[0m:[36mupdate[0m | [1mBOS fired: BEARISH | Broken level: 6079.047 | BOS count: 3 | Trend Confirmed: True[0m
[32m14:39:30[0m | [1mINFO    [0m | [36mbackend.strategies.core.market_structure[0m:[36mupdate[0m | [1mBOS fired: BEARISH | Broken level: 6048.616 | BOS count: 4 | Trend Confirmed: True[0m
[32m14:39:30[0m | [1mINFO    [0m | [36mbackend.strategies.core.market_structure[0m:[36mupdate[0m | [1mBOS fired: BEARISH | Broken level: 6041.815 | BOS count: 5 | Trend Confirmed: True[0m
[32m14:39:30[0m | [1mINFO    [0m | [36mbackend.strategies.core.market_structure[0m:[36mupdate[0m | [1mChoCH fired: BULLISH | Broken level: 6048.686 | BOS count: 1[0m
[32m14:39:30[0m | [1mINFO    [0m | [36mbackend.strategies.core.market_structure[0m:[36mupdate[0m | [1mBOS fired: BULLISH | Broken level: 6016.774 | BOS count: 2 | Trend Confirmed: True[0m
[32m14:39:31[0m | [1mINFO    [0m | [36mbackend.strategies.core.market_structure[0m:[36mupdate[0m | [1mBOS fired: BULLISH | Broken level: 6016.774 | BOS count: 3 | Trend Confirmed: True[0m
[32m14:39:31[0m | [1mINFO    [0m | [36mbackend.strategies.core.market_structure[0m:[36mupdate[0m | [1mBOS fired: BULLISH | Broken level: 6016.774 | BOS count: 4 | Trend Confirmed: True[0m
[32m14:39:31[0m | [1mINFO    [0m | [36mbackend.strategies.core.market_structure[0m:[36mupdate[0m | [1mBOS fired: BULLISH | Broken level: 6016.774 | BOS count: 5 | Trend Confirmed: True[0m
[32m14:39:31[0m | [1mINFO    [0m | [36mbackend.strategies.core.market_structure[0m:[36mupdate[0m | [1mBOS fired: BULLISH | Broken level: 6016.774 | BOS count: 6 | Trend Confirmed: True[0m
[32m14:39:31[0m | [1mINFO    [0m | [36mbackend.strategies.core.market_structure[0m:[36mupdate[0m | [1mBOS fired: BULLISH | Broken level: 6016.774 | BOS count: 7 | Trend Confirmed: True[0m
[32m14:39:31[0m | [1mINFO    [0m | [36mbackend.strategies.core.market_structure[0m:[36mupdate[0m | [1mBOS fired: BULLISH | Broken level: 6016.774 | BOS count: 8 | Trend Confirmed: True[0m
[32m14:39:31[0m | [1mINFO    [0m | [36mbackend.strategies.core.market_structure[0m:[36mupdate[0m | [1mBOS fired: BULLISH | Broken level: 6016.774 | BOS count: 9 | Trend Confirmed: True[0m
[32m14:39:31[0m | [1mINFO    [0m | [36mbackend.strategies.core.market_structure[0m:[36mupdate[0m | [1mBOS fired: BULLISH | Broken level: 6016.774 | BOS count: 10 | Trend Confirmed: True[0m
[32m14:39:31[0m | [1mINFO    [0m | [36mbackend.strategies.core.market_structure[0m:[36mupdate[0m | [1mBOS fired: BULLISH | Broken level: 6016.774 | BOS count: 11 | Trend Confirmed: True[0m
[32m14:39:31[0m | [1mINFO    [0m | [36mbackend.strategies.core.market_structure[0m:[36mupdate[0m | [1mBOS fired: BULLISH | Broken level: 6016.774 | BOS count: 12 | Trend Confirmed: True[0m
[32m14:39:31[0m | [1mINFO    [0m | [36mbackend.strategies.core.market_structure[0m:[36mupdate[0m | [1mChoCH fired: BEARISH | Broken level: 6012.609 | BOS count: 1[0m
[32m14:39:31[0m | [1mINFO    [0m | [36mbackend.strategies.core.market_structure[0m:[36mupdate[0m | [1mBOS fired: BEARISH | Broken level: 6012.609 | BOS count: 2 | Trend Confirmed: True[0m
[32m14:39:31[0m | [1mINFO    [0m | [36mbackend.strategies.core.market_structure[0m:[36mupdate[0m | [1mBOS fired: BEARISH | Broken level: 6012.609 | BOS count: 3 | Trend Confirmed: True[0m
[32m14:39:31[0m | [1mINFO    [0m | [36mbackend.strategies.core.market_structure[0m:[36mupdate[0m | [1mBOS fired: BEARISH | Broken level: 6012.609 | BOS count: 4 | Trend Confirmed: True[0m
[32m14:39:31[0m | [1mINFO    [0m | [36mbackend.strategies.core.market_structure[0m:[36mupdate[0m | [1mBOS fired: BEARISH | Broken level: 6012.609 | BOS count: 5 | Trend Confirmed: True[0m
[32m14:39:31[0m | [1mINFO    [0m | [36mbackend.strategies.core.market_structure[0m:[36mupdate[0m | [1mBOS fired: BEARISH | Broken level: 6005.093 | BOS count: 6 | Trend Confirmed: True[0m
[32m14:39:31[0m | [1mINFO    [0m | [36mbackend.strategies.core.market_structure[0m:[36mupdate[0m | [1mChoCH fired: BULLISH | Broken level: 6017.226 | BOS count: 1[0m
[32m14:39:31[0m | [1mINFO    [0m | [36mbackend.strategies.core.market_structure[0m:[36mupdate[0m | [1mBOS fired: BULLISH | Broken level: 6017.226 | BOS count: 2 | Trend Confirmed: True[0m
[32m14:39:31[0m | [1mINFO    [0m | [36mbackend.strategies.core.market_structure[0m:[36mupdate[0m | [1mBOS fired: BULLISH | Broken level: 6017.226 | BOS count: 3 | Trend Confirmed: True[0m
[32m14:39:31[0m | [1mINFO    [0m | [36mbackend.strategies.core.market_structure[0m:[36mupdate[0m | [1mBOS fired: BULLISH | Broken level: 6017.226 | BOS count: 4 | Trend Confirmed: True[0m
[32m14:39:31[0m | [1mINFO    [0m | [36mbackend.strategies.core.market_structure[0m:[36mupdate[0m | [1mBOS fired: BULLISH | Broken level: 6017.226 | BOS count: 5 | Trend Confirmed: True[0m
[32m14:39:31[0m | [1mINFO    [0m | [36mbackend.strategies.core.market_structure[0m:[36mupdate[0m | [1mBOS fired: BULLISH | Broken level: 6017.226 | BOS count: 6 | Trend Confirmed: True[0m
[32m14:39:31[0m | [1mINFO    [0m | [36mbackend.strategies.core.market_structure[0m:[36mupdate[0m | [1mBOS fired: BULLISH | Broken level: 6017.226 | BOS count: 7 | Trend Confirmed: True[0m
[32m14:39:31[0m | [1mINFO    [0m | [36mbackend.strategies.core.market_structure[0m:[36mupdate[0m | [1mBOS fired: BULLISH | Broken level: 6017.226 | BOS count: 8 | Trend Confirmed: True[0m
[32m14:39:31[0m | [1mINFO    [0m | [36mbackend.strategies.core.market_structure[0m:[36mupdate[0m | [1mBOS fired: BULLISH | Broken level: 6017.226 | BOS count: 9 | Trend Confirmed: True[0m
[32m14:39:31[0m | [1mINFO    [0m | [36mbackend.strategies.core.market_structure[0m:[36mupdate[0m | [1mBOS fired: BULLISH | Broken level: 6017.226 | BOS count: 10 | Trend Confirmed: True[0m
[32m14:39:31[0m | [1mINFO    [0m | [36mbackend.strategies.core.market_structure[0m:[36mupdate[0m | [1mBOS fired: BULLISH | Broken level: 6017.226 | BOS count: 11 | Trend Confirmed: True[0m
[32m14:39:31[0m | [1mINFO    [0m | [36mbackend.strategies.core.market_structure[0m:[36mupdate[0m | [1mBOS fired: BULLISH | Broken level: 6017.226 | BOS count: 12 | Trend Confirmed: True[0m
[32m14:39:31[0m | [1mINFO    [0m | [36mbackend.strategies.core.market_structure[0m:[36mupdate[0m | [1mBOS fired: BULLISH | Broken level: 6017.226 | BOS count: 13 | Trend Confirmed: True[0m
[32m14:39:31[0m | [1mINFO    [0m | [36mbackend.strategies.core.market_structure[0m:[36mupdate[0m | [1mBOS fired: BULLISH | Broken level: 6017.226 | BOS count: 14 | Trend Confirmed: True[0m
[32m14:39:31[0m | [1mINFO    [0m | [36mbackend.strategies.core.market_structure[0m:[36mupdate[0m | [1mBOS fired: BULLISH | Broken level: 6017.226 | BOS count: 15 | Trend Confirmed: True[0m
[32m14:39:31[0m | [1mINFO    [0m | [36mbackend.strategies.core.market_structure[0m:[36mupdate[0m | [1mBOS fired: BULLISH | Broken level: 6017.226 | BOS count: 16 | Trend Confirmed: True[0m
[32m14:39:31[0m | [1mINFO    [0m | [36mbackend.strategies.core.market_structure[0m:[36mupdate[0m | [1mBOS fired: BULLISH | Broken level: 6017.226 | BOS count: 17 | Trend Confirmed: True[0m
[32m14:39:31[0m | [1mINFO    [0m | [36mbackend.strategies.core.market_structure[0m:[36mupdate[0m | [1mBOS fired: BULLISH | Broken level: 6017.226 | BOS count: 18 | Trend Confirmed: True[0m
[32m14:39:31[0m | [1mINFO    [0m | [36mbackend.strategies.core.market_structure[0m:[36mupdate[0m | [1mBOS fired: BULLISH | Broken level: 6017.226 | BOS count: 19 | Trend Confirmed: True[0m
[32m14:39:31[0m | [1mINFO    [0m | [36mbackend.strategies.core.market_structure[0m:[36mupdate[0m | [1mChoCH fired: BEARISH | Broken level: 5975.09 | BOS count: 1[0m
[32m14:39:31[0m | [1mINFO    [0m | [36mbackend.strategies.core.market_structure[0m:[36mupdate[0m | [1mBOS fired: BEARISH | Broken level: 5975.09 | BOS count: 2 | Trend Confirmed: True[0m
[32m14:39:32[0m | [1mINFO    [0m | [36mbackend.strategies.core.market_structure[0m:[36mupdate[0m | [1mChoCH fired: BULLISH | Broken level: 5986.683 | BOS count: 1[0m
[32m14:39:32[0m | [1mINFO    [0m | [36mbackend.strategies.core.market_structure[0m:[36mupdate[0m | [1mBOS fired: BULLISH | Broken level: 5986.683 | BOS count: 2 | Trend Confirmed: True[0m
[32m14:39:32[0m | [1mINFO    [0m | [36mbackend.strategies.core.market_structure[0m:[36mupdate[0m | [1mBOS fired: BULLISH | Broken level: 5985.384 | BOS count: 3 | Trend Confirmed: True[0m
[32m14:39:32[0m | [1mINFO    [0m | [36mbackend.strategies.core.market_structure[0m:[36mupdate[0m | [1mBOS fired: BULLISH | Broken level: 5985.384 | BOS count: 4 | Trend Confirmed: True[0m
[32m14:39:32[0m | [1mINFO    [0m | [36mbackend.strategies.core.market_structure[0m:[36mupdate[0m | [1mBOS fired: BULLISH | Broken level: 5985.384 | BOS count: 5 | Trend Confirmed: True[0m
[32m14:39:32[0m | [1mINFO    [0m | [36mbackend.strategies.core.market_structure[0m:[36mupdate[0m | [1mBOS fired: BULLISH | Broken level: 5985.384 | BOS count: 6 | Trend Confirmed: True[0m
[32m14:39:32[0m | [1mINFO    [0m | [36mbackend.strategies.core.market_structure[0m:[36mupdate[0m | [1mBOS fired: BULLISH | Broken level: 5985.384 | BOS count: 7 | Trend Confirmed: True[0m
[32m14:39:32[0m | [1mINFO    [0m | [36mbackend.strategies.core.market_structure[0m:[36mupdate[0m | [1mBOS fired: BULLISH | Broken level: 5985.384 | BOS count: 8 | Trend Confirmed: True[0m
[32m14:39:32[0m | [1mINFO    [0m | [36mbackend.strategies.core.market_structure[0m:[36mupdate[0m | [1mBOS fired: BULLISH | Broken level: 5985.384 | BOS count: 9 | Trend Confirmed: True[0m
[32m14:39:32[0m | [1mINFO    [0m | [36mbackend.strategies.core.market_structure[0m:[36mupdate[0m | [1mBOS fired: BULLISH | Broken level: 5985.384 | BOS count: 10 | Trend Confirmed: True[0m
[32m14:39:32[0m | [1mINFO    [0m | [36mbackend.strategies.core.market_structure[0m:[36mupdate[0m | [1mBOS fired: BULLISH | Broken level: 5985.384 | BOS count: 11 | Trend Confirmed: True[0m
[32m14:39:32[0m | [1mINFO    [0m | [36mbackend.strategies.core.market_structure[0m:[36mupdate[0m | [1mBOS fired: BULLISH | Broken level: 5985.384 | BOS count: 12 | Trend Confirmed: True[0m
[32m14:39:32[0m | [1mINFO    [0m | [36mbackend.strategies.core.market_structure[0m:[36mupdate[0m | [1mBOS fired: BULLISH | Broken level: 5985.384 | BOS count: 13 | Trend Confirmed: True[0m
[32m14:39:32[0m | [1mINFO    [0m | [36mbackend.strategies.core.market_structure[0m:[36mupdate[0m | [1mBOS fired: BULLISH | Broken level: 5985.384 | BOS count: 14 | Trend Confirmed: True[0m
[32m14:39:32[0m | [1mINFO    [0m | [36mbackend.strategies.core.market_structure[0m:[36mupdate[0m | [1mBOS fired: BULLISH | Broken level: 5985.384 | BOS count: 15 | Trend Confirmed: True[0m
[32m14:39:32[0m | [1mINFO    [0m | [36mbackend.strategies.core.market_structure[0m:[36mupdate[0m | [1mBOS fired: BULLISH | Broken level: 5985.384 | BOS count: 16 | Trend Confirmed: True[0m
[32m14:39:32[0m | [1mINFO    [0m | [36mbackend.strategies.core.market_structure[0m:[36mupdate[0m | [1mBOS fired: BULLISH | Broken level: 5985.384 | BOS count: 17 | Trend Confirmed: True[0m
[32m14:39:32[0m | [1mINFO    [0m | [36mbackend.strategies.core.market_structure[0m:[36mupdate[0m | [1mBOS fired: BULLISH | Broken level: 5985.384 | BOS count: 18 | Trend Confirmed: True[0m
[32m14:39:32[0m | [1mINFO    [0m | [36mbackend.strategies.core.market_structure[0m:[36mupdate[0m | [1mBOS fired: BULLISH | Broken level: 5985.384 | BOS count: 19 | Trend Confirmed: True[0m
[32m14:39:32[0m | [1mINFO    [0m | [36mbackend.strategies.core.market_structure[0m:[36mupdate[0m | [1mBOS fired: BULLISH | Broken level: 5985.384 | BOS count: 20 | Trend Confirmed: True[0m
[32m14:39:32[0m | [1mINFO    [0m | [36mbackend.strategies.core.market_structure[0m:[36mupdate[0m | [1mBOS fired: BULLISH | Broken level: 5985.384 | BOS count: 21 | Trend Confirmed: True[0m
[32m14:39:32[0m | [1mINFO    [0m | [36mbackend.strategies.core.market_structure[0m:[36mupdate[0m | [1mBOS fired: BULLISH | Broken level: 5985.384 | BOS count: 22 | Trend Confirmed: True[0m
[32m14:39:32[0m | [1mINFO    [0m | [36mbackend.strategies.core.market_structure[0m:[36mupdate[0m | [1mBOS fired: BULLISH | Broken level: 5985.384 | BOS count: 23 | Trend Confirmed: True[0m
[32m14:39:32[0m | [1mINFO    [0m | [36mbackend.strategies.core.market_structure[0m:[36mupdate[0m | [1mBOS fired: BULLISH | Broken level: 5985.384 | BOS count: 24 | Trend Confirmed: True[0m
[32m14:39:32[0m | [1mINFO    [0m | [36mbackend.strategies.core.market_structure[0m:[36mupdate[0m | [1mBOS fired: BULLISH | Broken level: 5985.384 | BOS count: 25 | Trend Confirmed: True[0m
[32m14:39:32[0m | [1mINFO    [0m | [36mbackend.strategies.core.market_structure[0m:[36mupdate[0m | [1mBOS fired: BULLISH | Broken level: 5985.384 | BOS count: 26 | Trend Confirmed: True[0m
[32m14:39:32[0m | [1mINFO    [0m | [36mbackend.strategies.core.market_structure[0m:[36mupdate[0m | [1mBOS fired: BULLISH | Broken level: 5985.384 | BOS count: 27 | Trend Confirmed: True[0m
[32m14:39:32[0m | [1mINFO    [0m | [36mbackend.strategies.core.market_structure[0m:[36mupdate[0m | [1mBOS fired: BULLISH | Broken level: 5985.384 | BOS count: 28 | Trend Confirmed: True[0m
[32m14:39:32[0m | [1mINFO    [0m | [36mbackend.strategies.core.market_structure[0m:[36mupdate[0m | [1mBOS fired: BULLISH | Broken level: 5985.384 | BOS count: 29 | Trend Confirmed: True[0m
[32m14:39:32[0m | [1mINFO    [0m | [36mbackend.strategies.core.market_structure[0m:[36mupdate[0m | [1mBOS fired: BULLISH | Broken level: 5985.384 | BOS count: 30 | Trend Confirmed: True[0m
[32m14:39:32[0m | [1mINFO    [0m | [36mbackend.strategies.core.market_structure[0m:[36mupdate[0m | [1mBOS fired: BULLISH | Broken level: 5985.384 | BOS count: 31 | Trend Confirmed: True[0m
[32m14:39:32[0m | [1mINFO    [0m | [36mbackend.strategies.core.market_structure[0m:[36mupdate[0m | [1mBOS fired: BULLISH | Broken level: 5987.178 | BOS count: 32 | Trend Confirmed: True[0m
[32m14:39:32[0m | [1mINFO    [0m | [36mbackend.strategies.core.market_structure[0m:[36mupdate[0m | [1mBOS fired: BULLISH | Broken level: 5987.178 | BOS count: 33 | Trend Confirmed: True[0m
[32m14:39:32[0m | [1mINFO    [0m | [36mbackend.strategies.core.market_structure[0m:[36mupdate[0m | [1mBOS fired: BULLISH | Broken level: 5990.95 | BOS count: 34 | Trend Confirmed: True[0m
[32m14:39:32[0m | [1mINFO    [0m | [36mbackend.strategies.core.market_structure[0m:[36mupdate[0m | [1mBOS fired: BULLISH | Broken level: 5990.95 | BOS count: 35 | Trend Confirmed: True[0m
[32m14:39:32[0m | [1mINFO    [0m | [36mbackend.strategies.core.market_structure[0m:[36mupdate[0m | [1mBOS fired: BULLISH | Broken level: 5990.95 | BOS count: 36 | Trend Confirmed: True[0m
[32m14:39:32[0m | [1mINFO    [0m | [36mbackend.strategies.core.market_structure[0m:[36mupdate[0m | [1mBOS fired: BULLISH | Broken level: 5990.95 | BOS count: 37 | Trend Confirmed: True[0m
[32m14:39:32[0m | [1mINFO    [0m | [36mbackend.strategies.core.market_structure[0m:[36mupdate[0m | [1mBOS fired: BULLISH | Broken level: 5990.95 | BOS count: 38 | Trend Confirmed: True[0m
[32m14:39:32[0m | [1mINFO    [0m | [36mbackend.strategies.core.market_structure[0m:[36mupdate[0m | [1mBOS fired: BULLISH | Broken level: 5990.95 | BOS count: 39 | Trend Confirmed: True[0m
[32m14:39:32[0m | [1mINFO    [0m | [36mbackend.strategies.core.market_structure[0m:[36mupdate[0m | [1mBOS fired: BULLISH | Broken level: 5990.95 | BOS count: 40 | Trend Confirmed: True[0m
[32m14:39:32[0m | [1mINFO    [0m | [36mbackend.strategies.core.market_structure[0m:[36mupdate[0m | [1mBOS fired: BULLISH | Broken level: 5990.95 | BOS count: 41 | Trend Confirmed: True[0m
[32m14:39:32[0m | [1mINFO    [0m | [36mbackend.strategies.core.market_structure[0m:[36mupdate[0m | [1mBOS fired: BULLISH | Broken level: 5990.95 | BOS count: 42 | Trend Confirmed: True[0m
[32m14:39:32[0m | [1mINFO    [0m | [36mbackend.strategies.core.market_structure[0m:[36mupdate[0m | [1mChoCH fired: BEARISH | Broken level: 5950.954 | BOS count: 1[0m
[32m14:39:32[0m | [1mINFO    [0m | [36mbackend.strategies.core.market_structure[0m:[36mupdate[0m | [1mBOS fired: BEARISH | Broken level: 5950.954 | BOS count: 2 | Trend Confirmed: True[0m
[32m14:39:32[0m | [1mINFO    [0m | [36mbackend.strategies.core.market_structure[0m:[36mupdate[0m | [1mBOS fired: BEARISH | Broken level: 5950.954 | BOS count: 3 | Trend Confirmed: True[0m
[32m14:39:32[0m | [1mINFO    [0m | [36mbackend.strategies.core.market_structure[0m:[36mupdate[0m | [1mBOS fired: BEARISH | Broken level: 5950.954 | BOS count: 4 | Trend Confirmed: True[0m
[32m14:39:32[0m | [1mINFO    [0m | [36mbackend.strategies.core.market_structure[0m:[36mupdate[0m | [1mBOS fired: BEARISH | Broken level: 5950.954 | BOS count: 5 | Trend Confirmed: True[0m
[32m14:39:32[0m | [1mINFO    [0m | [36mbackend.strategies.core.market_structure[0m:[36mupdate[0m | [1mBOS fired: BEARISH | Broken level: 5950.954 | BOS count: 6 | Trend Confirmed: True[0m
[32m14:39:32[0m | [1mINFO    [0m | [36mbackend.strategies.core.market_structure[0m:[36mupdate[0m | [1mBOS fired: BEARISH | Broken level: 5950.954 | BOS count: 7 | Trend Confirmed: True[0m
[32m14:39:32[0m | [1mINFO    [0m | [36mbackend.strategies.core.market_structure[0m:[36mupdate[0m | [1mBOS fired: BEARISH | Broken level: 5950.954 | BOS count: 8 | Trend Confirmed: True[0m
[32m14:39:32[0m | [1mINFO    [0m | [36mbackend.strategies.core.market_structure[0m:[36mupdate[0m | [1mBOS fired: BEARISH | Broken level: 5950.954 | BOS count: 9 | Trend Confirmed: True[0m
[32m14:39:33[0m | [1mINFO    [0m | [36mbackend.strategies.core.market_structure[0m:[36mupdate[0m | [1mBOS fired: BEARISH | Broken level: 5940.599 | BOS count: 10 | Trend Confirmed: True[0m
[32m14:39:33[0m | [1mINFO    [0m | [36mbackend.strategies.core.market_structure[0m:[36mupdate[0m | [1mBOS fired: BEARISH | Broken level: 5940.599 | BOS count: 11 | Trend Confirmed: True[0m
[32m14:39:33[0m | [1mINFO    [0m | [36mbackend.strategies.core.market_structure[0m:[36mupdate[0m | [1mBOS fired: BEARISH | Broken level: 5940.599 | BOS count: 12 | Trend Confirmed: True[0m
[32m14:39:33[0m | [1mINFO    [0m | [36mbackend.strategies.core.market_structure[0m:[36mupdate[0m | [1mBOS fired: BEARISH | Broken level: 5940.599 | BOS count: 13 | Trend Confirmed: True[0m
[32m14:39:33[0m | [1mINFO    [0m | [36mbackend.strategies.core.market_structure[0m:[36mupdate[0m | [1mBOS fired: BEARISH | Broken level: 5940.599 | BOS count: 14 | Trend Confirmed: True[0m
[32m14:39:33[0m | [1mINFO    [0m | [36mbackend.strategies.core.market_structure[0m:[36mupdate[0m | [1mBOS fired: BEARISH | Broken level: 5940.599 | BOS count: 15 | Trend Confirmed: True[0m
[32m14:39:33[0m | [1mINFO    [0m | [36mbackend.strategies.core.market_structure[0m:[36mupdate[0m | [1mBOS fired: BEARISH | Broken level: 5940.599 | BOS count: 16 | Trend Confirmed: True[0m
[32m14:39:33[0m | [1mINFO    [0m | [36mbackend.strategies.core.market_structure[0m:[36mupdate[0m | [1mBOS fired: BEARISH | Broken level: 5940.599 | BOS count: 17 | Trend Confirmed: True[0m
[32m14:39:33[0m | [1mINFO    [0m | [36mbackend.strategies.core.market_structure[0m:[36mupdate[0m | [1mBOS fired: BEARISH | Broken level: 5927.219 | BOS count: 18 | Trend Confirmed: True[0m
[32m14:39:33[0m | [1mINFO    [0m | [36mbackend.strategies.core.market_structure[0m:[36mupdate[0m | [1mBOS fired: BEARISH | Broken level: 5927.219 | BOS count: 19 | Trend Confirmed: True[0m
[32m14:39:33[0m | [1mINFO    [0m | [36mbackend.strategies.core.market_structure[0m:[36mupdate[0m | [1mBOS fired: BEARISH | Broken level: 5927.219 | BOS count: 20 | Trend Confirmed: True[0m
[32m14:39:33[0m | [1mINFO    [0m | [36mbackend.strategies.core.market_structure[0m:[36mupdate[0m | [1mBOS fired: BEARISH | Broken level: 5927.219 | BOS count: 21 | Trend Confirmed: True[0m
[32m14:39:33[0m | [1mINFO    [0m | [36mbackend.strategies.core.market_structure[0m:[36mupdate[0m | [1mBOS fired: BEARISH | Broken level: 5920.786 | BOS count: 22 | Trend Confirmed: True[0m
[32m14:39:33[0m | [1mINFO    [0m | [36mbackend.strategies.core.market_structure[0m:[36mupdate[0m | [1mBOS fired: BEARISH | Broken level: 5920.786 | BOS count: 23 | Trend Confirmed: True[0m
[32m14:39:33[0m | [1mINFO    [0m | [36mbackend.strategies.core.market_structure[0m:[36mupdate[0m | [1mBOS fired: BEARISH | Broken level: 5920.786 | BOS count: 24 | Trend Confirmed: True[0m
[32m14:39:33[0m | [1mINFO    [0m | [36mbackend.strategies.core.market_structure[0m:[36mupdate[0m | [1mBOS fired: BEARISH | Broken level: 5920.786 | BOS count: 25 | Trend Confirmed: True[0m
[32m14:39:33[0m | [1mINFO    [0m | [36mbackend.strategies.core.market_structure[0m:[36mupdate[0m | [1mChoCH fired: BULLISH | Broken level: 5936.288 | BOS count: 1[0m
[32m14:39:33[0m | [1mINFO    [0m | [36mbackend.strategies.core.market_structure[0m:[36mupdate[0m | [1mChoCH fired: BEARISH | Broken level: 5916.631 | BOS count: 1[0m
[32m14:39:33[0m | [1mINFO    [0m | [36mbackend.strategies.core.market_structure[0m:[36mupdate[0m | [1mBOS fired: BEARISH | Broken level: 5916.631 | BOS count: 2 | Trend Confirmed: True[0m
[32m14:39:33[0m | [1mINFO    [0m | [36mbackend.strategies.core.market_structure[0m:[36mupdate[0m | [1mBOS fired: BEARISH | Broken level: 5916.631 | BOS count: 3 | Trend Confirmed: True[0m
[32m14:39:33[0m | [1mINFO    [0m | [36mbackend.strategies.core.market_structure[0m:[36mupdate[0m | [1mBOS fired: BEARISH | Broken level: 5916.631 | BOS count: 4 | Trend Confirmed: True[0m
[32m14:39:33[0m | [1mINFO    [0m | [36mbackend.strategies.core.market_structure[0m:[36mupdate[0m | [1mBOS fired: BEARISH | Broken level: 5916.631 | BOS count: 5 | Trend Confirmed: True[0m
[32m14:39:33[0m | [1mINFO    [0m | [36mbackend.strategies.core.market_structure[0m:[36mupdate[0m | [1mBOS fired: BEARISH | Broken level: 5916.631 | BOS count: 6 | Trend Confirmed: True[0m
[32m14:39:33[0m | [1mINFO    [0m | [36mbackend.strategies.core.market_structure[0m:[36mupdate[0m | [1mBOS fired: BEARISH | Broken level: 5916.631 | BOS count: 7 | Trend Confirmed: True[0m
[32m14:39:33[0m | [1mINFO    [0m | [36mbackend.strategies.core.market_structure[0m:[36mupdate[0m | [1mBOS fired: BEARISH | Broken level: 5916.631 | BOS count: 8 | Trend Confirmed: True[0m
[32m14:39:33[0m | [1mINFO    [0m | [36mbackend.strategies.core.market_structure[0m:[36mupdate[0m | [1mBOS fired: BEARISH | Broken level: 5916.631 | BOS count: 9 | Trend Confirmed: True[0m
[32m14:39:34[0m | [1mINFO    [0m | [36mbackend.strategies.core.market_structure[0m:[36mupdate[0m | [1mBOS fired: BEARISH | Broken level: 5890.146 | BOS count: 10 | Trend Confirmed: True[0m
[32m14:39:34[0m | [1mINFO    [0m | [36mbackend.strategies.core.market_structure[0m:[36mupdate[0m | [1mBOS fired: BEARISH | Broken level: 5890.146 | BOS count: 11 | Trend Confirmed: True[0m
[32m14:39:34[0m | [1mINFO    [0m | [36mbackend.strategies.core.market_structure[0m:[36mupdate[0m | [1mBOS fired: BEARISH | Broken level: 5890.146 | BOS count: 12 | Trend Confirmed: True[0m
[32m14:39:34[0m | [1mINFO    [0m | [36mbackend.strategies.core.market_structure[0m:[36mupdate[0m | [1mBOS fired: BEARISH | Broken level: 5890.146 | BOS count: 13 | Trend Confirmed: True[0m
[32m14:39:34[0m | [1mINFO    [0m | [36mbackend.strategies.core.market_structure[0m:[36mupdate[0m | [1mBOS fired: BEARISH | Broken level: 5890.146 | BOS count: 14 | Trend Confirmed: True[0m
[32m14:39:34[0m | [1mINFO    [0m | [36mbackend.strategies.core.market_structure[0m:[36mupdate[0m | [1mBOS fired: BEARISH | Broken level: 5890.146 | BOS count: 15 | Trend Confirmed: True[0m
[32m14:39:34[0m | [1mINFO    [0m | [36mbackend.strategies.core.market_structure[0m:[36mupdate[0m | [1mBOS fired: BEARISH | Broken level: 5890.146 | BOS count: 16 | Trend Confirmed: True[0m
[32m14:39:34[0m | [1mINFO    [0m | [36mbackend.strategies.core.market_structure[0m:[36mupdate[0m | [1mBOS fired: BEARISH | Broken level: 5890.146 | BOS count: 17 | Trend Confirmed: True[0m
[32m14:39:34[0m | [1mINFO    [0m | [36mbackend.strategies.core.market_structure[0m:[36mupdate[0m | [1mBOS fired: BEARISH | Broken level: 5890.146 | BOS count: 18 | Trend Confirmed: True[0m
[32m14:39:34[0m | [1mINFO    [0m | [36mbackend.strategies.core.market_structure[0m:[36mupdate[0m | [1mBOS fired: BEARISH | Broken level: 5880.759 | BOS count: 19 | Trend Confirmed: True[0m
[32m14:39:34[0m | [1mINFO    [0m | [36mbackend.strategies.core.market_structure[0m:[36mupdate[0m | [1mBOS fired: BEARISH | Broken level: 5880.759 | BOS count: 20 | Trend Confirmed: True[0m
[32m14:39:34[0m | [1mINFO    [0m | [36mbackend.strategies.core.market_structure[0m:[36mupdate[0m | [1mBOS fired: BEARISH | Broken level: 5880.759 | BOS count: 21 | Trend Confirmed: True[0m
[32m14:39:34[0m | [1mINFO    [0m | [36mbackend.strategies.core.market_structure[0m:[36mupdate[0m | [1mBOS fired: BEARISH | Broken level: 5880.759 | BOS count: 22 | Trend Confirmed: True[0m
[32m14:39:34[0m | [1mINFO    [0m | [36mbackend.strategies.core.market_structure[0m:[36mupdate[0m | [1mBOS fired: BEARISH | Broken level: 5880.759 | BOS count: 23 | Trend Confirmed: True[0m
[32m14:39:34[0m | [1mINFO    [0m | [36mbackend.strategies.core.market_structure[0m:[36mupdate[0m | [1mBOS fired: BEARISH | Broken level: 5880.759 | BOS count: 24 | Trend Confirmed: True[0m
[32m14:39:34[0m | [1mINFO    [0m | [36mbackend.strategies.core.market_structure[0m:[36mupdate[0m | [1mBOS fired: BEARISH | Broken level: 5880.759 | BOS count: 25 | Trend Confirmed: True[0m
[32m14:39:34[0m | [1mINFO    [0m | [36mbackend.strategies.core.market_structure[0m:[36mupdate[0m | [1mBOS fired: BEARISH | Broken level: 5880.759 | BOS count: 26 | Trend Confirmed: True[0m
[32m14:39:34[0m | [1mINFO    [0m | [36mbackend.strategies.core.market_structure[0m:[36mupdate[0m | [1mBOS fired: BEARISH | Broken level: 5880.759 | BOS count: 27 | Trend Confirmed: True[0m
[32m14:39:34[0m | [1mINFO    [0m | [36mbackend.strategies.core.market_structure[0m:[36mupdate[0m | [1mBOS fired: BEARISH | Broken level: 5880.759 | BOS count: 28 | Trend Confirmed: True[0m
[32m14:39:34[0m | [1mINFO    [0m | [36mbackend.strategies.core.market_structure[0m:[36mupdate[0m | [1mBOS fired: BEARISH | Broken level: 5880.759 | BOS count: 29 | Trend Confirmed: True[0m
[32m14:39:34[0m | [1mINFO    [0m | [36mbackend.strategies.core.market_structure[0m:[36mupdate[0m | [1mBOS fired: BEARISH | Broken level: 5880.759 | BOS count: 30 | Trend Confirmed: True[0m
[32m14:39:34[0m | [1mINFO    [0m | [36mbackend.strategies.core.market_structure[0m:[36mupdate[0m | [1mBOS fired: BEARISH | Broken level: 5880.759 | BOS count: 31 | Trend Confirmed: True[0m
[32m14:39:34[0m | [1mINFO    [0m | [36mbackend.strategies.core.market_structure[0m:[36mupdate[0m | [1mBOS fired: BEARISH | Broken level: 5880.759 | BOS count: 32 | Trend Confirmed: True[0m
[32m14:39:34[0m | [1mINFO    [0m | [36mbackend.strategies.core.market_structure[0m:[36mupdate[0m | [1mBOS fired: BEARISH | Broken level: 5880.759 | BOS count: 33 | Trend Confirmed: True[0m
[32m14:39:34[0m | [1mINFO    [0m | [36mbackend.strategies.core.market_structure[0m:[36mupdate[0m | [1mBOS fired: BEARISH | Broken level: 5880.759 | BOS count: 34 | Trend Confirmed: True[0m
[32m14:39:35[0m | [1mINFO    [0m | [36mbackend.strategies.core.market_structure[0m:[36mupdate[0m | [1mBOS fired: BEARISH | Broken level: 5846.826 | BOS count: 35 | Trend Confirmed: True[0m
[32m14:39:35[0m | [1mINFO    [0m | [36mbackend.strategies.core.market_structure[0m:[36mupdate[0m | [1mChoCH fired: BULLISH | Broken level: 5874.429 | BOS count: 1[0m
[32m14:39:35[0m | [1mINFO    [0m | [36mbackend.strategies.core.market_structure[0m:[36mupdate[0m | [1mBOS fired: BULLISH | Broken level: 5874.429 | BOS count: 2 | Trend Confirmed: True[0m
[32m14:39:35[0m | [1mINFO    [0m | [36mbackend.strategies.core.market_structure[0m:[36mupdate[0m | [1mBOS fired: BULLISH | Broken level: 5874.429 | BOS count: 3 | Trend Confirmed: True[0m
[32m14:39:35[0m | [1mINFO    [0m | [36mbackend.strategies.core.market_structure[0m:[36mupdate[0m | [1mBOS fired: BULLISH | Broken level: 5874.429 | BOS count: 4 | Trend Confirmed: True[0m
[32m14:39:35[0m | [1mINFO    [0m | [36mbackend.strategies.core.market_structure[0m:[36mupdate[0m | [1mBOS fired: BULLISH | Broken level: 5874.429 | BOS count: 5 | Trend Confirmed: True[0m
[32m14:39:35[0m | [1mINFO    [0m | [36mbackend.strategies.core.market_structure[0m:[36mupdate[0m | [1mBOS fired: BULLISH | Broken level: 5874.429 | BOS count: 6 | Trend Confirmed: True[0m
[32m14:39:35[0m | [1mINFO    [0m | [36mbackend.strategies.core.market_structure[0m:[36mupdate[0m | [1mBOS fired: BULLISH | Broken level: 5874.429 | BOS count: 7 | Trend Confirmed: True[0m
[32m14:39:35[0m | [1mINFO    [0m | [36mbackend.strategies.core.market_structure[0m:[36mupdate[0m | [1mBOS fired: BULLISH | Broken level: 5874.429 | BOS count: 8 | Trend Confirmed: True[0m
[32m14:39:35[0m | [1mINFO    [0m | [36mbackend.strategies.core.market_structure[0m:[36mupdate[0m | [1mBOS fired: BULLISH | Broken level: 5874.429 | BOS count: 9 | Trend Confirmed: True[0m
[32m14:39:35[0m | [1mINFO    [0m | [36mbackend.strategies.core.market_structure[0m:[36mupdate[0m | [1mBOS fired: BULLISH | Broken level: 5874.429 | BOS count: 10 | Trend Confirmed: True[0m
[32m14:39:35[0m | [1mINFO    [0m | [36mbackend.strategies.core.market_structure[0m:[36mupdate[0m | [1mBOS fired: BULLISH | Broken level: 5871.104 | BOS count: 11 | Trend Confirmed: True[0m
[32m14:39:35[0m | [1mINFO    [0m | [36mbackend.strategies.core.market_structure[0m:[36mupdate[0m | [1mBOS fired: BULLISH | Broken level: 5871.104 | BOS count: 12 | Trend Confirmed: True[0m
[32m14:39:35[0m | [1mINFO    [0m | [36mbackend.strategies.core.market_structure[0m:[36mupdate[0m | [1mBOS fired: BULLISH | Broken level: 5871.104 | BOS count: 13 | Trend Confirmed: True[0m
[32m14:39:35[0m | [1mINFO    [0m | [36mbackend.strategies.core.market_structure[0m:[36mupdate[0m | [1mBOS fired: BULLISH | Broken level: 5871.104 | BOS count: 14 | Trend Confirmed: True[0m
[32m14:39:35[0m | [1mINFO    [0m | [36mbackend.strategies.core.market_structure[0m:[36mupdate[0m | [1mBOS fired: BULLISH | Broken level: 5871.104 | BOS count: 15 | Trend Confirmed: True[0m
[32m14:39:35[0m | [1mINFO    [0m | [36mbackend.strategies.core.market_structure[0m:[36mupdate[0m | [1mBOS fired: BULLISH | Broken level: 5871.104 | BOS count: 16 | Trend Confirmed: True[0m
[32m14:39:35[0m | [1mINFO    [0m | [36mbackend.strategies.core.market_structure[0m:[36mupdate[0m | [1mBOS fired: BULLISH | Broken level: 5871.104 | BOS count: 17 | Trend Confirmed: True[0m
[32m14:39:35[0m | [1mINFO    [0m | [36mbackend.strategies.core.market_structure[0m:[36mupdate[0m | [1mBOS fired: BULLISH | Broken level: 5871.104 | BOS count: 18 | Trend Confirmed: True[0m
[32m14:39:35[0m | [1mINFO    [0m | [36mbackend.strategies.core.market_structure[0m:[36mupdate[0m | [1mBOS fired: BULLISH | Broken level: 5871.104 | BOS count: 19 | Trend Confirmed: True[0m
[32m14:39:35[0m | [1mINFO    [0m | [36mbackend.strategies.core.market_structure[0m:[36mupdate[0m | [1mBOS fired: BULLISH | Broken level: 5871.104 | BOS count: 20 | Trend Confirmed: True[0m
[32m14:39:35[0m | [1mINFO    [0m | [36mbackend.strategies.core.market_structure[0m:[36mupdate[0m | [1mBOS fired: BULLISH | Broken level: 5871.104 | BOS count: 21 | Trend Confirmed: True[0m
[32m14:39:35[0m | [1mINFO    [0m | [36mbackend.strategies.core.market_structure[0m:[36mupdate[0m | [1mBOS fired: BULLISH | Broken level: 5871.104 | BOS count: 22 | Trend Confirmed: True[0m
[32m14:39:35[0m | [1mINFO    [0m | [36mbackend.strategies.core.market_structure[0m:[36mupdate[0m | [1mBOS fired: BULLISH | Broken level: 5871.104 | BOS count: 23 | Trend Confirmed: True[0m
[32m14:39:35[0m | [1mINFO    [0m | [36mbackend.strategies.core.market_structure[0m:[36mupdate[0m | [1mBOS fired: BULLISH | Broken level: 5871.104 | BOS count: 24 | Trend Confirmed: True[0m
[32m14:39:35[0m | [1mINFO    [0m | [36mbackend.strategies.core.market_structure[0m:[36mupdate[0m | [1mBOS fired: BULLISH | Broken level: 5871.104 | BOS count: 25 | Trend Confirmed: True[0m
[32m14:39:35[0m | [1mINFO    [0m | [36mbackend.strategies.core.market_structure[0m:[36mupdate[0m | [1mBOS fired: BULLISH | Broken level: 5871.104 | BOS count: 26 | Trend Confirmed: True[0m
[32m14:39:35[0m | [1mINFO    [0m | [36mbackend.strategies.core.market_structure[0m:[36mupdate[0m | [1mBOS fired: BULLISH | Broken level: 5871.104 | BOS count: 27 | Trend Confirmed: True[0m
[32m14:39:35[0m | [1mINFO    [0m | [36mbackend.strategies.core.market_structure[0m:[36mupdate[0m | [1mBOS fired: BULLISH | Broken level: 5871.104 | BOS count: 28 | Trend Confirmed: True[0m
[32m14:39:35[0m | [1mINFO    [0m | [36mbackend.strategies.core.market_structure[0m:[36mupdate[0m | [1mBOS fired: BULLISH | Broken level: 5871.104 | BOS count: 29 | Trend Confirmed: True[0m
[32m14:39:35[0m | [1mINFO    [0m | [36mbackend.strategies.core.market_structure[0m:[36mupdate[0m | [1mBOS fired: BULLISH | Broken level: 5871.104 | BOS count: 30 | Trend Confirmed: True[0m
[32m14:39:35[0m | [1mINFO    [0m | [36mbackend.strategies.core.market_structure[0m:[36mupdate[0m | [1mBOS fired: BULLISH | Broken level: 5871.104 | BOS count: 31 | Trend Confirmed: True[0m
[32m14:39:35[0m | [1mINFO    [0m | [36mbackend.strategies.core.market_structure[0m:[36mupdate[0m | [1mBOS fired: BULLISH | Broken level: 5871.104 | BOS count: 32 | Trend Confirmed: True[0m
[32m14:39:35[0m | [1mINFO    [0m | [36mbackend.strategies.core.market_structure[0m:[36mupdate[0m | [1mBOS fired: BULLISH | Broken level: 5871.104 | BOS count: 33 | Trend Confirmed: True[0m
[32m14:39:35[0m | [1mINFO    [0m | [36mbackend.strategies.core.market_structure[0m:[36mupdate[0m | [1mBOS fired: BULLISH | Broken level: 5871.104 | BOS count: 34 | Trend Confirmed: True[0m
[32m14:39:35[0m | [1mINFO    [0m | [36mbackend.strategies.core.market_structure[0m:[36mupdate[0m | [1mBOS fired: BULLISH | Broken level: 5871.104 | BOS count: 35 | Trend Confirmed: True[0m
[32m14:39:35[0m | [1mINFO    [0m | [36mbackend.strategies.core.market_structure[0m:[36mupdate[0m | [1mBOS fired: BULLISH | Broken level: 5871.104 | BOS count: 36 | Trend Confirmed: True[0m
[32m14:39:35[0m | [1mINFO    [0m | [36mbackend.strategies.core.market_structure[0m:[36mupdate[0m | [1mBOS fired: BULLISH | Broken level: 5871.104 | BOS count: 37 | Trend Confirmed: True[0m
[32m14:39:35[0m | [1mINFO    [0m | [36mbackend.strategies.core.market_structure[0m:[36mupdate[0m | [1mBOS fired: BULLISH | Broken level: 5871.104 | BOS count: 38 | Trend Confirmed: True[0m
[32m14:39:35[0m | [1mINFO    [0m | [36mbackend.strategies.core.market_structure[0m:[36mupdate[0m | [1mBOS fired: BULLISH | Broken level: 5871.104 | BOS count: 39 | Trend Confirmed: True[0m
[32m14:39:35[0m | [1mINFO    [0m | [36mbackend.strategies.core.market_structure[0m:[36mupdate[0m | [1mBOS fired: BULLISH | Broken level: 5871.104 | BOS count: 40 | Trend Confirmed: True[0m
[32m14:39:35[0m | [1mINFO    [0m | [36mbackend.strategies.core.market_structure[0m:[36mupdate[0m | [1mBOS fired: BULLISH | Broken level: 5871.104 | BOS count: 41 | Trend Confirmed: True[0m
[32m14:39:35[0m | [1mINFO    [0m | [36mbackend.strategies.core.market_structure[0m:[36mupdate[0m | [1mBOS fired: BULLISH | Broken level: 5871.104 | BOS count: 42 | Trend Confirmed: True[0m
[32m14:39:35[0m | [1mINFO    [0m | [36mbackend.strategies.core.market_structure[0m:[36mupdate[0m | [1mBOS fired: BULLISH | Broken level: 5871.104 | BOS count: 43 | Trend Confirmed: True[0m
[32m14:39:35[0m | [1mINFO    [0m | [36mbackend.strategies.core.market_structure[0m:[36mupdate[0m | [1mBOS fired: BULLISH | Broken level: 5871.104 | BOS count: 44 | Trend Confirmed: True[0m
[32m14:39:35[0m | [1mINFO    [0m | [36mbackend.strategies.core.market_structure[0m:[36mupdate[0m | [1mBOS fired: BULLISH | Broken level: 5871.104 | BOS count: 45 | Trend Confirmed: True[0m
[32m14:39:35[0m | [1mINFO    [0m | [36mbackend.strategies.core.market_structure[0m:[36mupdate[0m | [1mBOS fired: BULLISH | Broken level: 5871.104 | BOS count: 46 | Trend Confirmed: True[0m
[32m14:39:36[0m | [1mINFO    [0m | [36mbackend.strategies.core.market_structure[0m:[36mupdate[0m | [1mBOS fired: BULLISH | Broken level: 5995.438 | BOS count: 47 | Trend Confirmed: True[0m
[32m14:39:36[0m | [1mINFO    [0m | [36mbackend.strategies.core.market_structure[0m:[36mupdate[0m | [1mBOS fired: BULLISH | Broken level: 5995.438 | BOS count: 48 | Trend Confirmed: True[0m
[32m14:39:36[0m | [1mINFO    [0m | [36mbackend.strategies.core.market_structure[0m:[36mupdate[0m | [1mBOS fired: BULLISH | Broken level: 5995.438 | BOS count: 49 | Trend Confirmed: True[0m
[32m14:39:36[0m | [1mINFO    [0m | [36mbackend.strategies.core.market_structure[0m:[36mupdate[0m | [1mBOS fired: BULLISH | Broken level: 5995.438 | BOS count: 50 | Trend Confirmed: True[0m
[32m14:39:36[0m | [1mINFO    [0m | [36mbackend.strategies.core.market_structure[0m:[36mupdate[0m | [1mBOS fired: BULLISH | Broken level: 5995.438 | BOS count: 51 | Trend Confirmed: True[0m
[32m14:39:36[0m | [1mINFO    [0m | [36mbackend.strategies.core.market_structure[0m:[36mupdate[0m | [1mBOS fired: BULLISH | Broken level: 6017.237 | BOS count: 52 | Trend Confirmed: True[0m
[32m14:39:36[0m | [1mINFO    [0m | [36mbackend.strategies.core.market_structure[0m:[36mupdate[0m | [1mBOS fired: BULLISH | Broken level: 6017.237 | BOS count: 53 | Trend Confirmed: True[0m
[32m14:39:36[0m | [1mINFO    [0m | [36mbackend.strategies.core.market_structure[0m:[36mupdate[0m | [1mBOS fired: BULLISH | Broken level: 6017.237 | BOS count: 54 | Trend Confirmed: True[0m
[32m14:39:36[0m | [1mINFO    [0m | [36mbackend.strategies.core.market_structure[0m:[36mupdate[0m | [1mBOS fired: BULLISH | Broken level: 6017.237 | BOS count: 55 | Trend Confirmed: True[0m
[32m14:39:36[0m | [1mINFO    [0m | [36mbackend.strategies.core.market_structure[0m:[36mupdate[0m | [1mBOS fired: BULLISH | Broken level: 6017.237 | BOS count: 56 | Trend Confirmed: True[0m
[32m14:39:36[0m | [1mINFO    [0m | [36mbackend.strategies.core.market_structure[0m:[36mupdate[0m | [1mBOS fired: BULLISH | Broken level: 6017.237 | BOS count: 57 | Trend Confirmed: True[0m
[32m14:39:36[0m | [1mINFO    [0m | [36mbackend.strategies.core.market_structure[0m:[36mupdate[0m | [1mBOS fired: BULLISH | Broken level: 6017.237 | BOS count: 58 | Trend Confirmed: True[0m
[32m14:39:36[0m | [1mINFO    [0m | [36mbackend.strategies.core.market_structure[0m:[36mupdate[0m | [1mBOS fired: BULLISH | Broken level: 6017.237 | BOS count: 59 | Trend Confirmed: True[0m
[32m14:39:36[0m | [1mINFO    [0m | [36mbackend.strategies.core.market_structure[0m:[36mupdate[0m | [1mBOS fired: BULLISH | Broken level: 6017.237 | BOS count: 60 | Trend Confirmed: True[0m
[32m14:39:36[0m | [1mINFO    [0m | [36mbackend.strategies.core.market_structure[0m:[36mupdate[0m | [1mBOS fired: BULLISH | Broken level: 6017.237 | BOS count: 61 | Trend Confirmed: True[0m
[32m14:39:36[0m | [1mINFO    [0m | [36mbackend.strategies.core.market_structure[0m:[36mupdate[0m | [1mBOS fired: BULLISH | Broken level: 6017.237 | BOS count: 62 | Trend Confirmed: True[0m
[32m14:39:36[0m | [1mINFO    [0m | [36mbackend.strategies.core.market_structure[0m:[36mupdate[0m | [1mBOS fired: BULLISH | Broken level: 6017.237 | BOS count: 63 | Trend Confirmed: True[0m
[32m14:39:36[0m | [1mINFO    [0m | [36mbackend.strategies.core.market_structure[0m:[36mupdate[0m | [1mBOS fired: BULLISH | Broken level: 6017.237 | BOS count: 64 | Trend Confirmed: True[0m
[32m14:39:36[0m | [1mINFO    [0m | [36mbackend.strategies.core.market_structure[0m:[36mupdate[0m | [1mBOS fired: BULLISH | Broken level: 6017.237 | BOS count: 65 | Trend Confirmed: True[0m
[32m14:39:36[0m | [1mINFO    [0m | [36mbackend.strategies.core.market_structure[0m:[36mupdate[0m | [1mChoCH fired: BEARISH | Broken level: 6019.253 | BOS count: 1[0m
[32m14:39:36[0m | [1mINFO    [0m | [36mbackend.strategies.core.market_structure[0m:[36mupdate[0m | [1mBOS fired: BEARISH | Broken level: 6019.253 | BOS count: 2 | Trend Confirmed: True[0m
[32m14:39:36[0m | [1mINFO    [0m | [36mbackend.strategies.core.market_structure[0m:[36mupdate[0m | [1mBOS fired: BEARISH | Broken level: 6014.776 | BOS count: 3 | Trend Confirmed: True[0m
[32m14:39:36[0m | [1mINFO    [0m | [36mbackend.strategies.core.market_structure[0m:[36mupdate[0m | [1mBOS fired: BEARISH | Broken level: 6014.776 | BOS count: 4 | Trend Confirmed: True[0m
[32m14:39:36[0m | [1mINFO    [0m | [36mbackend.strategies.core.market_structure[0m:[36mupdate[0m | [1mBOS fired: BEARISH | Broken level: 6014.776 | BOS count: 5 | Trend Confirmed: True[0m
[32m14:39:37[0m | [1mINFO    [0m | [36mbackend.strategies.core.market_structure[0m:[36mupdate[0m | [1mBOS fired: BEARISH | Broken level: 6014.776 | BOS count: 6 | Trend Confirmed: True[0m
[32m14:39:37[0m | [1mINFO    [0m | [36mbackend.strategies.core.market_structure[0m:[36mupdate[0m | [1mBOS fired: BEARISH | Broken level: 6014.776 | BOS count: 7 | Trend Confirmed: True[0m
[32m14:39:37[0m | [1mINFO    [0m | [36mbackend.strategies.core.market_structure[0m:[36mupdate[0m | [1mBOS fired: BEARISH | Broken level: 6014.776 | BOS count: 8 | Trend Confirmed: True[0m
[32m14:39:37[0m | [1mINFO    [0m | [36mbackend.strategies.core.market_structure[0m:[36mupdate[0m | [1mBOS fired: BEARISH | Broken level: 6006.974 | BOS count: 9 | Trend Confirmed: True[0m
[32m14:39:37[0m | [1mINFO    [0m | [36mbackend.strategies.core.market_structure[0m:[36mupdate[0m | [1mBOS fired: BEARISH | Broken level: 6006.974 | BOS count: 10 | Trend Confirmed: True[0m
[32m14:39:37[0m | [1mINFO    [0m | [36mbackend.strategies.core.market_structure[0m:[36mupdate[0m | [1mBOS fired: BEARISH | Broken level: 6006.974 | BOS count: 11 | Trend Confirmed: True[0m
[32m14:39:37[0m | [1mINFO    [0m | [36mbackend.strategies.core.market_structure[0m:[36mupdate[0m | [1mBOS fired: BEARISH | Broken level: 6006.974 | BOS count: 12 | Trend Confirmed: True[0m
[32m14:39:37[0m | [1mINFO    [0m | [36mbackend.strategies.core.market_structure[0m:[36mupdate[0m | [1mBOS fired: BEARISH | Broken level: 6006.974 | BOS count: 13 | Trend Confirmed: True[0m
[32m14:39:37[0m | [1mINFO    [0m | [36mbackend.strategies.core.market_structure[0m:[36mupdate[0m | [1mBOS fired: BEARISH | Broken level: 6006.974 | BOS count: 14 | Trend Confirmed: True[0m
[32m14:39:37[0m | [1mINFO    [0m | [36mbackend.strategies.core.market_structure[0m:[36mupdate[0m | [1mBOS fired: BEARISH | Broken level: 6006.974 | BOS count: 15 | Trend Confirmed: True[0m
[32m14:39:37[0m | [1mINFO    [0m | [36mbackend.strategies.core.market_structure[0m:[36mupdate[0m | [1mBOS fired: BEARISH | Broken level: 6006.974 | BOS count: 16 | Trend Confirmed: True[0m
[32m14:39:37[0m | [1mINFO    [0m | [36mbackend.strategies.core.market_structure[0m:[36mupdate[0m | [1mBOS fired: BEARISH | Broken level: 6006.974 | BOS count: 17 | Trend Confirmed: True[0m
[32m14:39:37[0m | [1mINFO    [0m | [36mbackend.strategies.core.market_structure[0m:[36mupdate[0m | [1mBOS fired: BEARISH | Broken level: 5999.143 | BOS count: 18 | Trend Confirmed: True[0m
[32m14:39:37[0m | [1mINFO    [0m | [36mbackend.strategies.core.market_structure[0m:[36mupdate[0m | [1mBOS fired: BEARISH | Broken level: 5999.143 | BOS count: 19 | Trend Confirmed: True[0m
[32m14:39:37[0m | [1mINFO    [0m | [36mbackend.strategies.core.market_structure[0m:[36mupdate[0m | [1mBOS fired: BEARISH | Broken level: 5999.143 | BOS count: 20 | Trend Confirmed: True[0m
[32m14:39:37[0m | [1mINFO    [0m | [36mbackend.strategies.core.market_structure[0m:[36mupdate[0m | [1mBOS fired: BEARISH | Broken level: 5999.143 | BOS count: 21 | Trend Confirmed: True[0m
[32m14:39:37[0m | [1mINFO    [0m | [36mbackend.strategies.core.market_structure[0m:[36mupdate[0m | [1mBOS fired: BEARISH | Broken level: 5999.143 | BOS count: 22 | Trend Confirmed: True[0m
[32m14:39:37[0m | [1mINFO    [0m | [36mbackend.strategies.core.market_structure[0m:[36mupdate[0m | [1mBOS fired: BEARISH | Broken level: 5999.143 | BOS count: 23 | Trend Confirmed: True[0m
[32m14:39:37[0m | [1mINFO    [0m | [36mbackend.strategies.core.market_structure[0m:[36mupdate[0m | [1mBOS fired: BEARISH | Broken level: 5999.143 | BOS count: 24 | Trend Confirmed: True[0m
[32m14:39:37[0m | [1mINFO    [0m | [36mbackend.strategies.core.market_structure[0m:[36mupdate[0m | [1mBOS fired: BEARISH | Broken level: 5999.143 | BOS count: 25 | Trend Confirmed: True[0m
[32m14:39:37[0m | [1mINFO    [0m | [36mbackend.strategies.core.market_structure[0m:[36mupdate[0m | [1mBOS fired: BEARISH | Broken level: 5999.143 | BOS count: 26 | Trend Confirmed: True[0m
[32m14:39:37[0m | [1mINFO    [0m | [36mbackend.strategies.core.market_structure[0m:[36mupdate[0m | [1mBOS fired: BEARISH | Broken level: 5989.314 | BOS count: 27 | Trend Confirmed: True[0m
[32m14:39:37[0m | [1mINFO    [0m | [36mbackend.strategies.core.market_structure[0m:[36mupdate[0m | [1mChoCH fired: BULLISH | Broken level: 6012.141 | BOS count: 1[0m
[32m14:39:37[0m | [1mINFO    [0m | [36mbackend.strategies.core.market_structure[0m:[36mupdate[0m | [1mBOS fired: BULLISH | Broken level: 6012.141 | BOS count: 2 | Trend Confirmed: True[0m
[32m14:39:37[0m | [1mINFO    [0m | [36mbackend.strategies.core.market_structure[0m:[36mupdate[0m | [1mBOS fired: BULLISH | Broken level: 6012.141 | BOS count: 3 | Trend Confirmed: True[0m
[32m14:39:37[0m | [1mINFO    [0m | [36mbackend.strategies.core.market_structure[0m:[36mupdate[0m | [1mChoCH fired: BEARISH | Broken level: 6003.546 | BOS count: 1[0m
[32m14:39:37[0m | [1mINFO    [0m | [36mbackend.strategies.core.market_structure[0m:[36mupdate[0m | [1mBOS fired: BEARISH | Broken level: 6003.546 | BOS count: 2 | Trend Confirmed: True[0m
[32m14:39:37[0m | [1mINFO    [0m | [36mbackend.strategies.core.market_structure[0m:[36mupdate[0m | [1mBOS fired: BEARISH | Broken level: 6003.546 | BOS count: 3 | Trend Confirmed: True[0m
[32m14:39:37[0m | [1mINFO    [0m | [36mbackend.strategies.core.market_structure[0m:[36mupdate[0m | [1mBOS fired: BEARISH | Broken level: 6003.546 | BOS count: 4 | Trend Confirmed: True[0m
[32m14:39:37[0m | [1mINFO    [0m | [36mbackend.strategies.core.market_structure[0m:[36mupdate[0m | [1mBOS fired: BEARISH | Broken level: 6003.546 | BOS count: 5 | Trend Confirmed: True[0m
[32m14:39:37[0m | [1mINFO    [0m | [36mbackend.strategies.core.market_structure[0m:[36mupdate[0m | [1mChoCH fired: BULLISH | Broken level: 6006.583 | BOS count: 1[0m
[32m14:39:37[0m | [1mINFO    [0m | [36mbackend.strategies.core.market_structure[0m:[36mupdate[0m | [1mBOS fired: BULLISH | Broken level: 6006.583 | BOS count: 2 | Trend Confirmed: True[0m
[32m14:39:37[0m | [1mINFO    [0m | [36mbackend.strategies.core.market_structure[0m:[36mupdate[0m | [1mBOS fired: BULLISH | Broken level: 6006.583 | BOS count: 3 | Trend Confirmed: True[0m
[32m14:39:37[0m | [1mINFO    [0m | [36mbackend.strategies.core.market_structure[0m:[36mupdate[0m | [1mBOS fired: BULLISH | Broken level: 6006.583 | BOS count: 4 | Trend Confirmed: True[0m
[32m14:39:37[0m | [1mINFO    [0m | [36mbackend.strategies.core.market_structure[0m:[36mupdate[0m | [1mChoCH fired: BEARISH | Broken level: 5994.515 | BOS count: 1[0m
[32m14:39:38[0m | [1mINFO    [0m | [36mbackend.strategies.core.market_structure[0m:[36mupdate[0m | [1mBOS fired: BEARISH | Broken level: 5992.542 | BOS count: 2 | Trend Confirmed: True[0m
[32m14:39:38[0m | [1mINFO    [0m | [36mbackend.strategies.core.market_structure[0m:[36mupdate[0m | [1mBOS fired: BEARISH | Broken level: 5992.542 | BOS count: 3 | Trend Confirmed: True[0m
[32m14:39:38[0m | [1mINFO    [0m | [36mbackend.strategies.core.market_structure[0m:[36mupdate[0m | [1mBOS fired: BEARISH | Broken level: 5992.542 | BOS count: 4 | Trend Confirmed: True[0m
[32m14:39:38[0m | [1mINFO    [0m | [36mbackend.strategies.core.market_structure[0m:[36mupdate[0m | [1mBOS fired: BEARISH | Broken level: 5992.542 | BOS count: 5 | Trend Confirmed: True[0m
[32m14:39:38[0m | [1mINFO    [0m | [36mbackend.strategies.core.market_structure[0m:[36mupdate[0m | [1mBOS fired: BEARISH | Broken level: 5992.542 | BOS count: 6 | Trend Confirmed: True[0m
[32m14:39:38[0m | [1mINFO    [0m | [36mbackend.strategies.core.market_structure[0m:[36mupdate[0m | [1mBOS fired: BEARISH | Broken level: 5992.542 | BOS count: 7 | Trend Confirmed: True[0m
[32m14:39:38[0m | [1mINFO    [0m | [36mbackend.strategies.core.market_structure[0m:[36mupdate[0m | [1mBOS fired: BEARISH | Broken level: 5992.542 | BOS count: 8 | Trend Confirmed: True[0m
[32m14:39:38[0m | [1mINFO    [0m | [36mbackend.strategies.core.market_structure[0m:[36mupdate[0m | [1mBOS fired: BEARISH | Broken level: 5992.542 | BOS count: 9 | Trend Confirmed: True[0m
[32m14:39:38[0m | [1mINFO    [0m | [36mbackend.strategies.core.market_structure[0m:[36mupdate[0m | [1mBOS fired: BEARISH | Broken level: 5992.542 | BOS count: 10 | Trend Confirmed: True[0m
[32m14:39:38[0m | [1mINFO    [0m | [36mbackend.strategies.core.market_structure[0m:[36mupdate[0m | [1mBOS fired: BEARISH | Broken level: 5975.495 | BOS count: 11 | Trend Confirmed: True[0m
[32m14:39:38[0m | [1mINFO    [0m | [36mbackend.strategies.core.market_structure[0m:[36mupdate[0m | [1mBOS fired: BEARISH | Broken level: 5975.495 | BOS count: 12 | Trend Confirmed: True[0m
[32m14:39:38[0m | [1mINFO    [0m | [36mbackend.strategies.core.market_structure[0m:[36mupdate[0m | [1mBOS fired: BEARISH | Broken level: 5975.495 | BOS count: 13 | Trend Confirmed: True[0m
[32m14:39:38[0m | [1mINFO    [0m | [36mbackend.strategies.core.market_structure[0m:[36mupdate[0m | [1mBOS fired: BEARISH | Broken level: 5975.495 | BOS count: 14 | Trend Confirmed: True[0m
[32m14:39:38[0m | [1mINFO    [0m | [36mbackend.strategies.core.market_structure[0m:[36mupdate[0m | [1mBOS fired: BEARISH | Broken level: 5975.495 | BOS count: 15 | Trend Confirmed: True[0m
[32m14:39:38[0m | [1mINFO    [0m | [36mbackend.strategies.core.market_structure[0m:[36mupdate[0m | [1mBOS fired: BEARISH | Broken level: 5975.495 | BOS count: 16 | Trend Confirmed: True[0m
[32m14:39:38[0m | [1mINFO    [0m | [36mbackend.strategies.core.market_structure[0m:[36mupdate[0m | [1mBOS fired: BEARISH | Broken level: 5975.495 | BOS count: 17 | Trend Confirmed: True[0m
[32m14:39:38[0m | [1mINFO    [0m | [36mbackend.strategies.core.market_structure[0m:[36mupdate[0m | [1mBOS fired: BEARISH | Broken level: 5975.495 | BOS count: 18 | Trend Confirmed: True[0m
[32m14:39:38[0m | [1mINFO    [0m | [36mbackend.strategies.core.market_structure[0m:[36mupdate[0m | [1mBOS fired: BEARISH | Broken level: 5975.495 | BOS count: 19 | Trend Confirmed: True[0m
[32m14:39:38[0m | [1mINFO    [0m | [36mbackend.strategies.core.market_structure[0m:[36mupdate[0m | [1mBOS fired: BEARISH | Broken level: 5959.853 | BOS count: 20 | Trend Confirmed: True[0m
[32m14:39:38[0m | [1mINFO    [0m | [36mbackend.strategies.core.market_structure[0m:[36mupdate[0m | [1mBOS fired: BEARISH | Broken level: 5959.853 | BOS count: 21 | Trend Confirmed: True[0m
[32m14:39:38[0m | [1mINFO    [0m | [36mbackend.strategies.core.market_structure[0m:[36mupdate[0m | [1mBOS fired: BEARISH | Broken level: 5959.853 | BOS count: 22 | Trend Confirmed: True[0m
[32m14:39:38[0m | [1mINFO    [0m | [36mbackend.strategies.core.market_structure[0m:[36mupdate[0m | [1mBOS fired: BEARISH | Broken level: 5959.853 | BOS count: 23 | Trend Confirmed: True[0m
[32m14:39:38[0m | [1mINFO    [0m | [36mbackend.strategies.core.market_structure[0m:[36mupdate[0m | [1mBOS fired: BEARISH | Broken level: 5959.853 | BOS count: 24 | Trend Confirmed: True[0m
[32m14:39:38[0m | [1mINFO    [0m | [36mbackend.strategies.core.market_structure[0m:[36mupdate[0m | [1mBOS fired: BEARISH | Broken level: 5959.853 | BOS count: 25 | Trend Confirmed: True[0m
[32m14:39:38[0m | [1mINFO    [0m | [36mbackend.strategies.core.market_structure[0m:[36mupdate[0m | [1mBOS fired: BEARISH | Broken level: 5959.853 | BOS count: 26 | Trend Confirmed: True[0m
[32m14:39:38[0m | [1mINFO    [0m | [36mbackend.strategies.core.market_structure[0m:[36mupdate[0m | [1mBOS fired: BEARISH | Broken level: 5959.853 | BOS count: 27 | Trend Confirmed: True[0m
[32m14:39:38[0m | [1mINFO    [0m | [36mbackend.strategies.core.market_structure[0m:[36mupdate[0m | [1mBOS fired: BEARISH | Broken level: 5959.853 | BOS count: 28 | Trend Confirmed: True[0m
[32m14:39:38[0m | [1mINFO    [0m | [36mbackend.strategies.core.market_structure[0m:[36mupdate[0m | [1mBOS fired: BEARISH | Broken level: 5959.853 | BOS count: 29 | Trend Confirmed: True[0m
[32m14:39:38[0m | [1mINFO    [0m | [36mbackend.strategies.core.market_structure[0m:[36mupdate[0m | [1mBOS fired: BEARISH | Broken level: 5930.532 | BOS count: 30 | Trend Confirmed: True[0m
[32m14:39:38[0m | [1mINFO    [0m | [36mbackend.strategies.core.market_structure[0m:[36mupdate[0m | [1mBOS fired: BEARISH | Broken level: 5930.532 | BOS count: 31 | Trend Confirmed: True[0m
[32m14:39:38[0m | [1mINFO    [0m | [36mbackend.strategies.core.market_structure[0m:[36mupdate[0m | [1mBOS fired: BEARISH | Broken level: 5930.532 | BOS count: 32 | Trend Confirmed: True[0m
[32m14:39:38[0m | [1mINFO    [0m | [36mbackend.strategies.core.market_structure[0m:[36mupdate[0m | [1mBOS fired: BEARISH | Broken level: 5930.532 | BOS count: 33 | Trend Confirmed: True[0m
[32m14:39:38[0m | [1mINFO    [0m | [36mbackend.strategies.core.market_structure[0m:[36mupdate[0m | [1mBOS fired: BEARISH | Broken level: 5930.532 | BOS count: 34 | Trend Confirmed: True[0m
[32m14:39:38[0m | [1mINFO    [0m | [36mbackend.strategies.core.market_structure[0m:[36mupdate[0m | [1mBOS fired: BEARISH | Broken level: 5924.338 | BOS count: 35 | Trend Confirmed: True[0m
[32m14:39:38[0m | [1mINFO    [0m | [36mbackend.strategies.core.market_structure[0m:[36mupdate[0m | [1mBOS fired: BEARISH | Broken level: 5924.338 | BOS count: 36 | Trend Confirmed: True[0m
[32m14:39:38[0m | [1mINFO    [0m | [36mbackend.strategies.core.market_structure[0m:[36mupdate[0m | [1mBOS fired: BEARISH | Broken level: 5924.338 | BOS count: 37 | Trend Confirmed: True[0m
[32m14:39:38[0m | [1mINFO    [0m | [36mbackend.strategies.core.market_structure[0m:[36mupdate[0m | [1mBOS fired: BEARISH | Broken level: 5924.338 | BOS count: 38 | Trend Confirmed: True[0m
[32m14:39:38[0m | [1mINFO    [0m | [36mbackend.strategies.core.market_structure[0m:[36mupdate[0m | [1mBOS fired: BEARISH | Broken level: 5924.338 | BOS count: 39 | Trend Confirmed: True[0m
[32m14:39:38[0m | [1mINFO    [0m | [36mbackend.strategies.core.market_structure[0m:[36mupdate[0m | [1mBOS fired: BEARISH | Broken level: 5924.338 | BOS count: 40 | Trend Confirmed: True[0m
[32m14:39:38[0m | [1mINFO    [0m | [36mbackend.strategies.core.market_structure[0m:[36mupdate[0m | [1mBOS fired: BEARISH | Broken level: 5918.937 | BOS count: 41 | Trend Confirmed: True[0m
[32m14:39:38[0m | [1mINFO    [0m | [36mbackend.strategies.core.market_structure[0m:[36mupdate[0m | [1mBOS fired: BEARISH | Broken level: 5918.937 | BOS count: 42 | Trend Confirmed: True[0m
[32m14:39:38[0m | [1mINFO    [0m | [36mbackend.strategies.core.market_structure[0m:[36mupdate[0m | [1mBOS fired: BEARISH | Broken level: 5915.635 | BOS count: 43 | Trend Confirmed: True[0m
[32m14:39:38[0m | [1mINFO    [0m | [36mbackend.strategies.core.market_structure[0m:[36mupdate[0m | [1mChoCH fired: BULLISH | Broken level: 5925.954 | BOS count: 1[0m
[32m14:39:38[0m | [1mINFO    [0m | [36mbackend.strategies.core.market_structure[0m:[36mupdate[0m | [1mBOS fired: BULLISH | Broken level: 5925.954 | BOS count: 2 | Trend Confirmed: True[0m
[32m14:39:38[0m | [1mINFO    [0m | [36mbackend.strategies.core.market_structure[0m:[36mupdate[0m | [1mBOS fired: BULLISH | Broken level: 5925.954 | BOS count: 3 | Trend Confirmed: True[0m
[32m14:39:38[0m | [1mINFO    [0m | [36mbackend.strategies.core.market_structure[0m:[36mupdate[0m | [1mChoCH fired: BEARISH | Broken level: 5918.535 | BOS count: 1[0m
[32m14:39:38[0m | [1mINFO    [0m | [36mbackend.strategies.core.market_structure[0m:[36mupdate[0m | [1mBOS fired: BEARISH | Broken level: 5918.535 | BOS count: 2 | Trend Confirmed: True[0m
[32m14:39:38[0m | [1mINFO    [0m | [36mbackend.strategies.core.market_structure[0m:[36mupdate[0m | [1mBOS fired: BEARISH | Broken level: 5918.535 | BOS count: 3 | Trend Confirmed: True[0m
[32m14:39:38[0m | [1mINFO    [0m | [36mbackend.strategies.core.market_structure[0m:[36mupdate[0m | [1mBOS fired: BEARISH | Broken level: 5918.535 | BOS count: 4 | Trend Confirmed: True[0m
[32m14:39:39[0m | [1mINFO    [0m | [36mbackend.strategies.core.market_structure[0m:[36mupdate[0m | [1mBOS fired: BEARISH | Broken level: 5918.535 | BOS count: 5 | Trend Confirmed: True[0m
[32m14:39:39[0m | [1mINFO    [0m | [36mbackend.strategies.core.market_structure[0m:[36mupdate[0m | [1mBOS fired: BEARISH | Broken level: 5918.535 | BOS count: 6 | Trend Confirmed: True[0m
[32m14:39:39[0m | [1mINFO    [0m | [36mbackend.strategies.core.market_structure[0m:[36mupdate[0m | [1mBOS fired: BEARISH | Broken level: 5918.535 | BOS count: 7 | Trend Confirmed: True[0m
[32m14:39:39[0m | [1mINFO    [0m | [36mbackend.strategies.core.market_structure[0m:[36mupdate[0m | [1mBOS fired: BEARISH | Broken level: 5918.535 | BOS count: 8 | Trend Confirmed: True[0m
[32m14:39:39[0m | [1mINFO    [0m | [36mbackend.strategies.core.market_structure[0m:[36mupdate[0m | [1mBOS fired: BEARISH | Broken level: 5918.535 | BOS count: 9 | Trend Confirmed: True[0m
[32m14:39:39[0m | [1mINFO    [0m | [36mbackend.strategies.core.market_structure[0m:[36mupdate[0m | [1mBOS fired: BEARISH | Broken level: 5918.535 | BOS count: 10 | Trend Confirmed: True[0m
[32m14:39:39[0m | [1mINFO    [0m | [36mbackend.strategies.core.market_structure[0m:[36mupdate[0m | [1mBOS fired: BEARISH | Broken level: 5918.535 | BOS count: 11 | Trend Confirmed: True[0m
[32m14:39:39[0m | [1mINFO    [0m | [36mbackend.strategies.core.market_structure[0m:[36mupdate[0m | [1mBOS fired: BEARISH | Broken level: 5880.541 | BOS count: 12 | Trend Confirmed: True[0m
[32m14:39:39[0m | [1mINFO    [0m | [36mbackend.strategies.core.market_structure[0m:[36mupdate[0m | [1mBOS fired: BEARISH | Broken level: 5880.541 | BOS count: 13 | Trend Confirmed: True[0m
[32m14:39:39[0m | [1mINFO    [0m | [36mbackend.strategies.core.market_structure[0m:[36mupdate[0m | [1mBOS fired: BEARISH | Broken level: 5880.541 | BOS count: 14 | Trend Confirmed: True[0m
[32m14:39:39[0m | [1mINFO    [0m | [36mbackend.strategies.core.market_structure[0m:[36mupdate[0m | [1mBOS fired: BEARISH | Broken level: 5876.473 | BOS count: 15 | Trend Confirmed: True[0m
[32m14:39:39[0m | [1mINFO    [0m | [36mbackend.strategies.core.market_structure[0m:[36mupdate[0m | [1mChoCH fired: BULLISH | Broken level: 5891.882 | BOS count: 1[0m
[32m14:39:39[0m | [1mINFO    [0m | [36mbackend.strategies.core.market_structure[0m:[36mupdate[0m | [1mBOS fired: BULLISH | Broken level: 5891.882 | BOS count: 2 | Trend Confirmed: True[0m
[32m14:39:39[0m | [1mINFO    [0m | [36mbackend.strategies.core.market_structure[0m:[36mupdate[0m | [1mBOS fired: BULLISH | Broken level: 5891.882 | BOS count: 3 | Trend Confirmed: True[0m
[32m14:39:39[0m | [1mINFO    [0m | [36mbackend.strategies.core.market_structure[0m:[36mupdate[0m | [1mBOS fired: BULLISH | Broken level: 5891.882 | BOS count: 4 | Trend Confirmed: True[0m
[32m14:39:39[0m | [1mINFO    [0m | [36mbackend.strategies.core.market_structure[0m:[36mupdate[0m | [1mBOS fired: BULLISH | Broken level: 5891.882 | BOS count: 5 | Trend Confirmed: True[0m
[32m14:39:39[0m | [1mINFO    [0m | [36mbackend.strategies.core.market_structure[0m:[36mupdate[0m | [1mBOS fired: BULLISH | Broken level: 5891.882 | BOS count: 6 | Trend Confirmed: True[0m
[32m14:39:39[0m | [1mINFO    [0m | [36mbackend.strategies.core.market_structure[0m:[36mupdate[0m | [1mBOS fired: BULLISH | Broken level: 5891.882 | BOS count: 7 | Trend Confirmed: True[0m
[32m14:39:39[0m | [1mINFO    [0m | [36mbackend.strategies.core.market_structure[0m:[36mupdate[0m | [1mBOS fired: BULLISH | Broken level: 5891.882 | BOS count: 8 | Trend Confirmed: True[0m
[32m14:39:39[0m | [1mINFO    [0m | [36mbackend.strategies.core.market_structure[0m:[36mupdate[0m | [1mBOS fired: BULLISH | Broken level: 5891.882 | BOS count: 9 | Trend Confirmed: True[0m
[32m14:39:39[0m | [1mINFO    [0m | [36mbackend.strategies.core.market_structure[0m:[36mupdate[0m | [1mBOS fired: BULLISH | Broken level: 5891.882 | BOS count: 10 | Trend Confirmed: True[0m
[32m14:39:39[0m | [1mINFO    [0m | [36mbackend.strategies.core.market_structure[0m:[36mupdate[0m | [1mBOS fired: BULLISH | Broken level: 5891.882 | BOS count: 11 | Trend Confirmed: True[0m
[32m14:39:40[0m | [1mINFO    [0m | [36mbackend.strategies.core.market_structure[0m:[36mupdate[0m | [1mBOS fired: BULLISH | Broken level: 5958.071 | BOS count: 12 | Trend Confirmed: True[0m
[32m14:39:40[0m | [1mINFO    [0m | [36mbackend.strategies.core.market_structure[0m:[36mupdate[0m | [1mBOS fired: BULLISH | Broken level: 5958.071 | BOS count: 13 | Trend Confirmed: True[0m
[32m14:39:40[0m | [1mINFO    [0m | [36mbackend.strategies.core.market_structure[0m:[36mupdate[0m | [1mBOS fired: BULLISH | Broken level: 5958.071 | BOS count: 14 | Trend Confirmed: True[0m
[32m14:39:40[0m | [1mINFO    [0m | [36mbackend.strategies.core.market_structure[0m:[36mupdate[0m | [1mBOS fired: BULLISH | Broken level: 5958.071 | BOS count: 15 | Trend Confirmed: True[0m
[32m14:39:40[0m | [1mINFO    [0m | [36mbackend.strategies.core.market_structure[0m:[36mupdate[0m | [1mBOS fired: BULLISH | Broken level: 5958.071 | BOS count: 16 | Trend Confirmed: True[0m
[32m14:39:40[0m | [1mINFO    [0m | [36mbackend.strategies.core.market_structure[0m:[36mupdate[0m | [1mBOS fired: BULLISH | Broken level: 5958.071 | BOS count: 17 | Trend Confirmed: True[0m
[32m14:39:40[0m | [1mINFO    [0m | [36mbackend.strategies.core.market_structure[0m:[36mupdate[0m | [1mBOS fired: BULLISH | Broken level: 5958.071 | BOS count: 18 | Trend Confirmed: True[0m
[32m14:39:40[0m | [1mINFO    [0m | [36mbackend.strategies.core.market_structure[0m:[36mupdate[0m | [1mBOS fired: BULLISH | Broken level: 5958.071 | BOS count: 19 | Trend Confirmed: True[0m
[32m14:39:40[0m | [1mINFO    [0m | [36mbackend.strategies.core.market_structure[0m:[36mupdate[0m | [1mBOS fired: BULLISH | Broken level: 5958.071 | BOS count: 20 | Trend Confirmed: True[0m
[32m14:39:40[0m | [1mINFO    [0m | [36mbackend.strategies.core.market_structure[0m:[36mupdate[0m | [1mBOS fired: BULLISH | Broken level: 5958.071 | BOS count: 21 | Trend Confirmed: True[0m
[32m14:39:40[0m | [1mINFO    [0m | [36mbackend.strategies.core.market_structure[0m:[36mupdate[0m | [1mBOS fired: BULLISH | Broken level: 5958.071 | BOS count: 22 | Trend Confirmed: True[0m
[32m14:39:40[0m | [1mINFO    [0m | [36mbackend.strategies.core.market_structure[0m:[36mupdate[0m | [1mBOS fired: BULLISH | Broken level: 5958.071 | BOS count: 23 | Trend Confirmed: True[0m
[32m14:39:40[0m | [1mINFO    [0m | [36mbackend.strategies.core.market_structure[0m:[36mupdate[0m | [1mBOS fired: BULLISH | Broken level: 5958.071 | BOS count: 24 | Trend Confirmed: True[0m
[32m14:39:40[0m | [1mINFO    [0m | [36mbackend.strategies.core.market_structure[0m:[36mupdate[0m | [1mBOS fired: BULLISH | Broken level: 5962.028 | BOS count: 25 | Trend Confirmed: True[0m
[32m14:39:40[0m | [1mINFO    [0m | [36mbackend.strategies.core.market_structure[0m:[36mupdate[0m | [1mBOS fired: BULLISH | Broken level: 5962.028 | BOS count: 26 | Trend Confirmed: True[0m
[32m14:39:40[0m | [1mINFO    [0m | [36mbackend.strategies.core.market_structure[0m:[36mupdate[0m | [1mBOS fired: BULLISH | Broken level: 5962.028 | BOS count: 27 | Trend Confirmed: True[0m
[32m14:39:40[0m | [1mINFO    [0m | [36mbackend.strategies.core.market_structure[0m:[36mupdate[0m | [1mBOS fired: BULLISH | Broken level: 5962.028 | BOS count: 28 | Trend Confirmed: True[0m
[32m14:39:40[0m | [1mINFO    [0m | [36mbackend.strategies.core.market_structure[0m:[36mupdate[0m | [1mBOS fired: BULLISH | Broken level: 5962.028 | BOS count: 29 | Trend Confirmed: True[0m
[32m14:39:40[0m | [1mINFO    [0m | [36mbackend.strategies.core.market_structure[0m:[36mupdate[0m | [1mBOS fired: BULLISH | Broken level: 5962.028 | BOS count: 30 | Trend Confirmed: True[0m
[32m14:39:40[0m | [1mINFO    [0m | [36mbackend.strategies.core.market_structure[0m:[36mupdate[0m | [1mBOS fired: BULLISH | Broken level: 5962.028 | BOS count: 31 | Trend Confirmed: True[0m
[32m14:39:40[0m | [1mINFO    [0m | [36mbackend.strategies.core.market_structure[0m:[36mupdate[0m | [1mBOS fired: BULLISH | Broken level: 5962.028 | BOS count: 32 | Trend Confirmed: True[0m
[32m14:39:40[0m | [1mINFO    [0m | [36mbackend.strategies.core.market_structure[0m:[36mupdate[0m | [1mBOS fired: BULLISH | Broken level: 5962.028 | BOS count: 33 | Trend Confirmed: True[0m
[32m14:39:40[0m | [1mINFO    [0m | [36mbackend.strategies.core.market_structure[0m:[36mupdate[0m | [1mBOS fired: BULLISH | Broken level: 5962.028 | BOS count: 34 | Trend Confirmed: True[0m
[32m14:39:40[0m | [1mINFO    [0m | [36mbackend.strategies.core.market_structure[0m:[36mupdate[0m | [1mBOS fired: BULLISH | Broken level: 5962.028 | BOS count: 35 | Trend Confirmed: True[0m
[32m14:39:40[0m | [1mINFO    [0m | [36mbackend.strategies.core.market_structure[0m:[36mupdate[0m | [1mBOS fired: BULLISH | Broken level: 5962.028 | BOS count: 36 | Trend Confirmed: True[0m
[32m14:39:40[0m | [1mINFO    [0m | [36mbackend.strategies.core.market_structure[0m:[36mupdate[0m | [1mChoCH fired: BEARISH | Broken level: 6009.927 | BOS count: 1[0m
[32m14:39:40[0m | [1mINFO    [0m | [36mbackend.strategies.core.market_structure[0m:[36mupdate[0m | [1mBOS fired: BEARISH | Broken level: 6009.927 | BOS count: 2 | Trend Confirmed: True[0m
[32m14:39:40[0m | [1mINFO    [0m | [36mbackend.strategies.core.market_structure[0m:[36mupdate[0m | [1mBOS fired: BEARISH | Broken level: 6009.927 | BOS count: 3 | Trend Confirmed: True[0m
[32m14:39:41[0m | [1mINFO    [0m | [36mbackend.strategies.core.market_structure[0m:[36mupdate[0m | [1mChoCH fired: BULLISH | Broken level: 6019.03 | BOS count: 1[0m
[32m14:39:41[0m | [1mINFO    [0m | [36mbackend.strategies.core.market_structure[0m:[36mupdate[0m | [1mBOS fired: BULLISH | Broken level: 6019.03 | BOS count: 2 | Trend Confirmed: True[0m
[32m14:39:41[0m | [1mINFO    [0m | [36mbackend.strategies.core.market_structure[0m:[36mupdate[0m | [1mBOS fired: BULLISH | Broken level: 6019.03 | BOS count: 3 | Trend Confirmed: True[0m
[32m14:39:41[0m | [1mINFO    [0m | [36mbackend.strategies.core.market_structure[0m:[36mupdate[0m | [1mBOS fired: BULLISH | Broken level: 6019.03 | BOS count: 4 | Trend Confirmed: True[0m
[32m14:39:41[0m | [1mINFO    [0m | [36mbackend.strategies.core.market_structure[0m:[36mupdate[0m | [1mBOS fired: BULLISH | Broken level: 6019.03 | BOS count: 5 | Trend Confirmed: True[0m
[32m14:39:41[0m | [1mINFO    [0m | [36mbackend.strategies.core.market_structure[0m:[36mupdate[0m | [1mChoCH fired: BEARISH | Broken level: 5960.14 | BOS count: 1[0m
[32m14:39:41[0m | [1mINFO    [0m | [36mbackend.strategies.core.market_structure[0m:[36mupdate[0m | [1mBOS fired: BEARISH | Broken level: 5960.14 | BOS count: 2 | Trend Confirmed: True[0m
[32m14:39:41[0m | [1mINFO    [0m | [36mbackend.strategies.core.market_structure[0m:[36mupdate[0m | [1mBOS fired: BEARISH | Broken level: 5960.14 | BOS count: 3 | Trend Confirmed: True[0m
[32m14:39:41[0m | [1mINFO    [0m | [36mbackend.strategies.core.market_structure[0m:[36mupdate[0m | [1mBOS fired: BEARISH | Broken level: 5960.14 | BOS count: 4 | Trend Confirmed: True[0m
[32m14:39:41[0m | [1mINFO    [0m | [36mbackend.strategies.core.market_structure[0m:[36mupdate[0m | [1mBOS fired: BEARISH | Broken level: 5931.147 | BOS count: 5 | Trend Confirmed: True[0m
[32m14:39:41[0m | [1mINFO    [0m | [36mbackend.strategies.core.market_structure[0m:[36mupdate[0m | [1mBOS fired: BEARISH | Broken level: 5931.147 | BOS count: 6 | Trend Confirmed: True[0m
[32m14:39:41[0m | [1mINFO    [0m | [36mbackend.strategies.core.market_structure[0m:[36mupdate[0m | [1mBOS fired: BEARISH | Broken level: 5931.147 | BOS count: 7 | Trend Confirmed: True[0m
[32m14:39:41[0m | [1mINFO    [0m | [36mbackend.strategies.core.market_structure[0m:[36mupdate[0m | [1mBOS fired: BEARISH | Broken level: 5931.147 | BOS count: 8 | Trend Confirmed: True[0m
[32m14:39:41[0m | [1mINFO    [0m | [36mbackend.strategies.core.market_structure[0m:[36mupdate[0m | [1mBOS fired: BEARISH | Broken level: 5931.147 | BOS count: 9 | Trend Confirmed: True[0m
[32m14:39:41[0m | [1mINFO    [0m | [36mbackend.strategies.core.market_structure[0m:[36mupdate[0m | [1mBOS fired: BEARISH | Broken level: 5931.147 | BOS count: 10 | Trend Confirmed: True[0m
[32m14:39:41[0m | [1mINFO    [0m | [36mbackend.strategies.core.market_structure[0m:[36mupdate[0m | [1mBOS fired: BEARISH | Broken level: 5931.147 | BOS count: 11 | Trend Confirmed: True[0m
[32m14:39:41[0m | [1mINFO    [0m | [36mbackend.strategies.core.market_structure[0m:[36mupdate[0m | [1mBOS fired: BEARISH | Broken level: 5931.147 | BOS count: 12 | Trend Confirmed: True[0m
[32m14:39:41[0m | [1mINFO    [0m | [36mbackend.strategies.core.market_structure[0m:[36mupdate[0m | [1mBOS fired: BEARISH | Broken level: 5931.147 | BOS count: 13 | Trend Confirmed: True[0m
[32m14:39:41[0m | [1mINFO    [0m | [36mbackend.strategies.core.market_structure[0m:[36mupdate[0m | [1mBOS fired: BEARISH | Broken level: 5931.147 | BOS count: 14 | Trend Confirmed: True[0m
[32m14:39:41[0m | [1mINFO    [0m | [36mbackend.strategies.core.market_structure[0m:[36mupdate[0m | [1mBOS fired: BEARISH | Broken level: 5931.147 | BOS count: 15 | Trend Confirmed: True[0m
[32m14:39:41[0m | [1mINFO    [0m | [36mbackend.strategies.core.market_structure[0m:[36mupdate[0m | [1mBOS fired: BEARISH | Broken level: 5931.147 | BOS count: 16 | Trend Confirmed: True[0m
[32m14:39:41[0m | [1mINFO    [0m | [36mbackend.strategies.core.market_structure[0m:[36mupdate[0m | [1mBOS fired: BEARISH | Broken level: 5931.147 | BOS count: 17 | Trend Confirmed: True[0m
[32m14:39:41[0m | [1mINFO    [0m | [36mbackend.strategies.core.market_structure[0m:[36mupdate[0m | [1mBOS fired: BEARISH | Broken level: 5931.147 | BOS count: 18 | Trend Confirmed: True[0m
[32m14:39:41[0m | [1mINFO    [0m | [36mbackend.strategies.core.market_structure[0m:[36mupdate[0m | [1mBOS fired: BEARISH | Broken level: 5931.147 | BOS count: 19 | Trend Confirmed: True[0m
[32m14:39:42[0m | [1mINFO    [0m | [36mbackend.strategies.core.market_structure[0m:[36mupdate[0m | [1mBOS fired: BEARISH | Broken level: 5881.093 | BOS count: 20 | Trend Confirmed: True[0m
[32m14:39:42[0m | [1mINFO    [0m | [36mbackend.strategies.core.market_structure[0m:[36mupdate[0m | [1mBOS fired: BEARISH | Broken level: 5881.093 | BOS count: 21 | Trend Confirmed: True[0m
[32m14:39:42[0m | [1mINFO    [0m | [36mbackend.strategies.core.market_structure[0m:[36mupdate[0m | [1mBOS fired: BEARISH | Broken level: 5881.093 | BOS count: 22 | Trend Confirmed: True[0m
[32m14:39:42[0m | [1mINFO    [0m | [36mbackend.strategies.core.market_structure[0m:[36mupdate[0m | [1mBOS fired: BEARISH | Broken level: 5881.093 | BOS count: 23 | Trend Confirmed: True[0m
[32m14:39:42[0m | [1mINFO    [0m | [36mbackend.strategies.core.market_structure[0m:[36mupdate[0m | [1mBOS fired: BEARISH | Broken level: 5881.093 | BOS count: 24 | Trend Confirmed: True[0m
[32m14:39:42[0m | [1mINFO    [0m | [36mbackend.strategies.core.market_structure[0m:[36mupdate[0m | [1mChoCH fired: BULLISH | Broken level: 5903.313 | BOS count: 1[0m
[32m14:39:42[0m | [1mINFO    [0m | [36mbackend.strategies.core.market_structure[0m:[36mupdate[0m | [1mBOS fired: BULLISH | Broken level: 5903.313 | BOS count: 2 | Trend Confirmed: True[0m
[32m14:39:42[0m | [1mINFO    [0m | [36mbackend.strategies.core.market_structure[0m:[36mupdate[0m | [1mBOS fired: BULLISH | Broken level: 5903.313 | BOS count: 3 | Trend Confirmed: True[0m
[32m14:39:42[0m | [1mINFO    [0m | [36mbackend.strategies.core.market_structure[0m:[36mupdate[0m | [1mBOS fired: BULLISH | Broken level: 5903.313 | BOS count: 4 | Trend Confirmed: True[0m
[32m14:39:42[0m | [1mINFO    [0m | [36mbackend.strategies.core.market_structure[0m:[36mupdate[0m | [1mChoCH fired: BEARISH | Broken level: 5882.655 | BOS count: 1[0m
[32m14:39:42[0m | [1mINFO    [0m | [36mbackend.strategies.core.market_structure[0m:[36mupdate[0m | [1mBOS fired: BEARISH | Broken level: 5882.655 | BOS count: 2 | Trend Confirmed: True[0m
[32m14:39:42[0m | [1mINFO    [0m | [36mbackend.strategies.core.market_structure[0m:[36mupdate[0m | [1mBOS fired: BEARISH | Broken level: 5882.655 | BOS count: 3 | Trend Confirmed: True[0m
[32m14:39:42[0m | [1mINFO    [0m | [36mbackend.strategies.core.market_structure[0m:[36mupdate[0m | [1mBOS fired: BEARISH | Broken level: 5882.655 | BOS count: 4 | Trend Confirmed: True[0m
[32m14:39:42[0m | [1mINFO    [0m | [36mbackend.strategies.core.market_structure[0m:[36mupdate[0m | [1mBOS fired: BEARISH | Broken level: 5882.655 | BOS count: 5 | Trend Confirmed: True[0m
[32m14:39:42[0m | [1mINFO    [0m | [36mbackend.strategies.core.market_structure[0m:[36mupdate[0m | [1mBOS fired: BEARISH | Broken level: 5882.655 | BOS count: 6 | Trend Confirmed: True[0m
[32m14:39:42[0m | [1mINFO    [0m | [36mbackend.strategies.core.market_structure[0m:[36mupdate[0m | [1mBOS fired: BEARISH | Broken level: 5882.655 | BOS count: 7 | Trend Confirmed: True[0m
[32m14:39:42[0m | [1mINFO    [0m | [36mbackend.strategies.core.market_structure[0m:[36mupdate[0m | [1mBOS fired: BEARISH | Broken level: 5882.655 | BOS count: 8 | Trend Confirmed: True[0m
[32m14:39:42[0m | [1mINFO    [0m | [36mbackend.strategies.core.market_structure[0m:[36mupdate[0m | [1mBOS fired: BEARISH | Broken level: 5882.655 | BOS count: 9 | Trend Confirmed: True[0m
[32m14:39:42[0m | [1mINFO    [0m | [36mbackend.strategies.core.market_structure[0m:[36mupdate[0m | [1mBOS fired: BEARISH | Broken level: 5885.092 | BOS count: 10 | Trend Confirmed: True[0m
[32m14:39:42[0m | [1mINFO    [0m | [36mbackend.strategies.core.market_structure[0m:[36mupdate[0m | [1mBOS fired: BEARISH | Broken level: 5885.092 | BOS count: 11 | Trend Confirmed: True[0m
[32m14:39:42[0m | [1mINFO    [0m | [36mbackend.strategies.core.market_structure[0m:[36mupdate[0m | [1mBOS fired: BEARISH | Broken level: 5885.092 | BOS count: 12 | Trend Confirmed: True[0m
[32m14:39:42[0m | [1mINFO    [0m | [36mbackend.strategies.core.market_structure[0m:[36mupdate[0m | [1mBOS fired: BEARISH | Broken level: 5885.092 | BOS count: 13 | Trend Confirmed: True[0m
[32m14:39:42[0m | [1mINFO    [0m | [36mbackend.strategies.core.market_structure[0m:[36mupdate[0m | [1mBOS fired: BEARISH | Broken level: 5885.092 | BOS count: 14 | Trend Confirmed: True[0m
[32m14:39:42[0m | [1mINFO    [0m | [36mbackend.strategies.core.market_structure[0m:[36mupdate[0m | [1mBOS fired: BEARISH | Broken level: 5893.819 | BOS count: 15 | Trend Confirmed: True[0m
[32m14:39:42[0m | [1mINFO    [0m | [36mbackend.strategies.core.market_structure[0m:[36mupdate[0m | [1mBOS fired: BEARISH | Broken level: 5893.819 | BOS count: 16 | Trend Confirmed: True[0m
[32m14:39:42[0m | [1mINFO    [0m | [36mbackend.strategies.core.market_structure[0m:[36mupdate[0m | [1mBOS fired: BEARISH | Broken level: 5893.819 | BOS count: 17 | Trend Confirmed: True[0m
[32m14:39:42[0m | [1mINFO    [0m | [36mbackend.strategies.core.market_structure[0m:[36mupdate[0m | [1mBOS fired: BEARISH | Broken level: 5893.819 | BOS count: 18 | Trend Confirmed: True[0m
[32m14:39:42[0m | [1mINFO    [0m | [36mbackend.strategies.core.market_structure[0m:[36mupdate[0m | [1mBOS fired: BEARISH | Broken level: 5893.819 | BOS count: 19 | Trend Confirmed: True[0m
[32m14:39:42[0m | [1mINFO    [0m | [36mbackend.strategies.core.market_structure[0m:[36mupdate[0m | [1mBOS fired: BEARISH | Broken level: 5893.819 | BOS count: 20 | Trend Confirmed: True[0m
[32m14:39:42[0m | [1mINFO    [0m | [36mbackend.strategies.core.market_structure[0m:[36mupdate[0m | [1mBOS fired: BEARISH | Broken level: 5893.819 | BOS count: 21 | Trend Confirmed: True[0m
[32m14:39:42[0m | [1mINFO    [0m | [36mbackend.strategies.core.market_structure[0m:[36mupdate[0m | [1mBOS fired: BEARISH | Broken level: 5893.819 | BOS count: 22 | Trend Confirmed: True[0m
[32m14:39:42[0m | [1mINFO    [0m | [36mbackend.strategies.core.market_structure[0m:[36mupdate[0m | [1mBOS fired: BEARISH | Broken level: 5893.819 | BOS count: 23 | Trend Confirmed: True[0m
[32m14:39:42[0m | [1mINFO    [0m | [36mbackend.strategies.core.market_structure[0m:[36mupdate[0m | [1mBOS fired: BEARISH | Broken level: 5893.819 | BOS count: 24 | Trend Confirmed: True[0m
[32m14:39:42[0m | [1mINFO    [0m | [36mbackend.strategies.core.market_structure[0m:[36mupdate[0m | [1mBOS fired: BEARISH | Broken level: 5855.175 | BOS count: 25 | Trend Confirmed: True[0m
[32m14:39:42[0m | [1mINFO    [0m | [36mbackend.strategies.core.market_structure[0m:[36mupdate[0m | [1mBOS fired: BEARISH | Broken level: 5855.175 | BOS count: 26 | Trend Confirmed: True[0m
[32m14:39:42[0m | [1mINFO    [0m | [36mbackend.strategies.core.market_structure[0m:[36mupdate[0m | [1mBOS fired: BEARISH | Broken level: 5855.175 | BOS count: 27 | Trend Confirmed: True[0m
[32m14:39:42[0m | [1mINFO    [0m | [36mbackend.strategies.core.market_structure[0m:[36mupdate[0m | [1mBOS fired: BEARISH | Broken level: 5855.175 | BOS count: 28 | Trend Confirmed: True[0m
[32m14:39:42[0m | [1mINFO    [0m | [36mbackend.strategies.core.market_structure[0m:[36mupdate[0m | [1mBOS fired: BEARISH | Broken level: 5855.175 | BOS count: 29 | Trend Confirmed: True[0m
[32m14:39:42[0m | [1mINFO    [0m | [36mbackend.strategies.core.market_structure[0m:[36mupdate[0m | [1mBOS fired: BEARISH | Broken level: 5855.175 | BOS count: 30 | Trend Confirmed: True[0m
[32m14:39:42[0m | [1mINFO    [0m | [36mbackend.strategies.core.market_structure[0m:[36mupdate[0m | [1mBOS fired: BEARISH | Broken level: 5855.175 | BOS count: 31 | Trend Confirmed: True[0m
[32m14:39:43[0m | [1mINFO    [0m | [36mbackend.strategies.core.market_structure[0m:[36mupdate[0m | [1mBOS fired: BEARISH | Broken level: 5879.121 | BOS count: 32 | Trend Confirmed: True[0m
[32m14:39:43[0m | [1mINFO    [0m | [36mbackend.strategies.core.market_structure[0m:[36mupdate[0m | [1mBOS fired: BEARISH | Broken level: 5879.121 | BOS count: 33 | Trend Confirmed: True[0m
[32m14:39:43[0m | [1mINFO    [0m | [36mbackend.strategies.core.market_structure[0m:[36mupdate[0m | [1mBOS fired: BEARISH | Broken level: 5879.121 | BOS count: 34 | Trend Confirmed: True[0m
[32m14:39:43[0m | [1mINFO    [0m | [36mbackend.strategies.core.market_structure[0m:[36mupdate[0m | [1mBOS fired: BEARISH | Broken level: 5879.121 | BOS count: 35 | Trend Confirmed: True[0m
[32m14:39:43[0m | [1mINFO    [0m | [36mbackend.strategies.core.market_structure[0m:[36mupdate[0m | [1mBOS fired: BEARISH | Broken level: 5879.121 | BOS count: 36 | Trend Confirmed: True[0m
[32m14:39:43[0m | [1mINFO    [0m | [36mbackend.strategies.core.market_structure[0m:[36mupdate[0m | [1mBOS fired: BEARISH | Broken level: 5851.797 | BOS count: 37 | Trend Confirmed: True[0m
[32m14:39:43[0m | [1mINFO    [0m | [36mbackend.strategies.core.market_structure[0m:[36mupdate[0m | [1mChoCH fired: BULLISH | Broken level: 5859.29 | BOS count: 1[0m
[32m14:39:43[0m | [1mINFO    [0m | [36mbackend.strategies.core.market_structure[0m:[36mupdate[0m | [1mBOS fired: BULLISH | Broken level: 5859.29 | BOS count: 2 | Trend Confirmed: True[0m
[32m14:39:43[0m | [1mINFO    [0m | [36mbackend.strategies.core.market_structure[0m:[36mupdate[0m | [1mBOS fired: BULLISH | Broken level: 5859.29 | BOS count: 3 | Trend Confirmed: True[0m
[32m14:39:43[0m | [1mINFO    [0m | [36mbackend.strategies.core.market_structure[0m:[36mupdate[0m | [1mBOS fired: BULLISH | Broken level: 5859.29 | BOS count: 4 | Trend Confirmed: True[0m
[32m14:39:43[0m | [1mINFO    [0m | [36mbackend.strategies.core.market_structure[0m:[36mupdate[0m | [1mBOS fired: BULLISH | Broken level: 5859.29 | BOS count: 5 | Trend Confirmed: True[0m
[32m14:39:43[0m | [1mINFO    [0m | [36mbackend.strategies.core.market_structure[0m:[36mupdate[0m | [1mBOS fired: BULLISH | Broken level: 5859.29 | BOS count: 6 | Trend Confirmed: True[0m
[32m14:39:43[0m | [1mINFO    [0m | [36mbackend.strategies.core.market_structure[0m:[36mupdate[0m | [1mBOS fired: BULLISH | Broken level: 5859.29 | BOS count: 7 | Trend Confirmed: True[0m
[32m14:39:43[0m | [1mINFO    [0m | [36mbackend.strategies.core.market_structure[0m:[36mupdate[0m | [1mBOS fired: BULLISH | Broken level: 5859.29 | BOS count: 8 | Trend Confirmed: True[0m
[32m14:39:43[0m | [1mINFO    [0m | [36mbackend.strategies.core.market_structure[0m:[36mupdate[0m | [1mBOS fired: BULLISH | Broken level: 5859.29 | BOS count: 9 | Trend Confirmed: True[0m
[32m14:39:43[0m | [1mINFO    [0m | [36mbackend.strategies.core.market_structure[0m:[36mupdate[0m | [1mBOS fired: BULLISH | Broken level: 5859.29 | BOS count: 10 | Trend Confirmed: True[0m
[32m14:39:43[0m | [1mINFO    [0m | [36mbackend.strategies.core.market_structure[0m:[36mupdate[0m | [1mBOS fired: BULLISH | Broken level: 5859.29 | BOS count: 11 | Trend Confirmed: True[0m
[32m14:39:43[0m | [1mINFO    [0m | [36mbackend.strategies.core.market_structure[0m:[36mupdate[0m | [1mBOS fired: BULLISH | Broken level: 5869.545 | BOS count: 12 | Trend Confirmed: True[0m
[32m14:39:43[0m | [1mINFO    [0m | [36mbackend.strategies.core.market_structure[0m:[36mupdate[0m | [1mBOS fired: BULLISH | Broken level: 5869.545 | BOS count: 13 | Trend Confirmed: True[0m
[32m14:39:43[0m | [1mINFO    [0m | [36mbackend.strategies.core.market_structure[0m:[36mupdate[0m | [1mBOS fired: BULLISH | Broken level: 5869.545 | BOS count: 14 | Trend Confirmed: True[0m
[32m14:39:43[0m | [1mINFO    [0m | [36mbackend.strategies.core.market_structure[0m:[36mupdate[0m | [1mBOS fired: BULLISH | Broken level: 5869.545 | BOS count: 15 | Trend Confirmed: True[0m
[32m14:39:43[0m | [1mINFO    [0m | [36mbackend.strategies.core.market_structure[0m:[36mupdate[0m | [1mBOS fired: BULLISH | Broken level: 5869.545 | BOS count: 16 | Trend Confirmed: True[0m
[32m14:39:43[0m | [1mINFO    [0m | [36mbackend.strategies.core.market_structure[0m:[36mupdate[0m | [1mBOS fired: BULLISH | Broken level: 5869.545 | BOS count: 17 | Trend Confirmed: True[0m
[32m14:39:43[0m | [1mINFO    [0m | [36mbackend.strategies.core.market_structure[0m:[36mupdate[0m | [1mBOS fired: BULLISH | Broken level: 5869.545 | BOS count: 18 | Trend Confirmed: True[0m
[32m14:39:43[0m | [1mINFO    [0m | [36mbackend.strategies.core.market_structure[0m:[36mupdate[0m | [1mBOS fired: BULLISH | Broken level: 5869.545 | BOS count: 19 | Trend Confirmed: True[0m
[32m14:39:43[0m | [1mINFO    [0m | [36mbackend.strategies.core.market_structure[0m:[36mupdate[0m | [1mBOS fired: BULLISH | Broken level: 5869.545 | BOS count: 20 | Trend Confirmed: True[0m
[32m14:39:43[0m | [1mINFO    [0m | [36mbackend.strategies.core.market_structure[0m:[36mupdate[0m | [1mBOS fired: BULLISH | Broken level: 5869.545 | BOS count: 21 | Trend Confirmed: True[0m
[32m14:39:43[0m | [1mINFO    [0m | [36mbackend.strategies.core.market_structure[0m:[36mupdate[0m | [1mBOS fired: BULLISH | Broken level: 5869.545 | BOS count: 22 | Trend Confirmed: True[0m
[32m14:39:43[0m | [1mINFO    [0m | [36mbackend.strategies.core.market_structure[0m:[36mupdate[0m | [1mBOS fired: BULLISH | Broken level: 5869.545 | BOS count: 23 | Trend Confirmed: True[0m
[32m14:39:43[0m | [1mINFO    [0m | [36mbackend.strategies.core.market_structure[0m:[36mupdate[0m | [1mBOS fired: BULLISH | Broken level: 5869.545 | BOS count: 24 | Trend Confirmed: True[0m
[32m14:39:43[0m | [1mINFO    [0m | [36mbackend.strategies.core.market_structure[0m:[36mupdate[0m | [1mBOS fired: BULLISH | Broken level: 5869.545 | BOS count: 25 | Trend Confirmed: True[0m
[32m14:39:43[0m | [1mINFO    [0m | [36mbackend.strategies.core.market_structure[0m:[36mupdate[0m | [1mBOS fired: BULLISH | Broken level: 5869.545 | BOS count: 26 | Trend Confirmed: True[0m
[32m14:39:44[0m | [1mINFO    [0m | [36mbackend.strategies.core.market_structure[0m:[36mupdate[0m | [1mBOS fired: BULLISH | Broken level: 5875.01 | BOS count: 27 | Trend Confirmed: True[0m
[32m14:39:44[0m | [1mINFO    [0m | [36mbackend.strategies.core.market_structure[0m:[36mupdate[0m | [1mBOS fired: BULLISH | Broken level: 5875.01 | BOS count: 28 | Trend Confirmed: True[0m
[32m14:39:44[0m | [1mINFO    [0m | [36mbackend.strategies.core.market_structure[0m:[36mupdate[0m | [1mBOS fired: BULLISH | Broken level: 5875.01 | BOS count: 29 | Trend Confirmed: True[0m
[32m14:39:44[0m | [1mINFO    [0m | [36mbackend.strategies.core.market_structure[0m:[36mupdate[0m | [1mBOS fired: BULLISH | Broken level: 5875.01 | BOS count: 30 | Trend Confirmed: True[0m
[32m14:39:44[0m | [1mINFO    [0m | [36mbackend.strategies.core.market_structure[0m:[36mupdate[0m | [1mBOS fired: BULLISH | Broken level: 5875.01 | BOS count: 31 | Trend Confirmed: True[0m
[32m14:39:44[0m | [1mINFO    [0m | [36mbackend.strategies.core.market_structure[0m:[36mupdate[0m | [1mBOS fired: BULLISH | Broken level: 5875.01 | BOS count: 32 | Trend Confirmed: True[0m
[32m14:39:44[0m | [1mINFO    [0m | [36mbackend.strategies.core.market_structure[0m:[36mupdate[0m | [1mBOS fired: BULLISH | Broken level: 5875.01 | BOS count: 33 | Trend Confirmed: True[0m
[32m14:39:44[0m | [1mINFO    [0m | [36mbackend.strategies.core.market_structure[0m:[36mupdate[0m | [1mBOS fired: BULLISH | Broken level: 5875.01 | BOS count: 34 | Trend Confirmed: True[0m
[32m14:39:44[0m | [1mINFO    [0m | [36mbackend.strategies.core.market_structure[0m:[36mupdate[0m | [1mBOS fired: BULLISH | Broken level: 5875.01 | BOS count: 35 | Trend Confirmed: True[0m
[32m14:39:44[0m | [1mINFO    [0m | [36mbackend.strategies.core.market_structure[0m:[36mupdate[0m | [1mBOS fired: BULLISH | Broken level: 5875.01 | BOS count: 36 | Trend Confirmed: True[0m
[32m14:39:44[0m | [1mINFO    [0m | [36mbackend.strategies.core.market_structure[0m:[36mupdate[0m | [1mBOS fired: BULLISH | Broken level: 5875.01 | BOS count: 37 | Trend Confirmed: True[0m
[32m14:39:44[0m | [1mINFO    [0m | [36mbackend.strategies.core.market_structure[0m:[36mupdate[0m | [1mBOS fired: BULLISH | Broken level: 5875.01 | BOS count: 38 | Trend Confirmed: True[0m
[32m14:39:44[0m | [1mINFO    [0m | [36mbackend.strategies.core.market_structure[0m:[36mupdate[0m | [1mBOS fired: BULLISH | Broken level: 5875.01 | BOS count: 39 | Trend Confirmed: True[0m
[32m14:39:44[0m | [1mINFO    [0m | [36mbackend.strategies.core.market_structure[0m:[36mupdate[0m | [1mBOS fired: BULLISH | Broken level: 5875.01 | BOS count: 40 | Trend Confirmed: True[0m
[32m14:39:44[0m | [1mINFO    [0m | [36mbackend.strategies.core.market_structure[0m:[36mupdate[0m | [1mBOS fired: BULLISH | Broken level: 5875.01 | BOS count: 41 | Trend Confirmed: True[0m
[32m14:39:44[0m | [1mINFO    [0m | [36mbackend.strategies.core.market_structure[0m:[36mupdate[0m | [1mBOS fired: BULLISH | Broken level: 5875.01 | BOS count: 42 | Trend Confirmed: True[0m
[32m14:39:44[0m | [1mINFO    [0m | [36mbackend.strategies.core.market_structure[0m:[36mupdate[0m | [1mBOS fired: BULLISH | Broken level: 5825.322 | BOS count: 43 | Trend Confirmed: True[0m
[32m14:39:44[0m | [1mINFO    [0m | [36mbackend.strategies.core.market_structure[0m:[36mupdate[0m | [1mBOS fired: BULLISH | Broken level: 5825.322 | BOS count: 44 | Trend Confirmed: True[0m
[32m14:39:44[0m | [1mINFO    [0m | [36mbackend.strategies.core.market_structure[0m:[36mupdate[0m | [1mChoCH fired: BEARISH | Broken level: 5815.82 | BOS count: 1[0m
[32m14:39:44[0m | [1mINFO    [0m | [36mbackend.strategies.core.market_structure[0m:[36mupdate[0m | [1mBOS fired: BEARISH | Broken level: 5815.82 | BOS count: 2 | Trend Confirmed: True[0m
[32m14:39:44[0m | [1mINFO    [0m | [36mbackend.strategies.core.market_structure[0m:[36mupdate[0m | [1mBOS fired: BEARISH | Broken level: 5815.82 | BOS count: 3 | Trend Confirmed: True[0m
[32m14:39:44[0m | [1mINFO    [0m | [36mbackend.strategies.core.market_structure[0m:[36mupdate[0m | [1mBOS fired: BEARISH | Broken level: 5815.82 | BOS count: 4 | Trend Confirmed: True[0m
[32m14:39:44[0m | [1mINFO    [0m | [36mbackend.strategies.core.market_structure[0m:[36mupdate[0m | [1mBOS fired: BEARISH | Broken level: 5815.82 | BOS count: 5 | Trend Confirmed: True[0m
[32m14:39:44[0m | [1mINFO    [0m | [36mbackend.strategies.core.market_structure[0m:[36mupdate[0m | [1mBOS fired: BEARISH | Broken level: 5815.82 | BOS count: 6 | Trend Confirmed: True[0m
[32m14:39:44[0m | [1mINFO    [0m | [36mbackend.strategies.core.market_structure[0m:[36mupdate[0m | [1mBOS fired: BEARISH | Broken level: 5815.82 | BOS count: 7 | Trend Confirmed: True[0m
[32m14:39:44[0m | [1mINFO    [0m | [36mbackend.strategies.core.market_structure[0m:[36mupdate[0m | [1mBOS fired: BEARISH | Broken level: 5815.82 | BOS count: 8 | Trend Confirmed: True[0m
[32m14:39:44[0m | [1mINFO    [0m | [36mbackend.strategies.core.market_structure[0m:[36mupdate[0m | [1mBOS fired: BEARISH | Broken level: 5815.82 | BOS count: 9 | Trend Confirmed: True[0m
[32m14:39:45[0m | [1mINFO    [0m | [36mbackend.strategies.core.market_structure[0m:[36mupdate[0m | [1mBOS fired: BEARISH | Broken level: 5815.82 | BOS count: 10 | Trend Confirmed: True[0m
[32m14:39:45[0m | [1mINFO    [0m | [36mbackend.strategies.core.market_structure[0m:[36mupdate[0m | [1mBOS fired: BEARISH | Broken level: 5815.82 | BOS count: 11 | Trend Confirmed: True[0m
[32m14:39:45[0m | [1mINFO    [0m | [36mbackend.strategies.core.market_structure[0m:[36mupdate[0m | [1mBOS fired: BEARISH | Broken level: 5815.82 | BOS count: 12 | Trend Confirmed: True[0m
[32m14:39:45[0m | [1mINFO    [0m | [36mbackend.strategies.core.market_structure[0m:[36mupdate[0m | [1mBOS fired: BEARISH | Broken level: 5815.82 | BOS count: 13 | Trend Confirmed: True[0m
[32m14:39:45[0m | [1mINFO    [0m | [36mbackend.strategies.core.market_structure[0m:[36mupdate[0m | [1mBOS fired: BEARISH | Broken level: 5815.82 | BOS count: 14 | Trend Confirmed: True[0m
[32m14:39:45[0m | [1mINFO    [0m | [36mbackend.strategies.core.market_structure[0m:[36mupdate[0m | [1mBOS fired: BEARISH | Broken level: 5815.82 | BOS count: 15 | Trend Confirmed: True[0m
[32m14:39:45[0m | [1mINFO    [0m | [36mbackend.strategies.core.market_structure[0m:[36mupdate[0m | [1mBOS fired: BEARISH | Broken level: 5815.82 | BOS count: 16 | Trend Confirmed: True[0m
[32m14:39:45[0m | [1mINFO    [0m | [36mbackend.strategies.core.market_structure[0m:[36mupdate[0m | [1mBOS fired: BEARISH | Broken level: 5815.82 | BOS count: 17 | Trend Confirmed: True[0m
[32m14:39:45[0m | [1mINFO    [0m | [36mbackend.strategies.core.market_structure[0m:[36mupdate[0m | [1mBOS fired: BEARISH | Broken level: 5792.327 | BOS count: 18 | Trend Confirmed: True[0m
[32m14:39:45[0m | [1mINFO    [0m | [36mbackend.strategies.core.market_structure[0m:[36mupdate[0m | [1mBOS fired: BEARISH | Broken level: 5792.327 | BOS count: 19 | Trend Confirmed: True[0m
[32m14:39:45[0m | [1mINFO    [0m | [36mbackend.strategies.core.market_structure[0m:[36mupdate[0m | [1mBOS fired: BEARISH | Broken level: 5792.327 | BOS count: 20 | Trend Confirmed: True[0m
[32m14:39:45[0m | [1mINFO    [0m | [36mbackend.strategies.core.market_structure[0m:[36mupdate[0m | [1mBOS fired: BEARISH | Broken level: 5792.327 | BOS count: 21 | Trend Confirmed: True[0m
[32m14:39:45[0m | [1mINFO    [0m | [36mbackend.strategies.core.market_structure[0m:[36mupdate[0m | [1mBOS fired: BEARISH | Broken level: 5792.327 | BOS count: 22 | Trend Confirmed: True[0m
[32m14:39:46[0m | [1mINFO    [0m | [36mbackend.strategies.core.market_structure[0m:[36mupdate[0m | [1mBOS fired: BEARISH | Broken level: 5792.327 | BOS count: 23 | Trend Confirmed: True[0m
[32m14:39:46[0m | [1mINFO    [0m | [36mbackend.strategies.core.market_structure[0m:[36mupdate[0m | [1mBOS fired: BEARISH | Broken level: 5792.327 | BOS count: 24 | Trend Confirmed: True[0m
[32m14:39:46[0m | [1mINFO    [0m | [36mbackend.strategies.core.market_structure[0m:[36mupdate[0m | [1mBOS fired: BEARISH | Broken level: 5792.327 | BOS count: 25 | Trend Confirmed: True[0m
[32m14:39:46[0m | [1mINFO    [0m | [36mbackend.strategies.core.market_structure[0m:[36mupdate[0m | [1mBOS fired: BEARISH | Broken level: 5792.327 | BOS count: 26 | Trend Confirmed: True[0m
[32m14:39:46[0m | [1mINFO    [0m | [36mbackend.strategies.core.market_structure[0m:[36mupdate[0m | [1mChoCH fired: BULLISH | Broken level: 5799.987 | BOS count: 1[0m
[32m14:39:46[0m | [1mINFO    [0m | [36mbackend.strategies.core.market_structure[0m:[36mupdate[0m | [1mBOS fired: BULLISH | Broken level: 5799.987 | BOS count: 2 | Trend Confirmed: True[0m
[32m14:39:46[0m | [1mINFO    [0m | [36mbackend.strategies.core.market_structure[0m:[36mupdate[0m | [1mBOS fired: BULLISH | Broken level: 5799.987 | BOS count: 3 | Trend Confirmed: True[0m
[32m14:39:46[0m | [1mINFO    [0m | [36mbackend.strategies.core.market_structure[0m:[36mupdate[0m | [1mBOS fired: BULLISH | Broken level: 5799.987 | BOS count: 4 | Trend Confirmed: True[0m
[32m14:39:46[0m | [1mINFO    [0m | [36mbackend.strategies.core.market_structure[0m:[36mupdate[0m | [1mBOS fired: BULLISH | Broken level: 5799.987 | BOS count: 5 | Trend Confirmed: True[0m
[32m14:39:46[0m | [1mINFO    [0m | [36mbackend.strategies.core.market_structure[0m:[36mupdate[0m | [1mBOS fired: BULLISH | Broken level: 5799.987 | BOS count: 6 | Trend Confirmed: True[0m
[32m14:39:46[0m | [1mINFO    [0m | [36mbackend.strategies.core.market_structure[0m:[36mupdate[0m | [1mBOS fired: BULLISH | Broken level: 5799.987 | BOS count: 7 | Trend Confirmed: True[0m
[32m14:39:46[0m | [1mINFO    [0m | [36mbackend.strategies.core.market_structure[0m:[36mupdate[0m | [1mBOS fired: BULLISH | Broken level: 5799.987 | BOS count: 8 | Trend Confirmed: True[0m
[32m14:39:46[0m | [1mINFO    [0m | [36mbackend.strategies.core.market_structure[0m:[36mupdate[0m | [1mBOS fired: BULLISH | Broken level: 5799.987 | BOS count: 9 | Trend Confirmed: True[0m
[32m14:39:46[0m | [1mINFO    [0m | [36mbackend.strategies.core.market_structure[0m:[36mupdate[0m | [1mBOS fired: BULLISH | Broken level: 5801.869 | BOS count: 10 | Trend Confirmed: True[0m
[32m14:39:46[0m | [1mINFO    [0m | [36mbackend.strategies.core.market_structure[0m:[36mupdate[0m | [1mBOS fired: BULLISH | Broken level: 5801.869 | BOS count: 11 | Trend Confirmed: True[0m
[32m14:39:46[0m | [1mINFO    [0m | [36mbackend.strategies.core.market_structure[0m:[36mupdate[0m | [1mBOS fired: BULLISH | Broken level: 5801.869 | BOS count: 12 | Trend Confirmed: True[0m
[32m14:39:46[0m | [1mINFO    [0m | [36mbackend.strategies.core.market_structure[0m:[36mupdate[0m | [1mBOS fired: BULLISH | Broken level: 5801.869 | BOS count: 13 | Trend Confirmed: True[0m
[32m14:39:46[0m | [1mINFO    [0m | [36mbackend.strategies.core.market_structure[0m:[36mupdate[0m | [1mBOS fired: BULLISH | Broken level: 5801.869 | BOS count: 14 | Trend Confirmed: True[0m
[32m14:39:47[0m | [1mINFO    [0m | [36mbackend.strategies.core.market_structure[0m:[36mupdate[0m | [1mBOS fired: BULLISH | Broken level: 5887.789 | BOS count: 15 | Trend Confirmed: True[0m
[32m14:39:47[0m | [1mINFO    [0m | [36mbackend.strategies.core.market_structure[0m:[36mupdate[0m | [1mBOS fired: BULLISH | Broken level: 5887.789 | BOS count: 16 | Trend Confirmed: True[0m
[32m14:39:47[0m | [1mINFO    [0m | [36mbackend.strategies.core.market_structure[0m:[36mupdate[0m | [1mBOS fired: BULLISH | Broken level: 5887.789 | BOS count: 17 | Trend Confirmed: True[0m
[32m14:39:47[0m | [1mINFO    [0m | [36mbackend.strategies.core.market_structure[0m:[36mupdate[0m | [1mBOS fired: BULLISH | Broken level: 5887.789 | BOS count: 18 | Trend Confirmed: True[0m
[32m14:39:47[0m | [1mINFO    [0m | [36mbackend.strategies.core.market_structure[0m:[36mupdate[0m | [1mBOS fired: BULLISH | Broken level: 5887.789 | BOS count: 19 | Trend Confirmed: True[0m
[32m14:39:47[0m | [1mINFO    [0m | [36mbackend.strategies.core.market_structure[0m:[36mupdate[0m | [1mBOS fired: BULLISH | Broken level: 5887.789 | BOS count: 20 | Trend Confirmed: True[0m
[32m14:39:47[0m | [1mINFO    [0m | [36mbackend.strategies.core.market_structure[0m:[36mupdate[0m | [1mBOS fired: BULLISH | Broken level: 5887.789 | BOS count: 21 | Trend Confirmed: True[0m
[32m14:39:47[0m | [1mINFO    [0m | [36mbackend.strategies.core.market_structure[0m:[36mupdate[0m | [1mBOS fired: BULLISH | Broken level: 5887.789 | BOS count: 22 | Trend Confirmed: True[0m
[32m14:39:47[0m | [1mINFO    [0m | [36mbackend.strategies.core.market_structure[0m:[36mupdate[0m | [1mBOS fired: BULLISH | Broken level: 5887.789 | BOS count: 23 | Trend Confirmed: True[0m
[32m14:39:47[0m | [1mINFO    [0m | [36mbackend.strategies.core.market_structure[0m:[36mupdate[0m | [1mBOS fired: BULLISH | Broken level: 5887.789 | BOS count: 24 | Trend Confirmed: True[0m
[32m14:39:47[0m | [1mINFO    [0m | [36mbackend.strategies.core.market_structure[0m:[36mupdate[0m | [1mBOS fired: BULLISH | Broken level: 5887.789 | BOS count: 25 | Trend Confirmed: True[0m
[32m14:39:47[0m | [1mINFO    [0m | [36mbackend.strategies.core.market_structure[0m:[36mupdate[0m | [1mBOS fired: BULLISH | Broken level: 5887.789 | BOS count: 26 | Trend Confirmed: True[0m
[32m14:39:47[0m | [1mINFO    [0m | [36mbackend.strategies.core.market_structure[0m:[36mupdate[0m | [1mBOS fired: BULLISH | Broken level: 5887.789 | BOS count: 27 | Trend Confirmed: True[0m
[32m14:39:47[0m | [1mINFO    [0m | [36mbackend.strategies.core.market_structure[0m:[36mupdate[0m | [1mBOS fired: BULLISH | Broken level: 5887.789 | BOS count: 28 | Trend Confirmed: True[0m
[32m14:39:47[0m | [1mINFO    [0m | [36mbackend.strategies.core.market_structure[0m:[36mupdate[0m | [1mBOS fired: BULLISH | Broken level: 5887.789 | BOS count: 29 | Trend Confirmed: True[0m
[32m14:39:47[0m | [1mINFO    [0m | [36mbackend.strategies.core.market_structure[0m:[36mupdate[0m | [1mBOS fired: BULLISH | Broken level: 5887.789 | BOS count: 30 | Trend Confirmed: True[0m
[32m14:39:47[0m | [1mINFO    [0m | [36mbackend.strategies.core.market_structure[0m:[36mupdate[0m | [1mBOS fired: BULLISH | Broken level: 5887.789 | BOS count: 31 | Trend Confirmed: True[0m
[32m14:39:47[0m | [1mINFO    [0m | [36mbackend.strategies.core.market_structure[0m:[36mupdate[0m | [1mBOS fired: BULLISH | Broken level: 5887.789 | BOS count: 32 | Trend Confirmed: True[0m
[32m14:39:47[0m | [1mINFO    [0m | [36mbackend.strategies.core.market_structure[0m:[36mupdate[0m | [1mBOS fired: BULLISH | Broken level: 5887.789 | BOS count: 33 | Trend Confirmed: True[0m
[32m14:39:47[0m | [1mINFO    [0m | [36mbackend.strategies.core.market_structure[0m:[36mupdate[0m | [1mBOS fired: BULLISH | Broken level: 5887.789 | BOS count: 34 | Trend Confirmed: True[0m
[32m14:39:47[0m | [1mINFO    [0m | [36mbackend.strategies.core.market_structure[0m:[36mupdate[0m | [1mBOS fired: BULLISH | Broken level: 5950.049 | BOS count: 35 | Trend Confirmed: True[0m
[32m14:39:47[0m | [1mINFO    [0m | [36mbackend.strategies.core.market_structure[0m:[36mupdate[0m | [1mBOS fired: BULLISH | Broken level: 5950.049 | BOS count: 36 | Trend Confirmed: True[0m
[32m14:39:47[0m | [1mINFO    [0m | [36mbackend.strategies.core.market_structure[0m:[36mupdate[0m | [1mChoCH fired: BEARISH | Broken level: 5932.226 | BOS count: 1[0m
[32m14:39:47[0m | [1mINFO    [0m | [36mbackend.strategies.core.market_structure[0m:[36mupdate[0m | [1mBOS fired: BEARISH | Broken level: 5932.226 | BOS count: 2 | Trend Confirmed: True[0m
[32m14:39:47[0m | [1mINFO    [0m | [36mbackend.strategies.core.market_structure[0m:[36mupdate[0m | [1mBOS fired: BEARISH | Broken level: 5932.226 | BOS count: 3 | Trend Confirmed: True[0m
[32m14:39:47[0m | [1mINFO    [0m | [36mbackend.strategies.core.market_structure[0m:[36mupdate[0m | [1mBOS fired: BEARISH | Broken level: 5932.226 | BOS count: 4 | Trend Confirmed: True[0m
[32m14:39:47[0m | [1mINFO    [0m | [36mbackend.strategies.core.market_structure[0m:[36mupdate[0m | [1mBOS fired: BEARISH | Broken level: 5932.226 | BOS count: 5 | Trend Confirmed: True[0m
[32m14:39:47[0m | [1mINFO    [0m | [36mbackend.strategies.core.market_structure[0m:[36mupdate[0m | [1mBOS fired: BEARISH | Broken level: 5932.226 | BOS count: 6 | Trend Confirmed: True[0m
[32m14:39:47[0m | [1mINFO    [0m | [36mbackend.strategies.core.market_structure[0m:[36mupdate[0m | [1mChoCH fired: BULLISH | Broken level: 5954.035 | BOS count: 1[0m
[32m14:39:47[0m | [1mINFO    [0m | [36mbackend.strategies.core.market_structure[0m:[36mupdate[0m | [1mBOS fired: BULLISH | Broken level: 5954.035 | BOS count: 2 | Trend Confirmed: True[0m
[32m14:39:47[0m | [1mINFO    [0m | [36mbackend.strategies.core.market_structure[0m:[36mupdate[0m | [1mBOS fired: BULLISH | Broken level: 5954.035 | BOS count: 3 | Trend Confirmed: True[0m
[32m14:39:47[0m | [1mINFO    [0m | [36mbackend.strategies.core.market_structure[0m:[36mupdate[0m | [1mBOS fired: BULLISH | Broken level: 5954.035 | BOS count: 4 | Trend Confirmed: True[0m
[32m14:39:47[0m | [1mINFO    [0m | [36mbackend.strategies.core.market_structure[0m:[36mupdate[0m | [1mBOS fired: BULLISH | Broken level: 5954.035 | BOS count: 5 | Trend Confirmed: True[0m
[32m14:39:47[0m | [1mINFO    [0m | [36mbackend.strategies.core.market_structure[0m:[36mupdate[0m | [1mBOS fired: BULLISH | Broken level: 5954.035 | BOS count: 6 | Trend Confirmed: True[0m
[32m14:39:47[0m | [1mINFO    [0m | [36mbackend.strategies.core.market_structure[0m:[36mupdate[0m | [1mBOS fired: BULLISH | Broken level: 5954.035 | BOS count: 7 | Trend Confirmed: True[0m
[32m14:39:47[0m | [1mINFO    [0m | [36mbackend.strategies.core.market_structure[0m:[36mupdate[0m | [1mBOS fired: BULLISH | Broken level: 5954.035 | BOS count: 8 | Trend Confirmed: True[0m
[32m14:39:47[0m | [1mINFO    [0m | [36mbackend.strategies.core.market_structure[0m:[36mupdate[0m | [1mBOS fired: BULLISH | Broken level: 5954.035 | BOS count: 9 | Trend Confirmed: True[0m
[32m14:39:47[0m | [1mINFO    [0m | [36mbackend.strategies.core.market_structure[0m:[36mupdate[0m | [1mBOS fired: BULLISH | Broken level: 5954.035 | BOS count: 10 | Trend Confirmed: True[0m
[32m14:39:47[0m | [1mINFO    [0m | [36mbackend.strategies.core.market_structure[0m:[36mupdate[0m | [1mBOS fired: BULLISH | Broken level: 5954.035 | BOS count: 11 | Trend Confirmed: True[0m
[32m14:39:47[0m | [1mINFO    [0m | [36mbackend.strategies.core.market_structure[0m:[36mupdate[0m | [1mBOS fired: BULLISH | Broken level: 5954.035 | BOS count: 12 | Trend Confirmed: True[0m
[32m14:39:47[0m | [1mINFO    [0m | [36mbackend.strategies.core.market_structure[0m:[36mupdate[0m | [1mBOS fired: BULLISH | Broken level: 5954.035 | BOS count: 13 | Trend Confirmed: True[0m
[32m14:39:47[0m | [1mINFO    [0m | [36mbackend.strategies.core.market_structure[0m:[36mupdate[0m | [1mBOS fired: BULLISH | Broken level: 5954.035 | BOS count: 14 | Trend Confirmed: True[0m
[32m14:39:47[0m | [1mINFO    [0m | [36mbackend.strategies.core.market_structure[0m:[36mupdate[0m | [1mBOS fired: BULLISH | Broken level: 5954.035 | BOS count: 15 | Trend Confirmed: True[0m
[32m14:39:47[0m | [1mINFO    [0m | [36mbackend.strategies.core.market_structure[0m:[36mupdate[0m | [1mBOS fired: BULLISH | Broken level: 5954.035 | BOS count: 16 | Trend Confirmed: True[0m
[32m14:39:47[0m | [1mINFO    [0m | [36mbackend.strategies.core.market_structure[0m:[36mupdate[0m | [1mBOS fired: BULLISH | Broken level: 5954.035 | BOS count: 17 | Trend Confirmed: True[0m
[32m14:39:47[0m | [1mINFO    [0m | [36mbackend.strategies.core.market_structure[0m:[36mupdate[0m | [1mBOS fired: BULLISH | Broken level: 5954.035 | BOS count: 18 | Trend Confirmed: True[0m
[32m14:39:47[0m | [1mINFO    [0m | [36mbackend.strategies.core.market_structure[0m:[36mupdate[0m | [1mBOS fired: BULLISH | Broken level: 5954.035 | BOS count: 19 | Trend Confirmed: True[0m
[32m14:39:47[0m | [1mINFO    [0m | [36mbackend.strategies.core.market_structure[0m:[36mupdate[0m | [1mBOS fired: BULLISH | Broken level: 5954.035 | BOS count: 20 | Trend Confirmed: True[0m
[32m14:39:47[0m | [1mINFO    [0m | [36mbackend.strategies.core.market_structure[0m:[36mupdate[0m | [1mBOS fired: BULLISH | Broken level: 5954.035 | BOS count: 21 | Trend Confirmed: True[0m
[32m14:39:47[0m | [1mINFO    [0m | [36mbackend.strategies.core.market_structure[0m:[36mupdate[0m | [1mBOS fired: BULLISH | Broken level: 5954.035 | BOS count: 22 | Trend Confirmed: True[0m
[32m14:39:48[0m | [1mINFO    [0m | [36mbackend.strategies.core.market_structure[0m:[36mupdate[0m | [1mBOS fired: BULLISH | Broken level: 5954.035 | BOS count: 23 | Trend Confirmed: True[0m
[32m14:39:48[0m | [1mINFO    [0m | [36mbackend.strategies.core.market_structure[0m:[36mupdate[0m | [1mBOS fired: BULLISH | Broken level: 5954.035 | BOS count: 24 | Trend Confirmed: True[0m
[32m14:39:48[0m | [1mINFO    [0m | [36mbackend.strategies.core.market_structure[0m:[36mupdate[0m | [1mBOS fired: BULLISH | Broken level: 5954.035 | BOS count: 25 | Trend Confirmed: True[0m
[32m14:39:48[0m | [1mINFO    [0m | [36mbackend.strategies.core.market_structure[0m:[36mupdate[0m | [1mBOS fired: BULLISH | Broken level: 5954.035 | BOS count: 26 | Trend Confirmed: True[0m
[32m14:39:48[0m | [1mINFO    [0m | [36mbackend.strategies.core.market_structure[0m:[36mupdate[0m | [1mBOS fired: BULLISH | Broken level: 5954.035 | BOS count: 27 | Trend Confirmed: True[0m
[32m14:39:48[0m | [1mINFO    [0m | [36mbackend.strategies.core.market_structure[0m:[36mupdate[0m | [1mChoCH fired: BEARISH | Broken level: 5902.413 | BOS count: 1[0m
[32m14:39:48[0m | [1mINFO    [0m | [36mbackend.strategies.core.market_structure[0m:[36mupdate[0m | [1mBOS fired: BEARISH | Broken level: 5902.413 | BOS count: 2 | Trend Confirmed: True[0m
[32m14:39:48[0m | [1mINFO    [0m | [36mbackend.strategies.core.market_structure[0m:[36mupdate[0m | [1mBOS fired: BEARISH | Broken level: 5902.413 | BOS count: 3 | Trend Confirmed: True[0m
[32m14:39:48[0m | [1mINFO    [0m | [36mbackend.strategies.core.market_structure[0m:[36mupdate[0m | [1mBOS fired: BEARISH | Broken level: 5902.195 | BOS count: 4 | Trend Confirmed: True[0m
[32m14:39:48[0m | [1mINFO    [0m | [36mbackend.strategies.core.market_structure[0m:[36mupdate[0m | [1mBOS fired: BEARISH | Broken level: 5902.195 | BOS count: 5 | Trend Confirmed: True[0m
[32m14:39:48[0m | [1mINFO    [0m | [36mbackend.strategies.core.market_structure[0m:[36mupdate[0m | [1mBOS fired: BEARISH | Broken level: 5902.195 | BOS count: 6 | Trend Confirmed: True[0m
[32m14:39:48[0m | [1mINFO    [0m | [36mbackend.strategies.core.market_structure[0m:[36mupdate[0m | [1mBOS fired: BEARISH | Broken level: 5902.195 | BOS count: 7 | Trend Confirmed: True[0m
[32m14:39:48[0m | [1mINFO    [0m | [36mbackend.strategies.core.market_structure[0m:[36mupdate[0m | [1mBOS fired: BEARISH | Broken level: 5902.195 | BOS count: 8 | Trend Confirmed: True[0m
[32m14:39:48[0m | [1mINFO    [0m | [36mbackend.strategies.core.market_structure[0m:[36mupdate[0m | [1mBOS fired: BEARISH | Broken level: 5902.195 | BOS count: 9 | Trend Confirmed: True[0m
[32m14:39:48[0m | [1mINFO    [0m | [36mbackend.strategies.core.market_structure[0m:[36mupdate[0m | [1mBOS fired: BEARISH | Broken level: 5902.195 | BOS count: 10 | Trend Confirmed: True[0m
[32m14:39:48[0m | [1mINFO    [0m | [36mbackend.strategies.core.market_structure[0m:[36mupdate[0m | [1mBOS fired: BEARISH | Broken level: 5902.195 | BOS count: 11 | Trend Confirmed: True[0m
[32m14:39:48[0m | [1mINFO    [0m | [36mbackend.strategies.core.market_structure[0m:[36mupdate[0m | [1mBOS fired: BEARISH | Broken level: 5902.195 | BOS count: 12 | Trend Confirmed: True[0m
[32m14:39:48[0m | [1mINFO    [0m | [36mbackend.strategies.core.market_structure[0m:[36mupdate[0m | [1mBOS fired: BEARISH | Broken level: 5902.195 | BOS count: 13 | Trend Confirmed: True[0m
[32m14:39:48[0m | [1mINFO    [0m | [36mbackend.strategies.core.market_structure[0m:[36mupdate[0m | [1mBOS fired: BEARISH | Broken level: 5902.195 | BOS count: 14 | Trend Confirmed: True[0m
[32m14:39:48[0m | [1mINFO    [0m | [36mbackend.strategies.core.market_structure[0m:[36mupdate[0m | [1mBOS fired: BEARISH | Broken level: 5876.767 | BOS count: 15 | Trend Confirmed: True[0m
[32m14:39:48[0m | [1mINFO    [0m | [36mbackend.strategies.core.market_structure[0m:[36mupdate[0m | [1mBOS fired: BEARISH | Broken level: 5876.767 | BOS count: 16 | Trend Confirmed: True[0m
[32m14:39:48[0m | [1mINFO    [0m | [36mbackend.strategies.core.market_structure[0m:[36mupdate[0m | [1mBOS fired: BEARISH | Broken level: 5876.767 | BOS count: 17 | Trend Confirmed: True[0m
[32m14:39:48[0m | [1mINFO    [0m | [36mbackend.strategies.core.market_structure[0m:[36mupdate[0m | [1mBOS fired: BEARISH | Broken level: 5876.767 | BOS count: 18 | Trend Confirmed: True[0m
[32m14:39:48[0m | [1mINFO    [0m | [36mbackend.strategies.core.market_structure[0m:[36mupdate[0m | [1mBOS fired: BEARISH | Broken level: 5876.767 | BOS count: 19 | Trend Confirmed: True[0m
[32m14:39:48[0m | [1mINFO    [0m | [36mbackend.strategies.core.market_structure[0m:[36mupdate[0m | [1mBOS fired: BEARISH | Broken level: 5876.767 | BOS count: 20 | Trend Confirmed: True[0m
[32m14:39:48[0m | [1mINFO    [0m | [36mbackend.strategies.core.market_structure[0m:[36mupdate[0m | [1mChoCH fired: BULLISH | Broken level: 5900.643 | BOS count: 1[0m
[32m14:39:48[0m | [1mINFO    [0m | [36mbackend.strategies.core.market_structure[0m:[36mupdate[0m | [1mBOS fired: BULLISH | Broken level: 5900.643 | BOS count: 2 | Trend Confirmed: True[0m
[32m14:39:48[0m | [1mINFO    [0m | [36mbackend.strategies.core.market_structure[0m:[36mupdate[0m | [1mBOS fired: BULLISH | Broken level: 5900.643 | BOS count: 3 | Trend Confirmed: True[0m
[32m14:39:48[0m | [1mINFO    [0m | [36mbackend.strategies.core.market_structure[0m:[36mupdate[0m | [1mBOS fired: BULLISH | Broken level: 5900.643 | BOS count: 4 | Trend Confirmed: True[0m
[32m14:39:48[0m | [1mINFO    [0m | [36mbackend.strategies.core.market_structure[0m:[36mupdate[0m | [1mBOS fired: BULLISH | Broken level: 5900.643 | BOS count: 5 | Trend Confirmed: True[0m
[32m14:39:48[0m | [1mINFO    [0m | [36mbackend.strategies.core.market_structure[0m:[36mupdate[0m | [1mBOS fired: BULLISH | Broken level: 5900.643 | BOS count: 6 | Trend Confirmed: True[0m
[32m14:39:48[0m | [1mINFO    [0m | [36mbackend.strategies.core.market_structure[0m:[36mupdate[0m | [1mBOS fired: BULLISH | Broken level: 5900.643 | BOS count: 7 | Trend Confirmed: True[0m
[32m14:39:48[0m | [1mINFO    [0m | [36mbackend.strategies.core.market_structure[0m:[36mupdate[0m | [1mBOS fired: BULLISH | Broken level: 5900.643 | BOS count: 8 | Trend Confirmed: True[0m
[32m14:39:48[0m | [1mINFO    [0m | [36mbackend.strategies.core.market_structure[0m:[36mupdate[0m | [1mBOS fired: BULLISH | Broken level: 5900.643 | BOS count: 9 | Trend Confirmed: True[0m
[32m14:39:48[0m | [1mINFO    [0m | [36mbackend.strategies.core.market_structure[0m:[36mupdate[0m | [1mBOS fired: BULLISH | Broken level: 5900.643 | BOS count: 10 | Trend Confirmed: True[0m
[32m14:39:48[0m | [1mINFO    [0m | [36mbackend.strategies.core.market_structure[0m:[36mupdate[0m | [1mBOS fired: BULLISH | Broken level: 5900.643 | BOS count: 11 | Trend Confirmed: True[0m
[32m14:39:48[0m | [1mINFO    [0m | [36mbackend.strategies.core.market_structure[0m:[36mupdate[0m | [1mBOS fired: BULLISH | Broken level: 5900.643 | BOS count: 12 | Trend Confirmed: True[0m
[32m14:39:48[0m | [1mINFO    [0m | [36mbackend.strategies.core.market_structure[0m:[36mupdate[0m | [1mBOS fired: BULLISH | Broken level: 5900.643 | BOS count: 13 | Trend Confirmed: True[0m
[32m14:39:48[0m | [1mINFO    [0m | [36mbackend.strategies.core.market_structure[0m:[36mupdate[0m | [1mBOS fired: BULLISH | Broken level: 5900.643 | BOS count: 14 | Trend Confirmed: True[0m
[32m14:39:48[0m | [1mINFO    [0m | [36mbackend.strategies.core.market_structure[0m:[36mupdate[0m | [1mBOS fired: BULLISH | Broken level: 5900.643 | BOS count: 15 | Trend Confirmed: True[0m
[32m14:39:48[0m | [1mINFO    [0m | [36mbackend.strategies.core.market_structure[0m:[36mupdate[0m | [1mBOS fired: BULLISH | Broken level: 5900.643 | BOS count: 16 | Trend Confirmed: True[0m
[32m14:39:48[0m | [1mINFO    [0m | [36mbackend.strategies.core.market_structure[0m:[36mupdate[0m | [1mBOS fired: BULLISH | Broken level: 5900.643 | BOS count: 17 | Trend Confirmed: True[0m
[32m14:39:48[0m | [1mINFO    [0m | [36mbackend.strategies.core.market_structure[0m:[36mupdate[0m | [1mBOS fired: BULLISH | Broken level: 5900.643 | BOS count: 18 | Trend Confirmed: True[0m
[32m14:39:48[0m | [1mINFO    [0m | [36mbackend.strategies.core.market_structure[0m:[36mupdate[0m | [1mBOS fired: BULLISH | Broken level: 5900.643 | BOS count: 19 | Trend Confirmed: True[0m
[32m14:39:48[0m | [1mINFO    [0m | [36mbackend.strategies.core.market_structure[0m:[36mupdate[0m | [1mBOS fired: BULLISH | Broken level: 5900.643 | BOS count: 20 | Trend Confirmed: True[0m
[32m14:39:48[0m | [1mINFO    [0m | [36mbackend.strategies.core.market_structure[0m:[36mupdate[0m | [1mBOS fired: BULLISH | Broken level: 5900.643 | BOS count: 21 | Trend Confirmed: True[0m
[32m14:39:48[0m | [1mINFO    [0m | [36mbackend.strategies.core.market_structure[0m:[36mupdate[0m | [1mBOS fired: BULLISH | Broken level: 5923.633 | BOS count: 22 | Trend Confirmed: True[0m
[32m14:39:48[0m | [1mINFO    [0m | [36mbackend.strategies.core.market_structure[0m:[36mupdate[0m | [1mBOS fired: BULLISH | Broken level: 5923.633 | BOS count: 23 | Trend Confirmed: True[0m
[32m14:39:48[0m | [1mINFO    [0m | [36mbackend.strategies.core.market_structure[0m:[36mupdate[0m | [1mBOS fired: BULLISH | Broken level: 5923.633 | BOS count: 24 | Trend Confirmed: True[0m
[32m14:39:48[0m | [1mINFO    [0m | [36mbackend.strategies.core.market_structure[0m:[36mupdate[0m | [1mBOS fired: BULLISH | Broken level: 5923.633 | BOS count: 25 | Trend Confirmed: True[0m
[32m14:39:48[0m | [1mINFO    [0m | [36mbackend.strategies.core.market_structure[0m:[36mupdate[0m | [1mBOS fired: BULLISH | Broken level: 5923.633 | BOS count: 26 | Trend Confirmed: True[0m
[32m14:39:48[0m | [1mINFO    [0m | [36mbackend.strategies.core.market_structure[0m:[36mupdate[0m | [1mBOS fired: BULLISH | Broken level: 5923.633 | BOS count: 27 | Trend Confirmed: True[0m
[32m14:39:48[0m | [1mINFO    [0m | [36mbackend.strategies.core.market_structure[0m:[36mupdate[0m | [1mBOS fired: BULLISH | Broken level: 5923.633 | BOS count: 28 | Trend Confirmed: True[0m
[32m14:39:48[0m | [1mINFO    [0m | [36mbackend.strategies.core.market_structure[0m:[36mupdate[0m | [1mBOS fired: BULLISH | Broken level: 5923.633 | BOS count: 29 | Trend Confirmed: True[0m
[32m14:39:48[0m | [1mINFO    [0m | [36mbackend.strategies.core.market_structure[0m:[36mupdate[0m | [1mBOS fired: BULLISH | Broken level: 5923.633 | BOS count: 30 | Trend Confirmed: True[0m
[32m14:39:48[0m | [1mINFO    [0m | [36mbackend.strategies.core.market_structure[0m:[36mupdate[0m | [1mBOS fired: BULLISH | Broken level: 5923.633 | BOS count: 31 | Trend Confirmed: True[0m
[32m14:39:48[0m | [1mINFO    [0m | [36mbackend.strategies.core.market_structure[0m:[36mupdate[0m | [1mBOS fired: BULLISH | Broken level: 5923.633 | BOS count: 32 | Trend Confirmed: True[0m
[32m14:39:48[0m | [1mINFO    [0m | [36mbackend.strategies.core.market_structure[0m:[36mupdate[0m | [1mBOS fired: BULLISH | Broken level: 5923.633 | BOS count: 33 | Trend Confirmed: True[0m
[32m14:39:48[0m | [1mINFO    [0m | [36mbackend.strategies.core.market_structure[0m:[36mupdate[0m | [1mBOS fired: BULLISH | Broken level: 5923.633 | BOS count: 34 | Trend Confirmed: True[0m
[32m14:39:48[0m | [1mINFO    [0m | [36mbackend.strategies.core.market_structure[0m:[36mupdate[0m | [1mBOS fired: BULLISH | Broken level: 5923.633 | BOS count: 35 | Trend Confirmed: True[0m
[32m14:39:48[0m | [1mINFO    [0m | [36mbackend.strategies.core.market_structure[0m:[36mupdate[0m | [1mBOS fired: BULLISH | Broken level: 5923.633 | BOS count: 36 | Trend Confirmed: True[0m
[32m14:39:48[0m | [1mINFO    [0m | [36mbackend.strategies.core.market_structure[0m:[36mupdate[0m | [1mBOS fired: BULLISH | Broken level: 5923.633 | BOS count: 37 | Trend Confirmed: True[0m
[32m14:39:49[0m | [1mINFO    [0m | [36mbackend.strategies.core.market_structure[0m:[36mupdate[0m | [1mBOS fired: BULLISH | Broken level: 5923.633 | BOS count: 38 | Trend Confirmed: True[0m
[32m14:39:49[0m | [1mINFO    [0m | [36mbackend.strategies.core.market_structure[0m:[36mupdate[0m | [1mBOS fired: BULLISH | Broken level: 5923.633 | BOS count: 39 | Trend Confirmed: True[0m
[32m14:39:49[0m | [1mINFO    [0m | [36mbackend.strategies.core.market_structure[0m:[36mupdate[0m | [1mBOS fired: BULLISH | Broken level: 5923.633 | BOS count: 40 | Trend Confirmed: True[0m
[32m14:39:49[0m | [1mINFO    [0m | [36mbackend.strategies.core.market_structure[0m:[36mupdate[0m | [1mBOS fired: BULLISH | Broken level: 5923.633 | BOS count: 41 | Trend Confirmed: True[0m
[32m14:39:49[0m | [1mINFO    [0m | [36mbackend.strategies.core.market_structure[0m:[36mupdate[0m | [1mBOS fired: BULLISH | Broken level: 5923.633 | BOS count: 42 | Trend Confirmed: True[0m
[32m14:39:49[0m | [1mINFO    [0m | [36mbackend.strategies.core.market_structure[0m:[36mupdate[0m | [1mBOS fired: BULLISH | Broken level: 5923.633 | BOS count: 43 | Trend Confirmed: True[0m
[32m14:39:49[0m | [1mINFO    [0m | [36mbackend.strategies.core.market_structure[0m:[36mupdate[0m | [1mBOS fired: BULLISH | Broken level: 5951.74 | BOS count: 44 | Trend Confirmed: True[0m
[32m14:39:49[0m | [1mINFO    [0m | [36mbackend.strategies.core.market_structure[0m:[36mupdate[0m | [1mBOS fired: BULLISH | Broken level: 5951.74 | BOS count: 45 | Trend Confirmed: True[0m
[32m14:39:49[0m | [1mINFO    [0m | [36mbackend.strategies.core.market_structure[0m:[36mupdate[0m | [1mBOS fired: BULLISH | Broken level: 5951.74 | BOS count: 46 | Trend Confirmed: True[0m
[32m14:39:49[0m | [1mINFO    [0m | [36mbackend.strategies.core.market_structure[0m:[36mupdate[0m | [1mBOS fired: BULLISH | Broken level: 5951.74 | BOS count: 47 | Trend Confirmed: True[0m
[32m14:39:49[0m | [1mINFO    [0m | [36mbackend.strategies.core.market_structure[0m:[36mupdate[0m | [1mBOS fired: BULLISH | Broken level: 5951.74 | BOS count: 48 | Trend Confirmed: True[0m
[32m14:39:49[0m | [1mINFO    [0m | [36mbackend.strategies.core.market_structure[0m:[36mupdate[0m | [1mBOS fired: BULLISH | Broken level: 5951.74 | BOS count: 49 | Trend Confirmed: True[0m
[32m14:39:49[0m | [1mINFO    [0m | [36mbackend.strategies.core.market_structure[0m:[36mupdate[0m | [1mBOS fired: BULLISH | Broken level: 5951.74 | BOS count: 50 | Trend Confirmed: True[0m
[32m14:39:49[0m | [1mINFO    [0m | [36mbackend.strategies.core.market_structure[0m:[36mupdate[0m | [1mBOS fired: BULLISH | Broken level: 6026.334 | BOS count: 51 | Trend Confirmed: True[0m
[32m14:39:49[0m | [1mINFO    [0m | [36mbackend.strategies.core.market_structure[0m:[36mupdate[0m | [1mBOS fired: BULLISH | Broken level: 6026.334 | BOS count: 52 | Trend Confirmed: True[0m
[32m14:39:49[0m | [1mINFO    [0m | [36mbackend.strategies.core.market_structure[0m:[36mupdate[0m | [1mBOS fired: BULLISH | Broken level: 6026.334 | BOS count: 53 | Trend Confirmed: True[0m
[32m14:39:49[0m | [1mINFO    [0m | [36mbackend.strategies.core.market_structure[0m:[36mupdate[0m | [1mBOS fired: BULLISH | Broken level: 6049.776 | BOS count: 54 | Trend Confirmed: True[0m
[32m14:39:49[0m | [1mINFO    [0m | [36mbackend.strategies.core.market_structure[0m:[36mupdate[0m | [1mBOS fired: BULLISH | Broken level: 6049.776 | BOS count: 55 | Trend Confirmed: True[0m
[32m14:39:49[0m | [1mINFO    [0m | [36mbackend.strategies.core.market_structure[0m:[36mupdate[0m | [1mBOS fired: BULLISH | Broken level: 6049.776 | BOS count: 56 | Trend Confirmed: True[0m
[32m14:39:49[0m | [1mINFO    [0m | [36mbackend.strategies.core.market_structure[0m:[36mupdate[0m | [1mBOS fired: BULLISH | Broken level: 6049.776 | BOS count: 57 | Trend Confirmed: True[0m
[32m14:39:49[0m | [1mINFO    [0m | [36mbackend.strategies.core.market_structure[0m:[36mupdate[0m | [1mBOS fired: BULLISH | Broken level: 6049.776 | BOS count: 58 | Trend Confirmed: True[0m
[32m14:39:49[0m | [1mINFO    [0m | [36mbackend.strategies.core.market_structure[0m:[36mupdate[0m | [1mBOS fired: BULLISH | Broken level: 6049.776 | BOS count: 59 | Trend Confirmed: True[0m
[32m14:39:49[0m | [1mINFO    [0m | [36mbackend.strategies.core.market_structure[0m:[36mupdate[0m | [1mBOS fired: BULLISH | Broken level: 6049.776 | BOS count: 60 | Trend Confirmed: True[0m
[32m14:39:49[0m | [1mINFO    [0m | [36mbackend.strategies.core.market_structure[0m:[36mupdate[0m | [1mBOS fired: BULLISH | Broken level: 6049.776 | BOS count: 61 | Trend Confirmed: True[0m
[32m14:39:49[0m | [1mINFO    [0m | [36mbackend.strategies.core.market_structure[0m:[36mupdate[0m | [1mBOS fired: BULLISH | Broken level: 6049.776 | BOS count: 62 | Trend Confirmed: True[0m
[32m14:39:49[0m | [1mINFO    [0m | [36mbackend.strategies.core.market_structure[0m:[36mupdate[0m | [1mBOS fired: BULLISH | Broken level: 6049.776 | BOS count: 63 | Trend Confirmed: True[0m
[32m14:39:49[0m | [1mINFO    [0m | [36mbackend.strategies.core.market_structure[0m:[36mupdate[0m | [1mBOS fired: BULLISH | Broken level: 6049.776 | BOS count: 64 | Trend Confirmed: True[0m
[32m14:39:49[0m | [1mINFO    [0m | [36mbackend.strategies.core.market_structure[0m:[36mupdate[0m | [1mBOS fired: BULLISH | Broken level: 6049.776 | BOS count: 65 | Trend Confirmed: True[0m
[32m14:39:49[0m | [1mINFO    [0m | [36mbackend.strategies.core.market_structure[0m:[36mupdate[0m | [1mBOS fired: BULLISH | Broken level: 6049.776 | BOS count: 66 | Trend Confirmed: True[0m
[32m14:39:49[0m | [1mINFO    [0m | [36mbackend.strategies.core.market_structure[0m:[36mupdate[0m | [1mBOS fired: BULLISH | Broken level: 6049.776 | BOS count: 67 | Trend Confirmed: True[0m
[32m14:39:49[0m | [1mINFO    [0m | [36mbackend.strategies.core.market_structure[0m:[36mupdate[0m | [1mBOS fired: BULLISH | Broken level: 6049.776 | BOS count: 68 | Trend Confirmed: True[0m
[32m14:39:49[0m | [1mINFO    [0m | [36mbackend.strategies.core.market_structure[0m:[36mupdate[0m | [1mBOS fired: BULLISH | Broken level: 6049.776 | BOS count: 69 | Trend Confirmed: True[0m
[32m14:39:49[0m | [1mINFO    [0m | [36mbackend.strategies.core.market_structure[0m:[36mupdate[0m | [1mBOS fired: BULLISH | Broken level: 6049.776 | BOS count: 70 | Trend Confirmed: True[0m
[32m14:39:49[0m | [1mINFO    [0m | [36mbackend.strategies.core.market_structure[0m:[36mupdate[0m | [1mBOS fired: BULLISH | Broken level: 6049.776 | BOS count: 71 | Trend Confirmed: True[0m
[32m14:39:49[0m | [1mINFO    [0m | [36mbackend.strategies.core.market_structure[0m:[36mupdate[0m | [1mBOS fired: BULLISH | Broken level: 6049.776 | BOS count: 72 | Trend Confirmed: True[0m
[32m14:39:49[0m | [1mINFO    [0m | [36mbackend.strategies.core.market_structure[0m:[36mupdate[0m | [1mBOS fired: BULLISH | Broken level: 6049.776 | BOS count: 73 | Trend Confirmed: True[0m
[32m14:39:49[0m | [1mINFO    [0m | [36mbackend.strategies.core.market_structure[0m:[36mupdate[0m | [1mBOS fired: BULLISH | Broken level: 6049.776 | BOS count: 74 | Trend Confirmed: True[0m
[32m14:39:49[0m | [1mINFO    [0m | [36mbackend.strategies.core.market_structure[0m:[36mupdate[0m | [1mBOS fired: BULLISH | Broken level: 6049.776 | BOS count: 75 | Trend Confirmed: True[0m
[32m14:39:49[0m | [1mINFO    [0m | [36mbackend.strategies.core.market_structure[0m:[36mupdate[0m | [1mBOS fired: BULLISH | Broken level: 6049.776 | BOS count: 76 | Trend Confirmed: True[0m
[32m14:39:49[0m | [1mINFO    [0m | [36mbackend.strategies.core.market_structure[0m:[36mupdate[0m | [1mBOS fired: BULLISH | Broken level: 6069.753 | BOS count: 77 | Trend Confirmed: True[0m
[32m14:39:49[0m | [1mINFO    [0m | [36mbackend.strategies.core.market_structure[0m:[36mupdate[0m | [1mBOS fired: BULLISH | Broken level: 6069.753 | BOS count: 78 | Trend Confirmed: True[0m
[32m14:39:49[0m | [1mINFO    [0m | [36mbackend.strategies.core.market_structure[0m:[36mupdate[0m | [1mBOS fired: BULLISH | Broken level: 6069.753 | BOS count: 79 | Trend Confirmed: True[0m
[32m14:39:49[0m | [1mINFO    [0m | [36mbackend.strategies.core.market_structure[0m:[36mupdate[0m | [1mBOS fired: BULLISH | Broken level: 6069.753 | BOS count: 80 | Trend Confirmed: True[0m
[32m14:39:49[0m | [1mINFO    [0m | [36mbackend.strategies.core.market_structure[0m:[36mupdate[0m | [1mBOS fired: BULLISH | Broken level: 6069.753 | BOS count: 81 | Trend Confirmed: True[0m
[32m14:39:49[0m | [1mINFO    [0m | [36mbackend.strategies.core.market_structure[0m:[36mupdate[0m | [1mBOS fired: BULLISH | Broken level: 6069.753 | BOS count: 82 | Trend Confirmed: True[0m
[32m14:39:49[0m | [1mINFO    [0m | [36mbackend.strategies.core.market_structure[0m:[36mupdate[0m | [1mBOS fired: BULLISH | Broken level: 6069.753 | BOS count: 83 | Trend Confirmed: True[0m
[32m14:39:49[0m | [1mINFO    [0m | [36mbackend.strategies.core.market_structure[0m:[36mupdate[0m | [1mBOS fired: BULLISH | Broken level: 6069.753 | BOS count: 84 | Trend Confirmed: True[0m
[32m14:39:49[0m | [1mINFO    [0m | [36mbackend.strategies.core.market_structure[0m:[36mupdate[0m | [1mBOS fired: BULLISH | Broken level: 6069.753 | BOS count: 85 | Trend Confirmed: True[0m
[32m14:39:49[0m | [1mINFO    [0m | [36mbackend.strategies.core.market_structure[0m:[36mupdate[0m | [1mBOS fired: BULLISH | Broken level: 6069.753 | BOS count: 86 | Trend Confirmed: True[0m
[32m14:39:49[0m | [1mINFO    [0m | [36mbackend.strategies.core.market_structure[0m:[36mupdate[0m | [1mBOS fired: BULLISH | Broken level: 6069.753 | BOS count: 87 | Trend Confirmed: True[0m
[32m14:39:49[0m | [1mINFO    [0m | [36mbackend.strategies.core.market_structure[0m:[36mupdate[0m | [1mBOS fired: BULLISH | Broken level: 6069.753 | BOS count: 88 | Trend Confirmed: True[0m
[32m14:39:49[0m | [1mINFO    [0m | [36mbackend.strategies.core.market_structure[0m:[36mupdate[0m | [1mBOS fired: BULLISH | Broken level: 6069.753 | BOS count: 89 | Trend Confirmed: True[0m
[32m14:39:49[0m | [1mINFO    [0m | [36mbackend.strategies.core.market_structure[0m:[36mupdate[0m | [1mChoCH fired: BEARISH | Broken level: 6002.185 | BOS count: 1[0m
[32m14:39:49[0m | [1mINFO    [0m | [36mbackend.strategies.core.market_structure[0m:[36mupdate[0m | [1mBOS fired: BEARISH | Broken level: 6002.185 | BOS count: 2 | Trend Confirmed: True[0m
[32m14:39:49[0m | [1mINFO    [0m | [36mbackend.strategies.core.market_structure[0m:[36mupdate[0m | [1mBOS fired: BEARISH | Broken level: 6002.185 | BOS count: 3 | Trend Confirmed: True[0m
[32m14:39:49[0m | [1mINFO    [0m | [36mbackend.strategies.core.market_structure[0m:[36mupdate[0m | [1mBOS fired: BEARISH | Broken level: 6002.185 | BOS count: 4 | Trend Confirmed: True[0m
[32m14:39:49[0m | [1mINFO    [0m | [36mbackend.strategies.core.market_structure[0m:[36mupdate[0m | [1mChoCH fired: BULLISH | Broken level: 6010.43 | BOS count: 1[0m
[32m14:39:49[0m | [1mINFO    [0m | [36mbackend.strategies.core.market_structure[0m:[36mupdate[0m | [1mBOS fired: BULLISH | Broken level: 6010.43 | BOS count: 2 | Trend Confirmed: True[0m
[32m14:39:49[0m | [1mINFO    [0m | [36mbackend.strategies.core.market_structure[0m:[36mupdate[0m | [1mBOS fired: BULLISH | Broken level: 6010.43 | BOS count: 3 | Trend Confirmed: True[0m
[32m14:39:50[0m | [1mINFO    [0m | [36mbackend.strategies.core.market_structure[0m:[36mupdate[0m | [1mChoCH fired: BEARISH | Broken level: 5869.496 | BOS count: 1[0m
[32m14:39:50[0m | [1mINFO    [0m | [36mbackend.strategies.core.market_structure[0m:[36mupdate[0m | [1mBOS fired: BEARISH | Broken level: 5869.496 | BOS count: 2 | Trend Confirmed: True[0m
[32m14:39:50[0m | [1mINFO    [0m | [36mbackend.strategies.core.market_structure[0m:[36mupdate[0m | [1mBOS fired: BEARISH | Broken level: 5869.496 | BOS count: 3 | Trend Confirmed: True[0m
[32m14:39:50[0m | [1mINFO    [0m | [36mbackend.strategies.core.market_structure[0m:[36mupdate[0m | [1mBOS fired: BEARISH | Broken level: 5869.496 | BOS count: 4 | Trend Confirmed: True[0m
[32m14:39:50[0m | [1mINFO    [0m | [36mbackend.strategies.core.market_structure[0m:[36mupdate[0m | [1mBOS fired: BEARISH | Broken level: 5869.496 | BOS count: 5 | Trend Confirmed: True[0m
[32m14:39:50[0m | [1mINFO    [0m | [36mbackend.strategies.core.market_structure[0m:[36mupdate[0m | [1mBOS fired: BEARISH | Broken level: 5869.496 | BOS count: 6 | Trend Confirmed: True[0m
[32m14:39:50[0m | [1mINFO    [0m | [36mbackend.strategies.core.market_structure[0m:[36mupdate[0m | [1mBOS fired: BEARISH | Broken level: 5869.496 | BOS count: 7 | Trend Confirmed: True[0m
[32m14:39:50[0m | [1mINFO    [0m | [36mbackend.strategies.core.market_structure[0m:[36mupdate[0m | [1mBOS fired: BEARISH | Broken level: 5869.496 | BOS count: 8 | Trend Confirmed: True[0m
[32m14:39:50[0m | [1mINFO    [0m | [36mbackend.strategies.core.market_structure[0m:[36mupdate[0m | [1mBOS fired: BEARISH | Broken level: 5869.496 | BOS count: 9 | Trend Confirmed: True[0m
[32m14:39:50[0m | [1mINFO    [0m | [36mbackend.strategies.core.market_structure[0m:[36mupdate[0m | [1mBOS fired: BEARISH | Broken level: 5869.496 | BOS count: 10 | Trend Confirmed: True[0m
[32m14:39:50[0m | [1mINFO    [0m | [36mbackend.strategies.core.market_structure[0m:[36mupdate[0m | [1mBOS fired: BEARISH | Broken level: 5832.42 | BOS count: 11 | Trend Confirmed: True[0m
[32m14:39:50[0m | [1mINFO    [0m | [36mbackend.strategies.core.market_structure[0m:[36mupdate[0m | [1mBOS fired: BEARISH | Broken level: 5832.42 | BOS count: 12 | Trend Confirmed: True[0m
[32m14:39:50[0m | [1mINFO    [0m | [36mbackend.strategies.core.market_structure[0m:[36mupdate[0m | [1mBOS fired: BEARISH | Broken level: 5832.42 | BOS count: 13 | Trend Confirmed: True[0m
[32m14:39:50[0m | [1mINFO    [0m | [36mbackend.strategies.core.market_structure[0m:[36mupdate[0m | [1mBOS fired: BEARISH | Broken level: 5832.42 | BOS count: 14 | Trend Confirmed: True[0m
[32m14:39:50[0m | [1mINFO    [0m | [36mbackend.strategies.core.market_structure[0m:[36mupdate[0m | [1mBOS fired: BEARISH | Broken level: 5832.42 | BOS count: 15 | Trend Confirmed: True[0m
[32m14:39:50[0m | [1mINFO    [0m | [36mbackend.strategies.core.market_structure[0m:[36mupdate[0m | [1mBOS fired: BEARISH | Broken level: 5832.42 | BOS count: 16 | Trend Confirmed: True[0m
[32m14:39:50[0m | [1mINFO    [0m | [36mbackend.strategies.core.market_structure[0m:[36mupdate[0m | [1mBOS fired: BEARISH | Broken level: 5832.42 | BOS count: 17 | Trend Confirmed: True[0m
[32m14:39:50[0m | [1mINFO    [0m | [36mbackend.strategies.core.market_structure[0m:[36mupdate[0m | [1mBOS fired: BEARISH | Broken level: 5832.42 | BOS count: 18 | Trend Confirmed: True[0m
[32m14:39:50[0m | [1mINFO    [0m | [36mbackend.strategies.core.market_structure[0m:[36mupdate[0m | [1mBOS fired: BEARISH | Broken level: 5832.42 | BOS count: 19 | Trend Confirmed: True[0m
[32m14:39:50[0m | [1mINFO    [0m | [36mbackend.strategies.core.market_structure[0m:[36mupdate[0m | [1mBOS fired: BEARISH | Broken level: 5832.42 | BOS count: 20 | Trend Confirmed: True[0m
[32m14:39:50[0m | [1mINFO    [0m | [36mbackend.strategies.core.market_structure[0m:[36mupdate[0m | [1mBOS fired: BEARISH | Broken level: 5832.42 | BOS count: 21 | Trend Confirmed: True[0m
[32m14:39:50[0m | [1mINFO    [0m | [36mbackend.strategies.core.market_structure[0m:[36mupdate[0m | [1mBOS fired: BEARISH | Broken level: 5832.42 | BOS count: 22 | Trend Confirmed: True[0m
[32m14:39:50[0m | [1mINFO    [0m | [36mbackend.strategies.core.market_structure[0m:[36mupdate[0m | [1mBOS fired: BEARISH | Broken level: 5832.42 | BOS count: 23 | Trend Confirmed: True[0m
[32m14:39:50[0m | [1mINFO    [0m | [36mbackend.strategies.core.market_structure[0m:[36mupdate[0m | [1mBOS fired: BEARISH | Broken level: 5832.42 | BOS count: 24 | Trend Confirmed: True[0m
[32m14:39:50[0m | [1mINFO    [0m | [36mbackend.strategies.core.market_structure[0m:[36mupdate[0m | [1mBOS fired: BEARISH | Broken level: 5832.42 | BOS count: 25 | Trend Confirmed: True[0m
[32m14:39:50[0m | [1mINFO    [0m | [36mbackend.strategies.core.market_structure[0m:[36mupdate[0m | [1mBOS fired: BEARISH | Broken level: 5832.42 | BOS count: 26 | Trend Confirmed: True[0m
[32m14:39:50[0m | [1mINFO    [0m | [36mbackend.strategies.core.market_structure[0m:[36mupdate[0m | [1mBOS fired: BEARISH | Broken level: 5798.605 | BOS count: 27 | Trend Confirmed: True[0m
[32m14:39:50[0m | [1mINFO    [0m | [36mbackend.strategies.core.market_structure[0m:[36mupdate[0m | [1mBOS fired: BEARISH | Broken level: 5795.301 | BOS count: 28 | Trend Confirmed: True[0m
[32m14:39:50[0m | [1mINFO    [0m | [36mbackend.strategies.core.market_structure[0m:[36mupdate[0m | [1mBOS fired: BEARISH | Broken level: 5795.301 | BOS count: 29 | Trend Confirmed: True[0m
[32m14:39:50[0m | [1mINFO    [0m | [36mbackend.strategies.core.market_structure[0m:[36mupdate[0m | [1mBOS fired: BEARISH | Broken level: 5795.301 | BOS count: 30 | Trend Confirmed: True[0m
[32m14:39:50[0m | [1mINFO    [0m | [36mbackend.strategies.core.market_structure[0m:[36mupdate[0m | [1mBOS fired: BEARISH | Broken level: 5795.301 | BOS count: 31 | Trend Confirmed: True[0m
[32m14:39:50[0m | [1mINFO    [0m | [36mbackend.strategies.core.market_structure[0m:[36mupdate[0m | [1mChoCH fired: BULLISH | Broken level: 5805.174 | BOS count: 1[0m
[32m14:39:50[0m | [1mINFO    [0m | [36mbackend.strategies.core.market_structure[0m:[36mupdate[0m | [1mBOS fired: BULLISH | Broken level: 5805.174 | BOS count: 2 | Trend Confirmed: True[0m
[32m14:39:50[0m | [1mINFO    [0m | [36mbackend.strategies.core.market_structure[0m:[36mupdate[0m | [1mBOS fired: BULLISH | Broken level: 5805.174 | BOS count: 3 | Trend Confirmed: True[0m
[32m14:39:50[0m | [1mINFO    [0m | [36mbackend.strategies.core.market_structure[0m:[36mupdate[0m | [1mBOS fired: BULLISH | Broken level: 5805.174 | BOS count: 4 | Trend Confirmed: True[0m
[32m14:39:50[0m | [1mINFO    [0m | [36mbackend.strategies.core.market_structure[0m:[36mupdate[0m | [1mBOS fired: BULLISH | Broken level: 5805.174 | BOS count: 5 | Trend Confirmed: True[0m
[32m14:39:50[0m | [1mINFO    [0m | [36mbackend.strategies.core.market_structure[0m:[36mupdate[0m | [1mBOS fired: BULLISH | Broken level: 5805.174 | BOS count: 6 | Trend Confirmed: True[0m
[32m14:39:50[0m | [1mINFO    [0m | [36mbackend.strategies.core.market_structure[0m:[36mupdate[0m | [1mBOS fired: BULLISH | Broken level: 5805.174 | BOS count: 7 | Trend Confirmed: True[0m
[32m14:39:50[0m | [1mINFO    [0m | [36mbackend.strategies.core.market_structure[0m:[36mupdate[0m | [1mBOS fired: BULLISH | Broken level: 5805.174 | BOS count: 8 | Trend Confirmed: True[0m
[32m14:39:50[0m | [1mINFO    [0m | [36mbackend.strategies.core.market_structure[0m:[36mupdate[0m | [1mBOS fired: BULLISH | Broken level: 5805.174 | BOS count: 9 | Trend Confirmed: True[0m
[32m14:39:50[0m | [1mINFO    [0m | [36mbackend.strategies.core.market_structure[0m:[36mupdate[0m | [1mBOS fired: BULLISH | Broken level: 5805.174 | BOS count: 10 | Trend Confirmed: True[0m
[32m14:39:50[0m | [1mINFO    [0m | [36mbackend.strategies.core.market_structure[0m:[36mupdate[0m | [1mBOS fired: BULLISH | Broken level: 5805.174 | BOS count: 11 | Trend Confirmed: True[0m
[32m14:39:50[0m | [1mINFO    [0m | [36mbackend.strategies.core.market_structure[0m:[36mupdate[0m | [1mBOS fired: BULLISH | Broken level: 5805.174 | BOS count: 12 | Trend Confirmed: True[0m
[32m14:39:50[0m | [1mINFO    [0m | [36mbackend.strategies.core.market_structure[0m:[36mupdate[0m | [1mBOS fired: BULLISH | Broken level: 5805.174 | BOS count: 13 | Trend Confirmed: True[0m
[32m14:39:50[0m | [1mINFO    [0m | [36mbackend.strategies.core.market_structure[0m:[36mupdate[0m | [1mBOS fired: BULLISH | Broken level: 5805.174 | BOS count: 14 | Trend Confirmed: True[0m
[32m14:39:50[0m | [1mINFO    [0m | [36mbackend.strategies.core.market_structure[0m:[36mupdate[0m | [1mBOS fired: BULLISH | Broken level: 5805.174 | BOS count: 15 | Trend Confirmed: True[0m
[32m14:39:50[0m | [1mINFO    [0m | [36mbackend.strategies.core.market_structure[0m:[36mupdate[0m | [1mBOS fired: BULLISH | Broken level: 5805.174 | BOS count: 16 | Trend Confirmed: True[0m
[32m14:39:50[0m | [1mINFO    [0m | [36mbackend.strategies.core.market_structure[0m:[36mupdate[0m | [1mBOS fired: BULLISH | Broken level: 5805.174 | BOS count: 17 | Trend Confirmed: True[0m
[32m14:39:50[0m | [1mINFO    [0m | [36mbackend.strategies.core.market_structure[0m:[36mupdate[0m | [1mBOS fired: BULLISH | Broken level: 5805.174 | BOS count: 18 | Trend Confirmed: True[0m
[32m14:39:50[0m | [1mINFO    [0m | [36mbackend.strategies.core.market_structure[0m:[36mupdate[0m | [1mChoCH fired: BEARISH | Broken level: 5809.685 | BOS count: 1[0m
[32m14:39:50[0m | [1mINFO    [0m | [36mbackend.strategies.core.market_structure[0m:[36mupdate[0m | [1mBOS fired: BEARISH | Broken level: 5809.685 | BOS count: 2 | Trend Confirmed: True[0m
[32m14:39:50[0m | [1mINFO    [0m | [36mbackend.strategies.core.market_structure[0m:[36mupdate[0m | [1mBOS fired: BEARISH | Broken level: 5809.685 | BOS count: 3 | Trend Confirmed: True[0m
[32m14:39:50[0m | [1mINFO    [0m | [36mbackend.strategies.core.market_structure[0m:[36mupdate[0m | [1mBOS fired: BEARISH | Broken level: 5809.685 | BOS count: 4 | Trend Confirmed: True[0m
[32m14:39:50[0m | [1mINFO    [0m | [36mbackend.strategies.core.market_structure[0m:[36mupdate[0m | [1mBOS fired: BEARISH | Broken level: 5809.685 | BOS count: 5 | Trend Confirmed: True[0m
[32m14:39:50[0m | [1mINFO    [0m | [36mbackend.strategies.core.market_structure[0m:[36mupdate[0m | [1mBOS fired: BEARISH | Broken level: 5809.685 | BOS count: 6 | Trend Confirmed: True[0m
[32m14:39:50[0m | [1mINFO    [0m | [36mbackend.strategies.core.market_structure[0m:[36mupdate[0m | [1mBOS fired: BEARISH | Broken level: 5809.685 | BOS count: 7 | Trend Confirmed: True[0m
[32m14:39:50[0m | [1mINFO    [0m | [36mbackend.strategies.core.market_structure[0m:[36mupdate[0m | [1mBOS fired: BEARISH | Broken level: 5809.685 | BOS count: 8 | Trend Confirmed: True[0m
[32m14:39:50[0m | [1mINFO    [0m | [36mbackend.strategies.core.market_structure[0m:[36mupdate[0m | [1mBOS fired: BEARISH | Broken level: 5809.685 | BOS count: 9 | Trend Confirmed: True[0m
[32m14:39:50[0m | [1mINFO    [0m | [36mbackend.strategies.core.market_structure[0m:[36mupdate[0m | [1mBOS fired: BEARISH | Broken level: 5809.685 | BOS count: 10 | Trend Confirmed: True[0m
[32m14:39:50[0m | [1mINFO    [0m | [36mbackend.strategies.core.market_structure[0m:[36mupdate[0m | [1mChoCH fired: BULLISH | Broken level: 5810.928 | BOS count: 1[0m
[32m14:39:50[0m | [1mINFO    [0m | [36mbackend.strategies.core.market_structure[0m:[36mupdate[0m | [1mBOS fired: BULLISH | Broken level: 5810.928 | BOS count: 2 | Trend Confirmed: True[0m
[32m14:39:50[0m | [1mINFO    [0m | [36mbackend.strategies.core.market_structure[0m:[36mupdate[0m | [1mBOS fired: BULLISH | Broken level: 5810.928 | BOS count: 3 | Trend Confirmed: True[0m
[32m14:39:50[0m | [1mINFO    [0m | [36mbackend.strategies.core.market_structure[0m:[36mupdate[0m | [1mBOS fired: BULLISH | Broken level: 5810.928 | BOS count: 4 | Trend Confirmed: True[0m
[32m14:39:50[0m | [1mINFO    [0m | [36mbackend.strategies.core.market_structure[0m:[36mupdate[0m | [1mBOS fired: BULLISH | Broken level: 5810.928 | BOS count: 5 | Trend Confirmed: True[0m
[32m14:39:50[0m | [1mINFO    [0m | [36mbackend.strategies.core.market_structure[0m:[36mupdate[0m | [1mBOS fired: BULLISH | Broken level: 5810.928 | BOS count: 6 | Trend Confirmed: True[0m
[32m14:39:50[0m | [1mINFO    [0m | [36mbackend.strategies.core.market_structure[0m:[36mupdate[0m | [1mBOS fired: BULLISH | Broken level: 5810.928 | BOS count: 7 | Trend Confirmed: True[0m
[32m14:39:50[0m | [1mINFO    [0m | [36mbackend.strategies.core.market_structure[0m:[36mupdate[0m | [1mBOS fired: BULLISH | Broken level: 5810.928 | BOS count: 8 | Trend Confirmed: True[0m
[32m14:39:51[0m | [1mINFO    [0m | [36mbackend.strategies.core.market_structure[0m:[36mupdate[0m | [1mBOS fired: BULLISH | Broken level: 5810.928 | BOS count: 9 | Trend Confirmed: True[0m
[32m14:39:51[0m | [1mINFO    [0m | [36mbackend.strategies.core.market_structure[0m:[36mupdate[0m | [1mBOS fired: BULLISH | Broken level: 5810.928 | BOS count: 10 | Trend Confirmed: True[0m
[32m14:39:51[0m | [1mINFO    [0m | [36mbackend.strategies.core.market_structure[0m:[36mupdate[0m | [1mBOS fired: BULLISH | Broken level: 5810.928 | BOS count: 11 | Trend Confirmed: True[0m
[32m14:39:51[0m | [1mINFO    [0m | [36mbackend.strategies.core.market_structure[0m:[36mupdate[0m | [1mBOS fired: BULLISH | Broken level: 5810.928 | BOS count: 12 | Trend Confirmed: True[0m
[32m14:39:51[0m | [1mINFO    [0m | [36mbackend.strategies.core.market_structure[0m:[36mupdate[0m | [1mBOS fired: BULLISH | Broken level: 5810.928 | BOS count: 13 | Trend Confirmed: True[0m
[32m14:39:51[0m | [1mINFO    [0m | [36mbackend.strategies.core.market_structure[0m:[36mupdate[0m | [1mBOS fired: BULLISH | Broken level: 5810.928 | BOS count: 14 | Trend Confirmed: True[0m
[32m14:39:51[0m | [1mINFO    [0m | [36mbackend.strategies.core.market_structure[0m:[36mupdate[0m | [1mBOS fired: BULLISH | Broken level: 5810.928 | BOS count: 15 | Trend Confirmed: True[0m
[32m14:39:51[0m | [1mINFO    [0m | [36mbackend.strategies.core.market_structure[0m:[36mupdate[0m | [1mBOS fired: BULLISH | Broken level: 5810.928 | BOS count: 16 | Trend Confirmed: True[0m
[32m14:39:51[0m | [1mINFO    [0m | [36mbackend.strategies.core.market_structure[0m:[36mupdate[0m | [1mBOS fired: BULLISH | Broken level: 5810.928 | BOS count: 17 | Trend Confirmed: True[0m
[32m14:39:51[0m | [1mINFO    [0m | [36mbackend.strategies.core.market_structure[0m:[36mupdate[0m | [1mBOS fired: BULLISH | Broken level: 5810.928 | BOS count: 18 | Trend Confirmed: True[0m
[32m14:39:51[0m | [1mINFO    [0m | [36mbackend.strategies.core.market_structure[0m:[36mupdate[0m | [1mBOS fired: BULLISH | Broken level: 5810.928 | BOS count: 19 | Trend Confirmed: True[0m
[32m14:39:51[0m | [1mINFO    [0m | [36mbackend.strategies.core.market_structure[0m:[36mupdate[0m | [1mBOS fired: BULLISH | Broken level: 5810.928 | BOS count: 20 | Trend Confirmed: True[0m
[32m14:39:51[0m | [1mINFO    [0m | [36mbackend.strategies.core.market_structure[0m:[36mupdate[0m | [1mBOS fired: BULLISH | Broken level: 5810.928 | BOS count: 21 | Trend Confirmed: True[0m
[32m14:39:51[0m | [1mINFO    [0m | [36mbackend.strategies.core.market_structure[0m:[36mupdate[0m | [1mChoCH fired: BEARISH | Broken level: 5802.765 | BOS count: 1[0m
[32m14:39:51[0m | [1mINFO    [0m | [36mbackend.strategies.core.market_structure[0m:[36mupdate[0m | [1mBOS fired: BEARISH | Broken level: 5802.765 | BOS count: 2 | Trend Confirmed: True[0m
[32m14:39:51[0m | [1mINFO    [0m | [36mbackend.strategies.core.market_structure[0m:[36mupdate[0m | [1mBOS fired: BEARISH | Broken level: 5802.765 | BOS count: 3 | Trend Confirmed: True[0m
[32m14:39:51[0m | [1mINFO    [0m | [36mbackend.strategies.core.market_structure[0m:[36mupdate[0m | [1mBOS fired: BEARISH | Broken level: 5802.765 | BOS count: 4 | Trend Confirmed: True[0m
[32m14:39:51[0m | [1mINFO    [0m | [36mbackend.strategies.core.market_structure[0m:[36mupdate[0m | [1mBOS fired: BEARISH | Broken level: 5802.765 | BOS count: 5 | Trend Confirmed: True[0m
[32m14:39:51[0m | [1mINFO    [0m | [36mbackend.strategies.core.market_structure[0m:[36mupdate[0m | [1mBOS fired: BEARISH | Broken level: 5802.765 | BOS count: 6 | Trend Confirmed: True[0m
[32m14:39:51[0m | [1mINFO    [0m | [36mbackend.strategies.core.market_structure[0m:[36mupdate[0m | [1mBOS fired: BEARISH | Broken level: 5802.765 | BOS count: 7 | Trend Confirmed: True[0m
[32m14:39:51[0m | [1mINFO    [0m | [36mbackend.strategies.core.market_structure[0m:[36mupdate[0m | [1mBOS fired: BEARISH | Broken level: 5802.765 | BOS count: 8 | Trend Confirmed: True[0m
[32m14:39:51[0m | [1mINFO    [0m | [36mbackend.strategies.core.market_structure[0m:[36mupdate[0m | [1mBOS fired: BEARISH | Broken level: 5802.765 | BOS count: 9 | Trend Confirmed: True[0m
[32m14:39:51[0m | [1mINFO    [0m | [36mbackend.strategies.core.market_structure[0m:[36mupdate[0m | [1mBOS fired: BEARISH | Broken level: 5802.765 | BOS count: 10 | Trend Confirmed: True[0m
[32m14:39:51[0m | [1mINFO    [0m | [36mbackend.strategies.core.market_structure[0m:[36mupdate[0m | [1mBOS fired: BEARISH | Broken level: 5802.765 | BOS count: 11 | Trend Confirmed: True[0m
[32m14:39:51[0m | [1mINFO    [0m | [36mbackend.strategies.core.market_structure[0m:[36mupdate[0m | [1mBOS fired: BEARISH | Broken level: 5802.765 | BOS count: 12 | Trend Confirmed: True[0m
[32m14:39:51[0m | [1mINFO    [0m | [36mbackend.strategies.core.market_structure[0m:[36mupdate[0m | [1mBOS fired: BEARISH | Broken level: 5771.18 | BOS count: 13 | Trend Confirmed: True[0m
[32m14:39:51[0m | [1mINFO    [0m | [36mbackend.strategies.core.market_structure[0m:[36mupdate[0m | [1mBOS fired: BEARISH | Broken level: 5771.18 | BOS count: 14 | Trend Confirmed: True[0m
[32m14:39:51[0m | [1mINFO    [0m | [36mbackend.strategies.core.market_structure[0m:[36mupdate[0m | [1mBOS fired: BEARISH | Broken level: 5771.18 | BOS count: 15 | Trend Confirmed: True[0m
[32m14:39:51[0m | [1mINFO    [0m | [36mbackend.strategies.core.market_structure[0m:[36mupdate[0m | [1mBOS fired: BEARISH | Broken level: 5771.18 | BOS count: 16 | Trend Confirmed: True[0m
[32m14:39:51[0m | [1mINFO    [0m | [36mbackend.strategies.core.market_structure[0m:[36mupdate[0m | [1mBOS fired: BEARISH | Broken level: 5771.18 | BOS count: 17 | Trend Confirmed: True[0m
[32m14:39:51[0m | [1mINFO    [0m | [36mbackend.strategies.core.market_structure[0m:[36mupdate[0m | [1mBOS fired: BEARISH | Broken level: 5771.18 | BOS count: 18 | Trend Confirmed: True[0m
[32m14:39:51[0m | [1mINFO    [0m | [36mbackend.strategies.core.market_structure[0m:[36mupdate[0m | [1mBOS fired: BEARISH | Broken level: 5771.18 | BOS count: 19 | Trend Confirmed: True[0m
[32m14:39:51[0m | [1mINFO    [0m | [36mbackend.strategies.core.market_structure[0m:[36mupdate[0m | [1mBOS fired: BEARISH | Broken level: 5771.18 | BOS count: 20 | Trend Confirmed: True[0m
[32m14:39:51[0m | [1mINFO    [0m | [36mbackend.strategies.core.market_structure[0m:[36mupdate[0m | [1mBOS fired: BEARISH | Broken level: 5766.119 | BOS count: 21 | Trend Confirmed: True[0m
[32m14:39:51[0m | [1mINFO    [0m | [36mbackend.strategies.core.market_structure[0m:[36mupdate[0m | [1mBOS fired: BEARISH | Broken level: 5766.119 | BOS count: 22 | Trend Confirmed: True[0m
[32m14:39:51[0m | [1mINFO    [0m | [36mbackend.strategies.core.market_structure[0m:[36mupdate[0m | [1mBOS fired: BEARISH | Broken level: 5766.119 | BOS count: 23 | Trend Confirmed: True[0m
[32m14:39:51[0m | [1mINFO    [0m | [36mbackend.strategies.core.market_structure[0m:[36mupdate[0m | [1mBOS fired: BEARISH | Broken level: 5766.119 | BOS count: 24 | Trend Confirmed: True[0m
[32m14:39:51[0m | [1mINFO    [0m | [36mbackend.strategies.core.market_structure[0m:[36mupdate[0m | [1mBOS fired: BEARISH | Broken level: 5766.119 | BOS count: 25 | Trend Confirmed: True[0m
[32m14:39:51[0m | [1mINFO    [0m | [36mbackend.strategies.core.market_structure[0m:[36mupdate[0m | [1mBOS fired: BEARISH | Broken level: 5766.119 | BOS count: 26 | Trend Confirmed: True[0m
[32m14:39:52[0m | [1mINFO    [0m | [36mbackend.strategies.core.market_structure[0m:[36mupdate[0m | [1mBOS fired: BEARISH | Broken level: 5766.119 | BOS count: 27 | Trend Confirmed: True[0m
[32m14:39:52[0m | [1mINFO    [0m | [36mbackend.strategies.core.market_structure[0m:[36mupdate[0m | [1mBOS fired: BEARISH | Broken level: 5766.119 | BOS count: 28 | Trend Confirmed: True[0m
[32m14:39:52[0m | [1mINFO    [0m | [36mbackend.strategies.core.market_structure[0m:[36mupdate[0m | [1mBOS fired: BEARISH | Broken level: 5753.957 | BOS count: 29 | Trend Confirmed: True[0m
[32m14:39:52[0m | [1mINFO    [0m | [36mbackend.strategies.core.market_structure[0m:[36mupdate[0m | [1mBOS fired: BEARISH | Broken level: 5753.957 | BOS count: 30 | Trend Confirmed: True[0m
[32m14:39:52[0m | [1mINFO    [0m | [36mbackend.strategies.core.market_structure[0m:[36mupdate[0m | [1mBOS fired: BEARISH | Broken level: 5753.957 | BOS count: 31 | Trend Confirmed: True[0m
[32m14:39:52[0m | [1mINFO    [0m | [36mbackend.strategies.core.market_structure[0m:[36mupdate[0m | [1mBOS fired: BEARISH | Broken level: 5747.962 | BOS count: 32 | Trend Confirmed: True[0m
[32m14:39:52[0m | [1mINFO    [0m | [36mbackend.strategies.core.market_structure[0m:[36mupdate[0m | [1mBOS fired: BEARISH | Broken level: 5747.962 | BOS count: 33 | Trend Confirmed: True[0m
[32m14:39:52[0m | [1mINFO    [0m | [36mbackend.strategies.core.market_structure[0m:[36mupdate[0m | [1mBOS fired: BEARISH | Broken level: 5747.962 | BOS count: 34 | Trend Confirmed: True[0m
[32m14:39:52[0m | [1mINFO    [0m | [36mbackend.strategies.core.market_structure[0m:[36mupdate[0m | [1mBOS fired: BEARISH | Broken level: 5747.962 | BOS count: 35 | Trend Confirmed: True[0m
[32m14:39:52[0m | [1mINFO    [0m | [36mbackend.strategies.core.market_structure[0m:[36mupdate[0m | [1mBOS fired: BEARISH | Broken level: 5747.962 | BOS count: 36 | Trend Confirmed: True[0m
[32m14:39:52[0m | [1mINFO    [0m | [36mbackend.strategies.core.market_structure[0m:[36mupdate[0m | [1mBOS fired: BEARISH | Broken level: 5747.962 | BOS count: 37 | Trend Confirmed: True[0m
[32m14:39:52[0m | [1mINFO    [0m | [36mbackend.strategies.core.market_structure[0m:[36mupdate[0m | [1mBOS fired: BEARISH | Broken level: 5747.962 | BOS count: 38 | Trend Confirmed: True[0m
[32m14:39:52[0m | [1mINFO    [0m | [36mbackend.strategies.core.market_structure[0m:[36mupdate[0m | [1mBOS fired: BEARISH | Broken level: 5747.962 | BOS count: 39 | Trend Confirmed: True[0m
[32m14:39:52[0m | [1mINFO    [0m | [36mbackend.strategies.core.market_structure[0m:[36mupdate[0m | [1mBOS fired: BEARISH | Broken level: 5747.962 | BOS count: 40 | Trend Confirmed: True[0m
[32m14:39:52[0m | [1mINFO    [0m | [36mbackend.strategies.core.market_structure[0m:[36mupdate[0m | [1mBOS fired: BEARISH | Broken level: 5739.668 | BOS count: 41 | Trend Confirmed: True[0m
[32m14:39:52[0m | [1mINFO    [0m | [36mbackend.strategies.core.market_structure[0m:[36mupdate[0m | [1mBOS fired: BEARISH | Broken level: 5739.668 | BOS count: 42 | Trend Confirmed: True[0m
[32m14:39:52[0m | [1mINFO    [0m | [36mbackend.strategies.core.market_structure[0m:[36mupdate[0m | [1mBOS fired: BEARISH | Broken level: 5739.668 | BOS count: 43 | Trend Confirmed: True[0m
[32m14:39:52[0m | [1mINFO    [0m | [36mbackend.strategies.core.market_structure[0m:[36mupdate[0m | [1mBOS fired: BEARISH | Broken level: 5739.668 | BOS count: 44 | Trend Confirmed: True[0m
[32m14:39:52[0m | [1mINFO    [0m | [36mbackend.strategies.core.market_structure[0m:[36mupdate[0m | [1mBOS fired: BEARISH | Broken level: 5739.668 | BOS count: 45 | Trend Confirmed: True[0m
[32m14:39:52[0m | [1mINFO    [0m | [36mbackend.strategies.core.market_structure[0m:[36mupdate[0m | [1mBOS fired: BEARISH | Broken level: 5739.668 | BOS count: 46 | Trend Confirmed: True[0m
[32m14:39:52[0m | [1mINFO    [0m | [36mbackend.strategies.core.market_structure[0m:[36mupdate[0m | [1mBOS fired: BEARISH | Broken level: 5739.668 | BOS count: 47 | Trend Confirmed: True[0m
[32m14:39:52[0m | [1mINFO    [0m | [36mbackend.strategies.core.market_structure[0m:[36mupdate[0m | [1mBOS fired: BEARISH | Broken level: 5739.668 | BOS count: 48 | Trend Confirmed: True[0m
[32m14:39:52[0m | [1mINFO    [0m | [36mbackend.strategies.core.market_structure[0m:[36mupdate[0m | [1mBOS fired: BEARISH | Broken level: 5722.196 | BOS count: 49 | Trend Confirmed: True[0m
[32m14:39:52[0m | [1mINFO    [0m | [36mbackend.strategies.core.market_structure[0m:[36mupdate[0m | [1mBOS fired: BEARISH | Broken level: 5720.867 | BOS count: 50 | Trend Confirmed: True[0m
[32m14:39:52[0m | [1mINFO    [0m | [36mbackend.strategies.core.market_structure[0m:[36mupdate[0m | [1mBOS fired: BEARISH | Broken level: 5720.867 | BOS count: 51 | Trend Confirmed: True[0m
[32m14:39:52[0m | [1mINFO    [0m | [36mbackend.strategies.core.market_structure[0m:[36mupdate[0m | [1mBOS fired: BEARISH | Broken level: 5720.867 | BOS count: 52 | Trend Confirmed: True[0m
[32m14:39:52[0m | [1mINFO    [0m | [36mbackend.strategies.core.market_structure[0m:[36mupdate[0m | [1mBOS fired: BEARISH | Broken level: 5720.867 | BOS count: 53 | Trend Confirmed: True[0m
[32m14:39:52[0m | [1mINFO    [0m | [36mbackend.strategies.core.market_structure[0m:[36mupdate[0m | [1mBOS fired: BEARISH | Broken level: 5720.867 | BOS count: 54 | Trend Confirmed: True[0m
[32m14:39:52[0m | [1mINFO    [0m | [36mbackend.strategies.core.market_structure[0m:[36mupdate[0m | [1mBOS fired: BEARISH | Broken level: 5720.867 | BOS count: 55 | Trend Confirmed: True[0m
[32m14:39:52[0m | [1mINFO    [0m | [36mbackend.strategies.core.market_structure[0m:[36mupdate[0m | [1mBOS fired: BEARISH | Broken level: 5720.867 | BOS count: 56 | Trend Confirmed: True[0m
[32m14:39:52[0m | [1mINFO    [0m | [36mbackend.strategies.core.market_structure[0m:[36mupdate[0m | [1mBOS fired: BEARISH | Broken level: 5720.867 | BOS count: 57 | Trend Confirmed: True[0m
[32m14:39:52[0m | [1mINFO    [0m | [36mbackend.strategies.core.market_structure[0m:[36mupdate[0m | [1mChoCH fired: BULLISH | Broken level: 5732.62 | BOS count: 1[0m
[32m14:39:52[0m | [1mINFO    [0m | [36mbackend.strategies.core.market_structure[0m:[36mupdate[0m | [1mBOS fired: BULLISH | Broken level: 5732.62 | BOS count: 2 | Trend Confirmed: True[0m
[32m14:39:52[0m | [1mINFO    [0m | [36mbackend.strategies.core.market_structure[0m:[36mupdate[0m | [1mBOS fired: BULLISH | Broken level: 5732.62 | BOS count: 3 | Trend Confirmed: True[0m
[32m14:39:52[0m | [1mINFO    [0m | [36mbackend.strategies.core.market_structure[0m:[36mupdate[0m | [1mBOS fired: BULLISH | Broken level: 5732.62 | BOS count: 4 | Trend Confirmed: True[0m
[32m14:39:52[0m | [1mINFO    [0m | [36mbackend.strategies.core.market_structure[0m:[36mupdate[0m | [1mBOS fired: BULLISH | Broken level: 5732.62 | BOS count: 5 | Trend Confirmed: True[0m
[32m14:39:52[0m | [1mINFO    [0m | [36mbackend.strategies.core.market_structure[0m:[36mupdate[0m | [1mBOS fired: BULLISH | Broken level: 5732.62 | BOS count: 6 | Trend Confirmed: True[0m
[32m14:39:52[0m | [1mINFO    [0m | [36mbackend.strategies.core.market_structure[0m:[36mupdate[0m | [1mBOS fired: BULLISH | Broken level: 5732.62 | BOS count: 7 | Trend Confirmed: True[0m
[32m14:39:52[0m | [1mINFO    [0m | [36mbackend.strategies.core.market_structure[0m:[36mupdate[0m | [1mBOS fired: BULLISH | Broken level: 5732.62 | BOS count: 8 | Trend Confirmed: True[0m
[32m14:39:52[0m | [1mINFO    [0m | [36mbackend.strategies.core.market_structure[0m:[36mupdate[0m | [1mBOS fired: BULLISH | Broken level: 5732.62 | BOS count: 9 | Trend Confirmed: True[0m
[32m14:39:52[0m | [1mINFO    [0m | [36mbackend.strategies.core.market_structure[0m:[36mupdate[0m | [1mBOS fired: BULLISH | Broken level: 5732.62 | BOS count: 10 | Trend Confirmed: True[0m
[32m14:39:52[0m | [1mINFO    [0m | [36mbackend.strategies.core.market_structure[0m:[36mupdate[0m | [1mBOS fired: BULLISH | Broken level: 5732.62 | BOS count: 11 | Trend Confirmed: True[0m
[32m14:39:52[0m | [1mINFO    [0m | [36mbackend.strategies.core.market_structure[0m:[36mupdate[0m | [1mBOS fired: BULLISH | Broken level: 5732.62 | BOS count: 12 | Trend Confirmed: True[0m
[32m14:39:52[0m | [1mINFO    [0m | [36mbackend.strategies.core.market_structure[0m:[36mupdate[0m | [1mBOS fired: BULLISH | Broken level: 5732.62 | BOS count: 13 | Trend Confirmed: True[0m
[32m14:39:52[0m | [1mINFO    [0m | [36mbackend.strategies.core.market_structure[0m:[36mupdate[0m | [1mBOS fired: BULLISH | Broken level: 5732.62 | BOS count: 14 | Trend Confirmed: True[0m
[32m14:39:52[0m | [1mINFO    [0m | [36mbackend.strategies.core.market_structure[0m:[36mupdate[0m | [1mBOS fired: BULLISH | Broken level: 5732.62 | BOS count: 15 | Trend Confirmed: True[0m
[32m14:39:52[0m | [1mINFO    [0m | [36mbackend.strategies.core.market_structure[0m:[36mupdate[0m | [1mBOS fired: BULLISH | Broken level: 5732.62 | BOS count: 16 | Trend Confirmed: True[0m
[32m14:39:52[0m | [1mINFO    [0m | [36mbackend.strategies.core.market_structure[0m:[36mupdate[0m | [1mBOS fired: BULLISH | Broken level: 5732.62 | BOS count: 17 | Trend Confirmed: True[0m
[32m14:39:52[0m | [1mINFO    [0m | [36mbackend.strategies.core.market_structure[0m:[36mupdate[0m | [1mBOS fired: BULLISH | Broken level: 5732.62 | BOS count: 18 | Trend Confirmed: True[0m
[32m14:39:52[0m | [1mINFO    [0m | [36mbackend.strategies.core.market_structure[0m:[36mupdate[0m | [1mBOS fired: BULLISH | Broken level: 5732.62 | BOS count: 19 | Trend Confirmed: True[0m
[32m14:39:52[0m | [1mINFO    [0m | [36mbackend.strategies.core.market_structure[0m:[36mupdate[0m | [1mBOS fired: BULLISH | Broken level: 5732.62 | BOS count: 20 | Trend Confirmed: True[0m
[32m14:39:52[0m | [1mINFO    [0m | [36mbackend.strategies.core.market_structure[0m:[36mupdate[0m | [1mBOS fired: BULLISH | Broken level: 5732.62 | BOS count: 21 | Trend Confirmed: True[0m
[32m14:39:52[0m | [1mINFO    [0m | [36mbackend.strategies.core.market_structure[0m:[36mupdate[0m | [1mBOS fired: BULLISH | Broken level: 5732.62 | BOS count: 22 | Trend Confirmed: True[0m
[32m14:39:52[0m | [1mINFO    [0m | [36mbackend.strategies.core.market_structure[0m:[36mupdate[0m | [1mBOS fired: BULLISH | Broken level: 5732.62 | BOS count: 23 | Trend Confirmed: True[0m
[32m14:39:52[0m | [1mINFO    [0m | [36mbackend.strategies.core.market_structure[0m:[36mupdate[0m | [1mBOS fired: BULLISH | Broken level: 5732.62 | BOS count: 24 | Trend Confirmed: True[0m
[32m14:39:52[0m | [1mINFO    [0m | [36mbackend.strategies.core.market_structure[0m:[36mupdate[0m | [1mBOS fired: BULLISH | Broken level: 5732.62 | BOS count: 25 | Trend Confirmed: True[0m
[32m14:39:52[0m | [1mINFO    [0m | [36mbackend.strategies.core.market_structure[0m:[36mupdate[0m | [1mBOS fired: BULLISH | Broken level: 5732.62 | BOS count: 26 | Trend Confirmed: True[0m
[32m14:39:52[0m | [1mINFO    [0m | [36mbackend.strategies.core.market_structure[0m:[36mupdate[0m | [1mBOS fired: BULLISH | Broken level: 5732.62 | BOS count: 27 | Trend Confirmed: True[0m
[32m14:39:52[0m | [1mINFO    [0m | [36mbackend.strategies.core.market_structure[0m:[36mupdate[0m | [1mBOS fired: BULLISH | Broken level: 5732.62 | BOS count: 28 | Trend Confirmed: True[0m
[32m14:39:53[0m | [1mINFO    [0m | [36mbackend.strategies.core.market_structure[0m:[36mupdate[0m | [1mChoCH fired: BEARISH | Broken level: 5752.265 | BOS count: 1[0m
[32m14:39:53[0m | [1mINFO    [0m | [36mbackend.strategies.core.market_structure[0m:[36mupdate[0m | [1mBOS fired: BEARISH | Broken level: 5752.265 | BOS count: 2 | Trend Confirmed: True[0m
[32m14:39:53[0m | [1mINFO    [0m | [36mbackend.strategies.core.market_structure[0m:[36mupdate[0m | [1mBOS fired: BEARISH | Broken level: 5752.265 | BOS count: 3 | Trend Confirmed: True[0m
[32m14:39:53[0m | [1mINFO    [0m | [36mbackend.strategies.core.market_structure[0m:[36mupdate[0m | [1mBOS fired: BEARISH | Broken level: 5752.265 | BOS count: 4 | Trend Confirmed: True[0m
[32m14:39:53[0m | [1mINFO    [0m | [36mbackend.strategies.core.market_structure[0m:[36mupdate[0m | [1mBOS fired: BEARISH | Broken level: 5752.265 | BOS count: 5 | Trend Confirmed: True[0m
[32m14:39:53[0m | [1mINFO    [0m | [36mbackend.strategies.core.market_structure[0m:[36mupdate[0m | [1mBOS fired: BEARISH | Broken level: 5741.989 | BOS count: 6 | Trend Confirmed: True[0m
[32m14:39:53[0m | [1mINFO    [0m | [36mbackend.strategies.core.market_structure[0m:[36mupdate[0m | [1mBOS fired: BEARISH | Broken level: 5741.989 | BOS count: 7 | Trend Confirmed: True[0m
[32m14:39:53[0m | [1mINFO    [0m | [36mbackend.strategies.core.market_structure[0m:[36mupdate[0m | [1mBOS fired: BEARISH | Broken level: 5741.989 | BOS count: 8 | Trend Confirmed: True[0m
[32m14:39:53[0m | [1mINFO    [0m | [36mbackend.strategies.core.market_structure[0m:[36mupdate[0m | [1mBOS fired: BEARISH | Broken level: 5741.989 | BOS count: 9 | Trend Confirmed: True[0m
[32m14:39:53[0m | [1mINFO    [0m | [36mbackend.strategies.core.market_structure[0m:[36mupdate[0m | [1mBOS fired: BEARISH | Broken level: 5741.989 | BOS count: 10 | Trend Confirmed: True[0m
[32m14:39:53[0m | [1mINFO    [0m | [36mbackend.strategies.core.market_structure[0m:[36mupdate[0m | [1mBOS fired: BEARISH | Broken level: 5741.989 | BOS count: 11 | Trend Confirmed: True[0m
[32m14:39:53[0m | [1mINFO    [0m | [36mbackend.strategies.core.market_structure[0m:[36mupdate[0m | [1mBOS fired: BEARISH | Broken level: 5741.989 | BOS count: 12 | Trend Confirmed: True[0m
[32m14:39:53[0m | [1mINFO    [0m | [36mbackend.strategies.core.market_structure[0m:[36mupdate[0m | [1mBOS fired: BEARISH | Broken level: 5727.447 | BOS count: 13 | Trend Confirmed: True[0m
[32m14:39:53[0m | [1mINFO    [0m | [36mbackend.strategies.core.market_structure[0m:[36mupdate[0m | [1mBOS fired: BEARISH | Broken level: 5726.92 | BOS count: 14 | Trend Confirmed: True[0m
[32m14:39:53[0m | [1mINFO    [0m | [36mbackend.strategies.core.market_structure[0m:[36mupdate[0m | [1mChoCH fired: BULLISH | Broken level: 5736.69 | BOS count: 1[0m
[32m14:39:53[0m | [1mINFO    [0m | [36mbackend.strategies.core.market_structure[0m:[36mupdate[0m | [1mChoCH fired: BEARISH | Broken level: 5725.771 | BOS count: 1[0m
[32m14:39:53[0m | [1mINFO    [0m | [36mbackend.strategies.core.market_structure[0m:[36mupdate[0m | [1mBOS fired: BEARISH | Broken level: 5725.771 | BOS count: 2 | Trend Confirmed: True[0m
[32m14:39:53[0m | [1mINFO    [0m | [36mbackend.strategies.core.market_structure[0m:[36mupdate[0m | [1mBOS fired: BEARISH | Broken level: 5725.771 | BOS count: 3 | Trend Confirmed: True[0m
[32m14:39:53[0m | [1mINFO    [0m | [36mbackend.strategies.core.market_structure[0m:[36mupdate[0m | [1mBOS fired: BEARISH | Broken level: 5725.771 | BOS count: 4 | Trend Confirmed: True[0m
[32m14:39:53[0m | [1mINFO    [0m | [36mbackend.strategies.core.market_structure[0m:[36mupdate[0m | [1mBOS fired: BEARISH | Broken level: 5725.771 | BOS count: 5 | Trend Confirmed: True[0m
[32m14:39:53[0m | [1mINFO    [0m | [36mbackend.strategies.core.market_structure[0m:[36mupdate[0m | [1mBOS fired: BEARISH | Broken level: 5714.298 | BOS count: 6 | Trend Confirmed: True[0m
[32m14:39:53[0m | [1mINFO    [0m | [36mbackend.strategies.core.market_structure[0m:[36mupdate[0m | [1mBOS fired: BEARISH | Broken level: 5714.298 | BOS count: 7 | Trend Confirmed: True[0m
[32m14:39:53[0m | [1mINFO    [0m | [36mbackend.strategies.core.market_structure[0m:[36mupdate[0m | [1mBOS fired: BEARISH | Broken level: 5714.298 | BOS count: 8 | Trend Confirmed: True[0m
[32m14:39:53[0m | [1mINFO    [0m | [36mbackend.strategies.core.market_structure[0m:[36mupdate[0m | [1mBOS fired: BEARISH | Broken level: 5714.298 | BOS count: 9 | Trend Confirmed: True[0m
[32m14:39:53[0m | [1mINFO    [0m | [36mbackend.strategies.core.market_structure[0m:[36mupdate[0m | [1mBOS fired: BEARISH | Broken level: 5714.298 | BOS count: 10 | Trend Confirmed: True[0m
[32m14:39:53[0m | [1mINFO    [0m | [36mbackend.strategies.core.market_structure[0m:[36mupdate[0m | [1mBOS fired: BEARISH | Broken level: 5714.298 | BOS count: 11 | Trend Confirmed: True[0m
[32m14:39:53[0m | [1mINFO    [0m | [36mbackend.strategies.core.market_structure[0m:[36mupdate[0m | [1mBOS fired: BEARISH | Broken level: 5714.298 | BOS count: 12 | Trend Confirmed: True[0m
[32m14:39:53[0m | [1mINFO    [0m | [36mbackend.strategies.core.market_structure[0m:[36mupdate[0m | [1mBOS fired: BEARISH | Broken level: 5700.53 | BOS count: 13 | Trend Confirmed: True[0m
[32m14:39:53[0m | [1mINFO    [0m | [36mbackend.strategies.core.market_structure[0m:[36mupdate[0m | [1mBOS fired: BEARISH | Broken level: 5700.53 | BOS count: 14 | Trend Confirmed: True[0m
[32m14:39:53[0m | [1mINFO    [0m | [36mbackend.strategies.core.market_structure[0m:[36mupdate[0m | [1mBOS fired: BEARISH | Broken level: 5700.53 | BOS count: 15 | Trend Confirmed: True[0m
[32m14:39:53[0m | [1mINFO    [0m | [36mbackend.strategies.core.market_structure[0m:[36mupdate[0m | [1mBOS fired: BEARISH | Broken level: 5699.617 | BOS count: 16 | Trend Confirmed: True[0m
[32m14:39:53[0m | [1mINFO    [0m | [36mbackend.strategies.core.market_structure[0m:[36mupdate[0m | [1mBOS fired: BEARISH | Broken level: 5699.617 | BOS count: 17 | Trend Confirmed: True[0m
[32m14:39:53[0m | [1mINFO    [0m | [36mbackend.strategies.core.market_structure[0m:[36mupdate[0m | [1mBOS fired: BEARISH | Broken level: 5699.617 | BOS count: 18 | Trend Confirmed: True[0m
[32m14:39:53[0m | [1mINFO    [0m | [36mbackend.strategies.core.market_structure[0m:[36mupdate[0m | [1mChoCH fired: BULLISH | Broken level: 5706.379 | BOS count: 1[0m
[32m14:39:53[0m | [1mINFO    [0m | [36mbackend.strategies.core.market_structure[0m:[36mupdate[0m | [1mBOS fired: BULLISH | Broken level: 5706.379 | BOS count: 2 | Trend Confirmed: True[0m
[32m14:39:53[0m | [1mINFO    [0m | [36mbackend.strategies.core.market_structure[0m:[36mupdate[0m | [1mBOS fired: BULLISH | Broken level: 5706.379 | BOS count: 3 | Trend Confirmed: True[0m
[32m14:39:53[0m | [1mINFO    [0m | [36mbackend.strategies.core.market_structure[0m:[36mupdate[0m | [1mBOS fired: BULLISH | Broken level: 5706.379 | BOS count: 4 | Trend Confirmed: True[0m
[32m14:39:53[0m | [1mINFO    [0m | [36mbackend.strategies.core.market_structure[0m:[36mupdate[0m | [1mBOS fired: BULLISH | Broken level: 5706.379 | BOS count: 5 | Trend Confirmed: True[0m
[32m14:39:53[0m | [1mINFO    [0m | [36mbackend.strategies.core.market_structure[0m:[36mupdate[0m | [1mBOS fired: BULLISH | Broken level: 5706.379 | BOS count: 6 | Trend Confirmed: True[0m
[32m14:39:53[0m | [1mINFO    [0m | [36mbackend.strategies.core.market_structure[0m:[36mupdate[0m | [1mBOS fired: BULLISH | Broken level: 5706.379 | BOS count: 7 | Trend Confirmed: True[0m
[32m14:39:53[0m | [1mINFO    [0m | [36mbackend.strategies.core.market_structure[0m:[36mupdate[0m | [1mBOS fired: BULLISH | Broken level: 5706.379 | BOS count: 8 | Trend Confirmed: True[0m
[32m14:39:53[0m | [1mINFO    [0m | [36mbackend.strategies.core.market_structure[0m:[36mupdate[0m | [1mBOS fired: BULLISH | Broken level: 5706.379 | BOS count: 9 | Trend Confirmed: True[0m
[32m14:39:53[0m | [1mINFO    [0m | [36mbackend.strategies.core.market_structure[0m:[36mupdate[0m | [1mBOS fired: BULLISH | Broken level: 5706.379 | BOS count: 10 | Trend Confirmed: True[0m
[32m14:39:54[0m | [1mINFO    [0m | [36mbackend.strategies.core.market_structure[0m:[36mupdate[0m | [1mBOS fired: BULLISH | Broken level: 5713.559 | BOS count: 11 | Trend Confirmed: True[0m
[32m14:39:54[0m | [1mINFO    [0m | [36mbackend.strategies.core.market_structure[0m:[36mupdate[0m | [1mBOS fired: BULLISH | Broken level: 5713.559 | BOS count: 12 | Trend Confirmed: True[0m
[32m14:39:54[0m | [1mINFO    [0m | [36mbackend.strategies.core.market_structure[0m:[36mupdate[0m | [1mBOS fired: BULLISH | Broken level: 5713.559 | BOS count: 13 | Trend Confirmed: True[0m
[32m14:39:54[0m | [1mINFO    [0m | [36mbackend.strategies.core.market_structure[0m:[36mupdate[0m | [1mBOS fired: BULLISH | Broken level: 5754.061 | BOS count: 14 | Trend Confirmed: True[0m
[32m14:39:54[0m | [1mINFO    [0m | [36mbackend.strategies.core.market_structure[0m:[36mupdate[0m | [1mBOS fired: BULLISH | Broken level: 5754.061 | BOS count: 15 | Trend Confirmed: True[0m
[32m14:39:54[0m | [1mINFO    [0m | [36mbackend.strategies.core.market_structure[0m:[36mupdate[0m | [1mBOS fired: BULLISH | Broken level: 5754.061 | BOS count: 16 | Trend Confirmed: True[0m
[32m14:39:54[0m | [1mINFO    [0m | [36mbackend.strategies.core.market_structure[0m:[36mupdate[0m | [1mBOS fired: BULLISH | Broken level: 5754.061 | BOS count: 17 | Trend Confirmed: True[0m
[32m14:39:54[0m | [1mINFO    [0m | [36mbackend.strategies.core.market_structure[0m:[36mupdate[0m | [1mBOS fired: BULLISH | Broken level: 5754.061 | BOS count: 18 | Trend Confirmed: True[0m
[32m14:39:54[0m | [1mINFO    [0m | [36mbackend.strategies.core.market_structure[0m:[36mupdate[0m | [1mBOS fired: BULLISH | Broken level: 5754.061 | BOS count: 19 | Trend Confirmed: True[0m
[32m14:39:54[0m | [1mINFO    [0m | [36mbackend.strategies.core.market_structure[0m:[36mupdate[0m | [1mBOS fired: BULLISH | Broken level: 5754.061 | BOS count: 20 | Trend Confirmed: True[0m
[32m14:39:54[0m | [1mINFO    [0m | [36mbackend.strategies.core.market_structure[0m:[36mupdate[0m | [1mChoCH fired: BEARISH | Broken level: 5735.965 | BOS count: 1[0m
[32m14:39:54[0m | [1mINFO    [0m | [36mbackend.strategies.core.market_structure[0m:[36mupdate[0m | [1mBOS fired: BEARISH | Broken level: 5735.965 | BOS count: 2 | Trend Confirmed: True[0m
[32m14:39:54[0m | [1mINFO    [0m | [36mbackend.strategies.core.market_structure[0m:[36mupdate[0m | [1mBOS fired: BEARISH | Broken level: 5735.965 | BOS count: 3 | Trend Confirmed: True[0m
[32m14:39:54[0m | [1mINFO    [0m | [36mbackend.strategies.core.market_structure[0m:[36mupdate[0m | [1mBOS fired: BEARISH | Broken level: 5735.965 | BOS count: 4 | Trend Confirmed: True[0m
[32m14:39:54[0m | [1mINFO    [0m | [36mbackend.strategies.core.market_structure[0m:[36mupdate[0m | [1mBOS fired: BEARISH | Broken level: 5735.965 | BOS count: 5 | Trend Confirmed: True[0m
[32m14:39:54[0m | [1mINFO    [0m | [36mbackend.strategies.core.market_structure[0m:[36mupdate[0m | [1mBOS fired: BEARISH | Broken level: 5735.965 | BOS count: 6 | Trend Confirmed: True[0m
[32m14:39:54[0m | [1mINFO    [0m | [36mbackend.strategies.core.market_structure[0m:[36mupdate[0m | [1mBOS fired: BEARISH | Broken level: 5735.965 | BOS count: 7 | Trend Confirmed: True[0m
[32m14:39:54[0m | [1mINFO    [0m | [36mbackend.strategies.core.market_structure[0m:[36mupdate[0m | [1mBOS fired: BEARISH | Broken level: 5735.965 | BOS count: 8 | Trend Confirmed: True[0m
[32m14:39:54[0m | [1mINFO    [0m | [36mbackend.strategies.core.market_structure[0m:[36mupdate[0m | [1mBOS fired: BEARISH | Broken level: 5735.965 | BOS count: 9 | Trend Confirmed: True[0m
[32m14:39:54[0m | [1mINFO    [0m | [36mbackend.strategies.core.market_structure[0m:[36mupdate[0m | [1mBOS fired: BEARISH | Broken level: 5723.507 | BOS count: 10 | Trend Confirmed: True[0m
[32m14:39:54[0m | [1mINFO    [0m | [36mbackend.strategies.core.market_structure[0m:[36mupdate[0m | [1mBOS fired: BEARISH | Broken level: 5723.507 | BOS count: 11 | Trend Confirmed: True[0m
[32m14:39:54[0m | [1mINFO    [0m | [36mbackend.strategies.core.market_structure[0m:[36mupdate[0m | [1mBOS fired: BEARISH | Broken level: 5723.507 | BOS count: 12 | Trend Confirmed: True[0m
[32m14:39:54[0m | [1mINFO    [0m | [36mbackend.strategies.core.market_structure[0m:[36mupdate[0m | [1mBOS fired: BEARISH | Broken level: 5723.507 | BOS count: 13 | Trend Confirmed: True[0m
[32m14:39:54[0m | [1mINFO    [0m | [36mbackend.strategies.core.market_structure[0m:[36mupdate[0m | [1mBOS fired: BEARISH | Broken level: 5723.507 | BOS count: 14 | Trend Confirmed: True[0m
[32m14:39:54[0m | [1mINFO    [0m | [36mbackend.strategies.core.market_structure[0m:[36mupdate[0m | [1mChoCH fired: BULLISH | Broken level: 5744.773 | BOS count: 1[0m
[32m14:39:54[0m | [1mINFO    [0m | [36mbackend.strategies.core.market_structure[0m:[36mupdate[0m | [1mBOS fired: BULLISH | Broken level: 5749.145 | BOS count: 2 | Trend Confirmed: True[0m
[32m14:39:54[0m | [1mINFO    [0m | [36mbackend.strategies.core.market_structure[0m:[36mupdate[0m | [1mBOS fired: BULLISH | Broken level: 5749.145 | BOS count: 3 | Trend Confirmed: True[0m
[32m14:39:54[0m | [1mINFO    [0m | [36mbackend.strategies.core.market_structure[0m:[36mupdate[0m | [1mChoCH fired: BEARISH | Broken level: 5736.397 | BOS count: 1[0m
[32m14:39:54[0m | [1mINFO    [0m | [36mbackend.strategies.core.market_structure[0m:[36mupdate[0m | [1mBOS fired: BEARISH | Broken level: 5736.397 | BOS count: 2 | Trend Confirmed: True[0m
[32m14:39:54[0m | [1mINFO    [0m | [36mbackend.strategies.core.market_structure[0m:[36mupdate[0m | [1mBOS fired: BEARISH | Broken level: 5736.397 | BOS count: 3 | Trend Confirmed: True[0m
[32m14:39:54[0m | [1mINFO    [0m | [36mbackend.strategies.core.market_structure[0m:[36mupdate[0m | [1mBOS fired: BEARISH | Broken level: 5736.397 | BOS count: 4 | Trend Confirmed: True[0m
[32m14:39:54[0m | [1mINFO    [0m | [36mbackend.strategies.core.market_structure[0m:[36mupdate[0m | [1mBOS fired: BEARISH | Broken level: 5736.397 | BOS count: 5 | Trend Confirmed: True[0m
[32m14:39:54[0m | [1mINFO    [0m | [36mbackend.strategies.core.market_structure[0m:[36mupdate[0m | [1mChoCH fired: BULLISH | Broken level: 5752.016 | BOS count: 1[0m
[32m14:39:55[0m | [1mINFO    [0m | [36mbackend.strategies.core.market_structure[0m:[36mupdate[0m | [1mBOS fired: BULLISH | Broken level: 5752.016 | BOS count: 2 | Trend Confirmed: True[0m
[32m14:39:55[0m | [1mINFO    [0m | [36mbackend.strategies.core.market_structure[0m:[36mupdate[0m | [1mBOS fired: BULLISH | Broken level: 5752.016 | BOS count: 3 | Trend Confirmed: True[0m
[32m14:39:55[0m | [1mINFO    [0m | [36mbackend.strategies.core.market_structure[0m:[36mupdate[0m | [1mBOS fired: BULLISH | Broken level: 5752.016 | BOS count: 4 | Trend Confirmed: True[0m
[32m14:39:55[0m | [1mINFO    [0m | [36mbackend.strategies.core.market_structure[0m:[36mupdate[0m | [1mBOS fired: BULLISH | Broken level: 5752.016 | BOS count: 5 | Trend Confirmed: True[0m
[32m14:39:55[0m | [1mINFO    [0m | [36mbackend.strategies.core.market_structure[0m:[36mupdate[0m | [1mBOS fired: BULLISH | Broken level: 5752.016 | BOS count: 6 | Trend Confirmed: True[0m
[32m14:39:55[0m | [1mINFO    [0m | [36mbackend.strategies.core.market_structure[0m:[36mupdate[0m | [1mBOS fired: BULLISH | Broken level: 5752.016 | BOS count: 7 | Trend Confirmed: True[0m
[32m14:39:55[0m | [1mINFO    [0m | [36mbackend.strategies.core.market_structure[0m:[36mupdate[0m | [1mBOS fired: BULLISH | Broken level: 5752.016 | BOS count: 8 | Trend Confirmed: True[0m
[32m14:39:55[0m | [1mINFO    [0m | [36mbackend.strategies.core.market_structure[0m:[36mupdate[0m | [1mBOS fired: BULLISH | Broken level: 5752.016 | BOS count: 9 | Trend Confirmed: True[0m
[32m14:39:55[0m | [1mINFO    [0m | [36mbackend.strategies.core.market_structure[0m:[36mupdate[0m | [1mBOS fired: BULLISH | Broken level: 5752.016 | BOS count: 10 | Trend Confirmed: True[0m
[32m14:39:55[0m | [1mINFO    [0m | [36mbackend.strategies.core.market_structure[0m:[36mupdate[0m | [1mBOS fired: BULLISH | Broken level: 5752.016 | BOS count: 11 | Trend Confirmed: True[0m
[32m14:39:55[0m | [1mINFO    [0m | [36mbackend.strategies.core.market_structure[0m:[36mupdate[0m | [1mBOS fired: BULLISH | Broken level: 5752.016 | BOS count: 12 | Trend Confirmed: True[0m
[32m14:39:55[0m | [1mINFO    [0m | [36mbackend.strategies.core.market_structure[0m:[36mupdate[0m | [1mBOS fired: BULLISH | Broken level: 5752.016 | BOS count: 13 | Trend Confirmed: True[0m
[32m14:39:55[0m | [1mINFO    [0m | [36mbackend.strategies.core.market_structure[0m:[36mupdate[0m | [1mBOS fired: BULLISH | Broken level: 5752.016 | BOS count: 14 | Trend Confirmed: True[0m
[32m14:39:55[0m | [1mINFO    [0m | [36mbackend.strategies.core.market_structure[0m:[36mupdate[0m | [1mBOS fired: BULLISH | Broken level: 5752.016 | BOS count: 15 | Trend Confirmed: True[0m
[32m14:39:55[0m | [1mINFO    [0m | [36mbackend.strategies.core.market_structure[0m:[36mupdate[0m | [1mBOS fired: BULLISH | Broken level: 5752.016 | BOS count: 16 | Trend Confirmed: True[0m
[32m14:39:55[0m | [1mINFO    [0m | [36mbackend.strategies.core.market_structure[0m:[36mupdate[0m | [1mBOS fired: BULLISH | Broken level: 5752.016 | BOS count: 17 | Trend Confirmed: True[0m
[32m14:39:55[0m | [1mINFO    [0m | [36mbackend.strategies.core.market_structure[0m:[36mupdate[0m | [1mBOS fired: BULLISH | Broken level: 5752.016 | BOS count: 18 | Trend Confirmed: True[0m
[32m14:39:55[0m | [1mINFO    [0m | [36mbackend.strategies.core.market_structure[0m:[36mupdate[0m | [1mBOS fired: BULLISH | Broken level: 5752.016 | BOS count: 19 | Trend Confirmed: True[0m
[32m14:39:55[0m | [1mINFO    [0m | [36mbackend.strategies.core.market_structure[0m:[36mupdate[0m | [1mBOS fired: BULLISH | Broken level: 5752.016 | BOS count: 20 | Trend Confirmed: True[0m
[32m14:39:55[0m | [1mINFO    [0m | [36mbackend.strategies.core.market_structure[0m:[36mupdate[0m | [1mBOS fired: BULLISH | Broken level: 5752.016 | BOS count: 21 | Trend Confirmed: True[0m
[32m14:39:55[0m | [1mINFO    [0m | [36mbackend.strategies.core.market_structure[0m:[36mupdate[0m | [1mBOS fired: BULLISH | Broken level: 5752.016 | BOS count: 22 | Trend Confirmed: True[0m
[32m14:39:55[0m | [1mINFO    [0m | [36mbackend.strategies.core.market_structure[0m:[36mupdate[0m | [1mBOS fired: BULLISH | Broken level: 5778.79 | BOS count: 23 | Trend Confirmed: True[0m
[32m14:39:55[0m | [1mINFO    [0m | [36mbackend.strategies.core.market_structure[0m:[36mupdate[0m | [1mBOS fired: BULLISH | Broken level: 5750.103 | BOS count: 24 | Trend Confirmed: True[0m
[32m14:39:55[0m | [1mINFO    [0m | [36mbackend.strategies.core.market_structure[0m:[36mupdate[0m | [1mBOS fired: BULLISH | Broken level: 5750.103 | BOS count: 25 | Trend Confirmed: True[0m
[32m14:39:55[0m | [1mINFO    [0m | [36mbackend.strategies.core.market_structure[0m:[36mupdate[0m | [1mBOS fired: BULLISH | Broken level: 5750.103 | BOS count: 26 | Trend Confirmed: True[0m
[32m14:39:55[0m | [1mINFO    [0m | [36mbackend.strategies.core.market_structure[0m:[36mupdate[0m | [1mBOS fired: BULLISH | Broken level: 5750.103 | BOS count: 27 | Trend Confirmed: True[0m
[32m14:39:55[0m | [1mINFO    [0m | [36mbackend.strategies.core.market_structure[0m:[36mupdate[0m | [1mBOS fired: BULLISH | Broken level: 5750.103 | BOS count: 28 | Trend Confirmed: True[0m
[32m14:39:55[0m | [1mINFO    [0m | [36mbackend.strategies.core.market_structure[0m:[36mupdate[0m | [1mBOS fired: BULLISH | Broken level: 5750.103 | BOS count: 29 | Trend Confirmed: True[0m
[32m14:39:55[0m | [1mINFO    [0m | [36mbackend.strategies.core.market_structure[0m:[36mupdate[0m | [1mBOS fired: BULLISH | Broken level: 5750.103 | BOS count: 30 | Trend Confirmed: True[0m
[32m14:39:55[0m | [1mINFO    [0m | [36mbackend.strategies.core.market_structure[0m:[36mupdate[0m | [1mBOS fired: BULLISH | Broken level: 5750.103 | BOS count: 31 | Trend Confirmed: True[0m
[32m14:39:55[0m | [1mINFO    [0m | [36mbackend.strategies.core.market_structure[0m:[36mupdate[0m | [1mBOS fired: BULLISH | Broken level: 5750.103 | BOS count: 32 | Trend Confirmed: True[0m
[32m14:39:55[0m | [1mINFO    [0m | [36mbackend.strategies.core.market_structure[0m:[36mupdate[0m | [1mBOS fired: BULLISH | Broken level: 5750.103 | BOS count: 33 | Trend Confirmed: True[0m
[32m14:39:55[0m | [1mINFO    [0m | [36mbackend.strategies.core.market_structure[0m:[36mupdate[0m | [1mBOS fired: BULLISH | Broken level: 5750.103 | BOS count: 34 | Trend Confirmed: True[0m
[32m14:39:55[0m | [1mINFO    [0m | [36mbackend.strategies.core.market_structure[0m:[36mupdate[0m | [1mBOS fired: BULLISH | Broken level: 5750.103 | BOS count: 35 | Trend Confirmed: True[0m
[32m14:39:55[0m | [1mINFO    [0m | [36mbackend.strategies.core.market_structure[0m:[36mupdate[0m | [1mBOS fired: BULLISH | Broken level: 5750.103 | BOS count: 36 | Trend Confirmed: True[0m
[32m14:39:55[0m | [1mINFO    [0m | [36mbackend.strategies.core.market_structure[0m:[36mupdate[0m | [1mBOS fired: BULLISH | Broken level: 5768.398 | BOS count: 37 | Trend Confirmed: True[0m
[32m14:39:55[0m | [1mINFO    [0m | [36mbackend.strategies.core.market_structure[0m:[36mupdate[0m | [1mBOS fired: BULLISH | Broken level: 5768.398 | BOS count: 38 | Trend Confirmed: True[0m
[32m14:39:55[0m | [1mINFO    [0m | [36mbackend.strategies.core.market_structure[0m:[36mupdate[0m | [1mBOS fired: BULLISH | Broken level: 5768.398 | BOS count: 39 | Trend Confirmed: True[0m
[32m14:39:55[0m | [1mINFO    [0m | [36mbackend.strategies.core.market_structure[0m:[36mupdate[0m | [1mBOS fired: BULLISH | Broken level: 5768.398 | BOS count: 40 | Trend Confirmed: True[0m
[32m14:39:55[0m | [1mINFO    [0m | [36mbackend.strategies.core.market_structure[0m:[36mupdate[0m | [1mBOS fired: BULLISH | Broken level: 5768.398 | BOS count: 41 | Trend Confirmed: True[0m
[32m14:39:56[0m | [1mINFO    [0m | [36mbackend.strategies.core.market_structure[0m:[36mupdate[0m | [1mBOS fired: BULLISH | Broken level: 5766.3 | BOS count: 42 | Trend Confirmed: True[0m
[32m14:39:56[0m | [1mINFO    [0m | [36mbackend.strategies.core.market_structure[0m:[36mupdate[0m | [1mBOS fired: BULLISH | Broken level: 5766.3 | BOS count: 43 | Trend Confirmed: True[0m
[32m14:39:56[0m | [1mINFO    [0m | [36mbackend.strategies.core.market_structure[0m:[36mupdate[0m | [1mChoCH fired: BEARISH | Broken level: 5761.531 | BOS count: 1[0m
[32m14:39:56[0m | [1mINFO    [0m | [36mbackend.strategies.core.market_structure[0m:[36mupdate[0m | [1mBOS fired: BEARISH | Broken level: 5761.531 | BOS count: 2 | Trend Confirmed: True[0m
[32m14:39:56[0m | [1mINFO    [0m | [36mbackend.strategies.core.market_structure[0m:[36mupdate[0m | [1mBOS fired: BEARISH | Broken level: 5761.531 | BOS count: 3 | Trend Confirmed: True[0m
[32m14:39:56[0m | [1mINFO    [0m | [36mbackend.strategies.core.market_structure[0m:[36mupdate[0m | [1mBOS fired: BEARISH | Broken level: 5761.531 | BOS count: 4 | Trend Confirmed: True[0m
[32m14:39:56[0m | [1mINFO    [0m | [36mbackend.strategies.core.market_structure[0m:[36mupdate[0m | [1mBOS fired: BEARISH | Broken level: 5761.531 | BOS count: 5 | Trend Confirmed: True[0m
[32m14:39:56[0m | [1mINFO    [0m | [36mbackend.strategies.core.market_structure[0m:[36mupdate[0m | [1mBOS fired: BEARISH | Broken level: 5761.531 | BOS count: 6 | Trend Confirmed: True[0m
[32m14:39:56[0m | [1mINFO    [0m | [36mbackend.strategies.core.market_structure[0m:[36mupdate[0m | [1mBOS fired: BEARISH | Broken level: 5761.531 | BOS count: 7 | Trend Confirmed: True[0m
[32m14:39:56[0m | [1mINFO    [0m | [36mbackend.strategies.core.market_structure[0m:[36mupdate[0m | [1mBOS fired: BEARISH | Broken level: 5761.531 | BOS count: 8 | Trend Confirmed: True[0m
[32m14:39:56[0m | [1mINFO    [0m | [36mbackend.strategies.core.market_structure[0m:[36mupdate[0m | [1mBOS fired: BEARISH | Broken level: 5752.124 | BOS count: 9 | Trend Confirmed: True[0m
[32m14:39:56[0m | [1mINFO    [0m | [36mbackend.strategies.core.market_structure[0m:[36mupdate[0m | [1mBOS fired: BEARISH | Broken level: 5752.124 | BOS count: 10 | Trend Confirmed: True[0m
[32m14:39:56[0m | [1mINFO    [0m | [36mbackend.strategies.core.market_structure[0m:[36mupdate[0m | [1mBOS fired: BEARISH | Broken level: 5752.124 | BOS count: 11 | Trend Confirmed: True[0m
[32m14:39:56[0m | [1mINFO    [0m | [36mbackend.strategies.core.market_structure[0m:[36mupdate[0m | [1mBOS fired: BEARISH | Broken level: 5752.124 | BOS count: 12 | Trend Confirmed: True[0m
[32m14:39:56[0m | [1mINFO    [0m | [36mbackend.strategies.core.market_structure[0m:[36mupdate[0m | [1mBOS fired: BEARISH | Broken level: 5752.124 | BOS count: 13 | Trend Confirmed: True[0m
[32m14:39:56[0m | [1mINFO    [0m | [36mbackend.strategies.core.market_structure[0m:[36mupdate[0m | [1mBOS fired: BEARISH | Broken level: 5752.124 | BOS count: 14 | Trend Confirmed: True[0m
[32m14:39:56[0m | [1mINFO    [0m | [36mbackend.strategies.core.market_structure[0m:[36mupdate[0m | [1mChoCH fired: BULLISH | Broken level: 5761.354 | BOS count: 1[0m
[32m14:39:56[0m | [1mINFO    [0m | [36mbackend.strategies.core.market_structure[0m:[36mupdate[0m | [1mBOS fired: BULLISH | Broken level: 5761.354 | BOS count: 2 | Trend Confirmed: True[0m
[32m14:39:56[0m | [1mINFO    [0m | [36mbackend.strategies.core.market_structure[0m:[36mupdate[0m | [1mBOS fired: BULLISH | Broken level: 5761.354 | BOS count: 3 | Trend Confirmed: True[0m
[32m14:39:56[0m | [1mINFO    [0m | [36mbackend.strategies.core.market_structure[0m:[36mupdate[0m | [1mBOS fired: BULLISH | Broken level: 5761.354 | BOS count: 4 | Trend Confirmed: True[0m
[32m14:39:56[0m | [1mINFO    [0m | [36mbackend.strategies.core.market_structure[0m:[36mupdate[0m | [1mBOS fired: BULLISH | Broken level: 5761.354 | BOS count: 5 | Trend Confirmed: True[0m
[32m14:39:56[0m | [1mINFO    [0m | [36mbackend.strategies.core.market_structure[0m:[36mupdate[0m | [1mBOS fired: BULLISH | Broken level: 5761.354 | BOS count: 6 | Trend Confirmed: True[0m
[32m14:39:56[0m | [1mINFO    [0m | [36mbackend.strategies.core.market_structure[0m:[36mupdate[0m | [1mBOS fired: BULLISH | Broken level: 5761.354 | BOS count: 7 | Trend Confirmed: True[0m
[32m14:39:56[0m | [1mINFO    [0m | [36mbackend.strategies.core.market_structure[0m:[36mupdate[0m | [1mBOS fired: BULLISH | Broken level: 5761.354 | BOS count: 8 | Trend Confirmed: True[0m
[32m14:39:56[0m | [1mINFO    [0m | [36mbackend.strategies.core.market_structure[0m:[36mupdate[0m | [1mBOS fired: BULLISH | Broken level: 5761.354 | BOS count: 9 | Trend Confirmed: True[0m
[32m14:39:56[0m | [1mINFO    [0m | [36mbackend.strategies.core.market_structure[0m:[36mupdate[0m | [1mBOS fired: BULLISH | Broken level: 5761.354 | BOS count: 10 | Trend Confirmed: True[0m
[32m14:39:56[0m | [1mINFO    [0m | [36mbackend.strategies.core.market_structure[0m:[36mupdate[0m | [1mBOS fired: BULLISH | Broken level: 5761.354 | BOS count: 11 | Trend Confirmed: True[0m
[32m14:39:56[0m | [1mINFO    [0m | [36mbackend.strategies.core.market_structure[0m:[36mupdate[0m | [1mBOS fired: BULLISH | Broken level: 5772.443 | BOS count: 12 | Trend Confirmed: True[0m
[32m14:39:57[0m | [1mINFO    [0m | [36mbackend.strategies.core.market_structure[0m:[36mupdate[0m | [1mChoCH fired: BEARISH | Broken level: 5622.584 | BOS count: 1[0m
[32m14:39:57[0m | [1mINFO    [0m | [36mbackend.strategies.core.market_structure[0m:[36mupdate[0m | [1mBOS fired: BEARISH | Broken level: 5622.584 | BOS count: 2 | Trend Confirmed: True[0m
[32m14:39:57[0m | [1mINFO    [0m | [36mbackend.strategies.core.market_structure[0m:[36mupdate[0m | [1mBOS fired: BEARISH | Broken level: 5622.584 | BOS count: 3 | Trend Confirmed: True[0m
[32m14:39:57[0m | [1mINFO    [0m | [36mbackend.strategies.core.market_structure[0m:[36mupdate[0m | [1mBOS fired: BEARISH | Broken level: 5622.584 | BOS count: 4 | Trend Confirmed: True[0m
[32m14:39:57[0m | [1mINFO    [0m | [36mbackend.strategies.core.market_structure[0m:[36mupdate[0m | [1mBOS fired: BEARISH | Broken level: 5622.584 | BOS count: 5 | Trend Confirmed: True[0m
[32m14:39:57[0m | [1mINFO    [0m | [36mbackend.strategies.core.market_structure[0m:[36mupdate[0m | [1mBOS fired: BEARISH | Broken level: 5622.584 | BOS count: 6 | Trend Confirmed: True[0m
[32m14:39:57[0m | [1mINFO    [0m | [36mbackend.strategies.core.market_structure[0m:[36mupdate[0m | [1mBOS fired: BEARISH | Broken level: 5622.584 | BOS count: 7 | Trend Confirmed: True[0m
[32m14:39:57[0m | [1mINFO    [0m | [36mbackend.strategies.core.market_structure[0m:[36mupdate[0m | [1mBOS fired: BEARISH | Broken level: 5622.584 | BOS count: 8 | Trend Confirmed: True[0m
[32m14:39:57[0m | [1mINFO    [0m | [36mbackend.strategies.core.market_structure[0m:[36mupdate[0m | [1mBOS fired: BEARISH | Broken level: 5607.871 | BOS count: 9 | Trend Confirmed: True[0m
[32m14:39:58[0m | [1mINFO    [0m | [36mbackend.strategies.core.market_structure[0m:[36mupdate[0m | [1mBOS fired: BEARISH | Broken level: 5617.848 | BOS count: 10 | Trend Confirmed: True[0m
[32m14:39:58[0m | [1mINFO    [0m | [36mbackend.strategies.core.market_structure[0m:[36mupdate[0m | [1mBOS fired: BEARISH | Broken level: 5617.848 | BOS count: 11 | Trend Confirmed: True[0m
[32m14:39:58[0m | [1mINFO    [0m | [36mbackend.strategies.core.market_structure[0m:[36mupdate[0m | [1mBOS fired: BEARISH | Broken level: 5617.848 | BOS count: 12 | Trend Confirmed: True[0m
[32m14:39:58[0m | [1mINFO    [0m | [36mbackend.strategies.core.market_structure[0m:[36mupdate[0m | [1mBOS fired: BEARISH | Broken level: 5617.848 | BOS count: 13 | Trend Confirmed: True[0m
[32m14:39:58[0m | [1mINFO    [0m | [36mbackend.strategies.core.market_structure[0m:[36mupdate[0m | [1mBOS fired: BEARISH | Broken level: 5617.848 | BOS count: 14 | Trend Confirmed: True[0m
[32m14:39:58[0m | [1mINFO    [0m | [36mbackend.strategies.core.market_structure[0m:[36mupdate[0m | [1mBOS fired: BEARISH | Broken level: 5617.848 | BOS count: 15 | Trend Confirmed: True[0m
[32m14:39:58[0m | [1mINFO    [0m | [36mbackend.strategies.core.market_structure[0m:[36mupdate[0m | [1mBOS fired: BEARISH | Broken level: 5617.848 | BOS count: 16 | Trend Confirmed: True[0m
[32m14:39:58[0m | [1mINFO    [0m | [36mbackend.strategies.core.market_structure[0m:[36mupdate[0m | [1mBOS fired: BEARISH | Broken level: 5617.848 | BOS count: 17 | Trend Confirmed: True[0m
[32m14:39:58[0m | [1mINFO    [0m | [36mbackend.strategies.core.market_structure[0m:[36mupdate[0m | [1mBOS fired: BEARISH | Broken level: 5617.848 | BOS count: 18 | Trend Confirmed: True[0m
[32m14:39:58[0m | [1mINFO    [0m | [36mbackend.strategies.core.market_structure[0m:[36mupdate[0m | [1mBOS fired: BEARISH | Broken level: 5595.022 | BOS count: 19 | Trend Confirmed: True[0m
[32m14:39:58[0m | [1mINFO    [0m | [36mbackend.strategies.core.market_structure[0m:[36mupdate[0m | [1mBOS fired: BEARISH | Broken level: 5595.022 | BOS count: 20 | Trend Confirmed: True[0m
[32m14:39:58[0m | [1mINFO    [0m | [36mbackend.strategies.core.market_structure[0m:[36mupdate[0m | [1mBOS fired: BEARISH | Broken level: 5595.022 | BOS count: 21 | Trend Confirmed: True[0m
[32m14:39:58[0m | [1mINFO    [0m | [36mbackend.strategies.core.market_structure[0m:[36mupdate[0m | [1mBOS fired: BEARISH | Broken level: 5595.022 | BOS count: 22 | Trend Confirmed: True[0m
[32m14:39:58[0m | [1mINFO    [0m | [36mbackend.strategies.core.market_structure[0m:[36mupdate[0m | [1mBOS fired: BEARISH | Broken level: 5595.022 | BOS count: 23 | Trend Confirmed: True[0m
[32m14:39:58[0m | [1mINFO    [0m | [36mbackend.strategies.core.market_structure[0m:[36mupdate[0m | [1mBOS fired: BEARISH | Broken level: 5595.022 | BOS count: 24 | Trend Confirmed: True[0m
[32m14:39:58[0m | [1mINFO    [0m | [36mbackend.strategies.core.market_structure[0m:[36mupdate[0m | [1mBOS fired: BEARISH | Broken level: 5595.022 | BOS count: 25 | Trend Confirmed: True[0m
[32m14:39:58[0m | [1mINFO    [0m | [36mbackend.strategies.core.market_structure[0m:[36mupdate[0m | [1mBOS fired: BEARISH | Broken level: 5583.127 | BOS count: 26 | Trend Confirmed: True[0m
[32m14:39:58[0m | [1mINFO    [0m | [36mbackend.strategies.core.market_structure[0m:[36mupdate[0m | [1mBOS fired: BEARISH | Broken level: 5583.127 | BOS count: 27 | Trend Confirmed: True[0m
[32m14:39:58[0m | [1mINFO    [0m | [36mbackend.strategies.core.market_structure[0m:[36mupdate[0m | [1mBOS fired: BEARISH | Broken level: 5583.127 | BOS count: 28 | Trend Confirmed: True[0m
[32m14:39:58[0m | [1mINFO    [0m | [36mbackend.strategies.core.market_structure[0m:[36mupdate[0m | [1mBOS fired: BEARISH | Broken level: 5583.127 | BOS count: 29 | Trend Confirmed: True[0m
[32m14:39:58[0m | [1mINFO    [0m | [36mbackend.strategies.core.market_structure[0m:[36mupdate[0m | [1mBOS fired: BEARISH | Broken level: 5583.127 | BOS count: 30 | Trend Confirmed: True[0m
[32m14:39:58[0m | [1mINFO    [0m | [36mbackend.strategies.core.market_structure[0m:[36mupdate[0m | [1mBOS fired: BEARISH | Broken level: 5583.127 | BOS count: 31 | Trend Confirmed: True[0m
[32m14:39:58[0m | [1mINFO    [0m | [36mbackend.strategies.core.market_structure[0m:[36mupdate[0m | [1mBOS fired: BEARISH | Broken level: 5583.127 | BOS count: 32 | Trend Confirmed: True[0m
[32m14:39:58[0m | [1mINFO    [0m | [36mbackend.strategies.core.market_structure[0m:[36mupdate[0m | [1mBOS fired: BEARISH | Broken level: 5583.127 | BOS count: 33 | Trend Confirmed: True[0m
[32m14:39:58[0m | [1mINFO    [0m | [36mbackend.strategies.core.market_structure[0m:[36mupdate[0m | [1mBOS fired: BEARISH | Broken level: 5566.778 | BOS count: 34 | Trend Confirmed: True[0m
[32m14:39:58[0m | [1mINFO    [0m | [36mbackend.strategies.core.market_structure[0m:[36mupdate[0m | [1mChoCH fired: BULLISH | Broken level: 5576.823 | BOS count: 1[0m
[32m14:39:58[0m | [1mINFO    [0m | [36mbackend.strategies.core.market_structure[0m:[36mupdate[0m | [1mBOS fired: BULLISH | Broken level: 5576.823 | BOS count: 2 | Trend Confirmed: True[0m
[32m14:39:58[0m | [1mINFO    [0m | [36mbackend.strategies.core.market_structure[0m:[36mupdate[0m | [1mBOS fired: BULLISH | Broken level: 5576.823 | BOS count: 3 | Trend Confirmed: True[0m
[32m14:39:58[0m | [1mINFO    [0m | [36mbackend.strategies.core.market_structure[0m:[36mupdate[0m | [1mBOS fired: BULLISH | Broken level: 5576.823 | BOS count: 4 | Trend Confirmed: True[0m
[32m14:39:58[0m | [1mINFO    [0m | [36mbackend.strategies.core.market_structure[0m:[36mupdate[0m | [1mBOS fired: BULLISH | Broken level: 5576.823 | BOS count: 5 | Trend Confirmed: True[0m
[32m14:39:58[0m | [1mINFO    [0m | [36mbackend.strategies.core.market_structure[0m:[36mupdate[0m | [1mBOS fired: BULLISH | Broken level: 5576.823 | BOS count: 6 | Trend Confirmed: True[0m
[32m14:39:58[0m | [1mINFO    [0m | [36mbackend.strategies.core.market_structure[0m:[36mupdate[0m | [1mBOS fired: BULLISH | Broken level: 5576.823 | BOS count: 7 | Trend Confirmed: True[0m
[32m14:39:58[0m | [1mINFO    [0m | [36mbackend.strategies.core.market_structure[0m:[36mupdate[0m | [1mBOS fired: BULLISH | Broken level: 5576.823 | BOS count: 8 | Trend Confirmed: True[0m
[32m14:39:58[0m | [1mINFO    [0m | [36mbackend.strategies.core.market_structure[0m:[36mupdate[0m | [1mBOS fired: BULLISH | Broken level: 5576.823 | BOS count: 9 | Trend Confirmed: True[0m
[32m14:39:58[0m | [1mINFO    [0m | [36mbackend.strategies.core.market_structure[0m:[36mupdate[0m | [1mBOS fired: BULLISH | Broken level: 5576.823 | BOS count: 10 | Trend Confirmed: True[0m
[32m14:39:59[0m | [1mINFO    [0m | [36mbackend.strategies.core.market_structure[0m:[36mupdate[0m | [1mBOS fired: BULLISH | Broken level: 5650.145 | BOS count: 11 | Trend Confirmed: True[0m
[32m14:39:59[0m | [1mINFO    [0m | [36mbackend.strategies.core.market_structure[0m:[36mupdate[0m | [1mChoCH fired: BEARISH | Broken level: 5724.675 | BOS count: 1[0m
[32m14:39:59[0m | [1mINFO    [0m | [36mbackend.strategies.core.market_structure[0m:[36mupdate[0m | [1mBOS fired: BEARISH | Broken level: 5724.675 | BOS count: 2 | Trend Confirmed: True[0m
[32m14:39:59[0m | [1mINFO    [0m | [36mbackend.strategies.core.market_structure[0m:[36mupdate[0m | [1mBOS fired: BEARISH | Broken level: 5724.675 | BOS count: 3 | Trend Confirmed: True[0m
[32m14:39:59[0m | [1mINFO    [0m | [36mbackend.strategies.core.market_structure[0m:[36mupdate[0m | [1mBOS fired: BEARISH | Broken level: 5724.675 | BOS count: 4 | Trend Confirmed: True[0m
[32m14:39:59[0m | [1mINFO    [0m | [36mbackend.strategies.core.market_structure[0m:[36mupdate[0m | [1mBOS fired: BEARISH | Broken level: 5724.675 | BOS count: 5 | Trend Confirmed: True[0m
[32m14:39:59[0m | [1mINFO    [0m | [36mbackend.strategies.core.market_structure[0m:[36mupdate[0m | [1mBOS fired: BEARISH | Broken level: 5724.675 | BOS count: 6 | Trend Confirmed: True[0m
[32m14:39:59[0m | [1mINFO    [0m | [36mbackend.strategies.core.market_structure[0m:[36mupdate[0m | [1mBOS fired: BEARISH | Broken level: 5724.675 | BOS count: 7 | Trend Confirmed: True[0m
[32m14:39:59[0m | [1mINFO    [0m | [36mbackend.strategies.core.market_structure[0m:[36mupdate[0m | [1mBOS fired: BEARISH | Broken level: 5724.675 | BOS count: 8 | Trend Confirmed: True[0m
[32m14:39:59[0m | [1mINFO    [0m | [36mbackend.strategies.core.market_structure[0m:[36mupdate[0m | [1mBOS fired: BEARISH | Broken level: 5724.675 | BOS count: 9 | Trend Confirmed: True[0m
[32m14:39:59[0m | [1mINFO    [0m | [36mbackend.strategies.core.market_structure[0m:[36mupdate[0m | [1mBOS fired: BEARISH | Broken level: 5724.675 | BOS count: 10 | Trend Confirmed: True[0m
[32m14:39:59[0m | [1mINFO    [0m | [36mbackend.strategies.core.market_structure[0m:[36mupdate[0m | [1mBOS fired: BEARISH | Broken level: 5724.675 | BOS count: 11 | Trend Confirmed: True[0m
[32m14:39:59[0m | [1mINFO    [0m | [36mbackend.strategies.core.market_structure[0m:[36mupdate[0m | [1mBOS fired: BEARISH | Broken level: 5724.675 | BOS count: 12 | Trend Confirmed: True[0m
[32m14:39:59[0m | [1mINFO    [0m | [36mbackend.strategies.core.market_structure[0m:[36mupdate[0m | [1mBOS fired: BEARISH | Broken level: 5724.675 | BOS count: 13 | Trend Confirmed: True[0m
[32m14:39:59[0m | [1mINFO    [0m | [36mbackend.strategies.core.market_structure[0m:[36mupdate[0m | [1mBOS fired: BEARISH | Broken level: 5724.675 | BOS count: 14 | Trend Confirmed: True[0m
[32m14:39:59[0m | [1mINFO    [0m | [36mbackend.strategies.core.market_structure[0m:[36mupdate[0m | [1mBOS fired: BEARISH | Broken level: 5724.675 | BOS count: 15 | Trend Confirmed: True[0m
[32m14:39:59[0m | [1mINFO    [0m | [36mbackend.strategies.core.market_structure[0m:[36mupdate[0m | [1mBOS fired: BEARISH | Broken level: 5724.675 | BOS count: 16 | Trend Confirmed: True[0m
[32m14:39:59[0m | [1mINFO    [0m | [36mbackend.strategies.core.market_structure[0m:[36mupdate[0m | [1mBOS fired: BEARISH | Broken level: 5724.675 | BOS count: 17 | Trend Confirmed: True[0m
[32m14:40:00[0m | [1mINFO    [0m | [36mbackend.strategies.core.market_structure[0m:[36mupdate[0m | [1mBOS fired: BEARISH | Broken level: 5715.586 | BOS count: 18 | Trend Confirmed: True[0m
[32m14:40:00[0m | [1mINFO    [0m | [36mbackend.strategies.core.market_structure[0m:[36mupdate[0m | [1mBOS fired: BEARISH | Broken level: 5715.586 | BOS count: 19 | Trend Confirmed: True[0m
[32m14:40:00[0m | [1mINFO    [0m | [36mbackend.strategies.core.market_structure[0m:[36mupdate[0m | [1mBOS fired: BEARISH | Broken level: 5791.366 | BOS count: 20 | Trend Confirmed: True[0m
[32m14:40:00[0m | [1mINFO    [0m | [36mbackend.strategies.core.market_structure[0m:[36mupdate[0m | [1mBOS fired: BEARISH | Broken level: 5791.366 | BOS count: 21 | Trend Confirmed: True[0m
[32m14:40:00[0m | [1mINFO    [0m | [36mbackend.strategies.core.market_structure[0m:[36mupdate[0m | [1mBOS fired: BEARISH | Broken level: 5784.049 | BOS count: 22 | Trend Confirmed: True[0m
[32m14:40:00[0m | [1mINFO    [0m | [36mbackend.strategies.core.market_structure[0m:[36mupdate[0m | [1mBOS fired: BEARISH | Broken level: 5784.049 | BOS count: 23 | Trend Confirmed: True[0m
[32m14:40:00[0m | [1mINFO    [0m | [36mbackend.strategies.core.market_structure[0m:[36mupdate[0m | [1mBOS fired: BEARISH | Broken level: 5784.049 | BOS count: 24 | Trend Confirmed: True[0m
[32m14:40:00[0m | [1mINFO    [0m | [36mbackend.strategies.core.market_structure[0m:[36mupdate[0m | [1mBOS fired: BEARISH | Broken level: 5767.912 | BOS count: 25 | Trend Confirmed: True[0m
[32m14:40:00[0m | [1mINFO    [0m | [36mbackend.strategies.core.market_structure[0m:[36mupdate[0m | [1mBOS fired: BEARISH | Broken level: 5767.912 | BOS count: 26 | Trend Confirmed: True[0m
[32m14:40:00[0m | [1mINFO    [0m | [36mbackend.strategies.core.market_structure[0m:[36mupdate[0m | [1mBOS fired: BEARISH | Broken level: 5767.912 | BOS count: 27 | Trend Confirmed: True[0m
[32m14:40:00[0m | [1mINFO    [0m | [36mbackend.strategies.core.market_structure[0m:[36mupdate[0m | [1mBOS fired: BEARISH | Broken level: 5767.912 | BOS count: 28 | Trend Confirmed: True[0m
[32m14:40:00[0m | [1mINFO    [0m | [36mbackend.strategies.core.market_structure[0m:[36mupdate[0m | [1mBOS fired: BEARISH | Broken level: 5767.912 | BOS count: 29 | Trend Confirmed: True[0m
[32m14:40:00[0m | [1mINFO    [0m | [36mbackend.strategies.core.market_structure[0m:[36mupdate[0m | [1mBOS fired: BEARISH | Broken level: 5767.912 | BOS count: 30 | Trend Confirmed: True[0m
[32m14:40:00[0m | [1mINFO    [0m | [36mbackend.strategies.core.market_structure[0m:[36mupdate[0m | [1mBOS fired: BEARISH | Broken level: 5767.912 | BOS count: 31 | Trend Confirmed: True[0m
[32m14:40:00[0m | [1mINFO    [0m | [36mbackend.strategies.core.market_structure[0m:[36mupdate[0m | [1mBOS fired: BEARISH | Broken level: 5767.912 | BOS count: 32 | Trend Confirmed: True[0m
[32m14:40:00[0m | [1mINFO    [0m | [36mbackend.strategies.core.market_structure[0m:[36mupdate[0m | [1mBOS fired: BEARISH | Broken level: 5767.912 | BOS count: 33 | Trend Confirmed: True[0m
[32m14:40:00[0m | [1mINFO    [0m | [36mbackend.strategies.core.market_structure[0m:[36mupdate[0m | [1mBOS fired: BEARISH | Broken level: 5765.963 | BOS count: 34 | Trend Confirmed: True[0m
[32m14:40:00[0m | [1mINFO    [0m | [36mbackend.strategies.core.market_structure[0m:[36mupdate[0m | [1mBOS fired: BEARISH | Broken level: 5765.963 | BOS count: 35 | Trend Confirmed: True[0m
[32m14:40:00[0m | [1mINFO    [0m | [36mbackend.strategies.core.market_structure[0m:[36mupdate[0m | [1mBOS fired: BEARISH | Broken level: 5765.963 | BOS count: 36 | Trend Confirmed: True[0m
[32m14:40:00[0m | [1mINFO    [0m | [36mbackend.strategies.core.market_structure[0m:[36mupdate[0m | [1mBOS fired: BEARISH | Broken level: 5765.963 | BOS count: 37 | Trend Confirmed: True[0m
[32m14:40:00[0m | [1mINFO    [0m | [36mbackend.strategies.core.market_structure[0m:[36mupdate[0m | [1mBOS fired: BEARISH | Broken level: 5765.963 | BOS count: 38 | Trend Confirmed: True[0m
[32m14:40:00[0m | [1mINFO    [0m | [36mbackend.strategies.core.market_structure[0m:[36mupdate[0m | [1mBOS fired: BEARISH | Broken level: 5765.963 | BOS count: 39 | Trend Confirmed: True[0m
[32m14:40:00[0m | [1mINFO    [0m | [36mbackend.strategies.core.market_structure[0m:[36mupdate[0m | [1mBOS fired: BEARISH | Broken level: 5765.963 | BOS count: 40 | Trend Confirmed: True[0m
[32m14:40:00[0m | [1mINFO    [0m | [36mbackend.strategies.core.market_structure[0m:[36mupdate[0m | [1mBOS fired: BEARISH | Broken level: 5765.963 | BOS count: 41 | Trend Confirmed: True[0m
[32m14:40:00[0m | [1mINFO    [0m | [36mbackend.strategies.core.market_structure[0m:[36mupdate[0m | [1mBOS fired: BEARISH | Broken level: 5765.963 | BOS count: 42 | Trend Confirmed: True[0m
[32m14:40:00[0m | [1mINFO    [0m | [36mbackend.strategies.core.market_structure[0m:[36mupdate[0m | [1mBOS fired: BEARISH | Broken level: 5765.963 | BOS count: 43 | Trend Confirmed: True[0m
[32m14:40:00[0m | [1mINFO    [0m | [36mbackend.strategies.core.market_structure[0m:[36mupdate[0m | [1mBOS fired: BEARISH | Broken level: 5765.963 | BOS count: 44 | Trend Confirmed: True[0m
[32m14:40:00[0m | [1mINFO    [0m | [36mbackend.strategies.core.market_structure[0m:[36mupdate[0m | [1mBOS fired: BEARISH | Broken level: 5765.963 | BOS count: 45 | Trend Confirmed: True[0m
[32m14:40:00[0m | [1mINFO    [0m | [36mbackend.strategies.core.market_structure[0m:[36mupdate[0m | [1mBOS fired: BEARISH | Broken level: 5765.963 | BOS count: 46 | Trend Confirmed: True[0m
[32m14:40:00[0m | [1mINFO    [0m | [36mbackend.strategies.core.market_structure[0m:[36mupdate[0m | [1mBOS fired: BEARISH | Broken level: 5765.963 | BOS count: 47 | Trend Confirmed: True[0m
[32m14:40:00[0m | [1mINFO    [0m | [36mbackend.strategies.core.market_structure[0m:[36mupdate[0m | [1mBOS fired: BEARISH | Broken level: 5765.963 | BOS count: 48 | Trend Confirmed: True[0m
[32m14:40:00[0m | [1mINFO    [0m | [36mbackend.strategies.core.market_structure[0m:[36mupdate[0m | [1mBOS fired: BEARISH | Broken level: 5765.963 | BOS count: 49 | Trend Confirmed: True[0m
[32m14:40:00[0m | [1mINFO    [0m | [36mbackend.strategies.core.market_structure[0m:[36mupdate[0m | [1mBOS fired: BEARISH | Broken level: 5765.963 | BOS count: 50 | Trend Confirmed: True[0m
[32m14:40:00[0m | [1mINFO    [0m | [36mbackend.strategies.core.market_structure[0m:[36mupdate[0m | [1mBOS fired: BEARISH | Broken level: 5765.963 | BOS count: 51 | Trend Confirmed: True[0m
[32m14:40:00[0m | [1mINFO    [0m | [36mbackend.strategies.core.market_structure[0m:[36mupdate[0m | [1mBOS fired: BEARISH | Broken level: 5765.963 | BOS count: 52 | Trend Confirmed: True[0m
[32m14:40:00[0m | [1mINFO    [0m | [36mbackend.strategies.core.market_structure[0m:[36mupdate[0m | [1mBOS fired: BEARISH | Broken level: 5765.963 | BOS count: 53 | Trend Confirmed: True[0m
[32m14:40:00[0m | [1mINFO    [0m | [36mbackend.strategies.core.market_structure[0m:[36mupdate[0m | [1mBOS fired: BEARISH | Broken level: 5719.076 | BOS count: 54 | Trend Confirmed: True[0m
[32m14:40:00[0m | [1mINFO    [0m | [36mbackend.strategies.core.market_structure[0m:[36mupdate[0m | [1mBOS fired: BEARISH | Broken level: 5719.076 | BOS count: 55 | Trend Confirmed: True[0m
[32m14:40:00[0m | [1mINFO    [0m | [36mbackend.strategies.core.market_structure[0m:[36mupdate[0m | [1mBOS fired: BEARISH | Broken level: 5719.076 | BOS count: 56 | Trend Confirmed: True[0m
[32m14:40:00[0m | [1mINFO    [0m | [36mbackend.strategies.core.market_structure[0m:[36mupdate[0m | [1mBOS fired: BEARISH | Broken level: 5716.75 | BOS count: 57 | Trend Confirmed: True[0m
[32m14:40:00[0m | [1mINFO    [0m | [36mbackend.strategies.core.market_structure[0m:[36mupdate[0m | [1mBOS fired: BEARISH | Broken level: 5716.75 | BOS count: 58 | Trend Confirmed: True[0m
[32m14:40:00[0m | [1mINFO    [0m | [36mbackend.strategies.core.market_structure[0m:[36mupdate[0m | [1mBOS fired: BEARISH | Broken level: 5716.75 | BOS count: 59 | Trend Confirmed: True[0m
[32m14:40:00[0m | [1mINFO    [0m | [36mbackend.strategies.core.market_structure[0m:[36mupdate[0m | [1mBOS fired: BEARISH | Broken level: 5716.75 | BOS count: 60 | Trend Confirmed: True[0m
[32m14:40:00[0m | [1mINFO    [0m | [36mbackend.strategies.core.market_structure[0m:[36mupdate[0m | [1mBOS fired: BEARISH | Broken level: 5716.75 | BOS count: 61 | Trend Confirmed: True[0m
[32m14:40:01[0m | [1mINFO    [0m | [36mbackend.strategies.core.market_structure[0m:[36mupdate[0m | [1mBOS fired: BEARISH | Broken level: 5716.75 | BOS count: 62 | Trend Confirmed: True[0m
[32m14:40:01[0m | [1mINFO    [0m | [36mbackend.strategies.core.market_structure[0m:[36mupdate[0m | [1mBOS fired: BEARISH | Broken level: 5716.75 | BOS count: 63 | Trend Confirmed: True[0m
[32m14:40:01[0m | [1mINFO    [0m | [36mbackend.strategies.core.market_structure[0m:[36mupdate[0m | [1mBOS fired: BEARISH | Broken level: 5716.75 | BOS count: 64 | Trend Confirmed: True[0m
[32m14:40:01[0m | [1mINFO    [0m | [36mbackend.strategies.core.market_structure[0m:[36mupdate[0m | [1mBOS fired: BEARISH | Broken level: 5716.75 | BOS count: 65 | Trend Confirmed: True[0m
[32m14:40:01[0m | [1mINFO    [0m | [36mbackend.strategies.core.market_structure[0m:[36mupdate[0m | [1mBOS fired: BEARISH | Broken level: 5716.75 | BOS count: 66 | Trend Confirmed: True[0m
[32m14:40:01[0m | [1mINFO    [0m | [36mbackend.strategies.core.market_structure[0m:[36mupdate[0m | [1mBOS fired: BEARISH | Broken level: 5716.75 | BOS count: 67 | Trend Confirmed: True[0m
[32m14:40:01[0m | [1mINFO    [0m | [36mbackend.strategies.core.market_structure[0m:[36mupdate[0m | [1mBOS fired: BEARISH | Broken level: 5700.143 | BOS count: 68 | Trend Confirmed: True[0m
[32m14:40:01[0m | [1mINFO    [0m | [36mbackend.strategies.core.market_structure[0m:[36mupdate[0m | [1mBOS fired: BEARISH | Broken level: 5700.143 | BOS count: 69 | Trend Confirmed: True[0m
[32m14:40:01[0m | [1mINFO    [0m | [36mbackend.strategies.core.market_structure[0m:[36mupdate[0m | [1mBOS fired: BEARISH | Broken level: 5700.143 | BOS count: 70 | Trend Confirmed: True[0m
[32m14:40:01[0m | [1mINFO    [0m | [36mbackend.strategies.core.market_structure[0m:[36mupdate[0m | [1mBOS fired: BEARISH | Broken level: 5700.143 | BOS count: 71 | Trend Confirmed: True[0m
[32m14:40:01[0m | [1mINFO    [0m | [36mbackend.strategies.core.market_structure[0m:[36mupdate[0m | [1mBOS fired: BEARISH | Broken level: 5700.143 | BOS count: 72 | Trend Confirmed: True[0m
[32m14:40:01[0m | [1mINFO    [0m | [36mbackend.strategies.core.market_structure[0m:[36mupdate[0m | [1mChoCH fired: BULLISH | Broken level: 5710.676 | BOS count: 1[0m
[32m14:40:01[0m | [1mINFO    [0m | [36mbackend.strategies.core.market_structure[0m:[36mupdate[0m | [1mBOS fired: BULLISH | Broken level: 5710.676 | BOS count: 2 | Trend Confirmed: True[0m
[32m14:40:01[0m | [1mINFO    [0m | [36mbackend.strategies.core.market_structure[0m:[36mupdate[0m | [1mBOS fired: BULLISH | Broken level: 5710.676 | BOS count: 3 | Trend Confirmed: True[0m
[32m14:40:01[0m | [1mINFO    [0m | [36mbackend.strategies.core.market_structure[0m:[36mupdate[0m | [1mBOS fired: BULLISH | Broken level: 5710.676 | BOS count: 4 | Trend Confirmed: True[0m
[32m14:40:01[0m | [1mINFO    [0m | [36mbackend.strategies.core.market_structure[0m:[36mupdate[0m | [1mBOS fired: BULLISH | Broken level: 5710.676 | BOS count: 5 | Trend Confirmed: True[0m
[32m14:40:01[0m | [1mINFO    [0m | [36mbackend.strategies.core.market_structure[0m:[36mupdate[0m | [1mBOS fired: BULLISH | Broken level: 5710.676 | BOS count: 6 | Trend Confirmed: True[0m
[32m14:40:01[0m | [1mINFO    [0m | [36mbackend.strategies.core.market_structure[0m:[36mupdate[0m | [1mBOS fired: BULLISH | Broken level: 5710.676 | BOS count: 7 | Trend Confirmed: True[0m
[32m14:40:01[0m | [1mINFO    [0m | [36mbackend.strategies.core.market_structure[0m:[36mupdate[0m | [1mBOS fired: BULLISH | Broken level: 5710.676 | BOS count: 8 | Trend Confirmed: True[0m
[32m14:40:01[0m | [1mINFO    [0m | [36mbackend.strategies.core.market_structure[0m:[36mupdate[0m | [1mBOS fired: BULLISH | Broken level: 5710.676 | BOS count: 9 | Trend Confirmed: True[0m
[32m14:40:01[0m | [1mINFO    [0m | [36mbackend.strategies.core.market_structure[0m:[36mupdate[0m | [1mBOS fired: BULLISH | Broken level: 5710.676 | BOS count: 10 | Trend Confirmed: True[0m
[32m14:40:01[0m | [1mINFO    [0m | [36mbackend.strategies.core.market_structure[0m:[36mupdate[0m | [1mBOS fired: BULLISH | Broken level: 5710.676 | BOS count: 11 | Trend Confirmed: True[0m
[32m14:40:01[0m | [1mINFO    [0m | [36mbackend.strategies.core.market_structure[0m:[36mupdate[0m | [1mBOS fired: BULLISH | Broken level: 5710.676 | BOS count: 12 | Trend Confirmed: True[0m
[32m14:40:01[0m | [1mINFO    [0m | [36mbackend.strategies.core.market_structure[0m:[36mupdate[0m | [1mBOS fired: BULLISH | Broken level: 5710.676 | BOS count: 13 | Trend Confirmed: True[0m
[32m14:40:01[0m | [1mINFO    [0m | [36mbackend.strategies.core.market_structure[0m:[36mupdate[0m | [1mBOS fired: BULLISH | Broken level: 5710.676 | BOS count: 14 | Trend Confirmed: True[0m
[32m14:40:01[0m | [1mINFO    [0m | [36mbackend.strategies.core.market_structure[0m:[36mupdate[0m | [1mBOS fired: BULLISH | Broken level: 5726.542 | BOS count: 15 | Trend Confirmed: True[0m
[32m14:40:01[0m | [1mINFO    [0m | [36mbackend.strategies.core.market_structure[0m:[36mupdate[0m | [1mBOS fired: BULLISH | Broken level: 5726.542 | BOS count: 16 | Trend Confirmed: True[0m
[32m14:40:01[0m | [1mINFO    [0m | [36mbackend.strategies.core.market_structure[0m:[36mupdate[0m | [1mBOS fired: BULLISH | Broken level: 5726.542 | BOS count: 17 | Trend Confirmed: True[0m
[32m14:40:01[0m | [1mINFO    [0m | [36mbackend.strategies.core.market_structure[0m:[36mupdate[0m | [1mBOS fired: BULLISH | Broken level: 5726.542 | BOS count: 18 | Trend Confirmed: True[0m
[32m14:40:01[0m | [1mINFO    [0m | [36mbackend.strategies.core.market_structure[0m:[36mupdate[0m | [1mBOS fired: BULLISH | Broken level: 5726.542 | BOS count: 19 | Trend Confirmed: True[0m
[32m14:40:01[0m | [1mINFO    [0m | [36mbackend.strategies.core.market_structure[0m:[36mupdate[0m | [1mBOS fired: BULLISH | Broken level: 5726.542 | BOS count: 20 | Trend Confirmed: True[0m
[32m14:40:01[0m | [1mINFO    [0m | [36mbackend.strategies.core.market_structure[0m:[36mupdate[0m | [1mBOS fired: BULLISH | Broken level: 5726.542 | BOS count: 21 | Trend Confirmed: True[0m
[32m14:40:01[0m | [1mINFO    [0m | [36mbackend.strategies.core.market_structure[0m:[36mupdate[0m | [1mBOS fired: BULLISH | Broken level: 5726.542 | BOS count: 22 | Trend Confirmed: True[0m
[32m14:40:01[0m | [1mINFO    [0m | [36mbackend.strategies.core.market_structure[0m:[36mupdate[0m | [1mBOS fired: BULLISH | Broken level: 5726.542 | BOS count: 23 | Trend Confirmed: True[0m
[32m14:40:01[0m | [1mINFO    [0m | [36mbackend.strategies.core.market_structure[0m:[36mupdate[0m | [1mBOS fired: BULLISH | Broken level: 5726.542 | BOS count: 24 | Trend Confirmed: True[0m
[32m14:40:01[0m | [1mINFO    [0m | [36mbackend.strategies.core.market_structure[0m:[36mupdate[0m | [1mBOS fired: BULLISH | Broken level: 5726.542 | BOS count: 25 | Trend Confirmed: True[0m
[32m14:40:01[0m | [1mINFO    [0m | [36mbackend.strategies.core.market_structure[0m:[36mupdate[0m | [1mBOS fired: BULLISH | Broken level: 5726.542 | BOS count: 26 | Trend Confirmed: True[0m
[32m14:40:01[0m | [1mINFO    [0m | [36mbackend.strategies.core.market_structure[0m:[36mupdate[0m | [1mBOS fired: BULLISH | Broken level: 5737.927 | BOS count: 27 | Trend Confirmed: True[0m
[32m14:40:01[0m | [1mINFO    [0m | [36mbackend.strategies.core.market_structure[0m:[36mupdate[0m | [1mBOS fired: BULLISH | Broken level: 5737.927 | BOS count: 28 | Trend Confirmed: True[0m
[32m14:40:01[0m | [1mINFO    [0m | [36mbackend.strategies.core.market_structure[0m:[36mupdate[0m | [1mBOS fired: BULLISH | Broken level: 5737.927 | BOS count: 29 | Trend Confirmed: True[0m
[32m14:40:01[0m | [1mINFO    [0m | [36mbackend.strategies.core.market_structure[0m:[36mupdate[0m | [1mBOS fired: BULLISH | Broken level: 5737.927 | BOS count: 30 | Trend Confirmed: True[0m
[32m14:40:01[0m | [1mINFO    [0m | [36mbackend.strategies.core.market_structure[0m:[36mupdate[0m | [1mBOS fired: BULLISH | Broken level: 5737.927 | BOS count: 31 | Trend Confirmed: True[0m
[32m14:40:01[0m | [1mINFO    [0m | [36mbackend.strategies.core.market_structure[0m:[36mupdate[0m | [1mBOS fired: BULLISH | Broken level: 5737.927 | BOS count: 32 | Trend Confirmed: True[0m
[32m14:40:01[0m | [1mINFO    [0m | [36mbackend.strategies.core.market_structure[0m:[36mupdate[0m | [1mBOS fired: BULLISH | Broken level: 5737.927 | BOS count: 33 | Trend Confirmed: True[0m
[32m14:40:01[0m | [1mINFO    [0m | [36mbackend.strategies.core.market_structure[0m:[36mupdate[0m | [1mBOS fired: BULLISH | Broken level: 5737.927 | BOS count: 34 | Trend Confirmed: True[0m
[32m14:40:01[0m | [1mINFO    [0m | [36mbackend.strategies.core.market_structure[0m:[36mupdate[0m | [1mBOS fired: BULLISH | Broken level: 5737.927 | BOS count: 35 | Trend Confirmed: True[0m
[32m14:40:01[0m | [1mINFO    [0m | [36mbackend.strategies.core.market_structure[0m:[36mupdate[0m | [1mBOS fired: BULLISH | Broken level: 5737.927 | BOS count: 36 | Trend Confirmed: True[0m
[32m14:40:01[0m | [1mINFO    [0m | [36mbackend.strategies.core.market_structure[0m:[36mupdate[0m | [1mBOS fired: BULLISH | Broken level: 5737.927 | BOS count: 37 | Trend Confirmed: True[0m
[32m14:40:01[0m | [1mINFO    [0m | [36mbackend.strategies.core.market_structure[0m:[36mupdate[0m | [1mBOS fired: BULLISH | Broken level: 5737.927 | BOS count: 38 | Trend Confirmed: True[0m
[32m14:40:01[0m | [1mINFO    [0m | [36mbackend.strategies.core.market_structure[0m:[36mupdate[0m | [1mBOS fired: BULLISH | Broken level: 5737.927 | BOS count: 39 | Trend Confirmed: True[0m
[32m14:40:01[0m | [1mINFO    [0m | [36mbackend.strategies.core.market_structure[0m:[36mupdate[0m | [1mBOS fired: BULLISH | Broken level: 5737.927 | BOS count: 40 | Trend Confirmed: True[0m
[32m14:40:01[0m | [1mINFO    [0m | [36mbackend.strategies.core.market_structure[0m:[36mupdate[0m | [1mBOS fired: BULLISH | Broken level: 5737.927 | BOS count: 41 | Trend Confirmed: True[0m
[32m14:40:02[0m | [1mINFO    [0m | [36mbackend.strategies.core.market_structure[0m:[36mupdate[0m | [1mBOS fired: BULLISH | Broken level: 5732.652 | BOS count: 42 | Trend Confirmed: True[0m
[32m14:40:02[0m | [1mINFO    [0m | [36mbackend.strategies.core.market_structure[0m:[36mupdate[0m | [1mBOS fired: BULLISH | Broken level: 5732.652 | BOS count: 43 | Trend Confirmed: True[0m
[32m14:40:02[0m | [1mINFO    [0m | [36mbackend.strategies.core.market_structure[0m:[36mupdate[0m | [1mBOS fired: BULLISH | Broken level: 5732.652 | BOS count: 44 | Trend Confirmed: True[0m
[32m14:40:02[0m | [1mINFO    [0m | [36mbackend.strategies.core.market_structure[0m:[36mupdate[0m | [1mBOS fired: BULLISH | Broken level: 5732.652 | BOS count: 45 | Trend Confirmed: True[0m
[32m14:40:02[0m | [1mINFO    [0m | [36mbackend.strategies.core.market_structure[0m:[36mupdate[0m | [1mBOS fired: BULLISH | Broken level: 5732.652 | BOS count: 46 | Trend Confirmed: True[0m
[32m14:40:02[0m | [1mINFO    [0m | [36mbackend.strategies.core.market_structure[0m:[36mupdate[0m | [1mBOS fired: BULLISH | Broken level: 5783.09 | BOS count: 47 | Trend Confirmed: True[0m
[32m14:40:02[0m | [1mINFO    [0m | [36mbackend.strategies.core.market_structure[0m:[36mupdate[0m | [1mBOS fired: BULLISH | Broken level: 5783.09 | BOS count: 48 | Trend Confirmed: True[0m
[32m14:40:02[0m | [1mINFO    [0m | [36mbackend.strategies.core.market_structure[0m:[36mupdate[0m | [1mBOS fired: BULLISH | Broken level: 5783.09 | BOS count: 49 | Trend Confirmed: True[0m
[32m14:40:02[0m | [1mINFO    [0m | [36mbackend.strategies.core.market_structure[0m:[36mupdate[0m | [1mBOS fired: BULLISH | Broken level: 5783.09 | BOS count: 50 | Trend Confirmed: True[0m
[32m14:40:02[0m | [1mINFO    [0m | [36mbackend.strategies.core.market_structure[0m:[36mupdate[0m | [1mBOS fired: BULLISH | Broken level: 5783.09 | BOS count: 51 | Trend Confirmed: True[0m
[32m14:40:02[0m | [1mINFO    [0m | [36mbackend.strategies.core.market_structure[0m:[36mupdate[0m | [1mBOS fired: BULLISH | Broken level: 5783.09 | BOS count: 52 | Trend Confirmed: True[0m
[32m14:40:02[0m | [1mINFO    [0m | [36mbackend.strategies.core.market_structure[0m:[36mupdate[0m | [1mBOS fired: BULLISH | Broken level: 5783.09 | BOS count: 53 | Trend Confirmed: True[0m
[32m14:40:02[0m | [1mINFO    [0m | [36mbackend.strategies.core.market_structure[0m:[36mupdate[0m | [1mBOS fired: BULLISH | Broken level: 5783.09 | BOS count: 54 | Trend Confirmed: True[0m
[32m14:40:02[0m | [1mINFO    [0m | [36mbackend.strategies.core.market_structure[0m:[36mupdate[0m | [1mBOS fired: BULLISH | Broken level: 5783.09 | BOS count: 55 | Trend Confirmed: True[0m
[32m14:40:02[0m | [1mINFO    [0m | [36mbackend.strategies.core.market_structure[0m:[36mupdate[0m | [1mBOS fired: BULLISH | Broken level: 5783.09 | BOS count: 56 | Trend Confirmed: True[0m
[32m14:40:02[0m | [1mINFO    [0m | [36mbackend.strategies.core.market_structure[0m:[36mupdate[0m | [1mBOS fired: BULLISH | Broken level: 5791.023 | BOS count: 57 | Trend Confirmed: True[0m
[32m14:40:02[0m | [1mINFO    [0m | [36mbackend.strategies.core.market_structure[0m:[36mupdate[0m | [1mBOS fired: BULLISH | Broken level: 5791.023 | BOS count: 58 | Trend Confirmed: True[0m
[32m14:40:02[0m | [1mINFO    [0m | [36mbackend.strategies.core.market_structure[0m:[36mupdate[0m | [1mBOS fired: BULLISH | Broken level: 5791.023 | BOS count: 59 | Trend Confirmed: True[0m
[32m14:40:02[0m | [1mINFO    [0m | [36mbackend.strategies.core.market_structure[0m:[36mupdate[0m | [1mBOS fired: BULLISH | Broken level: 5791.023 | BOS count: 60 | Trend Confirmed: True[0m
[32m14:40:02[0m | [1mINFO    [0m | [36mbackend.strategies.core.market_structure[0m:[36mupdate[0m | [1mBOS fired: BULLISH | Broken level: 5791.023 | BOS count: 61 | Trend Confirmed: True[0m
[32m14:40:02[0m | [1mINFO    [0m | [36mbackend.strategies.core.market_structure[0m:[36mupdate[0m | [1mBOS fired: BULLISH | Broken level: 5791.023 | BOS count: 62 | Trend Confirmed: True[0m
[32m14:40:02[0m | [1mINFO    [0m | [36mbackend.strategies.core.market_structure[0m:[36mupdate[0m | [1mBOS fired: BULLISH | Broken level: 5791.023 | BOS count: 63 | Trend Confirmed: True[0m
[32m14:40:02[0m | [1mINFO    [0m | [36mbackend.strategies.core.market_structure[0m:[36mupdate[0m | [1mBOS fired: BULLISH | Broken level: 5758.009 | BOS count: 64 | Trend Confirmed: True[0m
[32m14:40:02[0m | [1mINFO    [0m | [36mbackend.strategies.core.market_structure[0m:[36mupdate[0m | [1mBOS fired: BULLISH | Broken level: 5758.009 | BOS count: 65 | Trend Confirmed: True[0m
[32m14:40:02[0m | [1mINFO    [0m | [36mbackend.strategies.core.market_structure[0m:[36mupdate[0m | [1mBOS fired: BULLISH | Broken level: 5758.009 | BOS count: 66 | Trend Confirmed: True[0m
[32m14:40:02[0m | [1mINFO    [0m | [36mbackend.strategies.core.market_structure[0m:[36mupdate[0m | [1mBOS fired: BULLISH | Broken level: 5758.009 | BOS count: 67 | Trend Confirmed: True[0m
[32m14:40:02[0m | [1mINFO    [0m | [36mbackend.strategies.core.market_structure[0m:[36mupdate[0m | [1mChoCH fired: BEARISH | Broken level: 5745.598 | BOS count: 1[0m
[32m14:40:02[0m | [1mINFO    [0m | [36mbackend.strategies.core.market_structure[0m:[36mupdate[0m | [1mBOS fired: BEARISH | Broken level: 5745.598 | BOS count: 2 | Trend Confirmed: True[0m
[32m14:40:02[0m | [1mINFO    [0m | [36mbackend.strategies.core.market_structure[0m:[36mupdate[0m | [1mBOS fired: BEARISH | Broken level: 5745.598 | BOS count: 3 | Trend Confirmed: True[0m
[32m14:40:02[0m | [1mINFO    [0m | [36mbackend.strategies.core.market_structure[0m:[36mupdate[0m | [1mBOS fired: BEARISH | Broken level: 5745.598 | BOS count: 4 | Trend Confirmed: True[0m
[32m14:40:02[0m | [1mINFO    [0m | [36mbackend.strategies.core.market_structure[0m:[36mupdate[0m | [1mBOS fired: BEARISH | Broken level: 5745.598 | BOS count: 5 | Trend Confirmed: True[0m
[32m14:40:02[0m | [1mINFO    [0m | [36mbackend.strategies.core.market_structure[0m:[36mupdate[0m | [1mBOS fired: BEARISH | Broken level: 5745.598 | BOS count: 6 | Trend Confirmed: True[0m
[32m14:40:02[0m | [1mINFO    [0m | [36mbackend.strategies.core.market_structure[0m:[36mupdate[0m | [1mBOS fired: BEARISH | Broken level: 5735.519 | BOS count: 7 | Trend Confirmed: True[0m
[32m14:40:03[0m | [1mINFO    [0m | [36mbackend.strategies.core.market_structure[0m:[36mupdate[0m | [1mChoCH fired: BULLISH | Broken level: 5762.434 | BOS count: 1[0m
[32m14:40:03[0m | [1mINFO    [0m | [36mbackend.strategies.core.market_structure[0m:[36mupdate[0m | [1mBOS fired: BULLISH | Broken level: 5762.434 | BOS count: 2 | Trend Confirmed: True[0m
[32m14:40:03[0m | [1mINFO    [0m | [36mbackend.strategies.core.market_structure[0m:[36mupdate[0m | [1mBOS fired: BULLISH | Broken level: 5762.434 | BOS count: 3 | Trend Confirmed: True[0m
[32m14:40:03[0m | [1mINFO    [0m | [36mbackend.strategies.core.market_structure[0m:[36mupdate[0m | [1mBOS fired: BULLISH | Broken level: 5762.434 | BOS count: 4 | Trend Confirmed: True[0m
[32m14:40:03[0m | [1mINFO    [0m | [36mbackend.strategies.core.market_structure[0m:[36mupdate[0m | [1mBOS fired: BULLISH | Broken level: 5762.434 | BOS count: 5 | Trend Confirmed: True[0m
[32m14:40:03[0m | [1mINFO    [0m | [36mbackend.strategies.core.market_structure[0m:[36mupdate[0m | [1mBOS fired: BULLISH | Broken level: 5762.434 | BOS count: 6 | Trend Confirmed: True[0m
[32m14:40:03[0m | [1mINFO    [0m | [36mbackend.strategies.core.market_structure[0m:[36mupdate[0m | [1mBOS fired: BULLISH | Broken level: 5762.434 | BOS count: 7 | Trend Confirmed: True[0m
[32m14:40:03[0m | [1mINFO    [0m | [36mbackend.strategies.core.market_structure[0m:[36mupdate[0m | [1mBOS fired: BULLISH | Broken level: 5762.434 | BOS count: 8 | Trend Confirmed: True[0m
[32m14:40:03[0m | [1mINFO    [0m | [36mbackend.strategies.core.market_structure[0m:[36mupdate[0m | [1mBOS fired: BULLISH | Broken level: 5762.434 | BOS count: 9 | Trend Confirmed: True[0m
[32m14:40:03[0m | [1mINFO    [0m | [36mbackend.strategies.core.market_structure[0m:[36mupdate[0m | [1mChoCH fired: BEARISH | Broken level: 5747.801 | BOS count: 1[0m
[32m14:40:03[0m | [1mINFO    [0m | [36mbackend.strategies.core.market_structure[0m:[36mupdate[0m | [1mBOS fired: BEARISH | Broken level: 5747.801 | BOS count: 2 | Trend Confirmed: True[0m
[32m14:40:03[0m | [1mINFO    [0m | [36mbackend.strategies.core.market_structure[0m:[36mupdate[0m | [1mBOS fired: BEARISH | Broken level: 5747.801 | BOS count: 3 | Trend Confirmed: True[0m
[32m14:40:03[0m | [1mINFO    [0m | [36mbackend.strategies.core.market_structure[0m:[36mupdate[0m | [1mBOS fired: BEARISH | Broken level: 5747.801 | BOS count: 4 | Trend Confirmed: True[0m
[32m14:40:03[0m | [1mINFO    [0m | [36mbackend.strategies.core.market_structure[0m:[36mupdate[0m | [1mBOS fired: BEARISH | Broken level: 5747.801 | BOS count: 5 | Trend Confirmed: True[0m
[32m14:40:03[0m | [1mINFO    [0m | [36mbackend.strategies.core.market_structure[0m:[36mupdate[0m | [1mChoCH fired: BULLISH | Broken level: 5759.346 | BOS count: 1[0m
[32m14:40:03[0m | [1mINFO    [0m | [36mbackend.strategies.core.market_structure[0m:[36mupdate[0m | [1mChoCH fired: BEARISH | Broken level: 5745.814 | BOS count: 1[0m
[32m14:40:03[0m | [1mINFO    [0m | [36mbackend.strategies.core.market_structure[0m:[36mupdate[0m | [1mBOS fired: BEARISH | Broken level: 5745.814 | BOS count: 2 | Trend Confirmed: True[0m
[32m14:40:03[0m | [1mINFO    [0m | [36mbackend.strategies.core.market_structure[0m:[36mupdate[0m | [1mBOS fired: BEARISH | Broken level: 5745.814 | BOS count: 3 | Trend Confirmed: True[0m
[32m14:40:03[0m | [1mINFO    [0m | [36mbackend.strategies.core.market_structure[0m:[36mupdate[0m | [1mBOS fired: BEARISH | Broken level: 5745.814 | BOS count: 4 | Trend Confirmed: True[0m
[32m14:40:04[0m | [1mINFO    [0m | [36mbackend.strategies.core.market_structure[0m:[36mupdate[0m | [1mBOS fired: BEARISH | Broken level: 5745.814 | BOS count: 5 | Trend Confirmed: True[0m
[32m14:40:04[0m | [1mINFO    [0m | [36mbackend.strategies.core.market_structure[0m:[36mupdate[0m | [1mBOS fired: BEARISH | Broken level: 5745.814 | BOS count: 6 | Trend Confirmed: True[0m
[32m14:40:04[0m | [1mINFO    [0m | [36mbackend.strategies.core.market_structure[0m:[36mupdate[0m | [1mBOS fired: BEARISH | Broken level: 5745.814 | BOS count: 7 | Trend Confirmed: True[0m
[32m14:40:04[0m | [1mINFO    [0m | [36mbackend.strategies.core.market_structure[0m:[36mupdate[0m | [1mBOS fired: BEARISH | Broken level: 5745.814 | BOS count: 8 | Trend Confirmed: True[0m
[32m14:40:04[0m | [1mINFO    [0m | [36mbackend.strategies.core.market_structure[0m:[36mupdate[0m | [1mBOS fired: BEARISH | Broken level: 5745.814 | BOS count: 9 | Trend Confirmed: True[0m
[32m14:40:04[0m | [1mINFO    [0m | [36mbackend.strategies.core.market_structure[0m:[36mupdate[0m | [1mBOS fired: BEARISH | Broken level: 5745.814 | BOS count: 10 | Trend Confirmed: True[0m
[32m14:40:04[0m | [1mINFO    [0m | [36mbackend.strategies.core.market_structure[0m:[36mupdate[0m | [1mBOS fired: BEARISH | Broken level: 5745.814 | BOS count: 11 | Trend Confirmed: True[0m
[32m14:40:04[0m | [1mINFO    [0m | [36mbackend.strategies.core.market_structure[0m:[36mupdate[0m | [1mBOS fired: BEARISH | Broken level: 5745.814 | BOS count: 12 | Trend Confirmed: True[0m
[32m14:40:04[0m | [1mINFO    [0m | [36mbackend.strategies.core.market_structure[0m:[36mupdate[0m | [1mBOS fired: BEARISH | Broken level: 5745.814 | BOS count: 13 | Trend Confirmed: True[0m
[32m14:40:04[0m | [1mINFO    [0m | [36mbackend.strategies.core.market_structure[0m:[36mupdate[0m | [1mBOS fired: BEARISH | Broken level: 5745.814 | BOS count: 14 | Trend Confirmed: True[0m
[32m14:40:04[0m | [1mINFO    [0m | [36mbackend.strategies.core.market_structure[0m:[36mupdate[0m | [1mBOS fired: BEARISH | Broken level: 5745.814 | BOS count: 15 | Trend Confirmed: True[0m
[32m14:40:04[0m | [1mINFO    [0m | [36mbackend.strategies.core.market_structure[0m:[36mupdate[0m | [1mBOS fired: BEARISH | Broken level: 5745.814 | BOS count: 16 | Trend Confirmed: True[0m
[32m14:40:04[0m | [1mINFO    [0m | [36mbackend.strategies.core.market_structure[0m:[36mupdate[0m | [1mBOS fired: BEARISH | Broken level: 5745.814 | BOS count: 17 | Trend Confirmed: True[0m
[32m14:40:04[0m | [1mINFO    [0m | [36mbackend.strategies.core.market_structure[0m:[36mupdate[0m | [1mBOS fired: BEARISH | Broken level: 5745.814 | BOS count: 18 | Trend Confirmed: True[0m
[32m14:40:04[0m | [1mINFO    [0m | [36mbackend.strategies.core.market_structure[0m:[36mupdate[0m | [1mBOS fired: BEARISH | Broken level: 5745.814 | BOS count: 19 | Trend Confirmed: True[0m
[32m14:40:04[0m | [1mINFO    [0m | [36mbackend.strategies.core.market_structure[0m:[36mupdate[0m | [1mBOS fired: BEARISH | Broken level: 5745.814 | BOS count: 20 | Trend Confirmed: True[0m
[32m14:40:04[0m | [1mINFO    [0m | [36mbackend.strategies.core.market_structure[0m:[36mupdate[0m | [1mBOS fired: BEARISH | Broken level: 5745.814 | BOS count: 21 | Trend Confirmed: True[0m
[32m14:40:04[0m | [1mINFO    [0m | [36mbackend.strategies.core.market_structure[0m:[36mupdate[0m | [1mChoCH fired: BULLISH | Broken level: 5732.855 | BOS count: 1[0m
[32m14:40:04[0m | [1mINFO    [0m | [36mbackend.strategies.core.market_structure[0m:[36mupdate[0m | [1mBOS fired: BULLISH | Broken level: 5732.855 | BOS count: 2 | Trend Confirmed: True[0m
[32m14:40:04[0m | [1mINFO    [0m | [36mbackend.strategies.core.market_structure[0m:[36mupdate[0m | [1mBOS fired: BULLISH | Broken level: 5732.855 | BOS count: 3 | Trend Confirmed: True[0m
[32m14:40:04[0m | [1mINFO    [0m | [36mbackend.strategies.core.market_structure[0m:[36mupdate[0m | [1mBOS fired: BULLISH | Broken level: 5732.855 | BOS count: 4 | Trend Confirmed: True[0m
[32m14:40:04[0m | [1mINFO    [0m | [36mbackend.strategies.core.market_structure[0m:[36mupdate[0m | [1mBOS fired: BULLISH | Broken level: 5732.855 | BOS count: 5 | Trend Confirmed: True[0m
[32m14:40:04[0m | [1mINFO    [0m | [36mbackend.strategies.core.market_structure[0m:[36mupdate[0m | [1mBOS fired: BULLISH | Broken level: 5732.855 | BOS count: 6 | Trend Confirmed: True[0m
[32m14:40:04[0m | [1mINFO    [0m | [36mbackend.strategies.core.market_structure[0m:[36mupdate[0m | [1mBOS fired: BULLISH | Broken level: 5732.855 | BOS count: 7 | Trend Confirmed: True[0m
[32m14:40:04[0m | [1mINFO    [0m | [36mbackend.strategies.core.market_structure[0m:[36mupdate[0m | [1mBOS fired: BULLISH | Broken level: 5732.855 | BOS count: 8 | Trend Confirmed: True[0m
[32m14:40:04[0m | [1mINFO    [0m | [36mbackend.strategies.core.market_structure[0m:[36mupdate[0m | [1mBOS fired: BULLISH | Broken level: 5732.855 | BOS count: 9 | Trend Confirmed: True[0m
[32m14:40:04[0m | [1mINFO    [0m | [36mbackend.strategies.core.market_structure[0m:[36mupdate[0m | [1mBOS fired: BULLISH | Broken level: 5732.855 | BOS count: 10 | Trend Confirmed: True[0m
[32m14:40:04[0m | [1mINFO    [0m | [36mbackend.strategies.core.market_structure[0m:[36mupdate[0m | [1mBOS fired: BULLISH | Broken level: 5732.855 | BOS count: 11 | Trend Confirmed: True[0m
[32m14:40:04[0m | [1mINFO    [0m | [36mbackend.strategies.core.market_structure[0m:[36mupdate[0m | [1mBOS fired: BULLISH | Broken level: 5732.855 | BOS count: 12 | Trend Confirmed: True[0m
[32m14:40:04[0m | [1mINFO    [0m | [36mbackend.strategies.core.market_structure[0m:[36mupdate[0m | [1mBOS fired: BULLISH | Broken level: 5732.855 | BOS count: 13 | Trend Confirmed: True[0m
[32m14:40:04[0m | [1mINFO    [0m | [36mbackend.strategies.core.market_structure[0m:[36mupdate[0m | [1mBOS fired: BULLISH | Broken level: 5732.855 | BOS count: 14 | Trend Confirmed: True[0m
[32m14:40:04[0m | [1mINFO    [0m | [36mbackend.strategies.core.market_structure[0m:[36mupdate[0m | [1mBOS fired: BULLISH | Broken level: 5744.012 | BOS count: 15 | Trend Confirmed: True[0m
[32m14:40:04[0m | [1mINFO    [0m | [36mbackend.strategies.core.market_structure[0m:[36mupdate[0m | [1mBOS fired: BULLISH | Broken level: 5744.012 | BOS count: 16 | Trend Confirmed: True[0m
[32m14:40:04[0m | [1mINFO    [0m | [36mbackend.strategies.core.market_structure[0m:[36mupdate[0m | [1mBOS fired: BULLISH | Broken level: 5744.012 | BOS count: 17 | Trend Confirmed: True[0m
[32m14:40:04[0m | [1mINFO    [0m | [36mbackend.strategies.core.market_structure[0m:[36mupdate[0m | [1mBOS fired: BULLISH | Broken level: 5744.012 | BOS count: 18 | Trend Confirmed: True[0m
[32m14:40:04[0m | [1mINFO    [0m | [36mbackend.strategies.core.market_structure[0m:[36mupdate[0m | [1mBOS fired: BULLISH | Broken level: 5690.81 | BOS count: 19 | Trend Confirmed: True[0m
[32m14:40:04[0m | [1mINFO    [0m | [36mbackend.strategies.core.market_structure[0m:[36mupdate[0m | [1mBOS fired: BULLISH | Broken level: 5690.81 | BOS count: 20 | Trend Confirmed: True[0m
[32m14:40:04[0m | [1mINFO    [0m | [36mbackend.strategies.core.market_structure[0m:[36mupdate[0m | [1mBOS fired: BULLISH | Broken level: 5690.81 | BOS count: 21 | Trend Confirmed: True[0m
[32m14:40:04[0m | [1mINFO    [0m | [36mbackend.strategies.core.market_structure[0m:[36mupdate[0m | [1mBOS fired: BULLISH | Broken level: 5690.81 | BOS count: 22 | Trend Confirmed: True[0m
[32m14:40:04[0m | [1mINFO    [0m | [36mbackend.strategies.core.market_structure[0m:[36mupdate[0m | [1mBOS fired: BULLISH | Broken level: 5690.81 | BOS count: 23 | Trend Confirmed: True[0m
[32m14:40:04[0m | [1mINFO    [0m | [36mbackend.strategies.core.market_structure[0m:[36mupdate[0m | [1mBOS fired: BULLISH | Broken level: 5690.81 | BOS count: 24 | Trend Confirmed: True[0m
[32m14:40:04[0m | [1mINFO    [0m | [36mbackend.strategies.core.market_structure[0m:[36mupdate[0m | [1mBOS fired: BULLISH | Broken level: 5690.81 | BOS count: 25 | Trend Confirmed: True[0m
[32m14:40:04[0m | [1mINFO    [0m | [36mbackend.strategies.core.market_structure[0m:[36mupdate[0m | [1mBOS fired: BULLISH | Broken level: 5690.81 | BOS count: 26 | Trend Confirmed: True[0m
[32m14:40:04[0m | [1mINFO    [0m | [36mbackend.strategies.core.market_structure[0m:[36mupdate[0m | [1mBOS fired: BULLISH | Broken level: 5690.81 | BOS count: 27 | Trend Confirmed: True[0m
[32m14:40:04[0m | [1mINFO    [0m | [36mbackend.strategies.core.market_structure[0m:[36mupdate[0m | [1mBOS fired: BULLISH | Broken level: 5690.81 | BOS count: 28 | Trend Confirmed: True[0m
[32m14:40:04[0m | [1mINFO    [0m | [36mbackend.strategies.core.market_structure[0m:[36mupdate[0m | [1mBOS fired: BULLISH | Broken level: 5690.81 | BOS count: 29 | Trend Confirmed: True[0m
[32m14:40:04[0m | [1mINFO    [0m | [36mbackend.strategies.core.market_structure[0m:[36mupdate[0m | [1mBOS fired: BULLISH | Broken level: 5690.81 | BOS count: 30 | Trend Confirmed: True[0m
[32m14:40:04[0m | [1mINFO    [0m | [36mbackend.strategies.core.market_structure[0m:[36mupdate[0m | [1mBOS fired: BULLISH | Broken level: 5690.81 | BOS count: 31 | Trend Confirmed: True[0m
[32m14:40:04[0m | [1mINFO    [0m | [36mbackend.strategies.core.market_structure[0m:[36mupdate[0m | [1mBOS fired: BULLISH | Broken level: 5690.359 | BOS count: 32 | Trend Confirmed: True[0m
[32m14:40:04[0m | [1mINFO    [0m | [36mbackend.strategies.core.market_structure[0m:[36mupdate[0m | [1mBOS fired: BULLISH | Broken level: 5690.359 | BOS count: 33 | Trend Confirmed: True[0m
[32m14:40:05[0m | [1mINFO    [0m | [36mbackend.strategies.core.market_structure[0m:[36mupdate[0m | [1mBOS fired: BULLISH | Broken level: 5690.359 | BOS count: 34 | Trend Confirmed: True[0m
[32m14:40:05[0m | [1mINFO    [0m | [36mbackend.strategies.core.market_structure[0m:[36mupdate[0m | [1mBOS fired: BULLISH | Broken level: 5690.359 | BOS count: 35 | Trend Confirmed: True[0m
[32m14:40:05[0m | [1mINFO    [0m | [36mbackend.strategies.core.market_structure[0m:[36mupdate[0m | [1mChoCH fired: BEARISH | Broken level: 5611.005 | BOS count: 1[0m
[32m14:40:05[0m | [1mINFO    [0m | [36mbackend.strategies.core.market_structure[0m:[36mupdate[0m | [1mBOS fired: BEARISH | Broken level: 5611.005 | BOS count: 2 | Trend Confirmed: True[0m
[32m14:40:05[0m | [1mINFO    [0m | [36mbackend.strategies.core.market_structure[0m:[36mupdate[0m | [1mBOS fired: BEARISH | Broken level: 5611.005 | BOS count: 3 | Trend Confirmed: True[0m
[32m14:40:05[0m | [1mINFO    [0m | [36mbackend.strategies.core.market_structure[0m:[36mupdate[0m | [1mBOS fired: BEARISH | Broken level: 5611.005 | BOS count: 4 | Trend Confirmed: True[0m
[32m14:40:05[0m | [1mINFO    [0m | [36mbackend.strategies.core.market_structure[0m:[36mupdate[0m | [1mBOS fired: BEARISH | Broken level: 5611.005 | BOS count: 5 | Trend Confirmed: True[0m
[32m14:40:05[0m | [1mINFO    [0m | [36mbackend.strategies.core.market_structure[0m:[36mupdate[0m | [1mBOS fired: BEARISH | Broken level: 5640.182 | BOS count: 6 | Trend Confirmed: True[0m
[32m14:40:05[0m | [1mINFO    [0m | [36mbackend.strategies.core.market_structure[0m:[36mupdate[0m | [1mBOS fired: BEARISH | Broken level: 5640.182 | BOS count: 7 | Trend Confirmed: True[0m
[32m14:40:05[0m | [1mINFO    [0m | [36mbackend.strategies.core.market_structure[0m:[36mupdate[0m | [1mBOS fired: BEARISH | Broken level: 5640.182 | BOS count: 8 | Trend Confirmed: True[0m
[32m14:40:05[0m | [1mINFO    [0m | [36mbackend.strategies.core.market_structure[0m:[36mupdate[0m | [1mBOS fired: BEARISH | Broken level: 5640.182 | BOS count: 9 | Trend Confirmed: True[0m
[32m14:40:05[0m | [1mINFO    [0m | [36mbackend.strategies.core.market_structure[0m:[36mupdate[0m | [1mBOS fired: BEARISH | Broken level: 5640.182 | BOS count: 10 | Trend Confirmed: True[0m
[32m14:40:05[0m | [1mINFO    [0m | [36mbackend.strategies.core.market_structure[0m:[36mupdate[0m | [1mBOS fired: BEARISH | Broken level: 5640.182 | BOS count: 11 | Trend Confirmed: True[0m
[32m14:40:05[0m | [1mINFO    [0m | [36mbackend.strategies.core.market_structure[0m:[36mupdate[0m | [1mBOS fired: BEARISH | Broken level: 5640.182 | BOS count: 12 | Trend Confirmed: True[0m
[32m14:40:05[0m | [1mINFO    [0m | [36mbackend.strategies.core.market_structure[0m:[36mupdate[0m | [1mBOS fired: BEARISH | Broken level: 5640.182 | BOS count: 13 | Trend Confirmed: True[0m
[32m14:40:05[0m | [1mINFO    [0m | [36mbackend.strategies.core.market_structure[0m:[36mupdate[0m | [1mBOS fired: BEARISH | Broken level: 5640.182 | BOS count: 14 | Trend Confirmed: True[0m
[32m14:40:05[0m | [1mINFO    [0m | [36mbackend.strategies.core.market_structure[0m:[36mupdate[0m | [1mBOS fired: BEARISH | Broken level: 5640.182 | BOS count: 15 | Trend Confirmed: True[0m
[32m14:40:05[0m | [1mINFO    [0m | [36mbackend.strategies.core.market_structure[0m:[36mupdate[0m | [1mChoCH fired: BULLISH | Broken level: 5562.719 | BOS count: 1[0m
[32m14:40:05[0m | [1mINFO    [0m | [36mbackend.strategies.core.market_structure[0m:[36mupdate[0m | [1mBOS fired: BULLISH | Broken level: 5562.719 | BOS count: 2 | Trend Confirmed: True[0m
[32m14:40:05[0m | [1mINFO    [0m | [36mbackend.strategies.core.market_structure[0m:[36mupdate[0m | [1mBOS fired: BULLISH | Broken level: 5562.719 | BOS count: 3 | Trend Confirmed: True[0m
[32m14:40:05[0m | [1mINFO    [0m | [36mbackend.strategies.core.market_structure[0m:[36mupdate[0m | [1mBOS fired: BULLISH | Broken level: 5562.719 | BOS count: 4 | Trend Confirmed: True[0m
[32m14:40:05[0m | [1mINFO    [0m | [36mbackend.strategies.core.market_structure[0m:[36mupdate[0m | [1mBOS fired: BULLISH | Broken level: 5562.719 | BOS count: 5 | Trend Confirmed: True[0m
[32m14:40:05[0m | [1mINFO    [0m | [36mbackend.strategies.core.market_structure[0m:[36mupdate[0m | [1mBOS fired: BULLISH | Broken level: 5562.719 | BOS count: 6 | Trend Confirmed: True[0m
[32m14:40:05[0m | [1mINFO    [0m | [36mbackend.strategies.core.market_structure[0m:[36mupdate[0m | [1mBOS fired: BULLISH | Broken level: 5562.719 | BOS count: 7 | Trend Confirmed: True[0m
[32m14:40:05[0m | [1mINFO    [0m | [36mbackend.strategies.core.market_structure[0m:[36mupdate[0m | [1mBOS fired: BULLISH | Broken level: 5562.719 | BOS count: 8 | Trend Confirmed: True[0m
[32m14:40:05[0m | [1mINFO    [0m | [36mbackend.strategies.core.market_structure[0m:[36mupdate[0m | [1mBOS fired: BULLISH | Broken level: 5562.719 | BOS count: 9 | Trend Confirmed: True[0m
[32m14:40:05[0m | [1mINFO    [0m | [36mbackend.strategies.core.market_structure[0m:[36mupdate[0m | [1mBOS fired: BULLISH | Broken level: 5562.719 | BOS count: 10 | Trend Confirmed: True[0m
[32m14:40:05[0m | [1mINFO    [0m | [36mbackend.strategies.core.market_structure[0m:[36mupdate[0m | [1mBOS fired: BULLISH | Broken level: 5562.719 | BOS count: 11 | Trend Confirmed: True[0m
[32m14:40:05[0m | [1mINFO    [0m | [36mbackend.strategies.core.market_structure[0m:[36mupdate[0m | [1mBOS fired: BULLISH | Broken level: 5562.719 | BOS count: 12 | Trend Confirmed: True[0m
[32m14:40:05[0m | [1mINFO    [0m | [36mbackend.strategies.core.market_structure[0m:[36mupdate[0m | [1mBOS fired: BULLISH | Broken level: 5562.719 | BOS count: 13 | Trend Confirmed: True[0m
[32m14:40:05[0m | [1mINFO    [0m | [36mbackend.strategies.core.market_structure[0m:[36mupdate[0m | [1mBOS fired: BULLISH | Broken level: 5562.719 | BOS count: 14 | Trend Confirmed: True[0m
[32m14:40:05[0m | [1mINFO    [0m | [36mbackend.strategies.core.market_structure[0m:[36mupdate[0m | [1mBOS fired: BULLISH | Broken level: 5562.719 | BOS count: 15 | Trend Confirmed: True[0m
[32m14:40:05[0m | [1mINFO    [0m | [36mbackend.strategies.core.market_structure[0m:[36mupdate[0m | [1mBOS fired: BULLISH | Broken level: 5562.719 | BOS count: 16 | Trend Confirmed: True[0m
[32m14:40:05[0m | [1mINFO    [0m | [36mbackend.strategies.core.market_structure[0m:[36mupdate[0m | [1mBOS fired: BULLISH | Broken level: 5562.719 | BOS count: 17 | Trend Confirmed: True[0m
[32m14:40:05[0m | [1mINFO    [0m | [36mbackend.strategies.core.market_structure[0m:[36mupdate[0m | [1mBOS fired: BULLISH | Broken level: 5562.719 | BOS count: 18 | Trend Confirmed: True[0m
[32m14:40:05[0m | [1mINFO    [0m | [36mbackend.strategies.core.market_structure[0m:[36mupdate[0m | [1mBOS fired: BULLISH | Broken level: 5562.719 | BOS count: 19 | Trend Confirmed: True[0m
[32m14:40:05[0m | [1mINFO    [0m | [36mbackend.strategies.core.market_structure[0m:[36mupdate[0m | [1mBOS fired: BULLISH | Broken level: 5562.719 | BOS count: 20 | Trend Confirmed: True[0m
[32m14:40:05[0m | [1mINFO    [0m | [36mbackend.strategies.core.market_structure[0m:[36mupdate[0m | [1mBOS fired: BULLISH | Broken level: 5562.719 | BOS count: 21 | Trend Confirmed: True[0m
[32m14:40:05[0m | [1mINFO    [0m | [36mbackend.strategies.core.market_structure[0m:[36mupdate[0m | [1mBOS fired: BULLISH | Broken level: 5562.719 | BOS count: 22 | Trend Confirmed: True[0m
[32m14:40:05[0m | [1mINFO    [0m | [36mbackend.strategies.core.market_structure[0m:[36mupdate[0m | [1mBOS fired: BULLISH | Broken level: 5562.719 | BOS count: 23 | Trend Confirmed: True[0m
[32m14:40:05[0m | [1mINFO    [0m | [36mbackend.strategies.core.market_structure[0m:[36mupdate[0m | [1mBOS fired: BULLISH | Broken level: 5562.719 | BOS count: 24 | Trend Confirmed: True[0m
[32m14:40:05[0m | [1mINFO    [0m | [36mbackend.strategies.core.market_structure[0m:[36mupdate[0m | [1mBOS fired: BULLISH | Broken level: 5562.719 | BOS count: 25 | Trend Confirmed: True[0m
[32m14:40:05[0m | [1mINFO    [0m | [36mbackend.strategies.core.market_structure[0m:[36mupdate[0m | [1mBOS fired: BULLISH | Broken level: 5562.719 | BOS count: 26 | Trend Confirmed: True[0m
[32m14:40:05[0m | [1mINFO    [0m | [36mbackend.strategies.core.market_structure[0m:[36mupdate[0m | [1mBOS fired: BULLISH | Broken level: 5562.719 | BOS count: 27 | Trend Confirmed: True[0m
[32m14:40:06[0m | [1mINFO    [0m | [36mbackend.strategies.core.market_structure[0m:[36mupdate[0m | [1mBOS fired: BULLISH | Broken level: 5562.719 | BOS count: 28 | Trend Confirmed: True[0m
[32m14:40:06[0m | [1mINFO    [0m | [36mbackend.strategies.core.market_structure[0m:[36mupdate[0m | [1mBOS fired: BULLISH | Broken level: 5681.041 | BOS count: 29 | Trend Confirmed: True[0m
[32m14:40:06[0m | [1mINFO    [0m | [36mbackend.strategies.core.market_structure[0m:[36mupdate[0m | [1mBOS fired: BULLISH | Broken level: 5681.041 | BOS count: 30 | Trend Confirmed: True[0m
[32m14:40:06[0m | [1mINFO    [0m | [36mbackend.strategies.core.market_structure[0m:[36mupdate[0m | [1mBOS fired: BULLISH | Broken level: 5681.041 | BOS count: 31 | Trend Confirmed: True[0m
[32m14:40:06[0m | [1mINFO    [0m | [36mbackend.strategies.core.market_structure[0m:[36mupdate[0m | [1mBOS fired: BULLISH | Broken level: 5681.041 | BOS count: 32 | Trend Confirmed: True[0m
[32m14:40:06[0m | [1mINFO    [0m | [36mbackend.strategies.core.market_structure[0m:[36mupdate[0m | [1mBOS fired: BULLISH | Broken level: 5681.041 | BOS count: 33 | Trend Confirmed: True[0m
[32m14:40:06[0m | [1mINFO    [0m | [36mbackend.strategies.core.market_structure[0m:[36mupdate[0m | [1mBOS fired: BULLISH | Broken level: 5717.806 | BOS count: 34 | Trend Confirmed: True[0m
[32m14:40:06[0m | [1mINFO    [0m | [36mbackend.strategies.core.market_structure[0m:[36mupdate[0m | [1mBOS fired: BULLISH | Broken level: 5717.806 | BOS count: 35 | Trend Confirmed: True[0m
[32m14:40:06[0m | [1mINFO    [0m | [36mbackend.strategies.core.market_structure[0m:[36mupdate[0m | [1mBOS fired: BULLISH | Broken level: 5717.806 | BOS count: 36 | Trend Confirmed: True[0m
[32m14:40:06[0m | [1mINFO    [0m | [36mbackend.strategies.core.market_structure[0m:[36mupdate[0m | [1mBOS fired: BULLISH | Broken level: 5717.806 | BOS count: 37 | Trend Confirmed: True[0m
[32m14:40:06[0m | [1mINFO    [0m | [36mbackend.strategies.core.market_structure[0m:[36mupdate[0m | [1mBOS fired: BULLISH | Broken level: 5717.806 | BOS count: 38 | Trend Confirmed: True[0m
[32m14:40:06[0m | [1mINFO    [0m | [36mbackend.strategies.core.market_structure[0m:[36mupdate[0m | [1mBOS fired: BULLISH | Broken level: 5717.806 | BOS count: 39 | Trend Confirmed: True[0m
[32m14:40:06[0m | [1mINFO    [0m | [36mbackend.strategies.core.market_structure[0m:[36mupdate[0m | [1mBOS fired: BULLISH | Broken level: 5727.059 | BOS count: 40 | Trend Confirmed: True[0m
[32m14:40:06[0m | [1mINFO    [0m | [36mbackend.strategies.core.market_structure[0m:[36mupdate[0m | [1mBOS fired: BULLISH | Broken level: 5727.059 | BOS count: 41 | Trend Confirmed: True[0m
[32m14:40:07[0m | [1mINFO    [0m | [36mbackend.strategies.core.market_structure[0m:[36mupdate[0m | [1mChoCH fired: BEARISH | Broken level: 5668.252 | BOS count: 1[0m
[32m14:40:07[0m | [1mINFO    [0m | [36mbackend.strategies.core.market_structure[0m:[36mupdate[0m | [1mBOS fired: BEARISH | Broken level: 5668.252 | BOS count: 2 | Trend Confirmed: True[0m
[32m14:40:07[0m | [1mINFO    [0m | [36mbackend.strategies.core.market_structure[0m:[36mupdate[0m | [1mBOS fired: BEARISH | Broken level: 5668.252 | BOS count: 3 | Trend Confirmed: True[0m
[32m14:40:07[0m | [1mINFO    [0m | [36mbackend.strategies.core.market_structure[0m:[36mupdate[0m | [1mBOS fired: BEARISH | Broken level: 5668.252 | BOS count: 4 | Trend Confirmed: True[0m
[32m14:40:07[0m | [1mINFO    [0m | [36mbackend.strategies.core.market_structure[0m:[36mupdate[0m | [1mBOS fired: BEARISH | Broken level: 5668.252 | BOS count: 5 | Trend Confirmed: True[0m
[32m14:40:07[0m | [1mINFO    [0m | [36mbackend.strategies.core.market_structure[0m:[36mupdate[0m | [1mBOS fired: BEARISH | Broken level: 5668.252 | BOS count: 6 | Trend Confirmed: True[0m
[32m14:40:07[0m | [1mINFO    [0m | [36mbackend.strategies.core.market_structure[0m:[36mupdate[0m | [1mBOS fired: BEARISH | Broken level: 5668.252 | BOS count: 7 | Trend Confirmed: True[0m
[32m14:40:07[0m | [1mINFO    [0m | [36mbackend.strategies.core.market_structure[0m:[36mupdate[0m | [1mChoCH fired: BULLISH | Broken level: 5684.736 | BOS count: 1[0m
[32m14:40:07[0m | [1mINFO    [0m | [36mbackend.strategies.core.market_structure[0m:[36mupdate[0m | [1mBOS fired: BULLISH | Broken level: 5684.736 | BOS count: 2 | Trend Confirmed: True[0m
[32m14:40:07[0m | [1mINFO    [0m | [36mbackend.strategies.core.market_structure[0m:[36mupdate[0m | [1mBOS fired: BULLISH | Broken level: 5684.736 | BOS count: 3 | Trend Confirmed: True[0m
[32m14:40:07[0m | [1mINFO    [0m | [36mbackend.strategies.core.market_structure[0m:[36mupdate[0m | [1mBOS fired: BULLISH | Broken level: 5684.736 | BOS count: 4 | Trend Confirmed: True[0m
[32m14:40:07[0m | [1mINFO    [0m | [36mbackend.strategies.core.market_structure[0m:[36mupdate[0m | [1mBOS fired: BULLISH | Broken level: 5767.997 | BOS count: 5 | Trend Confirmed: True[0m
[32m14:40:07[0m | [1mINFO    [0m | [36mbackend.strategies.core.market_structure[0m:[36mupdate[0m | [1mBOS fired: BULLISH | Broken level: 5767.997 | BOS count: 6 | Trend Confirmed: True[0m
[32m14:40:07[0m | [1mINFO    [0m | [36mbackend.strategies.core.market_structure[0m:[36mupdate[0m | [1mBOS fired: BULLISH | Broken level: 5767.997 | BOS count: 7 | Trend Confirmed: True[0m
[32m14:40:08[0m | [1mINFO    [0m | [36mbackend.strategies.core.market_structure[0m:[36mupdate[0m | [1mBOS fired: BULLISH | Broken level: 5768.549 | BOS count: 8 | Trend Confirmed: True[0m
[32m14:40:08[0m | [1mINFO    [0m | [36mbackend.strategies.core.market_structure[0m:[36mupdate[0m | [1mBOS fired: BULLISH | Broken level: 5768.549 | BOS count: 9 | Trend Confirmed: True[0m
[32m14:40:08[0m | [1mINFO    [0m | [36mbackend.strategies.core.market_structure[0m:[36mupdate[0m | [1mBOS fired: BULLISH | Broken level: 5768.549 | BOS count: 10 | Trend Confirmed: True[0m
[32m14:40:08[0m | [1mINFO    [0m | [36mbackend.strategies.core.market_structure[0m:[36mupdate[0m | [1mChoCH fired: BEARISH | Broken level: 5752.617 | BOS count: 1[0m
[32m14:40:08[0m | [1mINFO    [0m | [36mbackend.strategies.core.market_structure[0m:[36mupdate[0m | [1mBOS fired: BEARISH | Broken level: 5752.617 | BOS count: 2 | Trend Confirmed: True[0m
[32m14:40:08[0m | [1mINFO    [0m | [36mbackend.strategies.core.market_structure[0m:[36mupdate[0m | [1mBOS fired: BEARISH | Broken level: 5752.617 | BOS count: 3 | Trend Confirmed: True[0m
[32m14:40:08[0m | [1mINFO    [0m | [36mbackend.strategies.core.market_structure[0m:[36mupdate[0m | [1mBOS fired: BEARISH | Broken level: 5752.617 | BOS count: 4 | Trend Confirmed: True[0m
[32m14:40:08[0m | [1mINFO    [0m | [36mbackend.strategies.core.market_structure[0m:[36mupdate[0m | [1mBOS fired: BEARISH | Broken level: 5752.617 | BOS count: 5 | Trend Confirmed: True[0m
[32m14:40:08[0m | [1mINFO    [0m | [36mbackend.strategies.core.market_structure[0m:[36mupdate[0m | [1mBOS fired: BEARISH | Broken level: 5736.79 | BOS count: 6 | Trend Confirmed: True[0m
[32m14:40:08[0m | [1mINFO    [0m | [36mbackend.strategies.core.market_structure[0m:[36mupdate[0m | [1mBOS fired: BEARISH | Broken level: 5851.954 | BOS count: 7 | Trend Confirmed: True[0m
[32m14:40:08[0m | [1mINFO    [0m | [36mbackend.strategies.core.market_structure[0m:[36mupdate[0m | [1mBOS fired: BEARISH | Broken level: 5886.386 | BOS count: 8 | Trend Confirmed: True[0m
[32m14:40:08[0m | [1mINFO    [0m | [36mbackend.strategies.core.market_structure[0m:[36mupdate[0m | [1mBOS fired: BEARISH | Broken level: 5877.622 | BOS count: 9 | Trend Confirmed: True[0m
[32m14:40:08[0m | [1mINFO    [0m | [36mbackend.strategies.core.market_structure[0m:[36mupdate[0m | [1mBOS fired: BEARISH | Broken level: 5877.622 | BOS count: 10 | Trend Confirmed: True[0m
[32m14:40:08[0m | [1mINFO    [0m | [36mbackend.strategies.core.market_structure[0m:[36mupdate[0m | [1mBOS fired: BEARISH | Broken level: 5877.622 | BOS count: 11 | Trend Confirmed: True[0m
[32m14:40:08[0m | [1mINFO    [0m | [36mbackend.strategies.core.market_structure[0m:[36mupdate[0m | [1mBOS fired: BEARISH | Broken level: 5877.622 | BOS count: 12 | Trend Confirmed: True[0m
[32m14:40:08[0m | [1mINFO    [0m | [36mbackend.strategies.core.market_structure[0m:[36mupdate[0m | [1mBOS fired: BEARISH | Broken level: 5877.622 | BOS count: 13 | Trend Confirmed: True[0m
[32m14:40:08[0m | [1mINFO    [0m | [36mbackend.strategies.core.market_structure[0m:[36mupdate[0m | [1mBOS fired: BEARISH | Broken level: 5877.622 | BOS count: 14 | Trend Confirmed: True[0m
[32m14:40:08[0m | [1mINFO    [0m | [36mbackend.strategies.core.market_structure[0m:[36mupdate[0m | [1mBOS fired: BEARISH | Broken level: 5877.622 | BOS count: 15 | Trend Confirmed: True[0m
[32m14:40:08[0m | [1mINFO    [0m | [36mbackend.strategies.core.market_structure[0m:[36mupdate[0m | [1mBOS fired: BEARISH | Broken level: 5877.622 | BOS count: 16 | Trend Confirmed: True[0m
[32m14:40:08[0m | [1mINFO    [0m | [36mbackend.strategies.core.market_structure[0m:[36mupdate[0m | [1mBOS fired: BEARISH | Broken level: 5877.622 | BOS count: 17 | Trend Confirmed: True[0m
[32m14:40:08[0m | [1mINFO    [0m | [36mbackend.strategies.core.market_structure[0m:[36mupdate[0m | [1mBOS fired: BEARISH | Broken level: 5877.622 | BOS count: 18 | Trend Confirmed: True[0m
[32m14:40:08[0m | [1mINFO    [0m | [36mbackend.strategies.core.market_structure[0m:[36mupdate[0m | [1mBOS fired: BEARISH | Broken level: 5837.245 | BOS count: 19 | Trend Confirmed: True[0m
[32m14:40:08[0m | [1mINFO    [0m | [36mbackend.strategies.core.market_structure[0m:[36mupdate[0m | [1mBOS fired: BEARISH | Broken level: 5837.245 | BOS count: 20 | Trend Confirmed: True[0m
[32m14:40:09[0m | [1mINFO    [0m | [36mbackend.strategies.core.market_structure[0m:[36mupdate[0m | [1mBOS fired: BEARISH | Broken level: 5834.688 | BOS count: 21 | Trend Confirmed: True[0m
[32m14:40:09[0m | [1mINFO    [0m | [36mbackend.strategies.core.market_structure[0m:[36mupdate[0m | [1mBOS fired: BEARISH | Broken level: 5834.688 | BOS count: 22 | Trend Confirmed: True[0m
[32m14:40:09[0m | [1mINFO    [0m | [36mbackend.strategies.core.market_structure[0m:[36mupdate[0m | [1mBOS fired: BEARISH | Broken level: 5834.688 | BOS count: 23 | Trend Confirmed: True[0m
[32m14:40:09[0m | [1mINFO    [0m | [36mbackend.strategies.core.market_structure[0m:[36mupdate[0m | [1mBOS fired: BEARISH | Broken level: 5834.688 | BOS count: 24 | Trend Confirmed: True[0m
[32m14:40:09[0m | [1mINFO    [0m | [36mbackend.strategies.core.market_structure[0m:[36mupdate[0m | [1mBOS fired: BEARISH | Broken level: 5834.688 | BOS count: 25 | Trend Confirmed: True[0m
[32m14:40:09[0m | [1mINFO    [0m | [36mbackend.strategies.core.market_structure[0m:[36mupdate[0m | [1mBOS fired: BEARISH | Broken level: 5834.688 | BOS count: 26 | Trend Confirmed: True[0m
[32m14:40:09[0m | [1mINFO    [0m | [36mbackend.strategies.core.market_structure[0m:[36mupdate[0m | [1mBOS fired: BEARISH | Broken level: 5834.688 | BOS count: 27 | Trend Confirmed: True[0m
[32m14:40:09[0m | [1mINFO    [0m | [36mbackend.strategies.core.market_structure[0m:[36mupdate[0m | [1mBOS fired: BEARISH | Broken level: 5834.688 | BOS count: 28 | Trend Confirmed: True[0m
[32m14:40:09[0m | [1mINFO    [0m | [36mbackend.strategies.core.market_structure[0m:[36mupdate[0m | [1mBOS fired: BEARISH | Broken level: 5834.688 | BOS count: 29 | Trend Confirmed: True[0m
[32m14:40:09[0m | [1mINFO    [0m | [36mbackend.strategies.core.market_structure[0m:[36mupdate[0m | [1mBOS fired: BEARISH | Broken level: 5834.688 | BOS count: 30 | Trend Confirmed: True[0m
[32m14:40:09[0m | [1mINFO    [0m | [36mbackend.strategies.core.market_structure[0m:[36mupdate[0m | [1mBOS fired: BEARISH | Broken level: 5834.688 | BOS count: 31 | Trend Confirmed: True[0m
[32m14:40:09[0m | [1mINFO    [0m | [36mbackend.strategies.core.market_structure[0m:[36mupdate[0m | [1mBOS fired: BEARISH | Broken level: 5834.688 | BOS count: 32 | Trend Confirmed: True[0m
[32m14:40:09[0m | [1mINFO    [0m | [36mbackend.strategies.core.market_structure[0m:[36mupdate[0m | [1mBOS fired: BEARISH | Broken level: 5834.688 | BOS count: 33 | Trend Confirmed: True[0m
[32m14:40:09[0m | [1mINFO    [0m | [36mbackend.strategies.core.market_structure[0m:[36mupdate[0m | [1mBOS fired: BEARISH | Broken level: 5806.492 | BOS count: 34 | Trend Confirmed: True[0m
[32m14:40:09[0m | [1mINFO    [0m | [36mbackend.strategies.core.market_structure[0m:[36mupdate[0m | [1mBOS fired: BEARISH | Broken level: 5806.492 | BOS count: 35 | Trend Confirmed: True[0m
[32m14:40:09[0m | [1mINFO    [0m | [36mbackend.strategies.core.market_structure[0m:[36mupdate[0m | [1mChoCH fired: BULLISH | Broken level: 5817.074 | BOS count: 1[0m
[32m14:40:09[0m | [1mINFO    [0m | [36mbackend.strategies.core.market_structure[0m:[36mupdate[0m | [1mBOS fired: BULLISH | Broken level: 5817.074 | BOS count: 2 | Trend Confirmed: True[0m
[32m14:40:09[0m | [1mINFO    [0m | [36mbackend.strategies.core.market_structure[0m:[36mupdate[0m | [1mBOS fired: BULLISH | Broken level: 5817.074 | BOS count: 3 | Trend Confirmed: True[0m
[32m14:40:09[0m | [1mINFO    [0m | [36mbackend.strategies.core.market_structure[0m:[36mupdate[0m | [1mBOS fired: BULLISH | Broken level: 5817.074 | BOS count: 4 | Trend Confirmed: True[0m
[32m14:40:09[0m | [1mINFO    [0m | [36mbackend.strategies.core.market_structure[0m:[36mupdate[0m | [1mBOS fired: BULLISH | Broken level: 5817.074 | BOS count: 5 | Trend Confirmed: True[0m
[32m14:40:09[0m | [1mINFO    [0m | [36mbackend.strategies.core.market_structure[0m:[36mupdate[0m | [1mBOS fired: BULLISH | Broken level: 5817.074 | BOS count: 6 | Trend Confirmed: True[0m
[32m14:40:10[0m | [1mINFO    [0m | [36mbackend.strategies.core.market_structure[0m:[36mupdate[0m | [1mBOS fired: BULLISH | Broken level: 5817.074 | BOS count: 7 | Trend Confirmed: True[0m
[32m14:40:10[0m | [1mINFO    [0m | [36mbackend.strategies.core.market_structure[0m:[36mupdate[0m | [1mBOS fired: BULLISH | Broken level: 5817.074 | BOS count: 8 | Trend Confirmed: True[0m
[32m14:40:10[0m | [1mINFO    [0m | [36mbackend.strategies.core.market_structure[0m:[36mupdate[0m | [1mBOS fired: BULLISH | Broken level: 5817.074 | BOS count: 9 | Trend Confirmed: True[0m
[32m14:40:10[0m | [1mINFO    [0m | [36mbackend.strategies.core.market_structure[0m:[36mupdate[0m | [1mChoCH fired: BEARISH | Broken level: 5810.977 | BOS count: 1[0m
[32m14:40:10[0m | [1mINFO    [0m | [36mbackend.strategies.core.market_structure[0m:[36mupdate[0m | [1mBOS fired: BEARISH | Broken level: 5810.977 | BOS count: 2 | Trend Confirmed: True[0m
[32m14:40:10[0m | [1mINFO    [0m | [36mbackend.strategies.core.market_structure[0m:[36mupdate[0m | [1mBOS fired: BEARISH | Broken level: 5810.977 | BOS count: 3 | Trend Confirmed: True[0m
[32m14:40:10[0m | [1mINFO    [0m | [36mbackend.strategies.core.market_structure[0m:[36mupdate[0m | [1mBOS fired: BEARISH | Broken level: 5810.977 | BOS count: 4 | Trend Confirmed: True[0m
[32m14:40:10[0m | [1mINFO    [0m | [36mbackend.strategies.core.market_structure[0m:[36mupdate[0m | [1mBOS fired: BEARISH | Broken level: 5810.977 | BOS count: 5 | Trend Confirmed: True[0m
[32m14:40:10[0m | [1mINFO    [0m | [36mbackend.strategies.core.market_structure[0m:[36mupdate[0m | [1mChoCH fired: BULLISH | Broken level: 5820.568 | BOS count: 1[0m
[32m14:40:10[0m | [1mINFO    [0m | [36mbackend.strategies.core.market_structure[0m:[36mupdate[0m | [1mBOS fired: BULLISH | Broken level: 5820.568 | BOS count: 2 | Trend Confirmed: True[0m
[32m14:40:10[0m | [1mINFO    [0m | [36mbackend.strategies.core.market_structure[0m:[36mupdate[0m | [1mChoCH fired: BEARISH | Broken level: 5812.329 | BOS count: 1[0m
[32m14:40:10[0m | [1mINFO    [0m | [36mbackend.strategies.core.market_structure[0m:[36mupdate[0m | [1mBOS fired: BEARISH | Broken level: 5812.329 | BOS count: 2 | Trend Confirmed: True[0m
[32m14:40:10[0m | [1mINFO    [0m | [36mbackend.strategies.core.market_structure[0m:[36mupdate[0m | [1mBOS fired: BEARISH | Broken level: 5812.329 | BOS count: 3 | Trend Confirmed: True[0m
[32m14:40:10[0m | [1mINFO    [0m | [36mbackend.strategies.core.market_structure[0m:[36mupdate[0m | [1mBOS fired: BEARISH | Broken level: 5812.329 | BOS count: 4 | Trend Confirmed: True[0m
[32m14:40:10[0m | [1mINFO    [0m | [36mbackend.strategies.core.market_structure[0m:[36mupdate[0m | [1mBOS fired: BEARISH | Broken level: 5812.329 | BOS count: 5 | Trend Confirmed: True[0m
[32m14:40:10[0m | [1mINFO    [0m | [36mbackend.strategies.core.market_structure[0m:[36mupdate[0m | [1mBOS fired: BEARISH | Broken level: 5812.329 | BOS count: 6 | Trend Confirmed: True[0m
[32m14:40:10[0m | [1mINFO    [0m | [36mbackend.strategies.core.market_structure[0m:[36mupdate[0m | [1mBOS fired: BEARISH | Broken level: 5812.329 | BOS count: 7 | Trend Confirmed: True[0m
[32m14:40:10[0m | [1mINFO    [0m | [36mbackend.strategies.core.market_structure[0m:[36mupdate[0m | [1mBOS fired: BEARISH | Broken level: 5804.93 | BOS count: 8 | Trend Confirmed: True[0m
[32m14:40:10[0m | [1mINFO    [0m | [36mbackend.strategies.core.market_structure[0m:[36mupdate[0m | [1mBOS fired: BEARISH | Broken level: 5804.93 | BOS count: 9 | Trend Confirmed: True[0m
[32m14:40:10[0m | [1mINFO    [0m | [36mbackend.strategies.core.market_structure[0m:[36mupdate[0m | [1mBOS fired: BEARISH | Broken level: 5804.93 | BOS count: 10 | Trend Confirmed: True[0m
[32m14:40:10[0m | [1mINFO    [0m | [36mbackend.strategies.core.market_structure[0m:[36mupdate[0m | [1mBOS fired: BEARISH | Broken level: 5804.93 | BOS count: 11 | Trend Confirmed: True[0m
[32m14:40:10[0m | [1mINFO    [0m | [36mbackend.strategies.core.market_structure[0m:[36mupdate[0m | [1mBOS fired: BEARISH | Broken level: 5804.93 | BOS count: 12 | Trend Confirmed: True[0m
[32m14:40:10[0m | [1mINFO    [0m | [36mbackend.strategies.core.market_structure[0m:[36mupdate[0m | [1mBOS fired: BEARISH | Broken level: 5804.93 | BOS count: 13 | Trend Confirmed: True[0m
[32m14:40:10[0m | [1mINFO    [0m | [36mbackend.strategies.core.market_structure[0m:[36mupdate[0m | [1mBOS fired: BEARISH | Broken level: 5776.756 | BOS count: 14 | Trend Confirmed: True[0m
[32m14:40:10[0m | [1mINFO    [0m | [36mbackend.strategies.core.market_structure[0m:[36mupdate[0m | [1mBOS fired: BEARISH | Broken level: 5776.756 | BOS count: 15 | Trend Confirmed: True[0m
[32m14:40:10[0m | [1mINFO    [0m | [36mbackend.strategies.core.market_structure[0m:[36mupdate[0m | [1mBOS fired: BEARISH | Broken level: 5776.756 | BOS count: 16 | Trend Confirmed: True[0m
[32m14:40:10[0m | [1mINFO    [0m | [36mbackend.strategies.core.market_structure[0m:[36mupdate[0m | [1mBOS fired: BEARISH | Broken level: 5776.756 | BOS count: 17 | Trend Confirmed: True[0m
[32m14:40:10[0m | [1mINFO    [0m | [36mbackend.strategies.core.market_structure[0m:[36mupdate[0m | [1mBOS fired: BEARISH | Broken level: 5776.756 | BOS count: 18 | Trend Confirmed: True[0m
[32m14:40:10[0m | [1mINFO    [0m | [36mbackend.strategies.core.market_structure[0m:[36mupdate[0m | [1mBOS fired: BEARISH | Broken level: 5776.756 | BOS count: 19 | Trend Confirmed: True[0m
[32m14:40:10[0m | [1mINFO    [0m | [36mbackend.strategies.core.market_structure[0m:[36mupdate[0m | [1mBOS fired: BEARISH | Broken level: 5776.756 | BOS count: 20 | Trend Confirmed: True[0m
[32m14:40:10[0m | [1mINFO    [0m | [36mbackend.strategies.core.market_structure[0m:[36mupdate[0m | [1mBOS fired: BEARISH | Broken level: 5776.756 | BOS count: 21 | Trend Confirmed: True[0m
[32m14:40:10[0m | [1mINFO    [0m | [36mbackend.strategies.core.market_structure[0m:[36mupdate[0m | [1mBOS fired: BEARISH | Broken level: 5776.756 | BOS count: 22 | Trend Confirmed: True[0m
[32m14:40:10[0m | [1mINFO    [0m | [36mbackend.strategies.core.market_structure[0m:[36mupdate[0m | [1mBOS fired: BEARISH | Broken level: 5776.756 | BOS count: 23 | Trend Confirmed: True[0m
[32m14:40:10[0m | [1mINFO    [0m | [36mbackend.strategies.core.market_structure[0m:[36mupdate[0m | [1mChoCH fired: BULLISH | Broken level: 5781.741 | BOS count: 1[0m
[32m14:40:10[0m | [1mINFO    [0m | [36mbackend.strategies.core.market_structure[0m:[36mupdate[0m | [1mBOS fired: BULLISH | Broken level: 5781.741 | BOS count: 2 | Trend Confirmed: True[0m
[32m14:40:10[0m | [1mINFO    [0m | [36mbackend.strategies.core.market_structure[0m:[36mupdate[0m | [1mBOS fired: BULLISH | Broken level: 5781.741 | BOS count: 3 | Trend Confirmed: True[0m
[32m14:40:10[0m | [1mINFO    [0m | [36mbackend.strategies.core.market_structure[0m:[36mupdate[0m | [1mBOS fired: BULLISH | Broken level: 5781.741 | BOS count: 4 | Trend Confirmed: True[0m
[32m14:40:10[0m | [1mINFO    [0m | [36mbackend.strategies.core.market_structure[0m:[36mupdate[0m | [1mBOS fired: BULLISH | Broken level: 5781.741 | BOS count: 5 | Trend Confirmed: True[0m
[32m14:40:10[0m | [1mINFO    [0m | [36mbackend.strategies.core.market_structure[0m:[36mupdate[0m | [1mBOS fired: BULLISH | Broken level: 5781.741 | BOS count: 6 | Trend Confirmed: True[0m
[32m14:40:10[0m | [1mINFO    [0m | [36mbackend.strategies.core.market_structure[0m:[36mupdate[0m | [1mBOS fired: BULLISH | Broken level: 5781.741 | BOS count: 7 | Trend Confirmed: True[0m
[32m14:40:10[0m | [1mINFO    [0m | [36mbackend.strategies.core.market_structure[0m:[36mupdate[0m | [1mBOS fired: BULLISH | Broken level: 5781.741 | BOS count: 8 | Trend Confirmed: True[0m
[32m14:40:10[0m | [1mINFO    [0m | [36mbackend.strategies.core.market_structure[0m:[36mupdate[0m | [1mBOS fired: BULLISH | Broken level: 5781.741 | BOS count: 9 | Trend Confirmed: True[0m
[32m14:40:10[0m | [1mINFO    [0m | [36mbackend.strategies.core.market_structure[0m:[36mupdate[0m | [1mBOS fired: BULLISH | Broken level: 5781.741 | BOS count: 10 | Trend Confirmed: True[0m
[32m14:40:10[0m | [1mINFO    [0m | [36mbackend.strategies.core.market_structure[0m:[36mupdate[0m | [1mBOS fired: BULLISH | Broken level: 5781.741 | BOS count: 11 | Trend Confirmed: True[0m
[32m14:40:11[0m | [1mINFO    [0m | [36mbackend.strategies.core.market_structure[0m:[36mupdate[0m | [1mBOS fired: BULLISH | Broken level: 5795.073 | BOS count: 12 | Trend Confirmed: True[0m
[32m14:40:11[0m | [1mINFO    [0m | [36mbackend.strategies.core.market_structure[0m:[36mupdate[0m | [1mBOS fired: BULLISH | Broken level: 5795.073 | BOS count: 13 | Trend Confirmed: True[0m
[32m14:40:11[0m | [1mINFO    [0m | [36mbackend.strategies.core.market_structure[0m:[36mupdate[0m | [1mBOS fired: BULLISH | Broken level: 5795.073 | BOS count: 14 | Trend Confirmed: True[0m
[32m14:40:11[0m | [1mINFO    [0m | [36mbackend.strategies.core.market_structure[0m:[36mupdate[0m | [1mBOS fired: BULLISH | Broken level: 5795.073 | BOS count: 15 | Trend Confirmed: True[0m
[32m14:40:11[0m | [1mINFO    [0m | [36mbackend.strategies.core.market_structure[0m:[36mupdate[0m | [1mBOS fired: BULLISH | Broken level: 5795.073 | BOS count: 16 | Trend Confirmed: True[0m
[32m14:40:11[0m | [1mINFO    [0m | [36mbackend.strategies.core.market_structure[0m:[36mupdate[0m | [1mBOS fired: BULLISH | Broken level: 5795.073 | BOS count: 17 | Trend Confirmed: True[0m
[32m14:40:11[0m | [1mINFO    [0m | [36mbackend.strategies.core.market_structure[0m:[36mupdate[0m | [1mBOS fired: BULLISH | Broken level: 5795.073 | BOS count: 18 | Trend Confirmed: True[0m
[32m14:40:11[0m | [1mINFO    [0m | [36mbackend.strategies.core.market_structure[0m:[36mupdate[0m | [1mBOS fired: BULLISH | Broken level: 5795.073 | BOS count: 19 | Trend Confirmed: True[0m
[32m14:40:11[0m | [1mINFO    [0m | [36mbackend.strategies.core.market_structure[0m:[36mupdate[0m | [1mBOS fired: BULLISH | Broken level: 5795.073 | BOS count: 20 | Trend Confirmed: True[0m
[32m14:40:11[0m | [1mINFO    [0m | [36mbackend.strategies.core.market_structure[0m:[36mupdate[0m | [1mBOS fired: BULLISH | Broken level: 5795.073 | BOS count: 21 | Trend Confirmed: True[0m
[32m14:40:11[0m | [1mINFO    [0m | [36mbackend.strategies.core.market_structure[0m:[36mupdate[0m | [1mBOS fired: BULLISH | Broken level: 5795.073 | BOS count: 22 | Trend Confirmed: True[0m
[32m14:40:11[0m | [1mINFO    [0m | [36mbackend.strategies.core.market_structure[0m:[36mupdate[0m | [1mBOS fired: BULLISH | Broken level: 5795.073 | BOS count: 23 | Trend Confirmed: True[0m
[32m14:40:11[0m | [1mINFO    [0m | [36mbackend.strategies.core.market_structure[0m:[36mupdate[0m | [1mBOS fired: BULLISH | Broken level: 5751.701 | BOS count: 24 | Trend Confirmed: True[0m
[32m14:40:11[0m | [1mINFO    [0m | [36mbackend.strategies.core.market_structure[0m:[36mupdate[0m | [1mBOS fired: BULLISH | Broken level: 5751.701 | BOS count: 25 | Trend Confirmed: True[0m
[32m14:40:11[0m | [1mINFO    [0m | [36mbackend.strategies.core.market_structure[0m:[36mupdate[0m | [1mBOS fired: BULLISH | Broken level: 5751.701 | BOS count: 26 | Trend Confirmed: True[0m
[32m14:40:11[0m | [1mINFO    [0m | [36mbackend.strategies.core.market_structure[0m:[36mupdate[0m | [1mBOS fired: BULLISH | Broken level: 5751.701 | BOS count: 27 | Trend Confirmed: True[0m
[32m14:40:11[0m | [1mINFO    [0m | [36mbackend.strategies.core.market_structure[0m:[36mupdate[0m | [1mBOS fired: BULLISH | Broken level: 5751.701 | BOS count: 28 | Trend Confirmed: True[0m
[32m14:40:11[0m | [1mINFO    [0m | [36mbackend.strategies.core.market_structure[0m:[36mupdate[0m | [1mBOS fired: BULLISH | Broken level: 5751.701 | BOS count: 29 | Trend Confirmed: True[0m
[32m14:40:11[0m | [1mINFO    [0m | [36mbackend.strategies.core.market_structure[0m:[36mupdate[0m | [1mBOS fired: BULLISH | Broken level: 5751.701 | BOS count: 30 | Trend Confirmed: True[0m
[32m14:40:11[0m | [1mINFO    [0m | [36mbackend.strategies.core.market_structure[0m:[36mupdate[0m | [1mBOS fired: BULLISH | Broken level: 5751.701 | BOS count: 31 | Trend Confirmed: True[0m
[32m14:40:11[0m | [1mINFO    [0m | [36mbackend.strategies.core.market_structure[0m:[36mupdate[0m | [1mBOS fired: BULLISH | Broken level: 5751.701 | BOS count: 32 | Trend Confirmed: True[0m
[32m14:40:11[0m | [1mINFO    [0m | [36mbackend.strategies.core.market_structure[0m:[36mupdate[0m | [1mBOS fired: BULLISH | Broken level: 5751.701 | BOS count: 33 | Trend Confirmed: True[0m
[32m14:40:11[0m | [1mINFO    [0m | [36mbackend.strategies.core.market_structure[0m:[36mupdate[0m | [1mBOS fired: BULLISH | Broken level: 5751.701 | BOS count: 34 | Trend Confirmed: True[0m
[32m14:40:11[0m | [1mINFO    [0m | [36mbackend.strategies.core.market_structure[0m:[36mupdate[0m | [1mBOS fired: BULLISH | Broken level: 5751.701 | BOS count: 35 | Trend Confirmed: True[0m
[32m14:40:11[0m | [1mINFO    [0m | [36mbackend.strategies.core.market_structure[0m:[36mupdate[0m | [1mBOS fired: BULLISH | Broken level: 5751.701 | BOS count: 36 | Trend Confirmed: True[0m
[32m14:40:11[0m | [1mINFO    [0m | [36mbackend.strategies.core.market_structure[0m:[36mupdate[0m | [1mBOS fired: BULLISH | Broken level: 5751.701 | BOS count: 37 | Trend Confirmed: True[0m
[32m14:40:11[0m | [1mINFO    [0m | [36mbackend.strategies.core.market_structure[0m:[36mupdate[0m | [1mBOS fired: BULLISH | Broken level: 5751.701 | BOS count: 38 | Trend Confirmed: True[0m
[32m14:40:11[0m | [1mINFO    [0m | [36mbackend.strategies.core.market_structure[0m:[36mupdate[0m | [1mBOS fired: BULLISH | Broken level: 5751.701 | BOS count: 39 | Trend Confirmed: True[0m
[32m14:40:11[0m | [1mINFO    [0m | [36mbackend.strategies.core.market_structure[0m:[36mupdate[0m | [1mBOS fired: BULLISH | Broken level: 5751.701 | BOS count: 40 | Trend Confirmed: True[0m
[32m14:40:11[0m | [1mINFO    [0m | [36mbackend.strategies.core.market_structure[0m:[36mupdate[0m | [1mBOS fired: BULLISH | Broken level: 5751.701 | BOS count: 41 | Trend Confirmed: True[0m
[32m14:40:11[0m | [1mINFO    [0m | [36mbackend.strategies.core.market_structure[0m:[36mupdate[0m | [1mBOS fired: BULLISH | Broken level: 5751.701 | BOS count: 42 | Trend Confirmed: True[0m
[32m14:40:11[0m | [1mINFO    [0m | [36mbackend.strategies.core.market_structure[0m:[36mupdate[0m | [1mBOS fired: BULLISH | Broken level: 5751.701 | BOS count: 43 | Trend Confirmed: True[0m
[32m14:40:11[0m | [1mINFO    [0m | [36mbackend.strategies.core.market_structure[0m:[36mupdate[0m | [1mBOS fired: BULLISH | Broken level: 5751.701 | BOS count: 44 | Trend Confirmed: True[0m
[32m14:40:11[0m | [1mINFO    [0m | [36mbackend.strategies.core.market_structure[0m:[36mupdate[0m | [1mBOS fired: BULLISH | Broken level: 5751.701 | BOS count: 45 | Trend Confirmed: True[0m
[32m14:40:11[0m | [1mINFO    [0m | [36mbackend.strategies.core.market_structure[0m:[36mupdate[0m | [1mBOS fired: BULLISH | Broken level: 5751.701 | BOS count: 46 | Trend Confirmed: True[0m
[32m14:40:11[0m | [1mINFO    [0m | [36mbackend.strategies.core.market_structure[0m:[36mupdate[0m | [1mBOS fired: BULLISH | Broken level: 5751.701 | BOS count: 47 | Trend Confirmed: True[0m
[32m14:40:11[0m | [1mINFO    [0m | [36mbackend.strategies.core.market_structure[0m:[36mupdate[0m | [1mBOS fired: BULLISH | Broken level: 5751.701 | BOS count: 48 | Trend Confirmed: True[0m
[32m14:40:11[0m | [1mINFO    [0m | [36mbackend.strategies.core.market_structure[0m:[36mupdate[0m | [1mBOS fired: BULLISH | Broken level: 5751.701 | BOS count: 49 | Trend Confirmed: True[0m
[32m14:40:11[0m | [1mINFO    [0m | [36mbackend.strategies.core.market_structure[0m:[36mupdate[0m | [1mBOS fired: BULLISH | Broken level: 5751.701 | BOS count: 50 | Trend Confirmed: True[0m
[32m14:40:11[0m | [1mINFO    [0m | [36mbackend.strategies.core.market_structure[0m:[36mupdate[0m | [1mBOS fired: BULLISH | Broken level: 5871.154 | BOS count: 51 | Trend Confirmed: True[0m
[32m14:40:11[0m | [1mINFO    [0m | [36mbackend.strategies.core.market_structure[0m:[36mupdate[0m | [1mBOS fired: BULLISH | Broken level: 5871.154 | BOS count: 52 | Trend Confirmed: True[0m
[32m14:40:11[0m | [1mINFO    [0m | [36mbackend.strategies.core.market_structure[0m:[36mupdate[0m | [1mBOS fired: BULLISH | Broken level: 5871.154 | BOS count: 53 | Trend Confirmed: True[0m
[32m14:40:11[0m | [1mINFO    [0m | [36mbackend.strategies.core.market_structure[0m:[36mupdate[0m | [1mBOS fired: BULLISH | Broken level: 5871.154 | BOS count: 54 | Trend Confirmed: True[0m
[32m14:40:11[0m | [1mINFO    [0m | [36mbackend.strategies.core.market_structure[0m:[36mupdate[0m | [1mBOS fired: BULLISH | Broken level: 5871.154 | BOS count: 55 | Trend Confirmed: True[0m
[32m14:40:11[0m | [1mINFO    [0m | [36mbackend.strategies.core.market_structure[0m:[36mupdate[0m | [1mBOS fired: BULLISH | Broken level: 5886.071 | BOS count: 56 | Trend Confirmed: True[0m
[32m14:40:11[0m | [1mINFO    [0m | [36mbackend.strategies.core.market_structure[0m:[36mupdate[0m | [1mBOS fired: BULLISH | Broken level: 5945.143 | BOS count: 57 | Trend Confirmed: True[0m
[32m14:40:12[0m | [1mINFO    [0m | [36mbackend.strategies.core.market_structure[0m:[36mupdate[0m | [1mBOS fired: BULLISH | Broken level: 5945.143 | BOS count: 58 | Trend Confirmed: True[0m
[32m14:40:12[0m | [1mINFO    [0m | [36mbackend.strategies.core.market_structure[0m:[36mupdate[0m | [1mChoCH fired: BEARISH | Broken level: 5934.94 | BOS count: 1[0m
[32m14:40:12[0m | [1mINFO    [0m | [36mbackend.strategies.core.market_structure[0m:[36mupdate[0m | [1mBOS fired: BEARISH | Broken level: 5934.94 | BOS count: 2 | Trend Confirmed: True[0m
[32m14:40:12[0m | [1mINFO    [0m | [36mbackend.strategies.core.market_structure[0m:[36mupdate[0m | [1mBOS fired: BEARISH | Broken level: 5934.94 | BOS count: 3 | Trend Confirmed: True[0m
[32m14:40:12[0m | [1mINFO    [0m | [36mbackend.strategies.core.market_structure[0m:[36mupdate[0m | [1mBOS fired: BEARISH | Broken level: 5934.94 | BOS count: 4 | Trend Confirmed: True[0m
[32m14:40:12[0m | [1mINFO    [0m | [36mbackend.strategies.core.market_structure[0m:[36mupdate[0m | [1mBOS fired: BEARISH | Broken level: 5934.94 | BOS count: 5 | Trend Confirmed: True[0m
[32m14:40:12[0m | [1mINFO    [0m | [36mbackend.strategies.core.market_structure[0m:[36mupdate[0m | [1mBOS fired: BEARISH | Broken level: 5934.94 | BOS count: 6 | Trend Confirmed: True[0m
[32m14:40:12[0m | [1mINFO    [0m | [36mbackend.strategies.core.market_structure[0m:[36mupdate[0m | [1mBOS fired: BEARISH | Broken level: 5934.94 | BOS count: 7 | Trend Confirmed: True[0m
[32m14:40:12[0m | [1mINFO    [0m | [36mbackend.strategies.core.market_structure[0m:[36mupdate[0m | [1mBOS fired: BEARISH | Broken level: 5934.94 | BOS count: 8 | Trend Confirmed: True[0m
[32m14:40:12[0m | [1mINFO    [0m | [36mbackend.strategies.core.market_structure[0m:[36mupdate[0m | [1mBOS fired: BEARISH | Broken level: 5934.94 | BOS count: 9 | Trend Confirmed: True[0m
[32m14:40:12[0m | [1mINFO    [0m | [36mbackend.strategies.core.market_structure[0m:[36mupdate[0m | [1mBOS fired: BEARISH | Broken level: 5934.94 | BOS count: 10 | Trend Confirmed: True[0m
[32m14:40:12[0m | [1mINFO    [0m | [36mbackend.strategies.core.market_structure[0m:[36mupdate[0m | [1mBOS fired: BEARISH | Broken level: 5934.94 | BOS count: 11 | Trend Confirmed: True[0m
[32m14:40:12[0m | [1mINFO    [0m | [36mbackend.strategies.core.market_structure[0m:[36mupdate[0m | [1mBOS fired: BEARISH | Broken level: 5934.94 | BOS count: 12 | Trend Confirmed: True[0m
[32m14:40:12[0m | [1mINFO    [0m | [36mbackend.strategies.core.market_structure[0m:[36mupdate[0m | [1mBOS fired: BEARISH | Broken level: 5934.94 | BOS count: 13 | Trend Confirmed: True[0m
[32m14:40:12[0m | [1mINFO    [0m | [36mbackend.strategies.core.market_structure[0m:[36mupdate[0m | [1mBOS fired: BEARISH | Broken level: 5934.94 | BOS count: 14 | Trend Confirmed: True[0m
[32m14:40:12[0m | [1mINFO    [0m | [36mbackend.strategies.core.market_structure[0m:[36mupdate[0m | [1mBOS fired: BEARISH | Broken level: 5916.422 | BOS count: 15 | Trend Confirmed: True[0m
[32m14:40:12[0m | [1mINFO    [0m | [36mbackend.strategies.core.market_structure[0m:[36mupdate[0m | [1mBOS fired: BEARISH | Broken level: 5916.422 | BOS count: 16 | Trend Confirmed: True[0m
[32m14:40:12[0m | [1mINFO    [0m | [36mbackend.strategies.core.market_structure[0m:[36mupdate[0m | [1mBOS fired: BEARISH | Broken level: 5916.422 | BOS count: 17 | Trend Confirmed: True[0m
[32m14:40:12[0m | [1mINFO    [0m | [36mbackend.strategies.core.market_structure[0m:[36mupdate[0m | [1mBOS fired: BEARISH | Broken level: 5916.422 | BOS count: 18 | Trend Confirmed: True[0m
[32m14:40:12[0m | [1mINFO    [0m | [36mbackend.strategies.core.market_structure[0m:[36mupdate[0m | [1mBOS fired: BEARISH | Broken level: 5916.422 | BOS count: 19 | Trend Confirmed: True[0m
[32m14:40:12[0m | [1mINFO    [0m | [36mbackend.strategies.core.market_structure[0m:[36mupdate[0m | [1mChoCH fired: BULLISH | Broken level: 5918.404 | BOS count: 1[0m
[32m14:40:12[0m | [1mINFO    [0m | [36mbackend.strategies.core.market_structure[0m:[36mupdate[0m | [1mBOS fired: BULLISH | Broken level: 5918.404 | BOS count: 2 | Trend Confirmed: True[0m
[32m14:40:12[0m | [1mINFO    [0m | [36mbackend.strategies.core.market_structure[0m:[36mupdate[0m | [1mBOS fired: BULLISH | Broken level: 5918.404 | BOS count: 3 | Trend Confirmed: True[0m
[32m14:40:12[0m | [1mINFO    [0m | [36mbackend.strategies.core.market_structure[0m:[36mupdate[0m | [1mBOS fired: BULLISH | Broken level: 5918.404 | BOS count: 4 | Trend Confirmed: True[0m
[32m14:40:12[0m | [1mINFO    [0m | [36mbackend.strategies.core.market_structure[0m:[36mupdate[0m | [1mBOS fired: BULLISH | Broken level: 5918.404 | BOS count: 5 | Trend Confirmed: True[0m
[32m14:40:13[0m | [1mINFO    [0m | [36mbackend.strategies.core.market_structure[0m:[36mupdate[0m | [1mBOS fired: BULLISH | Broken level: 5918.404 | BOS count: 6 | Trend Confirmed: True[0m
[32m14:40:13[0m | [1mINFO    [0m | [36mbackend.strategies.core.market_structure[0m:[36mupdate[0m | [1mBOS fired: BULLISH | Broken level: 5928.798 | BOS count: 7 | Trend Confirmed: True[0m
[32m14:40:13[0m | [1mINFO    [0m | [36mbackend.strategies.core.market_structure[0m:[36mupdate[0m | [1mBOS fired: BULLISH | Broken level: 5928.798 | BOS count: 8 | Trend Confirmed: True[0m
[32m14:40:13[0m | [1mINFO    [0m | [36mbackend.strategies.core.market_structure[0m:[36mupdate[0m | [1mBOS fired: BULLISH | Broken level: 5928.798 | BOS count: 9 | Trend Confirmed: True[0m
[32m14:40:13[0m | [1mINFO    [0m | [36mbackend.strategies.core.market_structure[0m:[36mupdate[0m | [1mBOS fired: BULLISH | Broken level: 5928.798 | BOS count: 10 | Trend Confirmed: True[0m
[32m14:40:13[0m | [1mINFO    [0m | [36mbackend.strategies.core.market_structure[0m:[36mupdate[0m | [1mBOS fired: BULLISH | Broken level: 5928.798 | BOS count: 11 | Trend Confirmed: True[0m
[32m14:40:13[0m | [1mINFO    [0m | [36mbackend.strategies.core.market_structure[0m:[36mupdate[0m | [1mBOS fired: BULLISH | Broken level: 5928.798 | BOS count: 12 | Trend Confirmed: True[0m
[32m14:40:13[0m | [1mINFO    [0m | [36mbackend.strategies.core.market_structure[0m:[36mupdate[0m | [1mBOS fired: BULLISH | Broken level: 5928.798 | BOS count: 13 | Trend Confirmed: True[0m
[32m14:40:13[0m | [1mINFO    [0m | [36mbackend.strategies.core.market_structure[0m:[36mupdate[0m | [1mBOS fired: BULLISH | Broken level: 5928.798 | BOS count: 14 | Trend Confirmed: True[0m
[32m14:40:13[0m | [1mINFO    [0m | [36mbackend.strategies.core.market_structure[0m:[36mupdate[0m | [1mBOS fired: BULLISH | Broken level: 5928.798 | BOS count: 15 | Trend Confirmed: True[0m
[32m14:40:13[0m | [1mINFO    [0m | [36mbackend.strategies.core.market_structure[0m:[36mupdate[0m | [1mBOS fired: BULLISH | Broken level: 5928.798 | BOS count: 16 | Trend Confirmed: True[0m
[32m14:40:13[0m | [1mINFO    [0m | [36mbackend.strategies.core.market_structure[0m:[36mupdate[0m | [1mBOS fired: BULLISH | Broken level: 5928.798 | BOS count: 17 | Trend Confirmed: True[0m
[32m14:40:13[0m | [1mINFO    [0m | [36mbackend.strategies.core.market_structure[0m:[36mupdate[0m | [1mBOS fired: BULLISH | Broken level: 5928.798 | BOS count: 18 | Trend Confirmed: True[0m
[32m14:40:13[0m | [1mINFO    [0m | [36mbackend.strategies.core.market_structure[0m:[36mupdate[0m | [1mBOS fired: BULLISH | Broken level: 5928.798 | BOS count: 19 | Trend Confirmed: True[0m
[32m14:40:13[0m | [1mINFO    [0m | [36mbackend.strategies.core.market_structure[0m:[36mupdate[0m | [1mBOS fired: BULLISH | Broken level: 5928.798 | BOS count: 20 | Trend Confirmed: True[0m
[32m14:40:13[0m | [1mINFO    [0m | [36mbackend.strategies.core.market_structure[0m:[36mupdate[0m | [1mBOS fired: BULLISH | Broken level: 5928.798 | BOS count: 21 | Trend Confirmed: True[0m
[32m14:40:13[0m | [1mINFO    [0m | [36mbackend.strategies.core.market_structure[0m:[36mupdate[0m | [1mBOS fired: BULLISH | Broken level: 5928.798 | BOS count: 22 | Trend Confirmed: True[0m
[32m14:40:13[0m | [1mINFO    [0m | [36mbackend.strategies.core.market_structure[0m:[36mupdate[0m | [1mBOS fired: BULLISH | Broken level: 5928.798 | BOS count: 23 | Trend Confirmed: True[0m
[32m14:40:13[0m | [1mINFO    [0m | [36mbackend.strategies.core.market_structure[0m:[36mupdate[0m | [1mBOS fired: BULLISH | Broken level: 5928.798 | BOS count: 24 | Trend Confirmed: True[0m
[32m14:40:13[0m | [1mINFO    [0m | [36mbackend.strategies.core.market_structure[0m:[36mupdate[0m | [1mBOS fired: BULLISH | Broken level: 5928.798 | BOS count: 25 | Trend Confirmed: True[0m
[32m14:40:13[0m | [1mINFO    [0m | [36mbackend.strategies.core.market_structure[0m:[36mupdate[0m | [1mBOS fired: BULLISH | Broken level: 5928.798 | BOS count: 26 | Trend Confirmed: True[0m
[32m14:40:13[0m | [1mINFO    [0m | [36mbackend.strategies.core.market_structure[0m:[36mupdate[0m | [1mBOS fired: BULLISH | Broken level: 5928.798 | BOS count: 27 | Trend Confirmed: True[0m
[32m14:40:13[0m | [1mINFO    [0m | [36mbackend.strategies.core.market_structure[0m:[36mupdate[0m | [1mBOS fired: BULLISH | Broken level: 5928.798 | BOS count: 28 | Trend Confirmed: True[0m
[32m14:40:13[0m | [1mINFO    [0m | [36mbackend.strategies.core.market_structure[0m:[36mupdate[0m | [1mBOS fired: BULLISH | Broken level: 5928.798 | BOS count: 29 | Trend Confirmed: True[0m
[32m14:40:13[0m | [1mINFO    [0m | [36mbackend.strategies.core.market_structure[0m:[36mupdate[0m | [1mBOS fired: BULLISH | Broken level: 5928.798 | BOS count: 30 | Trend Confirmed: True[0m
[32m14:40:13[0m | [1mINFO    [0m | [36mbackend.strategies.core.market_structure[0m:[36mupdate[0m | [1mBOS fired: BULLISH | Broken level: 5928.798 | BOS count: 31 | Trend Confirmed: True[0m
[32m14:40:13[0m | [1mINFO    [0m | [36mbackend.strategies.core.market_structure[0m:[36mupdate[0m | [1mBOS fired: BULLISH | Broken level: 5928.798 | BOS count: 32 | Trend Confirmed: True[0m
[32m14:40:13[0m | [1mINFO    [0m | [36mbackend.strategies.core.market_structure[0m:[36mupdate[0m | [1mBOS fired: BULLISH | Broken level: 5928.798 | BOS count: 33 | Trend Confirmed: True[0m
[32m14:40:13[0m | [1mINFO    [0m | [36mbackend.strategies.core.market_structure[0m:[36mupdate[0m | [1mBOS fired: BULLISH | Broken level: 5928.798 | BOS count: 34 | Trend Confirmed: True[0m
[32m14:40:13[0m | [1mINFO    [0m | [36mbackend.strategies.core.market_structure[0m:[36mupdate[0m | [1mBOS fired: BULLISH | Broken level: 5928.798 | BOS count: 35 | Trend Confirmed: True[0m
[32m14:40:13[0m | [1mINFO    [0m | [36mbackend.strategies.core.market_structure[0m:[36mupdate[0m | [1mBOS fired: BULLISH | Broken level: 5928.798 | BOS count: 36 | Trend Confirmed: True[0m
[32m14:40:13[0m | [1mINFO    [0m | [36mbackend.strategies.core.market_structure[0m:[36mupdate[0m | [1mBOS fired: BULLISH | Broken level: 5928.798 | BOS count: 37 | Trend Confirmed: True[0m
[32m14:40:13[0m | [1mINFO    [0m | [36mbackend.strategies.core.market_structure[0m:[36mupdate[0m | [1mBOS fired: BULLISH | Broken level: 5928.798 | BOS count: 38 | Trend Confirmed: True[0m
[32m14:40:13[0m | [1mINFO    [0m | [36mbackend.strategies.core.market_structure[0m:[36mupdate[0m | [1mBOS fired: BULLISH | Broken level: 5928.798 | BOS count: 39 | Trend Confirmed: True[0m
[32m14:40:13[0m | [1mINFO    [0m | [36mbackend.strategies.core.market_structure[0m:[36mupdate[0m | [1mBOS fired: BULLISH | Broken level: 5928.798 | BOS count: 40 | Trend Confirmed: True[0m
[32m14:40:13[0m | [1mINFO    [0m | [36mbackend.strategies.core.market_structure[0m:[36mupdate[0m | [1mBOS fired: BULLISH | Broken level: 5928.798 | BOS count: 41 | Trend Confirmed: True[0m
[32m14:40:13[0m | [1mINFO    [0m | [36mbackend.strategies.core.market_structure[0m:[36mupdate[0m | [1mBOS fired: BULLISH | Broken level: 5928.798 | BOS count: 42 | Trend Confirmed: True[0m
[32m14:40:13[0m | [1mINFO    [0m | [36mbackend.strategies.core.market_structure[0m:[36mupdate[0m | [1mBOS fired: BULLISH | Broken level: 6000.034 | BOS count: 43 | Trend Confirmed: True[0m
[32m14:40:13[0m | [1mINFO    [0m | [36mbackend.strategies.core.market_structure[0m:[36mupdate[0m | [1mBOS fired: BULLISH | Broken level: 6000.034 | BOS count: 44 | Trend Confirmed: True[0m
[32m14:40:13[0m | [1mINFO    [0m | [36mbackend.strategies.core.market_structure[0m:[36mupdate[0m | [1mBOS fired: BULLISH | Broken level: 6000.034 | BOS count: 45 | Trend Confirmed: True[0m
[32m14:40:13[0m | [1mINFO    [0m | [36mbackend.strategies.core.market_structure[0m:[36mupdate[0m | [1mBOS fired: BULLISH | Broken level: 6000.034 | BOS count: 46 | Trend Confirmed: True[0m
[32m14:40:13[0m | [1mINFO    [0m | [36mbackend.strategies.core.market_structure[0m:[36mupdate[0m | [1mBOS fired: BULLISH | Broken level: 6000.034 | BOS count: 47 | Trend Confirmed: True[0m
[32m14:40:13[0m | [1mINFO    [0m | [36mbackend.strategies.core.market_structure[0m:[36mupdate[0m | [1mBOS fired: BULLISH | Broken level: 6000.034 | BOS count: 48 | Trend Confirmed: True[0m
[32m14:40:13[0m | [1mINFO    [0m | [36mbackend.strategies.core.market_structure[0m:[36mupdate[0m | [1mBOS fired: BULLISH | Broken level: 6000.034 | BOS count: 49 | Trend Confirmed: True[0m
[32m14:40:13[0m | [1mINFO    [0m | [36mbackend.strategies.core.market_structure[0m:[36mupdate[0m | [1mBOS fired: BULLISH | Broken level: 6000.034 | BOS count: 50 | Trend Confirmed: True[0m
[32m14:40:13[0m | [1mINFO    [0m | [36mbackend.strategies.core.market_structure[0m:[36mupdate[0m | [1mBOS fired: BULLISH | Broken level: 6000.034 | BOS count: 51 | Trend Confirmed: True[0m
[32m14:40:13[0m | [1mINFO    [0m | [36mbackend.strategies.core.market_structure[0m:[36mupdate[0m | [1mBOS fired: BULLISH | Broken level: 6000.034 | BOS count: 52 | Trend Confirmed: True[0m
[32m14:40:13[0m | [1mINFO    [0m | [36mbackend.strategies.core.market_structure[0m:[36mupdate[0m | [1mBOS fired: BULLISH | Broken level: 6000.034 | BOS count: 53 | Trend Confirmed: True[0m
[32m14:40:13[0m | [1mINFO    [0m | [36mbackend.strategies.core.market_structure[0m:[36mupdate[0m | [1mBOS fired: BULLISH | Broken level: 6000.034 | BOS count: 54 | Trend Confirmed: True[0m
[32m14:40:13[0m | [1mINFO    [0m | [36mbackend.strategies.core.market_structure[0m:[36mupdate[0m | [1mBOS fired: BULLISH | Broken level: 6000.034 | BOS count: 55 | Trend Confirmed: True[0m
[32m14:40:13[0m | [1mINFO    [0m | [36mbackend.strategies.core.market_structure[0m:[36mupdate[0m | [1mBOS fired: BULLISH | Broken level: 6000.034 | BOS count: 56 | Trend Confirmed: True[0m
[32m14:40:13[0m | [1mINFO    [0m | [36mbackend.strategies.core.market_structure[0m:[36mupdate[0m | [1mBOS fired: BULLISH | Broken level: 6000.034 | BOS count: 57 | Trend Confirmed: True[0m
[32m14:40:13[0m | [1mINFO    [0m | [36mbackend.strategies.core.market_structure[0m:[36mupdate[0m | [1mBOS fired: BULLISH | Broken level: 6162.269 | BOS count: 58 | Trend Confirmed: True[0m
[32m14:40:13[0m | [1mINFO    [0m | [36mbackend.strategies.core.market_structure[0m:[36mupdate[0m | [1mBOS fired: BULLISH | Broken level: 6149.342 | BOS count: 59 | Trend Confirmed: True[0m
[32m14:40:13[0m | [1mINFO    [0m | [36mbackend.strategies.core.market_structure[0m:[36mupdate[0m | [1mBOS fired: BULLISH | Broken level: 6149.342 | BOS count: 60 | Trend Confirmed: True[0m
[32m14:40:13[0m | [1mINFO    [0m | [36mbackend.strategies.core.market_structure[0m:[36mupdate[0m | [1mBOS fired: BULLISH | Broken level: 6149.342 | BOS count: 61 | Trend Confirmed: True[0m
[32m14:40:13[0m | [1mINFO    [0m | [36mbackend.strategies.core.market_structure[0m:[36mupdate[0m | [1mBOS fired: BULLISH | Broken level: 6149.342 | BOS count: 62 | Trend Confirmed: True[0m
[32m14:40:13[0m | [1mINFO    [0m | [36mbackend.strategies.core.market_structure[0m:[36mupdate[0m | [1mBOS fired: BULLISH | Broken level: 6149.342 | BOS count: 63 | Trend Confirmed: True[0m
[32m14:40:13[0m | [1mINFO    [0m | [36mbackend.strategies.core.market_structure[0m:[36mupdate[0m | [1mBOS fired: BULLISH | Broken level: 6149.342 | BOS count: 64 | Trend Confirmed: True[0m
[32m14:40:13[0m | [1mINFO    [0m | [36mbackend.strategies.core.market_structure[0m:[36mupdate[0m | [1mBOS fired: BULLISH | Broken level: 6149.342 | BOS count: 65 | Trend Confirmed: True[0m
[32m14:40:13[0m | [1mINFO    [0m | [36mbackend.strategies.core.market_structure[0m:[36mupdate[0m | [1mBOS fired: BULLISH | Broken level: 6149.342 | BOS count: 66 | Trend Confirmed: True[0m
[32m14:40:13[0m | [1mINFO    [0m | [36mbackend.strategies.core.market_structure[0m:[36mupdate[0m | [1mBOS fired: BULLISH | Broken level: 6149.342 | BOS count: 67 | Trend Confirmed: True[0m
[32m14:40:13[0m | [1mINFO    [0m | [36mbackend.strategies.core.market_structure[0m:[36mupdate[0m | [1mBOS fired: BULLISH | Broken level: 6149.342 | BOS count: 68 | Trend Confirmed: True[0m
[32m14:40:13[0m | [1mINFO    [0m | [36mbackend.strategies.core.market_structure[0m:[36mupdate[0m | [1mBOS fired: BULLISH | Broken level: 6149.342 | BOS count: 69 | Trend Confirmed: True[0m
[32m14:40:13[0m | [1mINFO    [0m | [36mbackend.strategies.core.market_structure[0m:[36mupdate[0m | [1mBOS fired: BULLISH | Broken level: 6149.342 | BOS count: 70 | Trend Confirmed: True[0m
[32m14:40:14[0m | [1mINFO    [0m | [36mbackend.strategies.core.market_structure[0m:[36mupdate[0m | [1mBOS fired: BULLISH | Broken level: 6149.342 | BOS count: 71 | Trend Confirmed: True[0m
[32m14:40:14[0m | [1mINFO    [0m | [36mbackend.strategies.core.market_structure[0m:[36mupdate[0m | [1mBOS fired: BULLISH | Broken level: 6149.342 | BOS count: 72 | Trend Confirmed: True[0m
[32m14:40:14[0m | [1mINFO    [0m | [36mbackend.strategies.core.market_structure[0m:[36mupdate[0m | [1mBOS fired: BULLISH | Broken level: 6149.342 | BOS count: 73 | Trend Confirmed: True[0m
[32m14:40:14[0m | [1mINFO    [0m | [36mbackend.strategies.core.market_structure[0m:[36mupdate[0m | [1mBOS fired: BULLISH | Broken level: 6149.342 | BOS count: 74 | Trend Confirmed: True[0m
[32m14:40:14[0m | [1mINFO    [0m | [36mbackend.strategies.core.market_structure[0m:[36mupdate[0m | [1mBOS fired: BULLISH | Broken level: 6096.709 | BOS count: 75 | Trend Confirmed: True[0m
[32m14:40:14[0m | [1mINFO    [0m | [36mbackend.strategies.core.market_structure[0m:[36mupdate[0m | [1mBOS fired: BULLISH | Broken level: 6096.709 | BOS count: 76 | Trend Confirmed: True[0m
[32m14:40:14[0m | [1mINFO    [0m | [36mbackend.strategies.core.market_structure[0m:[36mupdate[0m | [1mBOS fired: BULLISH | Broken level: 6096.709 | BOS count: 77 | Trend Confirmed: True[0m
[32m14:40:14[0m | [1mINFO    [0m | [36mbackend.strategies.core.market_structure[0m:[36mupdate[0m | [1mBOS fired: BULLISH | Broken level: 6096.709 | BOS count: 78 | Trend Confirmed: True[0m
[32m14:40:14[0m | [1mINFO    [0m | [36mbackend.strategies.core.market_structure[0m:[36mupdate[0m | [1mChoCH fired: BEARISH | Broken level: 6083.54 | BOS count: 1[0m
[32m14:40:14[0m | [1mINFO    [0m | [36mbackend.strategies.core.market_structure[0m:[36mupdate[0m | [1mBOS fired: BEARISH | Broken level: 6083.54 | BOS count: 2 | Trend Confirmed: True[0m
[32m14:40:14[0m | [1mINFO    [0m | [36mbackend.strategies.core.market_structure[0m:[36mupdate[0m | [1mBOS fired: BEARISH | Broken level: 6083.54 | BOS count: 3 | Trend Confirmed: True[0m
[32m14:40:14[0m | [1mINFO    [0m | [36mbackend.strategies.core.market_structure[0m:[36mupdate[0m | [1mBOS fired: BEARISH | Broken level: 6083.54 | BOS count: 4 | Trend Confirmed: True[0m
[32m14:40:14[0m | [1mINFO    [0m | [36mbackend.strategies.core.market_structure[0m:[36mupdate[0m | [1mBOS fired: BEARISH | Broken level: 6083.54 | BOS count: 5 | Trend Confirmed: True[0m
[32m14:40:14[0m | [1mINFO    [0m | [36mbackend.strategies.core.market_structure[0m:[36mupdate[0m | [1mBOS fired: BEARISH | Broken level: 6083.54 | BOS count: 6 | Trend Confirmed: True[0m
[32m14:40:14[0m | [1mINFO    [0m | [36mbackend.strategies.core.market_structure[0m:[36mupdate[0m | [1mBOS fired: BEARISH | Broken level: 6083.54 | BOS count: 7 | Trend Confirmed: True[0m
[32m14:40:14[0m | [1mINFO    [0m | [36mbackend.strategies.core.market_structure[0m:[36mupdate[0m | [1mBOS fired: BEARISH | Broken level: 6056.867 | BOS count: 8 | Trend Confirmed: True[0m
[32m14:40:14[0m | [1mINFO    [0m | [36mbackend.strategies.core.market_structure[0m:[36mupdate[0m | [1mBOS fired: BEARISH | Broken level: 6056.867 | BOS count: 9 | Trend Confirmed: True[0m
[32m14:40:14[0m | [1mINFO    [0m | [36mbackend.strategies.core.market_structure[0m:[36mupdate[0m | [1mBOS fired: BEARISH | Broken level: 6056.867 | BOS count: 10 | Trend Confirmed: True[0m
[32m14:40:14[0m | [1mINFO    [0m | [36mbackend.strategies.core.market_structure[0m:[36mupdate[0m | [1mBOS fired: BEARISH | Broken level: 6056.867 | BOS count: 11 | Trend Confirmed: True[0m
[32m14:40:14[0m | [1mINFO    [0m | [36mbackend.strategies.core.market_structure[0m:[36mupdate[0m | [1mBOS fired: BEARISH | Broken level: 6056.867 | BOS count: 12 | Trend Confirmed: True[0m
[32m14:40:14[0m | [1mINFO    [0m | [36mbackend.strategies.core.market_structure[0m:[36mupdate[0m | [1mBOS fired: BEARISH | Broken level: 6056.867 | BOS count: 13 | Trend Confirmed: True[0m
[32m14:40:14[0m | [1mINFO    [0m | [36mbackend.strategies.core.market_structure[0m:[36mupdate[0m | [1mBOS fired: BEARISH | Broken level: 6056.867 | BOS count: 14 | Trend Confirmed: True[0m
[32m14:40:14[0m | [1mINFO    [0m | [36mbackend.strategies.core.market_structure[0m:[36mupdate[0m | [1mBOS fired: BEARISH | Broken level: 6056.867 | BOS count: 15 | Trend Confirmed: True[0m
[32m14:40:14[0m | [1mINFO    [0m | [36mbackend.strategies.core.market_structure[0m:[36mupdate[0m | [1mBOS fired: BEARISH | Broken level: 6056.867 | BOS count: 16 | Trend Confirmed: True[0m
[32m14:40:14[0m | [1mINFO    [0m | [36mbackend.strategies.core.market_structure[0m:[36mupdate[0m | [1mBOS fired: BEARISH | Broken level: 6056.867 | BOS count: 17 | Trend Confirmed: True[0m
[32m14:40:14[0m | [1mINFO    [0m | [36mbackend.strategies.core.market_structure[0m:[36mupdate[0m | [1mBOS fired: BEARISH | Broken level: 6056.867 | BOS count: 18 | Trend Confirmed: True[0m
[32m14:40:14[0m | [1mINFO    [0m | [36mbackend.strategies.core.market_structure[0m:[36mupdate[0m | [1mBOS fired: BEARISH | Broken level: 6056.867 | BOS count: 19 | Trend Confirmed: True[0m
[32m14:40:14[0m | [1mINFO    [0m | [36mbackend.strategies.core.market_structure[0m:[36mupdate[0m | [1mBOS fired: BEARISH | Broken level: 6056.867 | BOS count: 20 | Trend Confirmed: True[0m
[32m14:40:14[0m | [1mINFO    [0m | [36mbackend.strategies.core.market_structure[0m:[36mupdate[0m | [1mBOS fired: BEARISH | Broken level: 6056.867 | BOS count: 21 | Trend Confirmed: True[0m
[32m14:40:14[0m | [1mINFO    [0m | [36mbackend.strategies.core.market_structure[0m:[36mupdate[0m | [1mBOS fired: BEARISH | Broken level: 6056.867 | BOS count: 22 | Trend Confirmed: True[0m
[32m14:40:14[0m | [1mINFO    [0m | [36mbackend.strategies.core.market_structure[0m:[36mupdate[0m | [1mBOS fired: BEARISH | Broken level: 6056.867 | BOS count: 23 | Trend Confirmed: True[0m
[32m14:40:14[0m | [1mINFO    [0m | [36mbackend.strategies.core.market_structure[0m:[36mupdate[0m | [1mBOS fired: BEARISH | Broken level: 6056.867 | BOS count: 24 | Trend Confirmed: True[0m
[32m14:40:15[0m | [1mINFO    [0m | [36mbackend.strategies.core.market_structure[0m:[36mupdate[0m | [1mBOS fired: BEARISH | Broken level: 6043.121 | BOS count: 25 | Trend Confirmed: True[0m
[32m14:40:15[0m | [1mINFO    [0m | [36mbackend.strategies.core.market_structure[0m:[36mupdate[0m | [1mChoCH fired: BULLISH | Broken level: 6057.718 | BOS count: 1[0m
[32m14:40:15[0m | [1mINFO    [0m | [36mbackend.strategies.core.market_structure[0m:[36mupdate[0m | [1mBOS fired: BULLISH | Broken level: 6057.718 | BOS count: 2 | Trend Confirmed: True[0m
[32m14:40:15[0m | [1mINFO    [0m | [36mbackend.strategies.core.market_structure[0m:[36mupdate[0m | [1mBOS fired: BULLISH | Broken level: 6057.718 | BOS count: 3 | Trend Confirmed: True[0m
[32m14:40:15[0m | [1mINFO    [0m | [36mbackend.strategies.core.market_structure[0m:[36mupdate[0m | [1mBOS fired: BULLISH | Broken level: 6057.718 | BOS count: 4 | Trend Confirmed: True[0m
[32m14:40:15[0m | [1mINFO    [0m | [36mbackend.strategies.core.market_structure[0m:[36mupdate[0m | [1mBOS fired: BULLISH | Broken level: 6051.613 | BOS count: 5 | Trend Confirmed: True[0m
[32m14:40:15[0m | [1mINFO    [0m | [36mbackend.strategies.core.market_structure[0m:[36mupdate[0m | [1mBOS fired: BULLISH | Broken level: 6010.453 | BOS count: 6 | Trend Confirmed: True[0m
[32m14:40:15[0m | [1mINFO    [0m | [36mbackend.strategies.core.market_structure[0m:[36mupdate[0m | [1mBOS fired: BULLISH | Broken level: 6010.453 | BOS count: 7 | Trend Confirmed: True[0m
[32m14:40:15[0m | [1mINFO    [0m | [36mbackend.strategies.core.market_structure[0m:[36mupdate[0m | [1mChoCH fired: BEARISH | Broken level: 5996.507 | BOS count: 1[0m
[32m14:40:15[0m | [1mINFO    [0m | [36mbackend.strategies.core.market_structure[0m:[36mupdate[0m | [1mBOS fired: BEARISH | Broken level: 5996.507 | BOS count: 2 | Trend Confirmed: True[0m
[32m14:40:15[0m | [1mINFO    [0m | [36mbackend.strategies.core.market_structure[0m:[36mupdate[0m | [1mBOS fired: BEARISH | Broken level: 5996.507 | BOS count: 3 | Trend Confirmed: True[0m
[32m14:40:16[0m | [1mINFO    [0m | [36mbackend.strategies.core.market_structure[0m:[36mupdate[0m | [1mBOS fired: BEARISH | Broken level: 5996.507 | BOS count: 4 | Trend Confirmed: True[0m
[32m14:40:16[0m | [1mINFO    [0m | [36mbackend.strategies.core.market_structure[0m:[36mupdate[0m | [1mBOS fired: BEARISH | Broken level: 5996.507 | BOS count: 5 | Trend Confirmed: True[0m
[32m14:40:16[0m | [1mINFO    [0m | [36mbackend.strategies.core.market_structure[0m:[36mupdate[0m | [1mBOS fired: BEARISH | Broken level: 5996.507 | BOS count: 6 | Trend Confirmed: True[0m
[32m14:40:16[0m | [1mINFO    [0m | [36mbackend.strategies.core.market_structure[0m:[36mupdate[0m | [1mBOS fired: BEARISH | Broken level: 5990.222 | BOS count: 7 | Trend Confirmed: True[0m
[32m14:40:16[0m | [1mINFO    [0m | [36mbackend.strategies.core.market_structure[0m:[36mupdate[0m | [1mBOS fired: BEARISH | Broken level: 5988.708 | BOS count: 8 | Trend Confirmed: True[0m
[32m14:40:16[0m | [1mINFO    [0m | [36mbackend.strategies.core.market_structure[0m:[36mupdate[0m | [1mBOS fired: BEARISH | Broken level: 5988.708 | BOS count: 9 | Trend Confirmed: True[0m
[32m14:40:16[0m | [1mINFO    [0m | [36mbackend.strategies.core.market_structure[0m:[36mupdate[0m | [1mBOS fired: BEARISH | Broken level: 5988.708 | BOS count: 10 | Trend Confirmed: True[0m
[32m14:40:16[0m | [1mINFO    [0m | [36mbackend.strategies.core.market_structure[0m:[36mupdate[0m | [1mBOS fired: BEARISH | Broken level: 5988.708 | BOS count: 11 | Trend Confirmed: True[0m
[32m14:40:16[0m | [1mINFO    [0m | [36mbackend.strategies.core.market_structure[0m:[36mupdate[0m | [1mBOS fired: BEARISH | Broken level: 5988.708 | BOS count: 12 | Trend Confirmed: True[0m
[32m14:40:16[0m | [1mINFO    [0m | [36mbackend.strategies.core.market_structure[0m:[36mupdate[0m | [1mBOS fired: BEARISH | Broken level: 5988.708 | BOS count: 13 | Trend Confirmed: True[0m
[32m14:40:16[0m | [1mINFO    [0m | [36mbackend.strategies.core.market_structure[0m:[36mupdate[0m | [1mBOS fired: BEARISH | Broken level: 5988.708 | BOS count: 14 | Trend Confirmed: True[0m
[32m14:40:16[0m | [1mINFO    [0m | [36mbackend.strategies.core.market_structure[0m:[36mupdate[0m | [1mBOS fired: BEARISH | Broken level: 5988.708 | BOS count: 15 | Trend Confirmed: True[0m
[32m14:40:16[0m | [1mINFO    [0m | [36mbackend.strategies.core.market_structure[0m:[36mupdate[0m | [1mBOS fired: BEARISH | Broken level: 5968.345 | BOS count: 16 | Trend Confirmed: True[0m
[32m14:40:16[0m | [1mINFO    [0m | [36mbackend.strategies.core.market_structure[0m:[36mupdate[0m | [1mBOS fired: BEARISH | Broken level: 5967.277 | BOS count: 17 | Trend Confirmed: True[0m
[32m14:40:16[0m | [1mINFO    [0m | [36mbackend.strategies.core.market_structure[0m:[36mupdate[0m | [1mBOS fired: BEARISH | Broken level: 5967.277 | BOS count: 18 | Trend Confirmed: True[0m
[32m14:40:16[0m | [1mINFO    [0m | [36mbackend.strategies.core.market_structure[0m:[36mupdate[0m | [1mBOS fired: BEARISH | Broken level: 5967.277 | BOS count: 19 | Trend Confirmed: True[0m
[32m14:40:16[0m | [1mINFO    [0m | [36mbackend.strategies.core.market_structure[0m:[36mupdate[0m | [1mBOS fired: BEARISH | Broken level: 5967.277 | BOS count: 20 | Trend Confirmed: True[0m
[32m14:40:16[0m | [1mINFO    [0m | [36mbackend.strategies.core.market_structure[0m:[36mupdate[0m | [1mBOS fired: BEARISH | Broken level: 5967.277 | BOS count: 21 | Trend Confirmed: True[0m
[32m14:40:16[0m | [1mINFO    [0m | [36mbackend.strategies.core.market_structure[0m:[36mupdate[0m | [1mBOS fired: BEARISH | Broken level: 5967.277 | BOS count: 22 | Trend Confirmed: True[0m
[32m14:40:16[0m | [1mINFO    [0m | [36mbackend.strategies.core.market_structure[0m:[36mupdate[0m | [1mBOS fired: BEARISH | Broken level: 5967.277 | BOS count: 23 | Trend Confirmed: True[0m
[32m14:40:16[0m | [1mINFO    [0m | [36mbackend.strategies.core.market_structure[0m:[36mupdate[0m | [1mBOS fired: BEARISH | Broken level: 5967.277 | BOS count: 24 | Trend Confirmed: True[0m
[32m14:40:16[0m | [1mINFO    [0m | [36mbackend.strategies.core.market_structure[0m:[36mupdate[0m | [1mBOS fired: BEARISH | Broken level: 5967.277 | BOS count: 25 | Trend Confirmed: True[0m
[32m14:40:16[0m | [1mINFO    [0m | [36mbackend.strategies.core.market_structure[0m:[36mupdate[0m | [1mBOS fired: BEARISH | Broken level: 5967.277 | BOS count: 26 | Trend Confirmed: True[0m
[32m14:40:16[0m | [1mINFO    [0m | [36mbackend.strategies.core.market_structure[0m:[36mupdate[0m | [1mBOS fired: BEARISH | Broken level: 5954.954 | BOS count: 27 | Trend Confirmed: True[0m
[32m14:40:16[0m | [1mINFO    [0m | [36mbackend.strategies.core.market_structure[0m:[36mupdate[0m | [1mBOS fired: BEARISH | Broken level: 5954.954 | BOS count: 28 | Trend Confirmed: True[0m
[32m14:40:16[0m | [1mINFO    [0m | [36mbackend.strategies.core.market_structure[0m:[36mupdate[0m | [1mChoCH fired: BULLISH | Broken level: 5969.268 | BOS count: 1[0m
[32m14:40:16[0m | [1mINFO    [0m | [36mbackend.strategies.core.market_structure[0m:[36mupdate[0m | [1mBOS fired: BULLISH | Broken level: 5972.04 | BOS count: 2 | Trend Confirmed: True[0m
[32m14:40:16[0m | [1mINFO    [0m | [36mbackend.strategies.core.market_structure[0m:[36mupdate[0m | [1mBOS fired: BULLISH | Broken level: 5972.04 | BOS count: 3 | Trend Confirmed: True[0m
[32m14:40:16[0m | [1mINFO    [0m | [36mbackend.strategies.core.market_structure[0m:[36mupdate[0m | [1mBOS fired: BULLISH | Broken level: 5972.04 | BOS count: 4 | Trend Confirmed: True[0m
[32m14:40:16[0m | [1mINFO    [0m | [36mbackend.strategies.core.market_structure[0m:[36mupdate[0m | [1mBOS fired: BULLISH | Broken level: 5972.04 | BOS count: 5 | Trend Confirmed: True[0m
[32m14:40:16[0m | [1mINFO    [0m | [36mbackend.strategies.core.market_structure[0m:[36mupdate[0m | [1mBOS fired: BULLISH | Broken level: 5972.04 | BOS count: 6 | Trend Confirmed: True[0m
[32m14:40:16[0m | [1mINFO    [0m | [36mbackend.strategies.core.market_structure[0m:[36mupdate[0m | [1mBOS fired: BULLISH | Broken level: 5972.04 | BOS count: 7 | Trend Confirmed: True[0m
[32m14:40:16[0m | [1mINFO    [0m | [36mbackend.strategies.core.market_structure[0m:[36mupdate[0m | [1mBOS fired: BULLISH | Broken level: 5972.04 | BOS count: 8 | Trend Confirmed: True[0m
[32m14:40:16[0m | [1mINFO    [0m | [36mbackend.strategies.core.market_structure[0m:[36mupdate[0m | [1mBOS fired: BULLISH | Broken level: 5972.04 | BOS count: 9 | Trend Confirmed: True[0m
[32m14:40:16[0m | [1mINFO    [0m | [36mbackend.strategies.core.market_structure[0m:[36mupdate[0m | [1mBOS fired: BULLISH | Broken level: 5972.04 | BOS count: 10 | Trend Confirmed: True[0m
[32m14:40:16[0m | [1mINFO    [0m | [36mbackend.strategies.core.market_structure[0m:[36mupdate[0m | [1mBOS fired: BULLISH | Broken level: 5972.04 | BOS count: 11 | Trend Confirmed: True[0m
[32m14:40:16[0m | [1mINFO    [0m | [36mbackend.strategies.core.market_structure[0m:[36mupdate[0m | [1mBOS fired: BULLISH | Broken level: 5972.04 | BOS count: 12 | Trend Confirmed: True[0m
[32m14:40:16[0m | [1mINFO    [0m | [36mbackend.strategies.core.market_structure[0m:[36mupdate[0m | [1mBOS fired: BULLISH | Broken level: 5972.04 | BOS count: 13 | Trend Confirmed: True[0m
[32m14:40:16[0m | [1mINFO    [0m | [36mbackend.strategies.core.market_structure[0m:[36mupdate[0m | [1mBOS fired: BULLISH | Broken level: 5972.04 | BOS count: 14 | Trend Confirmed: True[0m
[32m14:40:16[0m | [1mINFO    [0m | [36mbackend.strategies.core.market_structure[0m:[36mupdate[0m | [1mBOS fired: BULLISH | Broken level: 5972.04 | BOS count: 15 | Trend Confirmed: True[0m
[32m14:40:16[0m | [1mINFO    [0m | [36mbackend.strategies.core.market_structure[0m:[36mupdate[0m | [1mBOS fired: BULLISH | Broken level: 5972.04 | BOS count: 16 | Trend Confirmed: True[0m
[32m14:40:17[0m | [1mINFO    [0m | [36mbackend.strategies.core.market_structure[0m:[36mupdate[0m | [1mBOS fired: BULLISH | Broken level: 6003.34 | BOS count: 17 | Trend Confirmed: True[0m
[32m14:40:17[0m | [1mINFO    [0m | [36mbackend.strategies.core.market_structure[0m:[36mupdate[0m | [1mBOS fired: BULLISH | Broken level: 6003.34 | BOS count: 18 | Trend Confirmed: True[0m
[32m14:40:17[0m | [1mINFO    [0m | [36mbackend.strategies.core.market_structure[0m:[36mupdate[0m | [1mBOS fired: BULLISH | Broken level: 6003.34 | BOS count: 19 | Trend Confirmed: True[0m
[32m14:40:17[0m | [1mINFO    [0m | [36mbackend.strategies.core.market_structure[0m:[36mupdate[0m | [1mBOS fired: BULLISH | Broken level: 5914.539 | BOS count: 20 | Trend Confirmed: True[0m
[32m14:40:17[0m | [1mINFO    [0m | [36mbackend.strategies.core.market_structure[0m:[36mupdate[0m | [1mBOS fired: BULLISH | Broken level: 5914.539 | BOS count: 21 | Trend Confirmed: True[0m
[32m14:40:17[0m | [1mINFO    [0m | [36mbackend.strategies.core.market_structure[0m:[36mupdate[0m | [1mBOS fired: BULLISH | Broken level: 5914.539 | BOS count: 22 | Trend Confirmed: True[0m
[32m14:40:17[0m | [1mINFO    [0m | [36mbackend.strategies.core.market_structure[0m:[36mupdate[0m | [1mBOS fired: BULLISH | Broken level: 5914.539 | BOS count: 23 | Trend Confirmed: True[0m
[32m14:40:17[0m | [1mINFO    [0m | [36mbackend.strategies.core.market_structure[0m:[36mupdate[0m | [1mBOS fired: BULLISH | Broken level: 5914.539 | BOS count: 24 | Trend Confirmed: True[0m
[32m14:40:17[0m | [1mINFO    [0m | [36mbackend.strategies.core.market_structure[0m:[36mupdate[0m | [1mBOS fired: BULLISH | Broken level: 5914.539 | BOS count: 25 | Trend Confirmed: True[0m
[32m14:40:17[0m | [1mINFO    [0m | [36mbackend.strategies.core.market_structure[0m:[36mupdate[0m | [1mBOS fired: BULLISH | Broken level: 5914.539 | BOS count: 26 | Trend Confirmed: True[0m
[32m14:40:17[0m | [1mINFO    [0m | [36mbackend.strategies.core.market_structure[0m:[36mupdate[0m | [1mBOS fired: BULLISH | Broken level: 5914.539 | BOS count: 27 | Trend Confirmed: True[0m
[32m14:40:17[0m | [1mINFO    [0m | [36mbackend.strategies.core.market_structure[0m:[36mupdate[0m | [1mBOS fired: BULLISH | Broken level: 5914.539 | BOS count: 28 | Trend Confirmed: True[0m
[32m14:40:17[0m | [1mINFO    [0m | [36mbackend.strategies.core.market_structure[0m:[36mupdate[0m | [1mBOS fired: BULLISH | Broken level: 5914.539 | BOS count: 29 | Trend Confirmed: True[0m
[32m14:40:17[0m | [1mINFO    [0m | [36mbackend.strategies.core.market_structure[0m:[36mupdate[0m | [1mBOS fired: BULLISH | Broken level: 5914.539 | BOS count: 30 | Trend Confirmed: True[0m
DriftJumpAlpha_v1 x Crash 1000 Index: 406 signals from 20000 M5 bars
window 2026-06-22 -> 2026-08-30

  cap  trades       P&L $     expR      totR      WR     PF   maxDD%
[32m14:40:17[0m | [1mINFO    [0m | [36mbackend.risk.position_sizer[0m:[36mfreeze_symbol_info[0m | [1m[SIZER] Symbol info FROZEN for this run — sizing and PnL will use identical values.[0m
[32m14:40:17[0m | [1mINFO    [0m | [36mbackend.backtester.engine[0m:[36mrun[0m | [1m[ENGINE] \u2550\u2550\u2550 Starting backtest engine \u2550\u2550\u2550[0m
[32m14:40:17[0m | [1mINFO    [0m | [36mbackend.backtester.engine[0m:[36mrun[0m | [1m[ENGINE] Balance: $10000.0 | Signals: 406 | Candles: 20000[0m
[32m14:40:17[0m | [1mINFO    [0m | [36mbackend.backtester.engine[0m:[36mrun[0m | [1m[ENGINE] Risk config: risk_pct=1.0% | min_rr=None | tp_count=1[0m
[32m14:40:17[0m | [1mINFO    [0m | [36mbackend.backtester.engine[0m:[36m_costs_for[0m | [1m[COSTS] Crash 1000 Index | spread=2.00p slippage=1.00p commission=$0.00/lot swap_long=0.0000/lot/day swap_short=0.0000/lot/day stops_level=2.00p | broker_source=ASSET_CLASS_DEFAULT | per-field={'slippage_pips': 'ASSET_CLASS_DEFAULT', 'commission_per_lot': 'ASSET_CLASS_DEFAULT', 'spread_pips': 'ASSET_CLASS_DEFAULT', 'swap_long_per_lot_per_day': 'ASSET_CLASS_DEFAULT', 'swap_short_per_lot_per_day': 'ASSET_CLASS_DEFAULT', 'stops_level_pips': 'ASSET_CLASS_DEFAULT', 'exit_slippage_pips': 'DEFAULT_EQUALS_SLIPPAGE_PIPS'}[0m
C:\Users\ikchr\Documents\AlgoEdge\backend\backtester\engine.py:754: FutureWarning: The behavior of DatetimeProperties.to_pydatetime is deprecated, in a future version this will return a Series containing python datetime objects instead of an ndarray. To retain the old behavior, call `np.array` on the result
  dt_arr = dt_series.dt.to_pydatetime()
[32m14:40:21[0m | [1mINFO    [0m | [36mbackend.risk.position_sizer[0m:[36mcalculate_lot_size[0m | [1m[SIZER] Crash 1000 Index: lot=2.818 | risk=$99.96 (1.00%) | source=InstrumentProfile[0m
[32m14:40:21[0m | [1mINFO    [0m | [36mbackend.risk.engine[0m:[36mevaluate_signal[0m | [1m{"event": "trade_approved", "direction": "BUY", "symbol": "Crash 1000 Index", "entry": 6069.389, "sl": 6033.917035714286, "risk_dollars": 99.95999535714324, "lots": 2.818, "tp_count": 1, "last_tp_rr": 5.0, "binding_constraint": "none"}[0m
[32m14:40:21[0m | [1mINFO    [0m | [36mbackend.risk.position_sizer[0m:[36mcalculate_lot_size[0m | [1m[SIZER] Crash 1000 Index: lot=0.818 | risk=$14.99 (0.15%) | source=InstrumentProfile[0m
[32m14:40:21[0m | [1mINFO    [0m | [36mbackend.risk.engine[0m:[36mevaluate_signal[0m | [1m{"event": "trade_approved", "direction": "BUY", "symbol": "Crash 1000 Index", "entry": 6026.867, "sl": 6008.537142857143, "risk_dollars": 14.97549328571399, "lots": 0.818, "tp_count": 1, "last_tp_rr": 5.0, "binding_constraint": "lot_max"}[0m
[32m14:40:21[0m | [1mINFO    [0m | [36mbackend.risk.position_sizer[0m:[36mcalculate_lot_size[0m | [1m[SIZER] Crash 1000 Index: lot=4.109 | risk=$99.97 (1.00%) | source=InstrumentProfile[0m
[32m14:40:21[0m | [1mINFO    [0m | [36mbackend.risk.engine[0m:[36mevaluate_signal[0m | [1m{"event": "trade_approved", "direction": "BUY", "symbol": "Crash 1000 Index", "entry": 6024.325, "sl": 5999.996321428571, "risk_dollars": 99.9665402500018, "lots": 4.109, "tp_count": 1, "last_tp_rr": 5.0, "binding_constraint": "none"}[0m
[32m14:40:21[0m | [1mINFO    [0m | [36mbackend.risk.position_sizer[0m:[36mcalculate_lot_size[0m | [1m[SIZER] Crash 1000 Index: lot=6.519 | risk=$99.97 (1.00%) | source=InstrumentProfile[0m
[32m14:40:21[0m | [1mINFO    [0m | [36mbackend.risk.engine[0m:[36mevaluate_signal[0m | [1m{"event": "trade_approved", "direction": "BUY", "symbol": "Crash 1000 Index", "entry": 6083.587, "sl": 6068.252035714286, "risk_dollars": 99.96863217857417, "lots": 6.519, "tp_count": 1, "last_tp_rr": 5.0, "binding_constraint": "none"}[0m
[32m14:40:21[0m | [1mINFO    [0m | [36mbackend.risk.breakeven_manager[0m:[36mcheck_breakeven[0m | [1mBreak-even triggered: SL 6068.26004 -> 6083.60000[0m
[32m14:40:21[0m | [1mINFO    [0m | [36mbackend.risk.position_sizer[0m:[36mcalculate_lot_size[0m | [1m[SIZER] Crash 1000 Index: lot=7.529 | risk=$99.98 (1.00%) | source=InstrumentProfile[0m
[32m14:40:21[0m | [1mINFO    [0m | [36mbackend.risk.engine[0m:[36mevaluate_signal[0m | [1m{"event": "trade_approved", "direction": "BUY", "symbol": "Crash 1000 Index", "entry": 5999.904, "sl": 5986.625035714285, "risk_dollars": 99.97732210714913, "lots": 7.529, "tp_count": 1, "last_tp_rr": 5.0, "binding_constraint": "none"}[0m
[32m14:40:21[0m | [1mINFO    [0m | [36mbackend.risk.position_sizer[0m:[36mcalculate_lot_size[0m | [1m[SIZER] Crash 1000 Index: lot=0.769 | risk=$13.99 (0.14%) | source=InstrumentProfile[0m
[32m14:40:21[0m | [1mINFO    [0m | [36mbackend.risk.engine[0m:[36mevaluate_signal[0m | [1m{"event": "trade_approved", "direction": "BUY", "symbol": "Crash 1000 Index", "entry": 5992.267, "sl": 5974.080285714286, "risk_dollars": 13.985583285713764, "lots": 0.769, "tp_count": 1, "last_tp_rr": 5.0, "binding_constraint": "none"}[0m
[32m14:40:21[0m | [1mINFO    [0m | [36mbackend.risk.position_sizer[0m:[36mcalculate_lot_size[0m | [1m[SIZER] Crash 1000 Index: lot=7.595 | risk=$99.96 (1.00%) | source=InstrumentProfile[0m
[32m14:40:21[0m | [1mINFO    [0m | [36mbackend.risk.engine[0m:[36mevaluate_signal[0m | [1m{"event": "trade_approved", "direction": "BUY", "symbol": "Crash 1000 Index", "entry": 5874.2, "sl": 5861.038107142857, "risk_dollars": 99.96457624999688, "lots": 7.595, "tp_count": 1, "last_tp_rr": 5.0, "binding_constraint": "none"}[0m
[32m14:40:21[0m | [1mINFO    [0m | [36mbackend.risk.position_sizer[0m:[36mcalculate_lot_size[0m | [1m[SIZER] Crash 1000 Index: lot=4.52 | risk=$99.99 (1.00%) | source=InstrumentProfile[0m
[32m14:40:21[0m | [1mINFO    [0m | [36mbackend.risk.engine[0m:[36mevaluate_signal[0m | [1m{"event": "trade_approved", "direction": "BUY", "symbol": "Crash 1000 Index", "entry": 5877.433, "sl": 5855.312285714285, "risk_dollars": 99.96350785714479, "lots": 4.52, "tp_count": 1, "last_tp_rr": 5.0, "binding_constraint": "lot_max"}[0m
[32m14:40:21[0m | [1mINFO    [0m | [36mbackend.risk.breakeven_manager[0m:[36mcheck_breakeven[0m | [1mBreak-even triggered: SL 5855.31729 -> 5877.44300[0m
[32m14:40:21[0m | [1mINFO    [0m | [36mbackend.risk.position_sizer[0m:[36mcalculate_lot_size[0m | [1m[SIZER] Crash 1000 Index: lot=1.558 | risk=$99.98 (1.00%) | source=InstrumentProfile[0m
[32m14:40:21[0m | [1mINFO    [0m | [36mbackend.risk.engine[0m:[36mevaluate_signal[0m | [1m{"event": "trade_approved", "direction": "BUY", "symbol": "Crash 1000 Index", "entry": 5992.564, "sl": 5928.392678571428, "risk_dollars": 99.97891878571502, "lots": 1.558, "tp_count": 1, "last_tp_rr": 5.0, "binding_constraint": "none"}[0m
[32m14:40:21[0m | [1mINFO    [0m | [36mbackend.risk.breakeven_manager[0m:[36mcheck_breakeven[0m | [1mBreak-even triggered: SL 5928.39768 -> 5992.57400[0m
[32m14:40:21[0m | [1mINFO    [0m | [36mbackend.risk.position_sizer[0m:[36mcalculate_lot_size[0m | [1m[SIZER] Crash 1000 Index: lot=4.334 | risk=$99.99 (1.00%) | source=InstrumentProfile[0m
[32m14:40:21[0m | [1mINFO    [0m | [36mbackend.risk.engine[0m:[36mevaluate_signal[0m | [1m{"event": "trade_approved", "direction": "BUY", "symbol": "Crash 1000 Index", "entry": 5893.272, "sl": 5870.202035714286, "risk_dollars": 99.96215525000041, "lots": 4.334, "tp_count": 1, "last_tp_rr": 5.0, "binding_constraint": "lot_max"}[0m
[32m14:40:21[0m | [1mINFO    [0m | [36mbackend.risk.breakeven_manager[0m:[36mcheck_breakeven[0m | [1mBreak-even triggered: SL 5870.20804 -> 5893.28300[0m
[32m14:40:21[0m | [1mINFO    [0m | [36mbackend.risk.position_sizer[0m:[36mcalculate_lot_size[0m | [1m[SIZER] Crash 1000 Index: lot=10.0 | risk=$89.53 (0.90%) | source=InstrumentProfile[0m
[32m14:40:21[0m | [1mINFO    [0m | [36mbackend.risk.engine[0m:[36mevaluate_signal[0m | [1m{"event": "trade_approved", "direction": "BUY", "symbol": "Crash 1000 Index", "entry": 5972.699, "sl": 5963.746214285715, "risk_dollars": 89.527857142848, "lots": 10.0, "tp_count": 1, "last_tp_rr": 5.0, "binding_constraint": "lot_max"}[0m
[32m14:40:21[0m | [1mINFO    [0m | [36mbackend.risk.breakeven_manager[0m:[36mcheck_breakeven[0m | [1mBreak-even triggered: SL 5963.74721 -> 5972.70500[0m
[32m14:40:21[0m | [1mINFO    [0m | [36mbackend.risk.position_sizer[0m:[36mcalculate_lot_size[0m | [1m[SIZER] Crash 1000 Index: lot=3.335 | risk=$99.97 (1.00%) | source=InstrumentProfile[0m
[32m14:40:21[0m | [1mINFO    [0m | [36mbackend.risk.engine[0m:[36mevaluate_signal[0m | [1m{"event": "trade_approved", "direction": "BUY", "symbol": "Crash 1000 Index", "entry": 5970.412, "sl": 5940.436785714285, "risk_dollars": 99.9673396428598, "lots": 3.335, "tp_count": 1, "last_tp_rr": 5.0, "binding_constraint": "none"}[0m
[32m14:40:21[0m | [1mINFO    [0m | [36mbackend.risk.position_sizer[0m:[36mcalculate_lot_size[0m | [1m[SIZER] Crash 1000 Index: lot=0.693 | risk=$14.98 (0.15%) | source=InstrumentProfile[0m
[32m14:40:21[0m | [1mINFO    [0m | [36mbackend.risk.engine[0m:[36mevaluate_signal[0m | [1m{"event": "trade_approved", "direction": "BUY", "symbol": "Crash 1000 Index", "entry": 6022.69, "sl": 6001.071857142857, "risk_dollars": 14.959754857142698, "lots": 0.693, "tp_count": 1, "last_tp_rr": 5.0, "binding_constraint": "lot_max"}[0m
[32m14:40:21[0m | [1mINFO    [0m | [36mbackend.risk.position_sizer[0m:[36mcalculate_lot_size[0m | [1m[SIZER] Crash 1000 Index: lot=1.171 | risk=$11.99 (0.12%) | source=InstrumentProfile[0m
[32m14:40:21[0m | [1mINFO    [0m | [36mbackend.risk.engine[0m:[36mevaluate_signal[0m | [1m{"event": "trade_approved", "direction": "BUY", "symbol": "Crash 1000 Index", "entry": 5965.696, "sl": 5955.456357142857, "risk_dollars": 11.99062178571425, "lots": 1.171, "tp_count": 1, "last_tp_rr": 5.0, "binding_constraint": "none"}[0m
[32m14:40:21[0m | [1mINFO    [0m | [36mbackend.risk.position_sizer[0m:[36mcalculate_lot_size[0m | [1m[SIZER] Crash 1000 Index: lot=0.564 | risk=$16.99 (0.17%) | source=InstrumentProfile[0m
[32m14:40:21[0m | [1mINFO    [0m | [36mbackend.risk.engine[0m:[36mevaluate_signal[0m | [1m{"event": "trade_approved", "direction": "BUY", "symbol": "Crash 1000 Index", "entry": 5957.608, "sl": 5927.479285714286, "risk_dollars": 16.962466142857274, "lots": 0.564, "tp_count": 1, "last_tp_rr": 5.0, "binding_constraint": "lot_max"}[0m
[32m14:40:21[0m | [1mINFO    [0m | [36mbackend.risk.breakeven_manager[0m:[36mcheck_breakeven[0m | [1mBreak-even triggered: SL 5927.48629 -> 5957.62000[0m
[32m14:40:21[0m | [1mINFO    [0m | [36mbackend.risk.position_sizer[0m:[36mcalculate_lot_size[0m | [1m[SIZER] Crash 1000 Index: lot=8.886 | risk=$99.96 (1.00%) | source=InstrumentProfile[0m
[32m14:40:21[0m | [1mINFO    [0m | [36mbackend.risk.engine[0m:[36mevaluate_signal[0m | [1m{"event": "trade_approved", "direction": "BUY", "symbol": "Crash 1000 Index", "entry": 5937.681, "sl": 5926.431428571429, "risk_dollars": 99.95244214284943, "lots": 8.886, "tp_count": 1, "last_tp_rr": 5.0, "binding_constraint": "lot_max"}[0m
[32m14:40:21[0m | [1mINFO    [0m | [36mbackend.risk.position_sizer[0m:[36mcalculate_lot_size[0m | [1m[SIZER] Crash 1000 Index: lot=0.601 | risk=$9.99 (0.10%) | source=InstrumentProfile[0m
[32m14:40:21[0m | [1mINFO    [0m | [36mbackend.risk.engine[0m:[36mevaluate_signal[0m | [1m{"event": "trade_approved", "direction": "BUY", "symbol": "Crash 1000 Index", "entry": 5943.046, "sl": 5926.42425, "risk_dollars": 9.989671750000149, "lots": 0.601, "tp_count": 1, "last_tp_rr": 5.0, "binding_constraint": "none"}[0m
[32m14:40:21[0m | [1mINFO    [0m | [36mbackend.risk.position_sizer[0m:[36mcalculate_lot_size[0m | [1m[SIZER] Crash 1000 Index: lot=3.551 | risk=$99.97 (1.00%) | source=InstrumentProfile[0m
[32m14:40:21[0m | [1mINFO    [0m | [36mbackend.risk.engine[0m:[36mevaluate_signal[0m | [1m{"event": "trade_approved", "direction": "BUY", "symbol": "Crash 1000 Index", "entry": 5898.688, "sl": 5870.535964285715, "risk_dollars": 99.96787882142738, "lots": 3.551, "tp_count": 1, "last_tp_rr": 5.0, "binding_constraint": "none"}[0m
[32m14:40:21[0m | [1mINFO    [0m | [36mbackend.risk.position_sizer[0m:[36mcalculate_lot_size[0m | [1m[SIZER] Crash 1000 Index: lot=6.824 | risk=$99.97 (1.00%) | source=InstrumentProfile[0m
[32m14:40:21[0m | [1mINFO    [0m | [36mbackend.risk.engine[0m:[36mevaluate_signal[0m | [1m{"event": "trade_approved", "direction": "BUY", "symbol": "Crash 1000 Index", "entry": 5872.819, "sl": 5858.1695, "risk_dollars": 99.96818800000302, "lots": 6.824, "tp_count": 1, "last_tp_rr": 5.0, "binding_constraint": "none"}[0m
[32m14:40:21[0m | [33m[1mWARNING [0m | [36mbackend.strategies.base_strategy[0m:[36mlog_event[0m | [33m[1m[DJA] [Crash 1000 Index] Max consecutive losses (4) reached. Cooldown until 2026-08-31T01:40:21.928311+00:00[0m
[32m14:40:21[0m | [33m[1mWARNING [0m | [36mbackend.services.bot_service[0m:[36m_log_event[0m | [33m[1m[BT-DJA] [Crash 1000 Index] Max consecutive losses (4) reached. Cooldown until 2026-08-31T01:40:21.928311+00:00[0m
[32m14:40:21[0m | [1mINFO    [0m | [36mbackend.risk.position_sizer[0m:[36mcalculate_lot_size[0m | [1m[SIZER] Crash 1000 Index: lot=5.49 | risk=$99.97 (1.00%) | source=InstrumentProfile[0m
[32m14:40:21[0m | [1mINFO    [0m | [36mbackend.risk.engine[0m:[36mevaluate_signal[0m | [1m{"event": "trade_approved", "direction": "BUY", "symbol": "Crash 1000 Index", "entry": 5883.534, "sl": 5865.324, "risk_dollars": 99.97290000000021, "lots": 5.49, "tp_count": 1, "last_tp_rr": 5.0, "binding_constraint": "none"}[0m
[32m14:40:21[0m | [33m[1mWARNING [0m | [36mbackend.strategies.base_strategy[0m:[36mlog_event[0m | [33m[1m[DJA] [Crash 1000 Index] Max consecutive losses (5) reached. Cooldown until 2026-08-31T01:40:21.944431+00:00[0m
[32m14:40:21[0m | [33m[1mWARNING [0m | [36mbackend.services.bot_service[0m:[36m_log_event[0m | [33m[1m[BT-DJA] [Crash 1000 Index] Max consecutive losses (5) reached. Cooldown until 2026-08-31T01:40:21.944431+00:00[0m
[32m14:40:21[0m | [1mINFO    [0m | [36mbackend.risk.position_sizer[0m:[36mcalculate_lot_size[0m | [1m[SIZER] Crash 1000 Index: lot=0.644 | risk=$9.98 (0.10%) | source=InstrumentProfile[0m
[32m14:40:21[0m | [1mINFO    [0m | [36mbackend.risk.engine[0m:[36mevaluate_signal[0m | [1m{"event": "trade_approved", "direction": "BUY", "symbol": "Crash 1000 Index", "entry": 5856.723, "sl": 5841.221285714286, "risk_dollars": 9.98310399999989, "lots": 0.644, "tp_count": 1, "last_tp_rr": 5.0, "binding_constraint": "none"}[0m
[32m14:40:21[0m | [1mINFO    [0m | [36mbackend.risk.breakeven_manager[0m:[36mcheck_breakeven[0m | [1mBreak-even triggered: SL 5841.22429 -> 5856.73100[0m
[32m14:40:21[0m | [1mINFO    [0m | [36mbackend.risk.position_sizer[0m:[36mcalculate_lot_size[0m | [1m[SIZER] Crash 1000 Index: lot=5.492 | risk=$99.97 (1.00%) | source=InstrumentProfile[0m
[32m14:40:21[0m | [1mINFO    [0m | [36mbackend.risk.engine[0m:[36mevaluate_signal[0m | [1m{"event": "trade_approved", "direction": "BUY", "symbol": "Crash 1000 Index", "entry": 5870.562, "sl": 5852.3596071428565, "risk_dollars": 99.96754157143168, "lots": 5.492, "tp_count": 1, "last_tp_rr": 5.0, "binding_constraint": "none"}[0m
[32m14:40:21[0m | [1mINFO    [0m | [36mbackend.risk.breakeven_manager[0m:[36mcheck_breakeven[0m | [1mBreak-even triggered: SL 5852.36461 -> 5870.57200[0m
[32m14:40:21[0m | [1mINFO    [0m | [36mbackend.risk.position_sizer[0m:[36mcalculate_lot_size[0m | [1m[SIZER] Crash 1000 Index: lot=2.569 | risk=$99.96 (1.00%) | source=InstrumentProfile[0m
[32m14:40:21[0m | [1mINFO    [0m | [36mbackend.risk.engine[0m:[36mevaluate_signal[0m | [1m{"event": "trade_approved", "direction": "BUY", "symbol": "Crash 1000 Index", "entry": 5899.863, "sl": 5860.953107142856, "risk_dollars": 99.95951475000257, "lots": 2.569, "tp_count": 1, "last_tp_rr": 5.0, "binding_constraint": "none"}[0m
[32m14:40:22[0m | [1mINFO    [0m | [36mbackend.risk.position_sizer[0m:[36mcalculate_lot_size[0m | [1m[SIZER] Crash 1000 Index: lot=5.628 | risk=$99.98 (1.00%) | source=InstrumentProfile[0m
[32m14:40:22[0m | [1mINFO    [0m | [36mbackend.risk.engine[0m:[36mevaluate_signal[0m | [1m{"event": "trade_approved", "direction": "BUY", "symbol": "Crash 1000 Index", "entry": 5802.222, "sl": 5784.457714285714, "risk_dollars": 99.97739999999884, "lots": 5.628, "tp_count": 1, "last_tp_rr": 5.0, "binding_constraint": "none"}[0m
[32m14:40:22[0m | [1mINFO    [0m | [36mbackend.risk.breakeven_manager[0m:[36mcheck_breakeven[0m | [1mBreak-even triggered: SL 5784.46071 -> 5802.23000[0m
[32m14:40:22[0m | [1mINFO    [0m | [36mbackend.risk.position_sizer[0m:[36mcalculate_lot_size[0m | [1m[SIZER] Crash 1000 Index: lot=4.889 | risk=$99.98 (1.00%) | source=InstrumentProfile[0m
[32m14:40:22[0m | [1mINFO    [0m | [36mbackend.risk.engine[0m:[36mevaluate_signal[0m | [1m{"event": "trade_approved", "direction": "BUY", "symbol": "Crash 1000 Index", "entry": 5879.574, "sl": 5859.123857142858, "risk_dollars": 99.98074842856751, "lots": 4.889, "tp_count": 1, "last_tp_rr": 5.0, "binding_constraint": "none"}[0m
[32m14:40:22[0m | [1mINFO    [0m | [36mbackend.risk.breakeven_manager[0m:[36mcheck_breakeven[0m | [1mBreak-even triggered: SL 5859.12686 -> 5879.58200[0m
[32m14:40:22[0m | [1mINFO    [0m | [36mbackend.risk.position_sizer[0m:[36mcalculate_lot_size[0m | [1m[SIZER] Crash 1000 Index: lot=1.588 | risk=$99.95 (1.00%) | source=InstrumentProfile[0m
[32m14:40:22[0m | [1mINFO    [0m | [36mbackend.risk.engine[0m:[36mevaluate_signal[0m | [1m{"event": "trade_approved", "direction": "BUY", "symbol": "Crash 1000 Index", "entry": 5979.627, "sl": 5916.688071428572, "risk_dollars": 99.94701857142883, "lots": 1.588, "tp_count": 1, "last_tp_rr": 5.0, "binding_constraint": "none"}[0m
[32m14:40:22[0m | [1mINFO    [0m | [36mbackend.risk.position_sizer[0m:[36mcalculate_lot_size[0m | [1m[SIZER] Crash 1000 Index: lot=0.481 | risk=$9.98 (0.10%) | source=InstrumentProfile[0m
[32m14:40:22[0m | [1mINFO    [0m | [36mbackend.risk.engine[0m:[36mevaluate_signal[0m | [1m{"event": "trade_approved", "direction": "BUY", "symbol": "Crash 1000 Index", "entry": 5902.565, "sl": 5881.81875, "risk_dollars": 9.978946249999632, "lots": 0.481, "tp_count": 1, "last_tp_rr": 5.0, "binding_constraint": "none"}[0m
[32m14:40:22[0m | [1mINFO    [0m | [36mbackend.risk.breakeven_manager[0m:[36mcheck_breakeven[0m | [1mBreak-even triggered: SL 5881.82075 -> 5902.57200[0m
[32m14:40:22[0m | [1mINFO    [0m | [36mbackend.risk.position_sizer[0m:[36mcalculate_lot_size[0m | [1m[SIZER] Crash 1000 Index: lot=2.872 | risk=$99.99 (1.00%) | source=InstrumentProfile[0m
[32m14:40:22[0m | [1mINFO    [0m | [36mbackend.risk.engine[0m:[36mevaluate_signal[0m | [1m{"event": "trade_approved", "direction": "BUY", "symbol": "Crash 1000 Index", "entry": 6045.202, "sl": 6010.386142857144, "risk_dollars": 99.99114171428431, "lots": 2.872, "tp_count": 1, "last_tp_rr": 5.0, "binding_constraint": "none"}[0m
[32m14:40:22[0m | [1mINFO    [0m | [36mbackend.risk.breakeven_manager[0m:[36mcheck_breakeven[0m | [1mBreak-even triggered: SL 6010.39014 -> 6045.21100[0m
[32m14:40:22[0m | [1mINFO    [0m | [36mbackend.risk.position_sizer[0m:[36mcalculate_lot_size[0m | [1m[SIZER] Crash 1000 Index: lot=2.896 | risk=$99.98 (1.00%) | source=InstrumentProfile[0m
[32m14:40:22[0m | [1mINFO    [0m | [36mbackend.risk.engine[0m:[36mevaluate_signal[0m | [1m{"event": "trade_approved", "direction": "BUY", "symbol": "Crash 1000 Index", "entry": 6004.341, "sl": 5969.816535714285, "risk_dollars": 99.98284857143096, "lots": 2.896, "tp_count": 1, "last_tp_rr": 5.0, "binding_constraint": "none"}[0m
[32m14:40:22[0m | [1mINFO    [0m | [36mbackend.risk.breakeven_manager[0m:[36mcheck_breakeven[0m | [1mBreak-even triggered: SL 5969.82154 -> 6004.35100[0m
[32m14:40:22[0m | [1mINFO    [0m | [36mbackend.risk.position_sizer[0m:[36mcalculate_lot_size[0m | [1m[SIZER] Crash 1000 Index: lot=3.556 | risk=$99.97 (1.00%) | source=InstrumentProfile[0m
[32m14:40:22[0m | [1mINFO    [0m | [36mbackend.risk.engine[0m:[36mevaluate_signal[0m | [1m{"event": "trade_approved", "direction": "BUY", "symbol": "Crash 1000 Index", "entry": 5823.74, "sl": 5795.625928571428, "risk_dollars": 99.97363800000225, "lots": 3.556, "tp_count": 1, "last_tp_rr": 5.0, "binding_constraint": "none"}[0m
[32m14:40:22[0m | [1mINFO    [0m | [36mbackend.risk.position_sizer[0m:[36mcalculate_lot_size[0m | [1m[SIZER] Crash 1000 Index: lot=2.269 | risk=$99.98 (1.00%) | source=InstrumentProfile[0m
[32m14:40:22[0m | [1mINFO    [0m | [36mbackend.risk.engine[0m:[36mevaluate_signal[0m | [1m{"event": "trade_approved", "direction": "BUY", "symbol": "Crash 1000 Index", "entry": 5756.405, "sl": 5712.3429642857145, "risk_dollars": 99.97675903571319, "lots": 2.269, "tp_count": 1, "last_tp_rr": 5.0, "binding_constraint": "none"}[0m
[32m14:40:22[0m | [1mINFO    [0m | [36mbackend.risk.position_sizer[0m:[36mcalculate_lot_size[0m | [1m[SIZER] Crash 1000 Index: lot=0.569 | risk=$9.98 (0.10%) | source=InstrumentProfile[0m
[32m14:40:22[0m | [1mINFO    [0m | [36mbackend.risk.engine[0m:[36mevaluate_signal[0m | [1m{"event": "trade_approved", "direction": "BUY", "symbol": "Crash 1000 Index", "entry": 5717.903, "sl": 5700.359714285714, "risk_dollars": 9.964586285714423, "lots": 0.569, "tp_count": 1, "last_tp_rr": 5.0, "binding_constraint": "lot_max"}[0m
[32m14:40:22[0m | [1mINFO    [0m | [36mbackend.risk.breakeven_manager[0m:[36mcheck_breakeven[0m | [1mBreak-even triggered: SL 5700.37771 -> 5717.92600[0m
[32m14:40:22[0m | [1mINFO    [0m | [36mbackend.risk.position_sizer[0m:[36mcalculate_lot_size[0m | [1m[SIZER] Crash 1000 Index: lot=1.144 | risk=$18.99 (0.19%) | source=InstrumentProfile[0m
[32m14:40:22[0m | [1mINFO    [0m | [36mbackend.risk.engine[0m:[36mevaluate_signal[0m | [1m{"event": "trade_approved", "direction": "BUY", "symbol": "Crash 1000 Index", "entry": 5747.799, "sl": 5731.2005714285715, "risk_dollars": 18.97200385714276, "lots": 1.144, "tp_count": 1, "last_tp_rr": 5.0, "binding_constraint": "lot_max"}[0m
[32m14:40:22[0m | [1mINFO    [0m | [36mbackend.risk.breakeven_manager[0m:[36mcheck_breakeven[0m | [1mBreak-even triggered: SL 5731.20757 -> 5747.81100[0m
[32m14:40:22[0m | [1mINFO    [0m | [36mbackend.risk.position_sizer[0m:[36mcalculate_lot_size[0m | [1m[SIZER] Crash 1000 Index: lot=3.293 | risk=$99.97 (1.00%) | source=InstrumentProfile[0m
[32m14:40:22[0m | [1mINFO    [0m | [36mbackend.risk.engine[0m:[36mevaluate_signal[0m | [1m{"event": "trade_approved", "direction": "BUY", "symbol": "Crash 1000 Index", "entry": 5742.742, "sl": 5712.384749999999, "risk_dollars": 99.96642425000307, "lots": 3.293, "tp_count": 1, "last_tp_rr": 5.0, "binding_constraint": "none"}[0m
[32m14:40:22[0m | [1mINFO    [0m | [36mbackend.risk.position_sizer[0m:[36mcalculate_lot_size[0m | [1m[SIZER] Crash 1000 Index: lot=7.849 | risk=$99.98 (1.00%) | source=InstrumentProfile[0m
[32m14:40:22[0m | [1mINFO    [0m | [36mbackend.risk.engine[0m:[36mevaluate_signal[0m | [1m{"event": "trade_approved", "direction": "BUY", "symbol": "Crash 1000 Index", "entry": 5739.117, "sl": 5726.379535714285, "risk_dollars": 99.97635717857587, "lots": 7.849, "tp_count": 1, "last_tp_rr": 5.0, "binding_constraint": "none"}[0m
[32m14:40:22[0m | [1mINFO    [0m | [36mbackend.risk.position_sizer[0m:[36mcalculate_lot_size[0m | [1m[SIZER] Crash 1000 Index: lot=8.64 | risk=$99.97 (1.00%) | source=InstrumentProfile[0m
[32m14:40:22[0m | [1mINFO    [0m | [36mbackend.risk.engine[0m:[36mevaluate_signal[0m | [1m{"event": "trade_approved", "direction": "BUY", "symbol": "Crash 1000 Index", "entry": 5773.301, "sl": 5761.730071428571, "risk_dollars": 99.97282285714871, "lots": 8.64, "tp_count": 1, "last_tp_rr": 5.0, "binding_constraint": "none"}[0m
[32m14:40:22[0m | [1mINFO    [0m | [36mbackend.risk.position_sizer[0m:[36mcalculate_lot_size[0m | [1m[SIZER] Crash 1000 Index: lot=5.776 | risk=$99.97 (1.00%) | source=InstrumentProfile[0m
[32m14:40:22[0m | [1mINFO    [0m | [36mbackend.risk.engine[0m:[36mevaluate_signal[0m | [1m{"event": "trade_approved", "direction": "BUY", "symbol": "Crash 1000 Index", "entry": 5752.354, "sl": 5735.046357142857, "risk_dollars": 99.96894514285817, "lots": 5.776, "tp_count": 1, "last_tp_rr": 5.0, "binding_constraint": "none"}[0m
[32m14:40:22[0m | [33m[1mWARNING [0m | [36mbackend.strategies.base_strategy[0m:[36mlog_event[0m | [33m[1m[DJA] [Crash 1000 Index] Max consecutive losses (4) reached. Cooldown until 2026-08-31T01:40:22.261537+00:00[0m
[32m14:40:22[0m | [33m[1mWARNING [0m | [36mbackend.services.bot_service[0m:[36m_log_event[0m | [33m[1m[BT-DJA] [Crash 1000 Index] Max consecutive losses (4) reached. Cooldown until 2026-08-31T01:40:22.261537+00:00[0m
[32m14:40:22[0m | [1mINFO    [0m | [36mbackend.risk.position_sizer[0m:[36mcalculate_lot_size[0m | [1m[SIZER] Crash 1000 Index: lot=8.884 | risk=$99.97 (1.00%) | source=InstrumentProfile[0m
[32m14:40:22[0m | [1mINFO    [0m | [36mbackend.risk.engine[0m:[36mevaluate_signal[0m | [1m{"event": "trade_approved", "direction": "BUY", "symbol": "Crash 1000 Index", "entry": 5766.316, "sl": 5755.0629285714285, "risk_dollars": 99.9722865714272, "lots": 8.884, "tp_count": 1, "last_tp_rr": 5.0, "binding_constraint": "none"}[0m
[32m14:40:22[0m | [33m[1mWARNING [0m | [36mbackend.strategies.base_strategy[0m:[36mlog_event[0m | [33m[1m[DJA] [Crash 1000 Index] Max consecutive losses (5) reached. Cooldown until 2026-08-31T01:40:22.277298+00:00[0m
[32m14:40:22[0m | [33m[1mWARNING [0m | [36mbackend.services.bot_service[0m:[36m_log_event[0m | [33m[1m[BT-DJA] [Crash 1000 Index] Max consecutive losses (5) reached. Cooldown until 2026-08-31T01:40:22.277298+00:00[0m
[32m14:40:22[0m | [1mINFO    [0m | [36mbackend.risk.position_sizer[0m:[36mcalculate_lot_size[0m | [1m[SIZER] Crash 1000 Index: lot=3.823 | risk=$99.99 (1.00%) | source=InstrumentProfile[0m
[32m14:40:22[0m | [1mINFO    [0m | [36mbackend.risk.engine[0m:[36mevaluate_signal[0m | [1m{"event": "trade_approved", "direction": "BUY", "symbol": "Crash 1000 Index", "entry": 5767.676, "sl": 5741.522, "risk_dollars": 99.98674200000173, "lots": 3.823, "tp_count": 1, "last_tp_rr": 5.0, "binding_constraint": "none"}[0m
[32m14:40:22[0m | [1mINFO    [0m | [36mbackend.risk.breakeven_manager[0m:[36mcheck_breakeven[0m | [1mBreak-even triggered: SL 5741.52900 -> 5767.68800[0m
[32m14:40:22[0m | [1mINFO    [0m | [36mbackend.risk.position_sizer[0m:[36mcalculate_lot_size[0m | [1m[SIZER] Crash 1000 Index: lot=3.198 | risk=$99.97 (1.00%) | source=InstrumentProfile[0m
[32m14:40:22[0m | [1mINFO    [0m | [36mbackend.risk.engine[0m:[36mevaluate_signal[0m | [1m{"event": "trade_approved", "direction": "BUY", "symbol": "Crash 1000 Index", "entry": 5783.915, "sl": 5752.6552142857145, "risk_dollars": 99.96879471428502, "lots": 3.198, "tp_count": 1, "last_tp_rr": 5.0, "binding_constraint": "none"}[0m
[32m14:40:22[0m | [1mINFO    [0m | [36mbackend.risk.position_sizer[0m:[36mcalculate_lot_size[0m | [1m[SIZER] Crash 1000 Index: lot=9.937 | risk=$99.96 (1.00%) | source=InstrumentProfile[0m
[32m14:40:22[0m | [1mINFO    [0m | [36mbackend.risk.engine[0m:[36mevaluate_signal[0m | [1m{"event": "trade_approved", "direction": "BUY", "symbol": "Crash 1000 Index", "entry": 5603.428, "sl": 5593.368285714286, "risk_dollars": 99.96338085714109, "lots": 9.937, "tp_count": 1, "last_tp_rr": 5.0, "binding_constraint": "none"}[0m
[32m14:40:22[0m | [1mINFO    [0m | [36mbackend.risk.position_sizer[0m:[36mcalculate_lot_size[0m | [1m[SIZER] Crash 1000 Index: lot=0.592 | risk=$10.00 (0.10%) | source=InstrumentProfile[0m
[32m14:40:22[0m | [1mINFO    [0m | [36mbackend.risk.engine[0m:[36mevaluate_signal[0m | [1m{"event": "trade_approved", "direction": "BUY", "symbol": "Crash 1000 Index", "entry": 5644.468, "sl": 5627.579928571428, "risk_dollars": 9.997738285714323, "lots": 0.592, "tp_count": 1, "last_tp_rr": 5.0, "binding_constraint": "none"}[0m
[32m14:40:22[0m | [1mINFO    [0m | [36mbackend.risk.breakeven_manager[0m:[36mcheck_breakeven[0m | [1mBreak-even triggered: SL 5627.58593 -> 5644.47900[0m
[32m14:40:22[0m | [1mINFO    [0m | [36mbackend.risk.position_sizer[0m:[36mcalculate_lot_size[0m | [1m[SIZER] Crash 1000 Index: lot=7.737 | risk=$99.97 (1.00%) | source=InstrumentProfile[0m
[32m14:40:22[0m | [1mINFO    [0m | [36mbackend.risk.engine[0m:[36mevaluate_signal[0m | [1m{"event": "trade_approved", "direction": "BUY", "symbol": "Crash 1000 Index", "entry": 5765.576, "sl": 5752.655035714285, "risk_dollars": 99.96950067857652, "lots": 7.737, "tp_count": 1, "last_tp_rr": 5.0, "binding_constraint": "none"}[0m
[32m14:40:22[0m | [1mINFO    [0m | [36mbackend.risk.position_sizer[0m:[36mcalculate_lot_size[0m | [1m[SIZER] Crash 1000 Index: lot=1.85 | risk=$99.95 (1.00%) | source=InstrumentProfile[0m
[32m14:40:22[0m | [1mINFO    [0m | [36mbackend.risk.engine[0m:[36mevaluate_signal[0m | [1m{"event": "trade_approved", "direction": "BUY", "symbol": "Crash 1000 Index", "entry": 5724.142, "sl": 5670.116821428572, "risk_dollars": 99.94658035714201, "lots": 1.85, "tp_count": 1, "last_tp_rr": 5.0, "binding_constraint": "none"}[0m
[32m14:40:22[0m | [1mINFO    [0m | [36mbackend.risk.breakeven_manager[0m:[36mcheck_breakeven[0m | [1mBreak-even triggered: SL 5670.12082 -> 5724.15100[0m
[32m14:40:22[0m | [1mINFO    [0m | [36mbackend.risk.position_sizer[0m:[36mcalculate_lot_size[0m | [1m[SIZER] Crash 1000 Index: lot=4.309 | risk=$99.99 (1.00%) | source=InstrumentProfile[0m
[32m14:40:22[0m | [1mINFO    [0m | [36mbackend.risk.engine[0m:[36mevaluate_signal[0m | [1m{"event": "trade_approved", "direction": "BUY", "symbol": "Crash 1000 Index", "entry": 5718.594, "sl": 5695.389964285714, "risk_dollars": 99.98618989285822, "lots": 4.309, "tp_count": 1, "last_tp_rr": 5.0, "binding_constraint": "none"}[0m
[32m14:40:22[0m | [1mINFO    [0m | [36mbackend.risk.breakeven_manager[0m:[36mcheck_breakeven[0m | [1mBreak-even triggered: SL 5695.39396 -> 5718.60300[0m
[32m14:40:22[0m | [1mINFO    [0m | [36mbackend.risk.position_sizer[0m:[36mcalculate_lot_size[0m | [1m[SIZER] Crash 1000 Index: lot=1.696 | risk=$99.97 (1.00%) | source=InstrumentProfile[0m
[32m14:40:22[0m | [1mINFO    [0m | [36mbackend.risk.engine[0m:[36mevaluate_signal[0m | [1m{"event": "trade_approved", "direction": "BUY", "symbol": "Crash 1000 Index", "entry": 5778.542, "sl": 5719.600071428572, "risk_dollars": 99.96551085714262, "lots": 1.696, "tp_count": 1, "last_tp_rr": 5.0, "binding_constraint": "none"}[0m
[32m14:40:22[0m | [1mINFO    [0m | [36mbackend.risk.position_sizer[0m:[36mcalculate_lot_size[0m | [1m[SIZER] Crash 1000 Index: lot=3.838 | risk=$99.97 (1.00%) | source=InstrumentProfile[0m
[32m14:40:22[0m | [1mINFO    [0m | [36mbackend.risk.engine[0m:[36mevaluate_signal[0m | [1m{"event": "trade_approved", "direction": "BUY", "symbol": "Crash 1000 Index", "entry": 5737.416, "sl": 5711.3691071428575, "risk_dollars": 99.96797478571355, "lots": 3.838, "tp_count": 1, "last_tp_rr": 5.0, "binding_constraint": "none"}[0m
[32m14:40:22[0m | [1mINFO    [0m | [36mbackend.risk.breakeven_manager[0m:[36mcheck_breakeven[0m | [1mBreak-even triggered: SL 5711.37011 -> 5737.42200[0m
[32m14:40:22[0m | [1mINFO    [0m | [36mbackend.risk.position_sizer[0m:[36mcalculate_lot_size[0m | [1m[SIZER] Crash 1000 Index: lot=4.425 | risk=$99.97 (1.00%) | source=InstrumentProfile[0m
[32m14:40:22[0m | [1mINFO    [0m | [36mbackend.risk.engine[0m:[36mevaluate_signal[0m | [1m{"event": "trade_approved", "direction": "BUY", "symbol": "Crash 1000 Index", "entry": 5700.054, "sl": 5677.460999999999, "risk_dollars": 99.97402500000335, "lots": 4.425, "tp_count": 1, "last_tp_rr": 5.0, "binding_constraint": "none"}[0m
[32m14:40:22[0m | [1mINFO    [0m | [36mbackend.risk.position_sizer[0m:[36mcalculate_lot_size[0m | [1m[SIZER] Crash 1000 Index: lot=5.735 | risk=$99.98 (1.00%) | source=InstrumentProfile[0m
[32m14:40:22[0m | [1mINFO    [0m | [36mbackend.risk.engine[0m:[36mevaluate_signal[0m | [1m{"event": "trade_approved", "direction": "BUY", "symbol": "Crash 1000 Index", "entry": 5694.023, "sl": 5676.590071428571, "risk_dollars": 99.9778453571472, "lots": 5.735, "tp_count": 1, "last_tp_rr": 5.0, "binding_constraint": "none"}[0m
[32m14:40:22[0m | [1mINFO    [0m | [36mbackend.risk.position_sizer[0m:[36mcalculate_lot_size[0m | [1m[SIZER] Crash 1000 Index: lot=3.384 | risk=$99.97 (1.00%) | source=InstrumentProfile[0m
[32m14:40:22[0m | [1mINFO    [0m | [36mbackend.risk.engine[0m:[36mevaluate_signal[0m | [1m{"event": "trade_approved", "direction": "BUY", "symbol": "Crash 1000 Index", "entry": 5644.264, "sl": 5614.722142857142, "risk_dollars": 99.96964457143193, "lots": 3.384, "tp_count": 1, "last_tp_rr": 5.0, "binding_constraint": "none"}[0m
[32m14:40:22[0m | [1mINFO    [0m | [36mbackend.risk.position_sizer[0m:[36mcalculate_lot_size[0m | [1m[SIZER] Crash 1000 Index: lot=1.357 | risk=$99.93 (1.00%) | source=InstrumentProfile[0m
[32m14:40:22[0m | [1mINFO    [0m | [36mbackend.risk.engine[0m:[36mevaluate_signal[0m | [1m{"event": "trade_approved", "direction": "BUY", "symbol": "Crash 1000 Index", "entry": 5619.765, "sl": 5546.12275, "risk_dollars": 99.93253324999984, "lots": 1.357, "tp_count": 1, "last_tp_rr": 5.0, "binding_constraint": "none"}[0m
[32m14:40:22[0m | [1mINFO    [0m | [36mbackend.risk.breakeven_manager[0m:[36mcheck_breakeven[0m | [1mBreak-even triggered: SL 5546.12775 -> 5619.77500[0m
[32m14:40:22[0m | [1mINFO    [0m | [36mbackend.risk.position_sizer[0m:[36mcalculate_lot_size[0m | [1m[SIZER] Crash 1000 Index: lot=7.934 | risk=$99.97 (1.00%) | source=InstrumentProfile[0m
[32m14:40:22[0m | [1mINFO    [0m | [36mbackend.risk.engine[0m:[36mevaluate_signal[0m | [1m{"event": "trade_approved", "direction": "BUY", "symbol": "Crash 1000 Index", "entry": 5723.633, "sl": 5711.032964285715, "risk_dollars": 99.96868335713549, "lots": 7.934, "tp_count": 1, "last_tp_rr": 5.0, "binding_constraint": "none"}[0m
[32m14:40:22[0m | [1mINFO    [0m | [36mbackend.risk.position_sizer[0m:[36mcalculate_lot_size[0m | [1m[SIZER] Crash 1000 Index: lot=8.116 | risk=$99.97 (1.00%) | source=InstrumentProfile[0m
[32m14:40:22[0m | [1mINFO    [0m | [36mbackend.risk.engine[0m:[36mevaluate_signal[0m | [1m{"event": "trade_approved", "direction": "BUY", "symbol": "Crash 1000 Index", "entry": 5709.6, "sl": 5697.282214285714, "risk_dollars": 99.95883107143415, "lots": 8.116, "tp_count": 1, "last_tp_rr": 5.0, "binding_constraint": "lot_max"}[0m
[32m14:40:22[0m | [1mINFO    [0m | [36mbackend.risk.position_sizer[0m:[36mcalculate_lot_size[0m | [1m[SIZER] Crash 1000 Index: lot=4.894 | risk=$99.97 (1.00%) | source=InstrumentProfile[0m
[32m14:40:22[0m | [1mINFO    [0m | [36mbackend.risk.engine[0m:[36mevaluate_signal[0m | [1m{"event": "trade_approved", "direction": "BUY", "symbol": "Crash 1000 Index", "entry": 5678.744, "sl": 5658.317678571429, "risk_dollars": 99.96641707142696, "lots": 4.894, "tp_count": 1, "last_tp_rr": 5.0, "binding_constraint": "none"}[0m
[32m14:40:22[0m | [1mINFO    [0m | [36mbackend.risk.breakeven_manager[0m:[36mcheck_breakeven[0m | [1mBreak-even triggered: SL 5658.32368 -> 5678.75500[0m
[32m14:40:22[0m | [1mINFO    [0m | [36mbackend.risk.position_sizer[0m:[36mcalculate_lot_size[0m | [1m[SIZER] Crash 1000 Index: lot=3.443 | risk=$99.98 (1.00%) | source=InstrumentProfile[0m
[32m14:40:22[0m | [1mINFO    [0m | [36mbackend.risk.engine[0m:[36mevaluate_signal[0m | [1m{"event": "trade_approved", "direction": "BUY", "symbol": "Crash 1000 Index", "entry": 5769.824, "sl": 5740.7853214285715, "risk_dollars": 99.98017032142707, "lots": 3.443, "tp_count": 1, "last_tp_rr": 5.0, "binding_constraint": "none"}[0m
[32m14:40:22[0m | [1mINFO    [0m | [36mbackend.risk.position_sizer[0m:[36mcalculate_lot_size[0m | [1m[SIZER] Crash 1000 Index: lot=5.48 | risk=$99.97 (1.00%) | source=InstrumentProfile[0m
[32m14:40:22[0m | [1mINFO    [0m | [36mbackend.risk.engine[0m:[36mevaluate_signal[0m | [1m{"event": "trade_approved", "direction": "BUY", "symbol": "Crash 1000 Index", "entry": 5755.608, "sl": 5737.366071428572, "risk_dollars": 99.96576857142882, "lots": 5.48, "tp_count": 1, "last_tp_rr": 5.0, "binding_constraint": "none"}[0m
[32m14:40:22[0m | [1mINFO    [0m | [36mbackend.risk.position_sizer[0m:[36mcalculate_lot_size[0m | [1m[SIZER] Crash 1000 Index: lot=6.692 | risk=$99.98 (1.00%) | source=InstrumentProfile[0m
[32m14:40:22[0m | [1mINFO    [0m | [36mbackend.risk.engine[0m:[36mevaluate_signal[0m | [1m{"event": "trade_approved", "direction": "BUY", "symbol": "Crash 1000 Index", "entry": 5762.485, "sl": 5747.544964285715, "risk_dollars": 99.97871899999477, "lots": 6.692, "tp_count": 1, "last_tp_rr": 5.0, "binding_constraint": "none"}[0m
[32m14:40:22[0m | [1mINFO    [0m | [36mbackend.risk.engine[0m:[36mevaluate_signal[0m | [1mScaling down risk from $100.00 to $31.34 to honor 3.0% daily drawdown.[0m
[32m14:40:22[0m | [1mINFO    [0m | [36mbackend.risk.position_sizer[0m:[36mcalculate_lot_size[0m | [1m[SIZER] Crash 1000 Index: lot=1.241 | risk=$31.31 (0.31%) | source=InstrumentProfile[0m
[32m14:40:22[0m | [1mINFO    [0m | [36mbackend.risk.engine[0m:[36mevaluate_signal[0m | [1m{"event": "trade_approved", "direction": "BUY", "symbol": "Crash 1000 Index", "entry": 5757.362, "sl": 5732.129892857142, "risk_dollars": 31.313044964286515, "lots": 1.241, "tp_count": 1, "last_tp_rr": 5.0, "binding_constraint": "daily_dd"}[0m
[32m14:40:22[0m | [1mINFO    [0m | [36mbackend.risk.breakeven_manager[0m:[36mcheck_breakeven[0m | [1mBreak-even triggered: SL 5732.13089 -> 5757.36800[0m
[32m14:40:22[0m | [1mINFO    [0m | [36mbackend.risk.position_sizer[0m:[36mcalculate_lot_size[0m | [1m[SIZER] Crash 1000 Index: lot=0.388 | risk=$9.98 (0.10%) | source=InstrumentProfile[0m
[32m14:40:22[0m | [1mINFO    [0m | [36mbackend.risk.engine[0m:[36mevaluate_signal[0m | [1m{"event": "trade_approved", "direction": "BUY", "symbol": "Crash 1000 Index", "entry": 5792.314, "sl": 5766.604892857144, "risk_dollars": 9.975133571428415, "lots": 0.388, "tp_count": 1, "last_tp_rr": 5.0, "binding_constraint": "none"}[0m
[32m14:40:22[0m | [1mINFO    [0m | [36mbackend.risk.position_sizer[0m:[36mcalculate_lot_size[0m | [1m[SIZER] Crash 1000 Index: lot=7.219 | risk=$99.97 (1.00%) | source=InstrumentProfile[0m
[32m14:40:22[0m | [1mINFO    [0m | [36mbackend.risk.engine[0m:[36mevaluate_signal[0m | [1m{"event": "trade_approved", "direction": "BUY", "symbol": "Crash 1000 Index", "entry": 5780.318, "sl": 5766.469964285714, "risk_dollars": 99.96896982143207, "lots": 7.219, "tp_count": 1, "last_tp_rr": 5.0, "binding_constraint": "none"}[0m
[32m14:40:22[0m | [1mINFO    [0m | [36mbackend.risk.breakeven_manager[0m:[36mcheck_breakeven[0m | [1mBreak-even triggered: SL 5766.47996 -> 5780.33300[0m
[32m14:40:22[0m | [1mINFO    [0m | [36mbackend.risk.position_sizer[0m:[36mcalculate_lot_size[0m | [1m[SIZER] Crash 1000 Index: lot=3.778 | risk=$99.99 (1.00%) | source=InstrumentProfile[0m
[32m14:40:22[0m | [1mINFO    [0m | [36mbackend.risk.engine[0m:[36mevaluate_signal[0m | [1m{"event": "trade_approved", "direction": "BUY", "symbol": "Crash 1000 Index", "entry": 5876.825, "sl": 5850.359678571429, "risk_dollars": 99.98598435714071, "lots": 3.778, "tp_count": 1, "last_tp_rr": 5.0, "binding_constraint": "none"}[0m
[32m14:40:22[0m | [1mINFO    [0m | [36mbackend.risk.breakeven_manager[0m:[36mcheck_breakeven[0m | [1mBreak-even triggered: SL 5850.36468 -> 5876.83500[0m
[32m14:40:22[0m | [1mINFO    [0m | [36mbackend.risk.position_sizer[0m:[36mcalculate_lot_size[0m | [1m[SIZER] Crash 1000 Index: lot=2.185 | risk=$99.99 (1.00%) | source=InstrumentProfile[0m
[32m14:40:22[0m | [1mINFO    [0m | [36mbackend.risk.engine[0m:[36mevaluate_signal[0m | [1m{"event": "trade_approved", "direction": "BUY", "symbol": "Crash 1000 Index", "entry": 5961.502, "sl": 5915.7420357142855, "risk_dollars": 99.98552196428703, "lots": 2.185, "tp_count": 1, "last_tp_rr": 5.0, "binding_constraint": "none"}[0m
[32m14:40:22[0m | [1mINFO    [0m | [36mbackend.risk.breakeven_manager[0m:[36mcheck_breakeven[0m | [1mBreak-even triggered: SL 5915.75004 -> 5961.51500[0m
[32m14:40:22[0m | [1mINFO    [0m | [36mbackend.risk.position_sizer[0m:[36mcalculate_lot_size[0m | [1m[SIZER] Crash 1000 Index: lot=2.673 | risk=$99.96 (1.00%) | source=InstrumentProfile[0m
[32m14:40:22[0m | [1mINFO    [0m | [36mbackend.risk.engine[0m:[36mevaluate_signal[0m | [1m{"event": "trade_approved", "direction": "BUY", "symbol": "Crash 1000 Index", "entry": 6171.385, "sl": 6133.988892857143, "risk_dollars": 99.95979439285821, "lots": 2.673, "tp_count": 1, "last_tp_rr": 5.0, "binding_constraint": "none"}[0m
[32m14:40:22[0m | [1mINFO    [0m | [36mbackend.risk.position_sizer[0m:[36mcalculate_lot_size[0m | [1m[SIZER] Crash 1000 Index: lot=4.674 | risk=$99.97 (1.00%) | source=InstrumentProfile[0m
[32m14:40:22[0m | [1mINFO    [0m | [36mbackend.risk.engine[0m:[36mevaluate_signal[0m | [1m{"event": "trade_approved", "direction": "BUY", "symbol": "Crash 1000 Index", "entry": 6153.595, "sl": 6132.206035714286, "risk_dollars": 99.9720190714267, "lots": 4.674, "tp_count": 1, "last_tp_rr": 5.0, "binding_constraint": "none"}[0m
[32m14:40:22[0m | [1mINFO    [0m | [36mbackend.risk.position_sizer[0m:[36mcalculate_lot_size[0m | [1m[SIZER] Crash 1000 Index: lot=3.961 | risk=$99.99 (1.00%) | source=InstrumentProfile[0m
[32m14:40:22[0m | [1mINFO    [0m | [36mbackend.risk.engine[0m:[36mevaluate_signal[0m | [1m{"event": "trade_approved", "direction": "BUY", "symbol": "Crash 1000 Index", "entry": 6105.192, "sl": 6079.948892857143, "risk_dollars": 99.96270428571489, "lots": 3.961, "tp_count": 1, "last_tp_rr": 5.0, "binding_constraint": "lot_max"}[0m
[32m14:40:22[0m | [1mINFO    [0m | [36mbackend.risk.position_sizer[0m:[36mcalculate_lot_size[0m | [1m[SIZER] Crash 1000 Index: lot=0.463 | risk=$9.98 (0.10%) | source=InstrumentProfile[0m
[32m14:40:22[0m | [1mINFO    [0m | [36mbackend.risk.engine[0m:[36mevaluate_signal[0m | [1m{"event": "trade_approved", "direction": "BUY", "symbol": "Crash 1000 Index", "entry": 6058.227, "sl": 6036.675392857143, "risk_dollars": 9.978394107142552, "lots": 0.463, "tp_count": 1, "last_tp_rr": 5.0, "binding_constraint": "none"}[0m
[32m14:40:22[0m | [33m[1mWARNING [0m | [36mbackend.strategies.base_strategy[0m:[36mlog_event[0m | [33m[1m[DJA] [Crash 1000 Index] Max consecutive losses (4) reached. Cooldown until 2026-08-31T01:40:22.833669+00:00[0m
[32m14:40:22[0m | [33m[1mWARNING [0m | [36mbackend.services.bot_service[0m:[36m_log_event[0m | [33m[1m[BT-DJA] [Crash 1000 Index] Max consecutive losses (4) reached. Cooldown until 2026-08-31T01:40:22.833669+00:00[0m
[32m14:40:22[0m | [1mINFO    [0m | [36mbackend.risk.position_sizer[0m:[36mcalculate_lot_size[0m | [1m[SIZER] Crash 1000 Index: lot=8.223 | risk=$99.97 (1.00%) | source=InstrumentProfile[0m
[32m14:40:22[0m | [1mINFO    [0m | [36mbackend.risk.engine[0m:[36mevaluate_signal[0m | [1m{"event": "trade_approved", "direction": "BUY", "symbol": "Crash 1000 Index", "entry": 6066.993, "sl": 6054.8361428571425, "risk_dollars": 99.96583628572066, "lots": 8.223, "tp_count": 1, "last_tp_rr": 5.0, "binding_constraint": "none"}[0m
[32m14:40:22[0m | [1mINFO    [0m | [36mbackend.risk.breakeven_manager[0m:[36mcheck_breakeven[0m | [1mBreak-even triggered: SL 6054.83814 -> 6067.00000[0m
[32m14:40:22[0m | [1mINFO    [0m | [36mbackend.risk.position_sizer[0m:[36mcalculate_lot_size[0m | [1m[SIZER] Crash 1000 Index: lot=0.53 | risk=$9.99 (0.10%) | source=InstrumentProfile[0m
[32m14:40:22[0m | [1mINFO    [0m | [36mbackend.risk.engine[0m:[36mevaluate_signal[0m | [1m{"event": "trade_approved", "direction": "BUY", "symbol": "Crash 1000 Index", "entry": 6010.519, "sl": 5991.667142857143, "risk_dollars": 9.991484285714542, "lots": 0.53, "tp_count": 1, "last_tp_rr": 5.0, "binding_constraint": "none"}[0m
[32m14:40:22[0m | [1mINFO    [0m | [36mbackend.risk.position_sizer[0m:[36mcalculate_lot_size[0m | [1m[SIZER] Crash 1000 Index: lot=1.572 | risk=$29.99 (0.30%) | source=InstrumentProfile[0m
[32m14:40:22[0m | [1mINFO    [0m | [36mbackend.risk.engine[0m:[36mevaluate_signal[0m | [1m{"event": "trade_approved", "direction": "BUY", "symbol": "Crash 1000 Index", "entry": 6004.185, "sl": 5985.108, "risk_dollars": 29.989044000000355, "lots": 1.572, "tp_count": 1, "last_tp_rr": 5.0, "binding_constraint": "none"}[0m
[32m14:40:22[0m | [1mINFO    [0m | [36mbackend.risk.position_sizer[0m:[36mcalculate_lot_size[0m | [1m[SIZER] Crash 1000 Index: lot=6.105 | risk=$99.97 (1.00%) | source=InstrumentProfile[0m
[32m14:40:22[0m | [1mINFO    [0m | [36mbackend.risk.engine[0m:[36mevaluate_signal[0m | [1m{"event": "trade_approved", "direction": "BUY", "symbol": "Crash 1000 Index", "entry": 5971.929, "sl": 5955.554142857143, "risk_dollars": 99.9685028571411, "lots": 6.105, "tp_count": 1, "last_tp_rr": 5.0, "binding_constraint": "none"}[0m
[32m14:40:22[0m | [1mINFO    [0m | [36mbackend.risk.breakeven_manager[0m:[36mcheck_breakeven[0m | [1mBreak-even triggered: SL 5955.55614 -> 5971.93600[0m
[32m14:40:22[0m | [1mINFO    [0m | [36mbackend.risk.position_sizer[0m:[36mcalculate_lot_size[0m | [1m[SIZER] Crash 1000 Index: lot=2.874 | risk=$99.98 (1.00%) | source=InstrumentProfile[0m
[32m14:40:22[0m | [1mINFO    [0m | [36mbackend.risk.engine[0m:[36mevaluate_signal[0m | [1m{"event": "trade_approved", "direction": "BUY", "symbol": "Crash 1000 Index", "entry": 5929.503, "sl": 5894.715964285714, "risk_dollars": 99.9779406428568, "lots": 2.874, "tp_count": 1, "last_tp_rr": 5.0, "binding_constraint": "none"}[0m
[32m14:40:23[0m | [1mINFO    [0m | [36mbackend.backtester.report[0m:[36mapply_bar_level_drawdown[0m | [1m[REPORT] max_drawdown_pct corrected from closed-trade basis 13.71% -> bar-level basis 15.98% (abs $1,598.11, 20002 equity points)[0m
[32m14:40:23[0m | [1mINFO    [0m | [36mbackend.backtester.engine[0m:[36mrun[0m | [1m[ENGINE] \u2550\u2550\u2550 Backtest engine complete \u2550\u2550\u2550[0m
[32m14:40:23[0m | [1mINFO    [0m | [36mbackend.backtester.engine[0m:[36mrun[0m | [1m[ENGINE] Trades: 71 (29W / 42L) | Invalid: 0[0m
[32m14:40:23[0m | [1mINFO    [0m | [36mbackend.backtester.engine[0m:[36mrun[0m | [1m[ENGINE] P&L: $417.00 | Final balance: $10417.00[0m
[32m14:40:23[0m | [1mINFO    [0m | [36mbackend.backtester.engine[0m:[36mrun[0m | [1m[ENGINE] Best trade: $499.89 | Worst trade: $-168.67[0m
[32m14:40:23[0m | [1mINFO    [0m | [36mbackend.backtester.engine[0m:[36mrun[0m | [1m[ENGINE] Leg-level hit rates: TP1=11.3% TP2=0.0% TP3=0.0% SL=57.7% BE=21.1% TRAIL=0.0% | max_dd=15.98% (bar-level)[0m
[32m14:40:23[0m | [1mINFO    [0m | [36mbackend.backtester.engine[0m:[36mrun[0m | [1m[ENGINE] Cost model applied: {'CRASH 1000 INDEX': {'slippage_pips': 1.0, 'commission_per_lot': 0.0, 'spread_pips': 2.0, 'swap_long_per_lot_per_day': 0.0, 'swap_short_per_lot_per_day': 0.0, 'stops_level_pips': 2.0, 'exit_slippage_pips': 1.0, 'sources': {'slippage_pips': 'ASSET_CLASS_DEFAULT', 'commission_per_lot': 'ASSET_CLASS_DEFAULT', 'spread_pips': 'ASSET_CLASS_DEFAULT', 'swap_long_per_lot_per_day': 'ASSET_CLASS_DEFAULT', 'swap_short_per_lot_per_day': 'ASSET_CLASS_DEFAULT', 'stops_level_pips': 'ASSET_CLASS_DEFAULT', 'exit_slippage_pips': 'DEFAULT_EQUALS_SLIPPAGE_PIPS'}, 'broker_source': 'ASSET_CLASS_DEFAULT'}}[0m
    3      71     +417.00   no trades
[32m14:40:23[0m | [1mINFO    [0m | [36mbackend.backtester.engine[0m:[36mrun[0m | [1m[ENGINE] \u2550\u2550\u2550 Starting backtest engine \u2550\u2550\u2550[0m
[32m14:40:23[0m | [1mINFO    [0m | [36mbackend.backtester.engine[0m:[36mrun[0m | [1m[ENGINE] Balance: $10000.0 | Signals: 406 | Candles: 20000[0m
[32m14:40:23[0m | [1mINFO    [0m | [36mbackend.backtester.engine[0m:[36mrun[0m | [1m[ENGINE] Risk config: risk_pct=1.0% | min_rr=None | tp_count=1[0m
[32m14:40:23[0m | [1mINFO    [0m | [36mbackend.backtester.engine[0m:[36m_costs_for[0m | [1m[COSTS] Crash 1000 Index | spread=2.00p slippage=1.00p commission=$0.00/lot swap_long=0.0000/lot/day swap_short=0.0000/lot/day stops_level=2.00p | broker_source=ASSET_CLASS_DEFAULT | per-field={'slippage_pips': 'ASSET_CLASS_DEFAULT', 'commission_per_lot': 'ASSET_CLASS_DEFAULT', 'spread_pips': 'ASSET_CLASS_DEFAULT', 'swap_long_per_lot_per_day': 'ASSET_CLASS_DEFAULT', 'swap_short_per_lot_per_day': 'ASSET_CLASS_DEFAULT', 'stops_level_pips': 'ASSET_CLASS_DEFAULT', 'exit_slippage_pips': 'DEFAULT_EQUALS_SLIPPAGE_PIPS'}[0m
C:\Users\ikchr\Documents\AlgoEdge\backend\backtester\engine.py:754: FutureWarning: The behavior of DatetimeProperties.to_pydatetime is deprecated, in a future version this will return a Series containing python datetime objects instead of an ndarray. To retain the old behavior, call `np.array` on the result
  dt_arr = dt_series.dt.to_pydatetime()
[32m14:40:27[0m | [1mINFO    [0m | [36mbackend.risk.position_sizer[0m:[36mcalculate_lot_size[0m | [1m[SIZER] Crash 1000 Index: lot=2.818 | risk=$99.96 (1.00%) | source=InstrumentProfile[0m
[32m14:40:27[0m | [1mINFO    [0m | [36mbackend.risk.engine[0m:[36mevaluate_signal[0m | [1m{"event": "trade_approved", "direction": "BUY", "symbol": "Crash 1000 Index", "entry": 6069.389, "sl": 6033.917035714286, "risk_dollars": 99.95999535714324, "lots": 2.818, "tp_count": 1, "last_tp_rr": 5.0, "binding_constraint": "none"}[0m
[32m14:40:27[0m | [1mINFO    [0m | [36mbackend.risk.position_sizer[0m:[36mcalculate_lot_size[0m | [1m[SIZER] Crash 1000 Index: lot=0.818 | risk=$14.99 (0.15%) | source=InstrumentProfile[0m
[32m14:40:27[0m | [1mINFO    [0m | [36mbackend.risk.engine[0m:[36mevaluate_signal[0m | [1m{"event": "trade_approved", "direction": "BUY", "symbol": "Crash 1000 Index", "entry": 6026.867, "sl": 6008.537142857143, "risk_dollars": 14.97549328571399, "lots": 0.818, "tp_count": 1, "last_tp_rr": 5.0, "binding_constraint": "lot_max"}[0m
[32m14:40:27[0m | [1mINFO    [0m | [36mbackend.risk.position_sizer[0m:[36mcalculate_lot_size[0m | [1m[SIZER] Crash 1000 Index: lot=4.109 | risk=$99.97 (1.00%) | source=InstrumentProfile[0m
[32m14:40:27[0m | [1mINFO    [0m | [36mbackend.risk.engine[0m:[36mevaluate_signal[0m | [1m{"event": "trade_approved", "direction": "BUY", "symbol": "Crash 1000 Index", "entry": 6024.325, "sl": 5999.996321428571, "risk_dollars": 99.9665402500018, "lots": 4.109, "tp_count": 1, "last_tp_rr": 5.0, "binding_constraint": "none"}[0m
[32m14:40:27[0m | [1mINFO    [0m | [36mbackend.risk.position_sizer[0m:[36mcalculate_lot_size[0m | [1m[SIZER] Crash 1000 Index: lot=6.519 | risk=$99.97 (1.00%) | source=InstrumentProfile[0m
[32m14:40:27[0m | [1mINFO    [0m | [36mbackend.risk.engine[0m:[36mevaluate_signal[0m | [1m{"event": "trade_approved", "direction": "BUY", "symbol": "Crash 1000 Index", "entry": 6083.587, "sl": 6068.252035714286, "risk_dollars": 99.96863217857417, "lots": 6.519, "tp_count": 1, "last_tp_rr": 5.0, "binding_constraint": "none"}[0m
[32m14:40:27[0m | [1mINFO    [0m | [36mbackend.risk.breakeven_manager[0m:[36mcheck_breakeven[0m | [1mBreak-even triggered: SL 6068.26004 -> 6083.60000[0m
[32m14:40:27[0m | [1mINFO    [0m | [36mbackend.risk.position_sizer[0m:[36mcalculate_lot_size[0m | [1m[SIZER] Crash 1000 Index: lot=7.529 | risk=$99.98 (1.00%) | source=InstrumentProfile[0m
[32m14:40:27[0m | [1mINFO    [0m | [36mbackend.risk.engine[0m:[36mevaluate_signal[0m | [1m{"event": "trade_approved", "direction": "BUY", "symbol": "Crash 1000 Index", "entry": 5999.904, "sl": 5986.625035714285, "risk_dollars": 99.97732210714913, "lots": 7.529, "tp_count": 1, "last_tp_rr": 5.0, "binding_constraint": "none"}[0m
[32m14:40:27[0m | [1mINFO    [0m | [36mbackend.risk.position_sizer[0m:[36mcalculate_lot_size[0m | [1m[SIZER] Crash 1000 Index: lot=0.769 | risk=$13.99 (0.14%) | source=InstrumentProfile[0m
[32m14:40:27[0m | [1mINFO    [0m | [36mbackend.risk.engine[0m:[36mevaluate_signal[0m | [1m{"event": "trade_approved", "direction": "BUY", "symbol": "Crash 1000 Index", "entry": 5992.267, "sl": 5974.080285714286, "risk_dollars": 13.985583285713764, "lots": 0.769, "tp_count": 1, "last_tp_rr": 5.0, "binding_constraint": "none"}[0m
[32m14:40:27[0m | [1mINFO    [0m | [36mbackend.risk.position_sizer[0m:[36mcalculate_lot_size[0m | [1m[SIZER] Crash 1000 Index: lot=7.595 | risk=$99.96 (1.00%) | source=InstrumentProfile[0m
[32m14:40:27[0m | [1mINFO    [0m | [36mbackend.risk.engine[0m:[36mevaluate_signal[0m | [1m{"event": "trade_approved", "direction": "BUY", "symbol": "Crash 1000 Index", "entry": 5874.2, "sl": 5861.038107142857, "risk_dollars": 99.96457624999688, "lots": 7.595, "tp_count": 1, "last_tp_rr": 5.0, "binding_constraint": "none"}[0m
[32m14:40:27[0m | [1mINFO    [0m | [36mbackend.risk.position_sizer[0m:[36mcalculate_lot_size[0m | [1m[SIZER] Crash 1000 Index: lot=4.52 | risk=$99.99 (1.00%) | source=InstrumentProfile[0m
[32m14:40:27[0m | [1mINFO    [0m | [36mbackend.risk.engine[0m:[36mevaluate_signal[0m | [1m{"event": "trade_approved", "direction": "BUY", "symbol": "Crash 1000 Index", "entry": 5877.433, "sl": 5855.312285714285, "risk_dollars": 99.96350785714479, "lots": 4.52, "tp_count": 1, "last_tp_rr": 5.0, "binding_constraint": "lot_max"}[0m
[32m14:40:27[0m | [1mINFO    [0m | [36mbackend.risk.breakeven_manager[0m:[36mcheck_breakeven[0m | [1mBreak-even triggered: SL 5855.31729 -> 5877.44300[0m
[32m14:40:27[0m | [1mINFO    [0m | [36mbackend.risk.position_sizer[0m:[36mcalculate_lot_size[0m | [1m[SIZER] Crash 1000 Index: lot=1.558 | risk=$99.98 (1.00%) | source=InstrumentProfile[0m
[32m14:40:27[0m | [1mINFO    [0m | [36mbackend.risk.engine[0m:[36mevaluate_signal[0m | [1m{"event": "trade_approved", "direction": "BUY", "symbol": "Crash 1000 Index", "entry": 5992.564, "sl": 5928.392678571428, "risk_dollars": 99.97891878571502, "lots": 1.558, "tp_count": 1, "last_tp_rr": 5.0, "binding_constraint": "none"}[0m
[32m14:40:27[0m | [1mINFO    [0m | [36mbackend.risk.breakeven_manager[0m:[36mcheck_breakeven[0m | [1mBreak-even triggered: SL 5928.39768 -> 5992.57400[0m
[32m14:40:27[0m | [1mINFO    [0m | [36mbackend.risk.position_sizer[0m:[36mcalculate_lot_size[0m | [1m[SIZER] Crash 1000 Index: lot=4.334 | risk=$99.99 (1.00%) | source=InstrumentProfile[0m
[32m14:40:27[0m | [1mINFO    [0m | [36mbackend.risk.engine[0m:[36mevaluate_signal[0m | [1m{"event": "trade_approved", "direction": "BUY", "symbol": "Crash 1000 Index", "entry": 5893.272, "sl": 5870.202035714286, "risk_dollars": 99.96215525000041, "lots": 4.334, "tp_count": 1, "last_tp_rr": 5.0, "binding_constraint": "lot_max"}[0m
[32m14:40:27[0m | [1mINFO    [0m | [36mbackend.risk.breakeven_manager[0m:[36mcheck_breakeven[0m | [1mBreak-even triggered: SL 5870.20804 -> 5893.28300[0m
[32m14:40:27[0m | [1mINFO    [0m | [36mbackend.risk.position_sizer[0m:[36mcalculate_lot_size[0m | [1m[SIZER] Crash 1000 Index: lot=10.0 | risk=$89.53 (0.90%) | source=InstrumentProfile[0m
[32m14:40:27[0m | [1mINFO    [0m | [36mbackend.risk.engine[0m:[36mevaluate_signal[0m | [1m{"event": "trade_approved", "direction": "BUY", "symbol": "Crash 1000 Index", "entry": 5972.699, "sl": 5963.746214285715, "risk_dollars": 89.527857142848, "lots": 10.0, "tp_count": 1, "last_tp_rr": 5.0, "binding_constraint": "lot_max"}[0m
[32m14:40:27[0m | [1mINFO    [0m | [36mbackend.risk.breakeven_manager[0m:[36mcheck_breakeven[0m | [1mBreak-even triggered: SL 5963.74721 -> 5972.70500[0m
[32m14:40:27[0m | [1mINFO    [0m | [36mbackend.risk.position_sizer[0m:[36mcalculate_lot_size[0m | [1m[SIZER] Crash 1000 Index: lot=3.335 | risk=$99.97 (1.00%) | source=InstrumentProfile[0m
[32m14:40:27[0m | [1mINFO    [0m | [36mbackend.risk.engine[0m:[36mevaluate_signal[0m | [1m{"event": "trade_approved", "direction": "BUY", "symbol": "Crash 1000 Index", "entry": 5970.412, "sl": 5940.436785714285, "risk_dollars": 99.9673396428598, "lots": 3.335, "tp_count": 1, "last_tp_rr": 5.0, "binding_constraint": "none"}[0m
[32m14:40:27[0m | [1mINFO    [0m | [36mbackend.risk.position_sizer[0m:[36mcalculate_lot_size[0m | [1m[SIZER] Crash 1000 Index: lot=0.693 | risk=$14.98 (0.15%) | source=InstrumentProfile[0m
[32m14:40:27[0m | [1mINFO    [0m | [36mbackend.risk.engine[0m:[36mevaluate_signal[0m | [1m{"event": "trade_approved", "direction": "BUY", "symbol": "Crash 1000 Index", "entry": 6022.69, "sl": 6001.071857142857, "risk_dollars": 14.959754857142698, "lots": 0.693, "tp_count": 1, "last_tp_rr": 5.0, "binding_constraint": "lot_max"}[0m
[32m14:40:27[0m | [1mINFO    [0m | [36mbackend.risk.position_sizer[0m:[36mcalculate_lot_size[0m | [1m[SIZER] Crash 1000 Index: lot=1.171 | risk=$11.99 (0.12%) | source=InstrumentProfile[0m
[32m14:40:27[0m | [1mINFO    [0m | [36mbackend.risk.engine[0m:[36mevaluate_signal[0m | [1m{"event": "trade_approved", "direction": "BUY", "symbol": "Crash 1000 Index", "entry": 5965.696, "sl": 5955.456357142857, "risk_dollars": 11.99062178571425, "lots": 1.171, "tp_count": 1, "last_tp_rr": 5.0, "binding_constraint": "none"}[0m
[32m14:40:27[0m | [1mINFO    [0m | [36mbackend.risk.position_sizer[0m:[36mcalculate_lot_size[0m | [1m[SIZER] Crash 1000 Index: lot=0.564 | risk=$16.99 (0.17%) | source=InstrumentProfile[0m
[32m14:40:27[0m | [1mINFO    [0m | [36mbackend.risk.engine[0m:[36mevaluate_signal[0m | [1m{"event": "trade_approved", "direction": "BUY", "symbol": "Crash 1000 Index", "entry": 5957.608, "sl": 5927.479285714286, "risk_dollars": 16.962466142857274, "lots": 0.564, "tp_count": 1, "last_tp_rr": 5.0, "binding_constraint": "lot_max"}[0m
[32m14:40:27[0m | [1mINFO    [0m | [36mbackend.risk.breakeven_manager[0m:[36mcheck_breakeven[0m | [1mBreak-even triggered: SL 5927.48629 -> 5957.62000[0m
[32m14:40:27[0m | [1mINFO    [0m | [36mbackend.risk.position_sizer[0m:[36mcalculate_lot_size[0m | [1m[SIZER] Crash 1000 Index: lot=8.886 | risk=$99.96 (1.00%) | source=InstrumentProfile[0m
[32m14:40:27[0m | [1mINFO    [0m | [36mbackend.risk.engine[0m:[36mevaluate_signal[0m | [1m{"event": "trade_approved", "direction": "BUY", "symbol": "Crash 1000 Index", "entry": 5937.681, "sl": 5926.431428571429, "risk_dollars": 99.95244214284943, "lots": 8.886, "tp_count": 1, "last_tp_rr": 5.0, "binding_constraint": "lot_max"}[0m
[32m14:40:27[0m | [1mINFO    [0m | [36mbackend.risk.position_sizer[0m:[36mcalculate_lot_size[0m | [1m[SIZER] Crash 1000 Index: lot=0.601 | risk=$9.99 (0.10%) | source=InstrumentProfile[0m
[32m14:40:27[0m | [1mINFO    [0m | [36mbackend.risk.engine[0m:[36mevaluate_signal[0m | [1m{"event": "trade_approved", "direction": "BUY", "symbol": "Crash 1000 Index", "entry": 5943.046, "sl": 5926.42425, "risk_dollars": 9.989671750000149, "lots": 0.601, "tp_count": 1, "last_tp_rr": 5.0, "binding_constraint": "none"}[0m
[32m14:40:27[0m | [1mINFO    [0m | [36mbackend.risk.position_sizer[0m:[36mcalculate_lot_size[0m | [1m[SIZER] Crash 1000 Index: lot=3.551 | risk=$99.97 (1.00%) | source=InstrumentProfile[0m
[32m14:40:27[0m | [1mINFO    [0m | [36mbackend.risk.engine[0m:[36mevaluate_signal[0m | [1m{"event": "trade_approved", "direction": "BUY", "symbol": "Crash 1000 Index", "entry": 5898.688, "sl": 5870.535964285715, "risk_dollars": 99.96787882142738, "lots": 3.551, "tp_count": 1, "last_tp_rr": 5.0, "binding_constraint": "none"}[0m
[32m14:40:28[0m | [1mINFO    [0m | [36mbackend.risk.position_sizer[0m:[36mcalculate_lot_size[0m | [1m[SIZER] Crash 1000 Index: lot=6.824 | risk=$99.97 (1.00%) | source=InstrumentProfile[0m
[32m14:40:28[0m | [1mINFO    [0m | [36mbackend.risk.engine[0m:[36mevaluate_signal[0m | [1m{"event": "trade_approved", "direction": "BUY", "symbol": "Crash 1000 Index", "entry": 5872.819, "sl": 5858.1695, "risk_dollars": 99.96818800000302, "lots": 6.824, "tp_count": 1, "last_tp_rr": 5.0, "binding_constraint": "none"}[0m
[32m14:40:28[0m | [33m[1mWARNING [0m | [36mbackend.strategies.base_strategy[0m:[36mlog_event[0m | [33m[1m[DJA] [Crash 1000 Index] Max consecutive losses (4) reached. Cooldown until 2026-08-31T01:40:28.025197+00:00[0m
[32m14:40:28[0m | [33m[1mWARNING [0m | [36mbackend.services.bot_service[0m:[36m_log_event[0m | [33m[1m[BT-DJA] [Crash 1000 Index] Max consecutive losses (4) reached. Cooldown until 2026-08-31T01:40:28.025197+00:00[0m
[32m14:40:28[0m | [1mINFO    [0m | [36mbackend.risk.position_sizer[0m:[36mcalculate_lot_size[0m | [1m[SIZER] Crash 1000 Index: lot=5.49 | risk=$99.97 (1.00%) | source=InstrumentProfile[0m
[32m14:40:28[0m | [1mINFO    [0m | [36mbackend.risk.engine[0m:[36mevaluate_signal[0m | [1m{"event": "trade_approved", "direction": "BUY", "symbol": "Crash 1000 Index", "entry": 5883.534, "sl": 5865.324, "risk_dollars": 99.97290000000021, "lots": 5.49, "tp_count": 1, "last_tp_rr": 5.0, "binding_constraint": "none"}[0m
[32m14:40:28[0m | [33m[1mWARNING [0m | [36mbackend.strategies.base_strategy[0m:[36mlog_event[0m | [33m[1m[DJA] [Crash 1000 Index] Max consecutive losses (5) reached. Cooldown until 2026-08-31T01:40:28.041170+00:00[0m
[32m14:40:28[0m | [33m[1mWARNING [0m | [36mbackend.services.bot_service[0m:[36m_log_event[0m | [33m[1m[BT-DJA] [Crash 1000 Index] Max consecutive losses (5) reached. Cooldown until 2026-08-31T01:40:28.041170+00:00[0m
[32m14:40:28[0m | [1mINFO    [0m | [36mbackend.risk.position_sizer[0m:[36mcalculate_lot_size[0m | [1m[SIZER] Crash 1000 Index: lot=0.644 | risk=$9.98 (0.10%) | source=InstrumentProfile[0m
[32m14:40:28[0m | [1mINFO    [0m | [36mbackend.risk.engine[0m:[36mevaluate_signal[0m | [1m{"event": "trade_approved", "direction": "BUY", "symbol": "Crash 1000 Index", "entry": 5856.723, "sl": 5841.221285714286, "risk_dollars": 9.98310399999989, "lots": 0.644, "tp_count": 1, "last_tp_rr": 5.0, "binding_constraint": "none"}[0m
[32m14:40:28[0m | [1mINFO    [0m | [36mbackend.risk.breakeven_manager[0m:[36mcheck_breakeven[0m | [1mBreak-even triggered: SL 5841.22429 -> 5856.73100[0m
[32m14:40:28[0m | [1mINFO    [0m | [36mbackend.risk.position_sizer[0m:[36mcalculate_lot_size[0m | [1m[SIZER] Crash 1000 Index: lot=5.492 | risk=$99.97 (1.00%) | source=InstrumentProfile[0m
[32m14:40:28[0m | [1mINFO    [0m | [36mbackend.risk.engine[0m:[36mevaluate_signal[0m | [1m{"event": "trade_approved", "direction": "BUY", "symbol": "Crash 1000 Index", "entry": 5870.562, "sl": 5852.3596071428565, "risk_dollars": 99.96754157143168, "lots": 5.492, "tp_count": 1, "last_tp_rr": 5.0, "binding_constraint": "none"}[0m
[32m14:40:28[0m | [1mINFO    [0m | [36mbackend.risk.breakeven_manager[0m:[36mcheck_breakeven[0m | [1mBreak-even triggered: SL 5852.36461 -> 5870.57200[0m
[32m14:40:28[0m | [1mINFO    [0m | [36mbackend.risk.position_sizer[0m:[36mcalculate_lot_size[0m | [1m[SIZER] Crash 1000 Index: lot=2.569 | risk=$99.96 (1.00%) | source=InstrumentProfile[0m
[32m14:40:28[0m | [1mINFO    [0m | [36mbackend.risk.engine[0m:[36mevaluate_signal[0m | [1m{"event": "trade_approved", "direction": "BUY", "symbol": "Crash 1000 Index", "entry": 5899.863, "sl": 5860.953107142856, "risk_dollars": 99.95951475000257, "lots": 2.569, "tp_count": 1, "last_tp_rr": 5.0, "binding_constraint": "none"}[0m
[32m14:40:28[0m | [1mINFO    [0m | [36mbackend.risk.position_sizer[0m:[36mcalculate_lot_size[0m | [1m[SIZER] Crash 1000 Index: lot=5.628 | risk=$99.98 (1.00%) | source=InstrumentProfile[0m
[32m14:40:28[0m | [1mINFO    [0m | [36mbackend.risk.engine[0m:[36mevaluate_signal[0m | [1m{"event": "trade_approved", "direction": "BUY", "symbol": "Crash 1000 Index", "entry": 5802.222, "sl": 5784.457714285714, "risk_dollars": 99.97739999999884, "lots": 5.628, "tp_count": 1, "last_tp_rr": 5.0, "binding_constraint": "none"}[0m
[32m14:40:28[0m | [1mINFO    [0m | [36mbackend.risk.breakeven_manager[0m:[36mcheck_breakeven[0m | [1mBreak-even triggered: SL 5784.46071 -> 5802.23000[0m
[32m14:40:28[0m | [1mINFO    [0m | [36mbackend.risk.position_sizer[0m:[36mcalculate_lot_size[0m | [1m[SIZER] Crash 1000 Index: lot=4.889 | risk=$99.98 (1.00%) | source=InstrumentProfile[0m
[32m14:40:28[0m | [1mINFO    [0m | [36mbackend.risk.engine[0m:[36mevaluate_signal[0m | [1m{"event": "trade_approved", "direction": "BUY", "symbol": "Crash 1000 Index", "entry": 5879.574, "sl": 5859.123857142858, "risk_dollars": 99.98074842856751, "lots": 4.889, "tp_count": 1, "last_tp_rr": 5.0, "binding_constraint": "none"}[0m
[32m14:40:28[0m | [1mINFO    [0m | [36mbackend.risk.breakeven_manager[0m:[36mcheck_breakeven[0m | [1mBreak-even triggered: SL 5859.12686 -> 5879.58200[0m
[32m14:40:28[0m | [1mINFO    [0m | [36mbackend.risk.position_sizer[0m:[36mcalculate_lot_size[0m | [1m[SIZER] Crash 1000 Index: lot=1.588 | risk=$99.95 (1.00%) | source=InstrumentProfile[0m
[32m14:40:28[0m | [1mINFO    [0m | [36mbackend.risk.engine[0m:[36mevaluate_signal[0m | [1m{"event": "trade_approved", "direction": "BUY", "symbol": "Crash 1000 Index", "entry": 5979.627, "sl": 5916.688071428572, "risk_dollars": 99.94701857142883, "lots": 1.588, "tp_count": 1, "last_tp_rr": 5.0, "binding_constraint": "none"}[0m
[32m14:40:28[0m | [1mINFO    [0m | [36mbackend.risk.position_sizer[0m:[36mcalculate_lot_size[0m | [1m[SIZER] Crash 1000 Index: lot=0.481 | risk=$9.98 (0.10%) | source=InstrumentProfile[0m
[32m14:40:28[0m | [1mINFO    [0m | [36mbackend.risk.engine[0m:[36mevaluate_signal[0m | [1m{"event": "trade_approved", "direction": "BUY", "symbol": "Crash 1000 Index", "entry": 5902.565, "sl": 5881.81875, "risk_dollars": 9.978946249999632, "lots": 0.481, "tp_count": 1, "last_tp_rr": 5.0, "binding_constraint": "none"}[0m
[32m14:40:28[0m | [1mINFO    [0m | [36mbackend.risk.breakeven_manager[0m:[36mcheck_breakeven[0m | [1mBreak-even triggered: SL 5881.82075 -> 5902.57200[0m
[32m14:40:28[0m | [1mINFO    [0m | [36mbackend.risk.position_sizer[0m:[36mcalculate_lot_size[0m | [1m[SIZER] Crash 1000 Index: lot=2.872 | risk=$99.99 (1.00%) | source=InstrumentProfile[0m
[32m14:40:28[0m | [1mINFO    [0m | [36mbackend.risk.engine[0m:[36mevaluate_signal[0m | [1m{"event": "trade_approved", "direction": "BUY", "symbol": "Crash 1000 Index", "entry": 6045.202, "sl": 6010.386142857144, "risk_dollars": 99.99114171428431, "lots": 2.872, "tp_count": 1, "last_tp_rr": 5.0, "binding_constraint": "none"}[0m
[32m14:40:28[0m | [1mINFO    [0m | [36mbackend.risk.breakeven_manager[0m:[36mcheck_breakeven[0m | [1mBreak-even triggered: SL 6010.39014 -> 6045.21100[0m
[32m14:40:28[0m | [1mINFO    [0m | [36mbackend.risk.position_sizer[0m:[36mcalculate_lot_size[0m | [1m[SIZER] Crash 1000 Index: lot=2.896 | risk=$99.98 (1.00%) | source=InstrumentProfile[0m
[32m14:40:28[0m | [1mINFO    [0m | [36mbackend.risk.engine[0m:[36mevaluate_signal[0m | [1m{"event": "trade_approved", "direction": "BUY", "symbol": "Crash 1000 Index", "entry": 6004.341, "sl": 5969.816535714285, "risk_dollars": 99.98284857143096, "lots": 2.896, "tp_count": 1, "last_tp_rr": 5.0, "binding_constraint": "none"}[0m
[32m14:40:28[0m | [1mINFO    [0m | [36mbackend.risk.breakeven_manager[0m:[36mcheck_breakeven[0m | [1mBreak-even triggered: SL 5969.82154 -> 6004.35100[0m
[32m14:40:28[0m | [1mINFO    [0m | [36mbackend.risk.position_sizer[0m:[36mcalculate_lot_size[0m | [1m[SIZER] Crash 1000 Index: lot=3.556 | risk=$99.97 (1.00%) | source=InstrumentProfile[0m
[32m14:40:28[0m | [1mINFO    [0m | [36mbackend.risk.engine[0m:[36mevaluate_signal[0m | [1m{"event": "trade_approved", "direction": "BUY", "symbol": "Crash 1000 Index", "entry": 5823.74, "sl": 5795.625928571428, "risk_dollars": 99.97363800000225, "lots": 3.556, "tp_count": 1, "last_tp_rr": 5.0, "binding_constraint": "none"}[0m
[32m14:40:28[0m | [1mINFO    [0m | [36mbackend.risk.position_sizer[0m:[36mcalculate_lot_size[0m | [1m[SIZER] Crash 1000 Index: lot=2.269 | risk=$99.98 (1.00%) | source=InstrumentProfile[0m
[32m14:40:28[0m | [1mINFO    [0m | [36mbackend.risk.engine[0m:[36mevaluate_signal[0m | [1m{"event": "trade_approved", "direction": "BUY", "symbol": "Crash 1000 Index", "entry": 5756.405, "sl": 5712.3429642857145, "risk_dollars": 99.97675903571319, "lots": 2.269, "tp_count": 1, "last_tp_rr": 5.0, "binding_constraint": "none"}[0m
[32m14:40:28[0m | [1mINFO    [0m | [36mbackend.risk.position_sizer[0m:[36mcalculate_lot_size[0m | [1m[SIZER] Crash 1000 Index: lot=0.569 | risk=$9.98 (0.10%) | source=InstrumentProfile[0m
[32m14:40:28[0m | [1mINFO    [0m | [36mbackend.risk.engine[0m:[36mevaluate_signal[0m | [1m{"event": "trade_approved", "direction": "BUY", "symbol": "Crash 1000 Index", "entry": 5717.903, "sl": 5700.359714285714, "risk_dollars": 9.964586285714423, "lots": 0.569, "tp_count": 1, "last_tp_rr": 5.0, "binding_constraint": "lot_max"}[0m
[32m14:40:28[0m | [1mINFO    [0m | [36mbackend.risk.breakeven_manager[0m:[36mcheck_breakeven[0m | [1mBreak-even triggered: SL 5700.37771 -> 5717.92600[0m
[32m14:40:28[0m | [1mINFO    [0m | [36mbackend.risk.position_sizer[0m:[36mcalculate_lot_size[0m | [1m[SIZER] Crash 1000 Index: lot=1.144 | risk=$18.99 (0.19%) | source=InstrumentProfile[0m
[32m14:40:28[0m | [1mINFO    [0m | [36mbackend.risk.engine[0m:[36mevaluate_signal[0m | [1m{"event": "trade_approved", "direction": "BUY", "symbol": "Crash 1000 Index", "entry": 5747.799, "sl": 5731.2005714285715, "risk_dollars": 18.97200385714276, "lots": 1.144, "tp_count": 1, "last_tp_rr": 5.0, "binding_constraint": "lot_max"}[0m
[32m14:40:28[0m | [1mINFO    [0m | [36mbackend.risk.breakeven_manager[0m:[36mcheck_breakeven[0m | [1mBreak-even triggered: SL 5731.20757 -> 5747.81100[0m
[32m14:40:28[0m | [1mINFO    [0m | [36mbackend.risk.position_sizer[0m:[36mcalculate_lot_size[0m | [1m[SIZER] Crash 1000 Index: lot=3.293 | risk=$99.97 (1.00%) | source=InstrumentProfile[0m
[32m14:40:28[0m | [1mINFO    [0m | [36mbackend.risk.engine[0m:[36mevaluate_signal[0m | [1m{"event": "trade_approved", "direction": "BUY", "symbol": "Crash 1000 Index", "entry": 5742.742, "sl": 5712.384749999999, "risk_dollars": 99.96642425000307, "lots": 3.293, "tp_count": 1, "last_tp_rr": 5.0, "binding_constraint": "none"}[0m
[32m14:40:28[0m | [1mINFO    [0m | [36mbackend.risk.position_sizer[0m:[36mcalculate_lot_size[0m | [1m[SIZER] Crash 1000 Index: lot=7.849 | risk=$99.98 (1.00%) | source=InstrumentProfile[0m
[32m14:40:28[0m | [1mINFO    [0m | [36mbackend.risk.engine[0m:[36mevaluate_signal[0m | [1m{"event": "trade_approved", "direction": "BUY", "symbol": "Crash 1000 Index", "entry": 5739.117, "sl": 5726.379535714285, "risk_dollars": 99.97635717857587, "lots": 7.849, "tp_count": 1, "last_tp_rr": 5.0, "binding_constraint": "none"}[0m
[32m14:40:28[0m | [1mINFO    [0m | [36mbackend.risk.position_sizer[0m:[36mcalculate_lot_size[0m | [1m[SIZER] Crash 1000 Index: lot=8.64 | risk=$99.97 (1.00%) | source=InstrumentProfile[0m
[32m14:40:28[0m | [1mINFO    [0m | [36mbackend.risk.engine[0m:[36mevaluate_signal[0m | [1m{"event": "trade_approved", "direction": "BUY", "symbol": "Crash 1000 Index", "entry": 5773.301, "sl": 5761.730071428571, "risk_dollars": 99.97282285714871, "lots": 8.64, "tp_count": 1, "last_tp_rr": 5.0, "binding_constraint": "none"}[0m
[32m14:40:28[0m | [1mINFO    [0m | [36mbackend.risk.position_sizer[0m:[36mcalculate_lot_size[0m | [1m[SIZER] Crash 1000 Index: lot=5.776 | risk=$99.97 (1.00%) | source=InstrumentProfile[0m
[32m14:40:28[0m | [1mINFO    [0m | [36mbackend.risk.engine[0m:[36mevaluate_signal[0m | [1m{"event": "trade_approved", "direction": "BUY", "symbol": "Crash 1000 Index", "entry": 5752.354, "sl": 5735.046357142857, "risk_dollars": 99.96894514285817, "lots": 5.776, "tp_count": 1, "last_tp_rr": 5.0, "binding_constraint": "none"}[0m
[32m14:40:28[0m | [33m[1mWARNING [0m | [36mbackend.strategies.base_strategy[0m:[36mlog_event[0m | [33m[1m[DJA] [Crash 1000 Index] Max consecutive losses (4) reached. Cooldown until 2026-08-31T01:40:28.342837+00:00[0m
[32m14:40:28[0m | [33m[1mWARNING [0m | [36mbackend.services.bot_service[0m:[36m_log_event[0m | [33m[1m[BT-DJA] [Crash 1000 Index] Max consecutive losses (4) reached. Cooldown until 2026-08-31T01:40:28.342837+00:00[0m
[32m14:40:28[0m | [1mINFO    [0m | [36mbackend.risk.position_sizer[0m:[36mcalculate_lot_size[0m | [1m[SIZER] Crash 1000 Index: lot=8.884 | risk=$99.97 (1.00%) | source=InstrumentProfile[0m
[32m14:40:28[0m | [1mINFO    [0m | [36mbackend.risk.engine[0m:[36mevaluate_signal[0m | [1m{"event": "trade_approved", "direction": "BUY", "symbol": "Crash 1000 Index", "entry": 5766.316, "sl": 5755.0629285714285, "risk_dollars": 99.9722865714272, "lots": 8.884, "tp_count": 1, "last_tp_rr": 5.0, "binding_constraint": "none"}[0m
[32m14:40:28[0m | [33m[1mWARNING [0m | [36mbackend.strategies.base_strategy[0m:[36mlog_event[0m | [33m[1m[DJA] [Crash 1000 Index] Max consecutive losses (5) reached. Cooldown until 2026-08-31T01:40:28.358522+00:00[0m
[32m14:40:28[0m | [33m[1mWARNING [0m | [36mbackend.services.bot_service[0m:[36m_log_event[0m | [33m[1m[BT-DJA] [Crash 1000 Index] Max consecutive losses (5) reached. Cooldown until 2026-08-31T01:40:28.358522+00:00[0m
[32m14:40:28[0m | [1mINFO    [0m | [36mbackend.risk.position_sizer[0m:[36mcalculate_lot_size[0m | [1m[SIZER] Crash 1000 Index: lot=3.823 | risk=$99.99 (1.00%) | source=InstrumentProfile[0m
[32m14:40:28[0m | [1mINFO    [0m | [36mbackend.risk.engine[0m:[36mevaluate_signal[0m | [1m{"event": "trade_approved", "direction": "BUY", "symbol": "Crash 1000 Index", "entry": 5767.676, "sl": 5741.522, "risk_dollars": 99.98674200000173, "lots": 3.823, "tp_count": 1, "last_tp_rr": 5.0, "binding_constraint": "none"}[0m
[32m14:40:28[0m | [1mINFO    [0m | [36mbackend.risk.breakeven_manager[0m:[36mcheck_breakeven[0m | [1mBreak-even triggered: SL 5741.52900 -> 5767.68800[0m
[32m14:40:28[0m | [1mINFO    [0m | [36mbackend.risk.position_sizer[0m:[36mcalculate_lot_size[0m | [1m[SIZER] Crash 1000 Index: lot=3.198 | risk=$99.97 (1.00%) | source=InstrumentProfile[0m
[32m14:40:28[0m | [1mINFO    [0m | [36mbackend.risk.engine[0m:[36mevaluate_signal[0m | [1m{"event": "trade_approved", "direction": "BUY", "symbol": "Crash 1000 Index", "entry": 5783.915, "sl": 5752.6552142857145, "risk_dollars": 99.96879471428502, "lots": 3.198, "tp_count": 1, "last_tp_rr": 5.0, "binding_constraint": "none"}[0m
[32m14:40:28[0m | [1mINFO    [0m | [36mbackend.risk.position_sizer[0m:[36mcalculate_lot_size[0m | [1m[SIZER] Crash 1000 Index: lot=9.937 | risk=$99.96 (1.00%) | source=InstrumentProfile[0m
[32m14:40:28[0m | [1mINFO    [0m | [36mbackend.risk.engine[0m:[36mevaluate_signal[0m | [1m{"event": "trade_approved", "direction": "BUY", "symbol": "Crash 1000 Index", "entry": 5603.428, "sl": 5593.368285714286, "risk_dollars": 99.96338085714109, "lots": 9.937, "tp_count": 1, "last_tp_rr": 5.0, "binding_constraint": "none"}[0m
[32m14:40:28[0m | [1mINFO    [0m | [36mbackend.risk.position_sizer[0m:[36mcalculate_lot_size[0m | [1m[SIZER] Crash 1000 Index: lot=0.592 | risk=$10.00 (0.10%) | source=InstrumentProfile[0m
[32m14:40:28[0m | [1mINFO    [0m | [36mbackend.risk.engine[0m:[36mevaluate_signal[0m | [1m{"event": "trade_approved", "direction": "BUY", "symbol": "Crash 1000 Index", "entry": 5644.468, "sl": 5627.579928571428, "risk_dollars": 9.997738285714323, "lots": 0.592, "tp_count": 1, "last_tp_rr": 5.0, "binding_constraint": "none"}[0m
[32m14:40:28[0m | [1mINFO    [0m | [36mbackend.risk.breakeven_manager[0m:[36mcheck_breakeven[0m | [1mBreak-even triggered: SL 5627.58593 -> 5644.47900[0m
[32m14:40:28[0m | [1mINFO    [0m | [36mbackend.risk.position_sizer[0m:[36mcalculate_lot_size[0m | [1m[SIZER] Crash 1000 Index: lot=7.737 | risk=$99.97 (1.00%) | source=InstrumentProfile[0m
[32m14:40:28[0m | [1mINFO    [0m | [36mbackend.risk.engine[0m:[36mevaluate_signal[0m | [1m{"event": "trade_approved", "direction": "BUY", "symbol": "Crash 1000 Index", "entry": 5765.576, "sl": 5752.655035714285, "risk_dollars": 99.96950067857652, "lots": 7.737, "tp_count": 1, "last_tp_rr": 5.0, "binding_constraint": "none"}[0m
[32m14:40:28[0m | [1mINFO    [0m | [36mbackend.risk.position_sizer[0m:[36mcalculate_lot_size[0m | [1m[SIZER] Crash 1000 Index: lot=1.85 | risk=$99.95 (1.00%) | source=InstrumentProfile[0m
[32m14:40:28[0m | [1mINFO    [0m | [36mbackend.risk.engine[0m:[36mevaluate_signal[0m | [1m{"event": "trade_approved", "direction": "BUY", "symbol": "Crash 1000 Index", "entry": 5724.142, "sl": 5670.116821428572, "risk_dollars": 99.94658035714201, "lots": 1.85, "tp_count": 1, "last_tp_rr": 5.0, "binding_constraint": "none"}[0m
[32m14:40:28[0m | [1mINFO    [0m | [36mbackend.risk.breakeven_manager[0m:[36mcheck_breakeven[0m | [1mBreak-even triggered: SL 5670.12082 -> 5724.15100[0m
[32m14:40:28[0m | [1mINFO    [0m | [36mbackend.risk.position_sizer[0m:[36mcalculate_lot_size[0m | [1m[SIZER] Crash 1000 Index: lot=4.309 | risk=$99.99 (1.00%) | source=InstrumentProfile[0m
[32m14:40:28[0m | [1mINFO    [0m | [36mbackend.risk.engine[0m:[36mevaluate_signal[0m | [1m{"event": "trade_approved", "direction": "BUY", "symbol": "Crash 1000 Index", "entry": 5718.594, "sl": 5695.389964285714, "risk_dollars": 99.98618989285822, "lots": 4.309, "tp_count": 1, "last_tp_rr": 5.0, "binding_constraint": "none"}[0m
[32m14:40:28[0m | [1mINFO    [0m | [36mbackend.risk.breakeven_manager[0m:[36mcheck_breakeven[0m | [1mBreak-even triggered: SL 5695.39396 -> 5718.60300[0m
[32m14:40:28[0m | [1mINFO    [0m | [36mbackend.risk.position_sizer[0m:[36mcalculate_lot_size[0m | [1m[SIZER] Crash 1000 Index: lot=1.696 | risk=$99.97 (1.00%) | source=InstrumentProfile[0m
[32m14:40:28[0m | [1mINFO    [0m | [36mbackend.risk.engine[0m:[36mevaluate_signal[0m | [1m{"event": "trade_approved", "direction": "BUY", "symbol": "Crash 1000 Index", "entry": 5778.542, "sl": 5719.600071428572, "risk_dollars": 99.96551085714262, "lots": 1.696, "tp_count": 1, "last_tp_rr": 5.0, "binding_constraint": "none"}[0m
[32m14:40:28[0m | [1mINFO    [0m | [36mbackend.risk.position_sizer[0m:[36mcalculate_lot_size[0m | [1m[SIZER] Crash 1000 Index: lot=3.838 | risk=$99.97 (1.00%) | source=InstrumentProfile[0m
[32m14:40:28[0m | [1mINFO    [0m | [36mbackend.risk.engine[0m:[36mevaluate_signal[0m | [1m{"event": "trade_approved", "direction": "BUY", "symbol": "Crash 1000 Index", "entry": 5737.416, "sl": 5711.3691071428575, "risk_dollars": 99.96797478571355, "lots": 3.838, "tp_count": 1, "last_tp_rr": 5.0, "binding_constraint": "none"}[0m
[32m14:40:28[0m | [1mINFO    [0m | [36mbackend.risk.breakeven_manager[0m:[36mcheck_breakeven[0m | [1mBreak-even triggered: SL 5711.37011 -> 5737.42200[0m
[32m14:40:28[0m | [1mINFO    [0m | [36mbackend.risk.position_sizer[0m:[36mcalculate_lot_size[0m | [1m[SIZER] Crash 1000 Index: lot=4.425 | risk=$99.97 (1.00%) | source=InstrumentProfile[0m
[32m14:40:28[0m | [1mINFO    [0m | [36mbackend.risk.engine[0m:[36mevaluate_signal[0m | [1m{"event": "trade_approved", "direction": "BUY", "symbol": "Crash 1000 Index", "entry": 5700.054, "sl": 5677.460999999999, "risk_dollars": 99.97402500000335, "lots": 4.425, "tp_count": 1, "last_tp_rr": 5.0, "binding_constraint": "none"}[0m
[32m14:40:28[0m | [1mINFO    [0m | [36mbackend.risk.position_sizer[0m:[36mcalculate_lot_size[0m | [1m[SIZER] Crash 1000 Index: lot=5.735 | risk=$99.98 (1.00%) | source=InstrumentProfile[0m
[32m14:40:28[0m | [1mINFO    [0m | [36mbackend.risk.engine[0m:[36mevaluate_signal[0m | [1m{"event": "trade_approved", "direction": "BUY", "symbol": "Crash 1000 Index", "entry": 5694.023, "sl": 5676.590071428571, "risk_dollars": 99.9778453571472, "lots": 5.735, "tp_count": 1, "last_tp_rr": 5.0, "binding_constraint": "none"}[0m
[32m14:40:28[0m | [1mINFO    [0m | [36mbackend.risk.position_sizer[0m:[36mcalculate_lot_size[0m | [1m[SIZER] Crash 1000 Index: lot=3.384 | risk=$99.97 (1.00%) | source=InstrumentProfile[0m
[32m14:40:28[0m | [1mINFO    [0m | [36mbackend.risk.engine[0m:[36mevaluate_signal[0m | [1m{"event": "trade_approved", "direction": "BUY", "symbol": "Crash 1000 Index", "entry": 5644.264, "sl": 5614.722142857142, "risk_dollars": 99.96964457143193, "lots": 3.384, "tp_count": 1, "last_tp_rr": 5.0, "binding_constraint": "none"}[0m
[32m14:40:28[0m | [1mINFO    [0m | [36mbackend.risk.position_sizer[0m:[36mcalculate_lot_size[0m | [1m[SIZER] Crash 1000 Index: lot=1.357 | risk=$99.93 (1.00%) | source=InstrumentProfile[0m
[32m14:40:28[0m | [1mINFO    [0m | [36mbackend.risk.engine[0m:[36mevaluate_signal[0m | [1m{"event": "trade_approved", "direction": "BUY", "symbol": "Crash 1000 Index", "entry": 5619.765, "sl": 5546.12275, "risk_dollars": 99.93253324999984, "lots": 1.357, "tp_count": 1, "last_tp_rr": 5.0, "binding_constraint": "none"}[0m
[32m14:40:28[0m | [1mINFO    [0m | [36mbackend.risk.breakeven_manager[0m:[36mcheck_breakeven[0m | [1mBreak-even triggered: SL 5546.12775 -> 5619.77500[0m
[32m14:40:28[0m | [1mINFO    [0m | [36mbackend.risk.position_sizer[0m:[36mcalculate_lot_size[0m | [1m[SIZER] Crash 1000 Index: lot=7.934 | risk=$99.97 (1.00%) | source=InstrumentProfile[0m
[32m14:40:28[0m | [1mINFO    [0m | [36mbackend.risk.engine[0m:[36mevaluate_signal[0m | [1m{"event": "trade_approved", "direction": "BUY", "symbol": "Crash 1000 Index", "entry": 5723.633, "sl": 5711.032964285715, "risk_dollars": 99.96868335713549, "lots": 7.934, "tp_count": 1, "last_tp_rr": 5.0, "binding_constraint": "none"}[0m
[32m14:40:28[0m | [1mINFO    [0m | [36mbackend.risk.position_sizer[0m:[36mcalculate_lot_size[0m | [1m[SIZER] Crash 1000 Index: lot=8.116 | risk=$99.97 (1.00%) | source=InstrumentProfile[0m
[32m14:40:28[0m | [1mINFO    [0m | [36mbackend.risk.engine[0m:[36mevaluate_signal[0m | [1m{"event": "trade_approved", "direction": "BUY", "symbol": "Crash 1000 Index", "entry": 5709.6, "sl": 5697.282214285714, "risk_dollars": 99.95883107143415, "lots": 8.116, "tp_count": 1, "last_tp_rr": 5.0, "binding_constraint": "lot_max"}[0m
[32m14:40:28[0m | [1mINFO    [0m | [36mbackend.risk.position_sizer[0m:[36mcalculate_lot_size[0m | [1m[SIZER] Crash 1000 Index: lot=4.894 | risk=$99.97 (1.00%) | source=InstrumentProfile[0m
[32m14:40:28[0m | [1mINFO    [0m | [36mbackend.risk.engine[0m:[36mevaluate_signal[0m | [1m{"event": "trade_approved", "direction": "BUY", "symbol": "Crash 1000 Index", "entry": 5678.744, "sl": 5658.317678571429, "risk_dollars": 99.96641707142696, "lots": 4.894, "tp_count": 1, "last_tp_rr": 5.0, "binding_constraint": "none"}[0m
[32m14:40:28[0m | [1mINFO    [0m | [36mbackend.risk.breakeven_manager[0m:[36mcheck_breakeven[0m | [1mBreak-even triggered: SL 5658.32368 -> 5678.75500[0m
[32m14:40:28[0m | [1mINFO    [0m | [36mbackend.risk.position_sizer[0m:[36mcalculate_lot_size[0m | [1m[SIZER] Crash 1000 Index: lot=3.443 | risk=$99.98 (1.00%) | source=InstrumentProfile[0m
[32m14:40:28[0m | [1mINFO    [0m | [36mbackend.risk.engine[0m:[36mevaluate_signal[0m | [1m{"event": "trade_approved", "direction": "BUY", "symbol": "Crash 1000 Index", "entry": 5769.824, "sl": 5740.7853214285715, "risk_dollars": 99.98017032142707, "lots": 3.443, "tp_count": 1, "last_tp_rr": 5.0, "binding_constraint": "none"}[0m
[32m14:40:28[0m | [1mINFO    [0m | [36mbackend.risk.position_sizer[0m:[36mcalculate_lot_size[0m | [1m[SIZER] Crash 1000 Index: lot=5.48 | risk=$99.97 (1.00%) | source=InstrumentProfile[0m
[32m14:40:28[0m | [1mINFO    [0m | [36mbackend.risk.engine[0m:[36mevaluate_signal[0m | [1m{"event": "trade_approved", "direction": "BUY", "symbol": "Crash 1000 Index", "entry": 5755.608, "sl": 5737.366071428572, "risk_dollars": 99.96576857142882, "lots": 5.48, "tp_count": 1, "last_tp_rr": 5.0, "binding_constraint": "none"}[0m
[32m14:40:28[0m | [1mINFO    [0m | [36mbackend.risk.position_sizer[0m:[36mcalculate_lot_size[0m | [1m[SIZER] Crash 1000 Index: lot=6.692 | risk=$99.98 (1.00%) | source=InstrumentProfile[0m
[32m14:40:28[0m | [1mINFO    [0m | [36mbackend.risk.engine[0m:[36mevaluate_signal[0m | [1m{"event": "trade_approved", "direction": "BUY", "symbol": "Crash 1000 Index", "entry": 5762.485, "sl": 5747.544964285715, "risk_dollars": 99.97871899999477, "lots": 6.692, "tp_count": 1, "last_tp_rr": 5.0, "binding_constraint": "none"}[0m
[32m14:40:28[0m | [1mINFO    [0m | [36mbackend.risk.engine[0m:[36mevaluate_signal[0m | [1mScaling down risk from $100.00 to $31.34 to honor 3.0% daily drawdown.[0m
[32m14:40:28[0m | [1mINFO    [0m | [36mbackend.risk.position_sizer[0m:[36mcalculate_lot_size[0m | [1m[SIZER] Crash 1000 Index: lot=1.241 | risk=$31.31 (0.31%) | source=InstrumentProfile[0m
[32m14:40:28[0m | [1mINFO    [0m | [36mbackend.risk.engine[0m:[36mevaluate_signal[0m | [1m{"event": "trade_approved", "direction": "BUY", "symbol": "Crash 1000 Index", "entry": 5757.362, "sl": 5732.129892857142, "risk_dollars": 31.313044964286515, "lots": 1.241, "tp_count": 1, "last_tp_rr": 5.0, "binding_constraint": "daily_dd"}[0m
[32m14:40:28[0m | [1mINFO    [0m | [36mbackend.risk.breakeven_manager[0m:[36mcheck_breakeven[0m | [1mBreak-even triggered: SL 5732.13089 -> 5757.36800[0m
[32m14:40:28[0m | [1mINFO    [0m | [36mbackend.risk.position_sizer[0m:[36mcalculate_lot_size[0m | [1m[SIZER] Crash 1000 Index: lot=0.388 | risk=$9.98 (0.10%) | source=InstrumentProfile[0m
[32m14:40:28[0m | [1mINFO    [0m | [36mbackend.risk.engine[0m:[36mevaluate_signal[0m | [1m{"event": "trade_approved", "direction": "BUY", "symbol": "Crash 1000 Index", "entry": 5792.314, "sl": 5766.604892857144, "risk_dollars": 9.975133571428415, "lots": 0.388, "tp_count": 1, "last_tp_rr": 5.0, "binding_constraint": "none"}[0m
[32m14:40:28[0m | [1mINFO    [0m | [36mbackend.risk.position_sizer[0m:[36mcalculate_lot_size[0m | [1m[SIZER] Crash 1000 Index: lot=7.219 | risk=$99.97 (1.00%) | source=InstrumentProfile[0m
[32m14:40:28[0m | [1mINFO    [0m | [36mbackend.risk.engine[0m:[36mevaluate_signal[0m | [1m{"event": "trade_approved", "direction": "BUY", "symbol": "Crash 1000 Index", "entry": 5780.318, "sl": 5766.469964285714, "risk_dollars": 99.96896982143207, "lots": 7.219, "tp_count": 1, "last_tp_rr": 5.0, "binding_constraint": "none"}[0m
[32m14:40:28[0m | [1mINFO    [0m | [36mbackend.risk.breakeven_manager[0m:[36mcheck_breakeven[0m | [1mBreak-even triggered: SL 5766.47996 -> 5780.33300[0m
[32m14:40:28[0m | [1mINFO    [0m | [36mbackend.risk.position_sizer[0m:[36mcalculate_lot_size[0m | [1m[SIZER] Crash 1000 Index: lot=3.778 | risk=$99.99 (1.00%) | source=InstrumentProfile[0m
[32m14:40:28[0m | [1mINFO    [0m | [36mbackend.risk.engine[0m:[36mevaluate_signal[0m | [1m{"event": "trade_approved", "direction": "BUY", "symbol": "Crash 1000 Index", "entry": 5876.825, "sl": 5850.359678571429, "risk_dollars": 99.98598435714071, "lots": 3.778, "tp_count": 1, "last_tp_rr": 5.0, "binding_constraint": "none"}[0m
[32m14:40:28[0m | [1mINFO    [0m | [36mbackend.risk.breakeven_manager[0m:[36mcheck_breakeven[0m | [1mBreak-even triggered: SL 5850.36468 -> 5876.83500[0m
[32m14:40:28[0m | [1mINFO    [0m | [36mbackend.risk.position_sizer[0m:[36mcalculate_lot_size[0m | [1m[SIZER] Crash 1000 Index: lot=2.185 | risk=$99.99 (1.00%) | source=InstrumentProfile[0m
[32m14:40:28[0m | [1mINFO    [0m | [36mbackend.risk.engine[0m:[36mevaluate_signal[0m | [1m{"event": "trade_approved", "direction": "BUY", "symbol": "Crash 1000 Index", "entry": 5961.502, "sl": 5915.7420357142855, "risk_dollars": 99.98552196428703, "lots": 2.185, "tp_count": 1, "last_tp_rr": 5.0, "binding_constraint": "none"}[0m
[32m14:40:28[0m | [1mINFO    [0m | [36mbackend.risk.breakeven_manager[0m:[36mcheck_breakeven[0m | [1mBreak-even triggered: SL 5915.75004 -> 5961.51500[0m
[32m14:40:28[0m | [1mINFO    [0m | [36mbackend.risk.position_sizer[0m:[36mcalculate_lot_size[0m | [1m[SIZER] Crash 1000 Index: lot=2.673 | risk=$99.96 (1.00%) | source=InstrumentProfile[0m
[32m14:40:28[0m | [1mINFO    [0m | [36mbackend.risk.engine[0m:[36mevaluate_signal[0m | [1m{"event": "trade_approved", "direction": "BUY", "symbol": "Crash 1000 Index", "entry": 6171.385, "sl": 6133.988892857143, "risk_dollars": 99.95979439285821, "lots": 2.673, "tp_count": 1, "last_tp_rr": 5.0, "binding_constraint": "none"}[0m
[32m14:40:28[0m | [1mINFO    [0m | [36mbackend.risk.position_sizer[0m:[36mcalculate_lot_size[0m | [1m[SIZER] Crash 1000 Index: lot=4.674 | risk=$99.97 (1.00%) | source=InstrumentProfile[0m
[32m14:40:28[0m | [1mINFO    [0m | [36mbackend.risk.engine[0m:[36mevaluate_signal[0m | [1m{"event": "trade_approved", "direction": "BUY", "symbol": "Crash 1000 Index", "entry": 6153.595, "sl": 6132.206035714286, "risk_dollars": 99.9720190714267, "lots": 4.674, "tp_count": 1, "last_tp_rr": 5.0, "binding_constraint": "none"}[0m
[32m14:40:28[0m | [1mINFO    [0m | [36mbackend.risk.position_sizer[0m:[36mcalculate_lot_size[0m | [1m[SIZER] Crash 1000 Index: lot=3.961 | risk=$99.99 (1.00%) | source=InstrumentProfile[0m
[32m14:40:28[0m | [1mINFO    [0m | [36mbackend.risk.engine[0m:[36mevaluate_signal[0m | [1m{"event": "trade_approved", "direction": "BUY", "symbol": "Crash 1000 Index", "entry": 6105.192, "sl": 6079.948892857143, "risk_dollars": 99.96270428571489, "lots": 3.961, "tp_count": 1, "last_tp_rr": 5.0, "binding_constraint": "lot_max"}[0m
[32m14:40:28[0m | [1mINFO    [0m | [36mbackend.risk.position_sizer[0m:[36mcalculate_lot_size[0m | [1m[SIZER] Crash 1000 Index: lot=0.463 | risk=$9.98 (0.10%) | source=InstrumentProfile[0m
[32m14:40:28[0m | [1mINFO    [0m | [36mbackend.risk.engine[0m:[36mevaluate_signal[0m | [1m{"event": "trade_approved", "direction": "BUY", "symbol": "Crash 1000 Index", "entry": 6058.227, "sl": 6036.675392857143, "risk_dollars": 9.978394107142552, "lots": 0.463, "tp_count": 1, "last_tp_rr": 5.0, "binding_constraint": "none"}[0m
[32m14:40:28[0m | [33m[1mWARNING [0m | [36mbackend.strategies.base_strategy[0m:[36mlog_event[0m | [33m[1m[DJA] [Crash 1000 Index] Max consecutive losses (4) reached. Cooldown until 2026-08-31T01:40:28.916580+00:00[0m
[32m14:40:28[0m | [33m[1mWARNING [0m | [36mbackend.services.bot_service[0m:[36m_log_event[0m | [33m[1m[BT-DJA] [Crash 1000 Index] Max consecutive losses (4) reached. Cooldown until 2026-08-31T01:40:28.916580+00:00[0m
[32m14:40:28[0m | [1mINFO    [0m | [36mbackend.risk.position_sizer[0m:[36mcalculate_lot_size[0m | [1m[SIZER] Crash 1000 Index: lot=8.223 | risk=$99.97 (1.00%) | source=InstrumentProfile[0m
[32m14:40:28[0m | [1mINFO    [0m | [36mbackend.risk.engine[0m:[36mevaluate_signal[0m | [1m{"event": "trade_approved", "direction": "BUY", "symbol": "Crash 1000 Index", "entry": 6066.993, "sl": 6054.8361428571425, "risk_dollars": 99.96583628572066, "lots": 8.223, "tp_count": 1, "last_tp_rr": 5.0, "binding_constraint": "none"}[0m
[32m14:40:28[0m | [1mINFO    [0m | [36mbackend.risk.breakeven_manager[0m:[36mcheck_breakeven[0m | [1mBreak-even triggered: SL 6054.83814 -> 6067.00000[0m
[32m14:40:28[0m | [1mINFO    [0m | [36mbackend.risk.position_sizer[0m:[36mcalculate_lot_size[0m | [1m[SIZER] Crash 1000 Index: lot=0.53 | risk=$9.99 (0.10%) | source=InstrumentProfile[0m
[32m14:40:28[0m | [1mINFO    [0m | [36mbackend.risk.engine[0m:[36mevaluate_signal[0m | [1m{"event": "trade_approved", "direction": "BUY", "symbol": "Crash 1000 Index", "entry": 6010.519, "sl": 5991.667142857143, "risk_dollars": 9.991484285714542, "lots": 0.53, "tp_count": 1, "last_tp_rr": 5.0, "binding_constraint": "none"}[0m
[32m14:40:28[0m | [1mINFO    [0m | [36mbackend.risk.position_sizer[0m:[36mcalculate_lot_size[0m | [1m[SIZER] Crash 1000 Index: lot=1.572 | risk=$29.99 (0.30%) | source=InstrumentProfile[0m
[32m14:40:28[0m | [1mINFO    [0m | [36mbackend.risk.engine[0m:[36mevaluate_signal[0m | [1m{"event": "trade_approved", "direction": "BUY", "symbol": "Crash 1000 Index", "entry": 6004.185, "sl": 5985.108, "risk_dollars": 29.989044000000355, "lots": 1.572, "tp_count": 1, "last_tp_rr": 5.0, "binding_constraint": "none"}[0m
[32m14:40:28[0m | [1mINFO    [0m | [36mbackend.risk.position_sizer[0m:[36mcalculate_lot_size[0m | [1m[SIZER] Crash 1000 Index: lot=6.105 | risk=$99.97 (1.00%) | source=InstrumentProfile[0m
[32m14:40:28[0m | [1mINFO    [0m | [36mbackend.risk.engine[0m:[36mevaluate_signal[0m | [1m{"event": "trade_approved", "direction": "BUY", "symbol": "Crash 1000 Index", "entry": 5971.929, "sl": 5955.554142857143, "risk_dollars": 99.9685028571411, "lots": 6.105, "tp_count": 1, "last_tp_rr": 5.0, "binding_constraint": "none"}[0m
[32m14:40:28[0m | [1mINFO    [0m | [36mbackend.risk.breakeven_manager[0m:[36mcheck_breakeven[0m | [1mBreak-even triggered: SL 5955.55614 -> 5971.93600[0m
[32m14:40:28[0m | [1mINFO    [0m | [36mbackend.risk.position_sizer[0m:[36mcalculate_lot_size[0m | [1m[SIZER] Crash 1000 Index: lot=2.874 | risk=$99.98 (1.00%) | source=InstrumentProfile[0m
[32m14:40:28[0m | [1mINFO    [0m | [36mbackend.risk.engine[0m:[36mevaluate_signal[0m | [1m{"event": "trade_approved", "direction": "BUY", "symbol": "Crash 1000 Index", "entry": 5929.503, "sl": 5894.715964285714, "risk_dollars": 99.9779406428568, "lots": 2.874, "tp_count": 1, "last_tp_rr": 5.0, "binding_constraint": "none"}[0m
[32m14:40:30[0m | [1mINFO    [0m | [36mbackend.backtester.report[0m:[36mapply_bar_level_drawdown[0m | [1m[REPORT] max_drawdown_pct corrected from closed-trade basis 13.71% -> bar-level basis 15.98% (abs $1,598.11, 20002 equity points)[0m
[32m14:40:30[0m | [1mINFO    [0m | [36mbackend.backtester.engine[0m:[36mrun[0m | [1m[ENGINE] \u2550\u2550\u2550 Backtest engine complete \u2550\u2550\u2550[0m
[32m14:40:30[0m | [1mINFO    [0m | [36mbackend.backtester.engine[0m:[36mrun[0m | [1m[ENGINE] Trades: 71 (29W / 42L) | Invalid: 0[0m
[32m14:40:30[0m | [1mINFO    [0m | [36mbackend.backtester.engine[0m:[36mrun[0m | [1m[ENGINE] P&L: $417.00 | Final balance: $10417.00[0m
[32m14:40:30[0m | [1mINFO    [0m | [36mbackend.backtester.engine[0m:[36mrun[0m | [1m[ENGINE] Best trade: $499.89 | Worst trade: $-168.67[0m
[32m14:40:30[0m | [1mINFO    [0m | [36mbackend.backtester.engine[0m:[36mrun[0m | [1m[ENGINE] Leg-level hit rates: TP1=11.3% TP2=0.0% TP3=0.0% SL=57.7% BE=21.1% TRAIL=0.0% | max_dd=15.98% (bar-level)[0m
[32m14:40:30[0m | [1mINFO    [0m | [36mbackend.backtester.engine[0m:[36mrun[0m | [1m[ENGINE] Cost model applied: {'CRASH 1000 INDEX': {'slippage_pips': 1.0, 'commission_per_lot': 0.0, 'spread_pips': 2.0, 'swap_long_per_lot_per_day': 0.0, 'swap_short_per_lot_per_day': 0.0, 'stops_level_pips': 2.0, 'exit_slippage_pips': 1.0, 'sources': {'slippage_pips': 'ASSET_CLASS_DEFAULT', 'commission_per_lot': 'ASSET_CLASS_DEFAULT', 'spread_pips': 'ASSET_CLASS_DEFAULT', 'swap_long_per_lot_per_day': 'ASSET_CLASS_DEFAULT', 'swap_short_per_lot_per_day': 'ASSET_CLASS_DEFAULT', 'stops_level_pips': 'ASSET_CLASS_DEFAULT', 'exit_slippage_pips': 'DEFAULT_EQUALS_SLIPPAGE_PIPS'}, 'broker_source': 'ASSET_CLASS_DEFAULT'}}[0m
    5      71     +417.00   no trades
[32m14:40:30[0m | [1mINFO    [0m | [36mbackend.backtester.engine[0m:[36mrun[0m | [1m[ENGINE] \u2550\u2550\u2550 Starting backtest engine \u2550\u2550\u2550[0m
[32m14:40:30[0m | [1mINFO    [0m | [36mbackend.backtester.engine[0m:[36mrun[0m | [1m[ENGINE] Balance: $10000.0 | Signals: 406 | Candles: 20000[0m
[32m14:40:30[0m | [1mINFO    [0m | [36mbackend.backtester.engine[0m:[36mrun[0m | [1m[ENGINE] Risk config: risk_pct=1.0% | min_rr=None | tp_count=1[0m
[32m14:40:30[0m | [1mINFO    [0m | [36mbackend.backtester.engine[0m:[36m_costs_for[0m | [1m[COSTS] Crash 1000 Index | spread=2.00p slippage=1.00p commission=$0.00/lot swap_long=0.0000/lot/day swap_short=0.0000/lot/day stops_level=2.00p | broker_source=ASSET_CLASS_DEFAULT | per-field={'slippage_pips': 'ASSET_CLASS_DEFAULT', 'commission_per_lot': 'ASSET_CLASS_DEFAULT', 'spread_pips': 'ASSET_CLASS_DEFAULT', 'swap_long_per_lot_per_day': 'ASSET_CLASS_DEFAULT', 'swap_short_per_lot_per_day': 'ASSET_CLASS_DEFAULT', 'stops_level_pips': 'ASSET_CLASS_DEFAULT', 'exit_slippage_pips': 'DEFAULT_EQUALS_SLIPPAGE_PIPS'}[0m
C:\Users\ikchr\Documents\AlgoEdge\backend\backtester\engine.py:754: FutureWarning: The behavior of DatetimeProperties.to_pydatetime is deprecated, in a future version this will return a Series containing python datetime objects instead of an ndarray. To retain the old behavior, call `np.array` on the result
  dt_arr = dt_series.dt.to_pydatetime()
[32m14:40:36[0m | [1mINFO    [0m | [36mbackend.risk.position_sizer[0m:[36mcalculate_lot_size[0m | [1m[SIZER] Crash 1000 Index: lot=2.818 | risk=$99.96 (1.00%) | source=InstrumentProfile[0m
[32m14:40:36[0m | [1mINFO    [0m | [36mbackend.risk.engine[0m:[36mevaluate_signal[0m | [1m{"event": "trade_approved", "direction": "BUY", "symbol": "Crash 1000 Index", "entry": 6069.389, "sl": 6033.917035714286, "risk_dollars": 99.95999535714324, "lots": 2.818, "tp_count": 1, "last_tp_rr": 5.0, "binding_constraint": "none"}[0m
[32m14:40:36[0m | [1mINFO    [0m | [36mbackend.risk.position_sizer[0m:[36mcalculate_lot_size[0m | [1m[SIZER] Crash 1000 Index: lot=0.818 | risk=$14.99 (0.15%) | source=InstrumentProfile[0m
[32m14:40:36[0m | [1mINFO    [0m | [36mbackend.risk.engine[0m:[36mevaluate_signal[0m | [1m{"event": "trade_approved", "direction": "BUY", "symbol": "Crash 1000 Index", "entry": 6026.867, "sl": 6008.537142857143, "risk_dollars": 14.97549328571399, "lots": 0.818, "tp_count": 1, "last_tp_rr": 5.0, "binding_constraint": "lot_max"}[0m
[32m14:40:36[0m | [1mINFO    [0m | [36mbackend.risk.position_sizer[0m:[36mcalculate_lot_size[0m | [1m[SIZER] Crash 1000 Index: lot=4.109 | risk=$99.97 (1.00%) | source=InstrumentProfile[0m
[32m14:40:36[0m | [1mINFO    [0m | [36mbackend.risk.engine[0m:[36mevaluate_signal[0m | [1m{"event": "trade_approved", "direction": "BUY", "symbol": "Crash 1000 Index", "entry": 6024.325, "sl": 5999.996321428571, "risk_dollars": 99.9665402500018, "lots": 4.109, "tp_count": 1, "last_tp_rr": 5.0, "binding_constraint": "none"}[0m
[32m14:40:36[0m | [1mINFO    [0m | [36mbackend.risk.position_sizer[0m:[36mcalculate_lot_size[0m | [1m[SIZER] Crash 1000 Index: lot=6.519 | risk=$99.97 (1.00%) | source=InstrumentProfile[0m
[32m14:40:36[0m | [1mINFO    [0m | [36mbackend.risk.engine[0m:[36mevaluate_signal[0m | [1m{"event": "trade_approved", "direction": "BUY", "symbol": "Crash 1000 Index", "entry": 6083.587, "sl": 6068.252035714286, "risk_dollars": 99.96863217857417, "lots": 6.519, "tp_count": 1, "last_tp_rr": 5.0, "binding_constraint": "none"}[0m
[32m14:40:36[0m | [1mINFO    [0m | [36mbackend.risk.breakeven_manager[0m:[36mcheck_breakeven[0m | [1mBreak-even triggered: SL 6068.26004 -> 6083.60000[0m
[32m14:40:36[0m | [1mINFO    [0m | [36mbackend.risk.position_sizer[0m:[36mcalculate_lot_size[0m | [1m[SIZER] Crash 1000 Index: lot=7.529 | risk=$99.98 (1.00%) | source=InstrumentProfile[0m
[32m14:40:36[0m | [1mINFO    [0m | [36mbackend.risk.engine[0m:[36mevaluate_signal[0m | [1m{"event": "trade_approved", "direction": "BUY", "symbol": "Crash 1000 Index", "entry": 5999.904, "sl": 5986.625035714285, "risk_dollars": 99.97732210714913, "lots": 7.529, "tp_count": 1, "last_tp_rr": 5.0, "binding_constraint": "none"}[0m
[32m14:40:36[0m | [1mINFO    [0m | [36mbackend.risk.position_sizer[0m:[36mcalculate_lot_size[0m | [1m[SIZER] Crash 1000 Index: lot=0.769 | risk=$13.99 (0.14%) | source=InstrumentProfile[0m
[32m14:40:36[0m | [1mINFO    [0m | [36mbackend.risk.engine[0m:[36mevaluate_signal[0m | [1m{"event": "trade_approved", "direction": "BUY", "symbol": "Crash 1000 Index", "entry": 5992.267, "sl": 5974.080285714286, "risk_dollars": 13.985583285713764, "lots": 0.769, "tp_count": 1, "last_tp_rr": 5.0, "binding_constraint": "none"}[0m
[32m14:40:36[0m | [1mINFO    [0m | [36mbackend.risk.position_sizer[0m:[36mcalculate_lot_size[0m | [1m[SIZER] Crash 1000 Index: lot=7.595 | risk=$99.96 (1.00%) | source=InstrumentProfile[0m
[32m14:40:36[0m | [1mINFO    [0m | [36mbackend.risk.engine[0m:[36mevaluate_signal[0m | [1m{"event": "trade_approved", "direction": "BUY", "symbol": "Crash 1000 Index", "entry": 5874.2, "sl": 5861.038107142857, "risk_dollars": 99.96457624999688, "lots": 7.595, "tp_count": 1, "last_tp_rr": 5.0, "binding_constraint": "none"}[0m
[32m14:40:36[0m | [1mINFO    [0m | [36mbackend.risk.position_sizer[0m:[36mcalculate_lot_size[0m | [1m[SIZER] Crash 1000 Index: lot=4.52 | risk=$99.99 (1.00%) | source=InstrumentProfile[0m
[32m14:40:36[0m | [1mINFO    [0m | [36mbackend.risk.engine[0m:[36mevaluate_signal[0m | [1m{"event": "trade_approved", "direction": "BUY", "symbol": "Crash 1000 Index", "entry": 5877.433, "sl": 5855.312285714285, "risk_dollars": 99.96350785714479, "lots": 4.52, "tp_count": 1, "last_tp_rr": 5.0, "binding_constraint": "lot_max"}[0m
[32m14:40:36[0m | [1mINFO    [0m | [36mbackend.risk.breakeven_manager[0m:[36mcheck_breakeven[0m | [1mBreak-even triggered: SL 5855.31729 -> 5877.44300[0m
[32m14:40:36[0m | [1mINFO    [0m | [36mbackend.risk.position_sizer[0m:[36mcalculate_lot_size[0m | [1m[SIZER] Crash 1000 Index: lot=1.558 | risk=$99.98 (1.00%) | source=InstrumentProfile[0m
[32m14:40:36[0m | [1mINFO    [0m | [36mbackend.risk.engine[0m:[36mevaluate_signal[0m | [1m{"event": "trade_approved", "direction": "BUY", "symbol": "Crash 1000 Index", "entry": 5992.564, "sl": 5928.392678571428, "risk_dollars": 99.97891878571502, "lots": 1.558, "tp_count": 1, "last_tp_rr": 5.0, "binding_constraint": "none"}[0m
[32m14:40:36[0m | [1mINFO    [0m | [36mbackend.risk.breakeven_manager[0m:[36mcheck_breakeven[0m | [1mBreak-even triggered: SL 5928.39768 -> 5992.57400[0m
[32m14:40:36[0m | [1mINFO    [0m | [36mbackend.risk.position_sizer[0m:[36mcalculate_lot_size[0m | [1m[SIZER] Crash 1000 Index: lot=4.334 | risk=$99.99 (1.00%) | source=InstrumentProfile[0m
[32m14:40:36[0m | [1mINFO    [0m | [36mbackend.risk.engine[0m:[36mevaluate_signal[0m | [1m{"event": "trade_approved", "direction": "BUY", "symbol": "Crash 1000 Index", "entry": 5893.272, "sl": 5870.202035714286, "risk_dollars": 99.96215525000041, "lots": 4.334, "tp_count": 1, "last_tp_rr": 5.0, "binding_constraint": "lot_max"}[0m
[32m14:40:36[0m | [1mINFO    [0m | [36mbackend.risk.breakeven_manager[0m:[36mcheck_breakeven[0m | [1mBreak-even triggered: SL 5870.20804 -> 5893.28300[0m
[32m14:40:36[0m | [1mINFO    [0m | [36mbackend.risk.position_sizer[0m:[36mcalculate_lot_size[0m | [1m[SIZER] Crash 1000 Index: lot=10.0 | risk=$89.53 (0.90%) | source=InstrumentProfile[0m
[32m14:40:36[0m | [1mINFO    [0m | [36mbackend.risk.engine[0m:[36mevaluate_signal[0m | [1m{"event": "trade_approved", "direction": "BUY", "symbol": "Crash 1000 Index", "entry": 5972.699, "sl": 5963.746214285715, "risk_dollars": 89.527857142848, "lots": 10.0, "tp_count": 1, "last_tp_rr": 5.0, "binding_constraint": "lot_max"}[0m
[32m14:40:36[0m | [1mINFO    [0m | [36mbackend.risk.breakeven_manager[0m:[36mcheck_breakeven[0m | [1mBreak-even triggered: SL 5963.74721 -> 5972.70500[0m
[32m14:40:36[0m | [1mINFO    [0m | [36mbackend.risk.position_sizer[0m:[36mcalculate_lot_size[0m | [1m[SIZER] Crash 1000 Index: lot=3.335 | risk=$99.97 (1.00%) | source=InstrumentProfile[0m
[32m14:40:36[0m | [1mINFO    [0m | [36mbackend.risk.engine[0m:[36mevaluate_signal[0m | [1m{"event": "trade_approved", "direction": "BUY", "symbol": "Crash 1000 Index", "entry": 5970.412, "sl": 5940.436785714285, "risk_dollars": 99.9673396428598, "lots": 3.335, "tp_count": 1, "last_tp_rr": 5.0, "binding_constraint": "none"}[0m
[32m14:40:36[0m | [1mINFO    [0m | [36mbackend.risk.position_sizer[0m:[36mcalculate_lot_size[0m | [1m[SIZER] Crash 1000 Index: lot=0.693 | risk=$14.98 (0.15%) | source=InstrumentProfile[0m
[32m14:40:36[0m | [1mINFO    [0m | [36mbackend.risk.engine[0m:[36mevaluate_signal[0m | [1m{"event": "trade_approved", "direction": "BUY", "symbol": "Crash 1000 Index", "entry": 6022.69, "sl": 6001.071857142857, "risk_dollars": 14.959754857142698, "lots": 0.693, "tp_count": 1, "last_tp_rr": 5.0, "binding_constraint": "lot_max"}[0m
[32m14:40:36[0m | [1mINFO    [0m | [36mbackend.risk.position_sizer[0m:[36mcalculate_lot_size[0m | [1m[SIZER] Crash 1000 Index: lot=1.171 | risk=$11.99 (0.12%) | source=InstrumentProfile[0m
[32m14:40:36[0m | [1mINFO    [0m | [36mbackend.risk.engine[0m:[36mevaluate_signal[0m | [1m{"event": "trade_approved", "direction": "BUY", "symbol": "Crash 1000 Index", "entry": 5965.696, "sl": 5955.456357142857, "risk_dollars": 11.99062178571425, "lots": 1.171, "tp_count": 1, "last_tp_rr": 5.0, "binding_constraint": "none"}[0m
[32m14:40:36[0m | [1mINFO    [0m | [36mbackend.risk.position_sizer[0m:[36mcalculate_lot_size[0m | [1m[SIZER] Crash 1000 Index: lot=0.564 | risk=$16.99 (0.17%) | source=InstrumentProfile[0m
[32m14:40:36[0m | [1mINFO    [0m | [36mbackend.risk.engine[0m:[36mevaluate_signal[0m | [1m{"event": "trade_approved", "direction": "BUY", "symbol": "Crash 1000 Index", "entry": 5957.608, "sl": 5927.479285714286, "risk_dollars": 16.962466142857274, "lots": 0.564, "tp_count": 1, "last_tp_rr": 5.0, "binding_constraint": "lot_max"}[0m
[32m14:40:36[0m | [1mINFO    [0m | [36mbackend.risk.breakeven_manager[0m:[36mcheck_breakeven[0m | [1mBreak-even triggered: SL 5927.48629 -> 5957.62000[0m
[32m14:40:36[0m | [1mINFO    [0m | [36mbackend.risk.position_sizer[0m:[36mcalculate_lot_size[0m | [1m[SIZER] Crash 1000 Index: lot=8.886 | risk=$99.96 (1.00%) | source=InstrumentProfile[0m
[32m14:40:36[0m | [1mINFO    [0m | [36mbackend.risk.engine[0m:[36mevaluate_signal[0m | [1m{"event": "trade_approved", "direction": "BUY", "symbol": "Crash 1000 Index", "entry": 5937.681, "sl": 5926.431428571429, "risk_dollars": 99.95244214284943, "lots": 8.886, "tp_count": 1, "last_tp_rr": 5.0, "binding_constraint": "lot_max"}[0m
[32m14:40:36[0m | [1mINFO    [0m | [36mbackend.risk.position_sizer[0m:[36mcalculate_lot_size[0m | [1m[SIZER] Crash 1000 Index: lot=0.601 | risk=$9.99 (0.10%) | source=InstrumentProfile[0m
[32m14:40:36[0m | [1mINFO    [0m | [36mbackend.risk.engine[0m:[36mevaluate_signal[0m | [1m{"event": "trade_approved", "direction": "BUY", "symbol": "Crash 1000 Index", "entry": 5943.046, "sl": 5926.42425, "risk_dollars": 9.989671750000149, "lots": 0.601, "tp_count": 1, "last_tp_rr": 5.0, "binding_constraint": "none"}[0m
[32m14:40:36[0m | [1mINFO    [0m | [36mbackend.risk.position_sizer[0m:[36mcalculate_lot_size[0m | [1m[SIZER] Crash 1000 Index: lot=3.551 | risk=$99.97 (1.00%) | source=InstrumentProfile[0m
[32m14:40:36[0m | [1mINFO    [0m | [36mbackend.risk.engine[0m:[36mevaluate_signal[0m | [1m{"event": "trade_approved", "direction": "BUY", "symbol": "Crash 1000 Index", "entry": 5898.688, "sl": 5870.535964285715, "risk_dollars": 99.96787882142738, "lots": 3.551, "tp_count": 1, "last_tp_rr": 5.0, "binding_constraint": "none"}[0m
[32m14:40:36[0m | [1mINFO    [0m | [36mbackend.risk.position_sizer[0m:[36mcalculate_lot_size[0m | [1m[SIZER] Crash 1000 Index: lot=6.824 | risk=$99.97 (1.00%) | source=InstrumentProfile[0m
[32m14:40:36[0m | [1mINFO    [0m | [36mbackend.risk.engine[0m:[36mevaluate_signal[0m | [1m{"event": "trade_approved", "direction": "BUY", "symbol": "Crash 1000 Index", "entry": 5872.819, "sl": 5858.1695, "risk_dollars": 99.96818800000302, "lots": 6.824, "tp_count": 1, "last_tp_rr": 5.0, "binding_constraint": "none"}[0m
[32m14:40:36[0m | [33m[1mWARNING [0m | [36mbackend.strategies.base_strategy[0m:[36mlog_event[0m | [33m[1m[DJA] [Crash 1000 Index] Max consecutive losses (4) reached. Cooldown until 2026-08-31T01:40:36.544536+00:00[0m
[32m14:40:36[0m | [33m[1mWARNING [0m | [36mbackend.services.bot_service[0m:[36m_log_event[0m | [33m[1m[BT-DJA] [Crash 1000 Index] Max consecutive losses (4) reached. Cooldown until 2026-08-31T01:40:36.544536+00:00[0m
[32m14:40:36[0m | [1mINFO    [0m | [36mbackend.risk.position_sizer[0m:[36mcalculate_lot_size[0m | [1m[SIZER] Crash 1000 Index: lot=5.49 | risk=$99.97 (1.00%) | source=InstrumentProfile[0m
[32m14:40:36[0m | [1mINFO    [0m | [36mbackend.risk.engine[0m:[36mevaluate_signal[0m | [1m{"event": "trade_approved", "direction": "BUY", "symbol": "Crash 1000 Index", "entry": 5883.534, "sl": 5865.324, "risk_dollars": 99.97290000000021, "lots": 5.49, "tp_count": 1, "last_tp_rr": 5.0, "binding_constraint": "none"}[0m
[32m14:40:36[0m | [33m[1mWARNING [0m | [36mbackend.strategies.base_strategy[0m:[36mlog_event[0m | [33m[1m[DJA] [Crash 1000 Index] Max consecutive losses (5) reached. Cooldown until 2026-08-31T01:40:36.544536+00:00[0m
[32m14:40:36[0m | [33m[1mWARNING [0m | [36mbackend.services.bot_service[0m:[36m_log_event[0m | [33m[1m[BT-DJA] [Crash 1000 Index] Max consecutive losses (5) reached. Cooldown until 2026-08-31T01:40:36.544536+00:00[0m
[32m14:40:36[0m | [1mINFO    [0m | [36mbackend.risk.position_sizer[0m:[36mcalculate_lot_size[0m | [1m[SIZER] Crash 1000 Index: lot=0.644 | risk=$9.98 (0.10%) | source=InstrumentProfile[0m
[32m14:40:36[0m | [1mINFO    [0m | [36mbackend.risk.engine[0m:[36mevaluate_signal[0m | [1m{"event": "trade_approved", "direction": "BUY", "symbol": "Crash 1000 Index", "entry": 5856.723, "sl": 5841.221285714286, "risk_dollars": 9.98310399999989, "lots": 0.644, "tp_count": 1, "last_tp_rr": 5.0, "binding_constraint": "none"}[0m
[32m14:40:36[0m | [1mINFO    [0m | [36mbackend.risk.breakeven_manager[0m:[36mcheck_breakeven[0m | [1mBreak-even triggered: SL 5841.22429 -> 5856.73100[0m
[32m14:40:36[0m | [1mINFO    [0m | [36mbackend.risk.position_sizer[0m:[36mcalculate_lot_size[0m | [1m[SIZER] Crash 1000 Index: lot=5.492 | risk=$99.97 (1.00%) | source=InstrumentProfile[0m
[32m14:40:36[0m | [1mINFO    [0m | [36mbackend.risk.engine[0m:[36mevaluate_signal[0m | [1m{"event": "trade_approved", "direction": "BUY", "symbol": "Crash 1000 Index", "entry": 5870.562, "sl": 5852.3596071428565, "risk_dollars": 99.96754157143168, "lots": 5.492, "tp_count": 1, "last_tp_rr": 5.0, "binding_constraint": "none"}[0m
[32m14:40:36[0m | [1mINFO    [0m | [36mbackend.risk.breakeven_manager[0m:[36mcheck_breakeven[0m | [1mBreak-even triggered: SL 5852.36461 -> 5870.57200[0m
[32m14:40:36[0m | [1mINFO    [0m | [36mbackend.risk.position_sizer[0m:[36mcalculate_lot_size[0m | [1m[SIZER] Crash 1000 Index: lot=2.569 | risk=$99.96 (1.00%) | source=InstrumentProfile[0m
[32m14:40:36[0m | [1mINFO    [0m | [36mbackend.risk.engine[0m:[36mevaluate_signal[0m | [1m{"event": "trade_approved", "direction": "BUY", "symbol": "Crash 1000 Index", "entry": 5899.863, "sl": 5860.953107142856, "risk_dollars": 99.95951475000257, "lots": 2.569, "tp_count": 1, "last_tp_rr": 5.0, "binding_constraint": "none"}[0m
[32m14:40:36[0m | [1mINFO    [0m | [36mbackend.risk.position_sizer[0m:[36mcalculate_lot_size[0m | [1m[SIZER] Crash 1000 Index: lot=5.628 | risk=$99.98 (1.00%) | source=InstrumentProfile[0m
[32m14:40:36[0m | [1mINFO    [0m | [36mbackend.risk.engine[0m:[36mevaluate_signal[0m | [1m{"event": "trade_approved", "direction": "BUY", "symbol": "Crash 1000 Index", "entry": 5802.222, "sl": 5784.457714285714, "risk_dollars": 99.97739999999884, "lots": 5.628, "tp_count": 1, "last_tp_rr": 5.0, "binding_constraint": "none"}[0m
[32m14:40:36[0m | [1mINFO    [0m | [36mbackend.risk.breakeven_manager[0m:[36mcheck_breakeven[0m | [1mBreak-even triggered: SL 5784.46071 -> 5802.23000[0m
[32m14:40:36[0m | [1mINFO    [0m | [36mbackend.risk.position_sizer[0m:[36mcalculate_lot_size[0m | [1m[SIZER] Crash 1000 Index: lot=4.889 | risk=$99.98 (1.00%) | source=InstrumentProfile[0m
[32m14:40:36[0m | [1mINFO    [0m | [36mbackend.risk.engine[0m:[36mevaluate_signal[0m | [1m{"event": "trade_approved", "direction": "BUY", "symbol": "Crash 1000 Index", "entry": 5879.574, "sl": 5859.123857142858, "risk_dollars": 99.98074842856751, "lots": 4.889, "tp_count": 1, "last_tp_rr": 5.0, "binding_constraint": "none"}[0m
[32m14:40:36[0m | [1mINFO    [0m | [36mbackend.risk.breakeven_manager[0m:[36mcheck_breakeven[0m | [1mBreak-even triggered: SL 5859.12686 -> 5879.58200[0m
[32m14:40:36[0m | [1mINFO    [0m | [36mbackend.risk.position_sizer[0m:[36mcalculate_lot_size[0m | [1m[SIZER] Crash 1000 Index: lot=1.588 | risk=$99.95 (1.00%) | source=InstrumentProfile[0m
[32m14:40:36[0m | [1mINFO    [0m | [36mbackend.risk.engine[0m:[36mevaluate_signal[0m | [1m{"event": "trade_approved", "direction": "BUY", "symbol": "Crash 1000 Index", "entry": 5979.627, "sl": 5916.688071428572, "risk_dollars": 99.94701857142883, "lots": 1.588, "tp_count": 1, "last_tp_rr": 5.0, "binding_constraint": "none"}[0m
[32m14:40:36[0m | [1mINFO    [0m | [36mbackend.risk.position_sizer[0m:[36mcalculate_lot_size[0m | [1m[SIZER] Crash 1000 Index: lot=0.481 | risk=$9.98 (0.10%) | source=InstrumentProfile[0m
[32m14:40:36[0m | [1mINFO    [0m | [36mbackend.risk.engine[0m:[36mevaluate_signal[0m | [1m{"event": "trade_approved", "direction": "BUY", "symbol": "Crash 1000 Index", "entry": 5902.565, "sl": 5881.81875, "risk_dollars": 9.978946249999632, "lots": 0.481, "tp_count": 1, "last_tp_rr": 5.0, "binding_constraint": "none"}[0m
[32m14:40:36[0m | [1mINFO    [0m | [36mbackend.risk.breakeven_manager[0m:[36mcheck_breakeven[0m | [1mBreak-even triggered: SL 5881.82075 -> 5902.57200[0m
[32m14:40:36[0m | [1mINFO    [0m | [36mbackend.risk.position_sizer[0m:[36mcalculate_lot_size[0m | [1m[SIZER] Crash 1000 Index: lot=2.872 | risk=$99.99 (1.00%) | source=InstrumentProfile[0m
[32m14:40:36[0m | [1mINFO    [0m | [36mbackend.risk.engine[0m:[36mevaluate_signal[0m | [1m{"event": "trade_approved", "direction": "BUY", "symbol": "Crash 1000 Index", "entry": 6045.202, "sl": 6010.386142857144, "risk_dollars": 99.99114171428431, "lots": 2.872, "tp_count": 1, "last_tp_rr": 5.0, "binding_constraint": "none"}[0m
[32m14:40:36[0m | [1mINFO    [0m | [36mbackend.risk.breakeven_manager[0m:[36mcheck_breakeven[0m | [1mBreak-even triggered: SL 6010.39014 -> 6045.21100[0m
[32m14:40:36[0m | [1mINFO    [0m | [36mbackend.risk.position_sizer[0m:[36mcalculate_lot_size[0m | [1m[SIZER] Crash 1000 Index: lot=2.896 | risk=$99.98 (1.00%) | source=InstrumentProfile[0m
[32m14:40:36[0m | [1mINFO    [0m | [36mbackend.risk.engine[0m:[36mevaluate_signal[0m | [1m{"event": "trade_approved", "direction": "BUY", "symbol": "Crash 1000 Index", "entry": 6004.341, "sl": 5969.816535714285, "risk_dollars": 99.98284857143096, "lots": 2.896, "tp_count": 1, "last_tp_rr": 5.0, "binding_constraint": "none"}[0m
[32m14:40:36[0m | [1mINFO    [0m | [36mbackend.risk.breakeven_manager[0m:[36mcheck_breakeven[0m | [1mBreak-even triggered: SL 5969.82154 -> 6004.35100[0m
[32m14:40:36[0m | [1mINFO    [0m | [36mbackend.risk.position_sizer[0m:[36mcalculate_lot_size[0m | [1m[SIZER] Crash 1000 Index: lot=3.556 | risk=$99.97 (1.00%) | source=InstrumentProfile[0m
[32m14:40:36[0m | [1mINFO    [0m | [36mbackend.risk.engine[0m:[36mevaluate_signal[0m | [1m{"event": "trade_approved", "direction": "BUY", "symbol": "Crash 1000 Index", "entry": 5823.74, "sl": 5795.625928571428, "risk_dollars": 99.97363800000225, "lots": 3.556, "tp_count": 1, "last_tp_rr": 5.0, "binding_constraint": "none"}[0m
[32m14:40:36[0m | [1mINFO    [0m | [36mbackend.risk.position_sizer[0m:[36mcalculate_lot_size[0m | [1m[SIZER] Crash 1000 Index: lot=2.269 | risk=$99.98 (1.00%) | source=InstrumentProfile[0m
[32m14:40:36[0m | [1mINFO    [0m | [36mbackend.risk.engine[0m:[36mevaluate_signal[0m | [1m{"event": "trade_approved", "direction": "BUY", "symbol": "Crash 1000 Index", "entry": 5756.405, "sl": 5712.3429642857145, "risk_dollars": 99.97675903571319, "lots": 2.269, "tp_count": 1, "last_tp_rr": 5.0, "binding_constraint": "none"}[0m
[32m14:40:36[0m | [1mINFO    [0m | [36mbackend.risk.position_sizer[0m:[36mcalculate_lot_size[0m | [1m[SIZER] Crash 1000 Index: lot=0.569 | risk=$9.98 (0.10%) | source=InstrumentProfile[0m
[32m14:40:36[0m | [1mINFO    [0m | [36mbackend.risk.engine[0m:[36mevaluate_signal[0m | [1m{"event": "trade_approved", "direction": "BUY", "symbol": "Crash 1000 Index", "entry": 5717.903, "sl": 5700.359714285714, "risk_dollars": 9.964586285714423, "lots": 0.569, "tp_count": 1, "last_tp_rr": 5.0, "binding_constraint": "lot_max"}[0m
[32m14:40:36[0m | [1mINFO    [0m | [36mbackend.risk.breakeven_manager[0m:[36mcheck_breakeven[0m | [1mBreak-even triggered: SL 5700.37771 -> 5717.92600[0m
[32m14:40:36[0m | [1mINFO    [0m | [36mbackend.risk.position_sizer[0m:[36mcalculate_lot_size[0m | [1m[SIZER] Crash 1000 Index: lot=1.144 | risk=$18.99 (0.19%) | source=InstrumentProfile[0m
[32m14:40:36[0m | [1mINFO    [0m | [36mbackend.risk.engine[0m:[36mevaluate_signal[0m | [1m{"event": "trade_approved", "direction": "BUY", "symbol": "Crash 1000 Index", "entry": 5747.799, "sl": 5731.2005714285715, "risk_dollars": 18.97200385714276, "lots": 1.144, "tp_count": 1, "last_tp_rr": 5.0, "binding_constraint": "lot_max"}[0m
[32m14:40:36[0m | [1mINFO    [0m | [36mbackend.risk.breakeven_manager[0m:[36mcheck_breakeven[0m | [1mBreak-even triggered: SL 5731.20757 -> 5747.81100[0m
[32m14:40:36[0m | [1mINFO    [0m | [36mbackend.risk.position_sizer[0m:[36mcalculate_lot_size[0m | [1m[SIZER] Crash 1000 Index: lot=3.293 | risk=$99.97 (1.00%) | source=InstrumentProfile[0m
[32m14:40:36[0m | [1mINFO    [0m | [36mbackend.risk.engine[0m:[36mevaluate_signal[0m | [1m{"event": "trade_approved", "direction": "BUY", "symbol": "Crash 1000 Index", "entry": 5742.742, "sl": 5712.384749999999, "risk_dollars": 99.96642425000307, "lots": 3.293, "tp_count": 1, "last_tp_rr": 5.0, "binding_constraint": "none"}[0m
[32m14:40:36[0m | [1mINFO    [0m | [36mbackend.risk.position_sizer[0m:[36mcalculate_lot_size[0m | [1m[SIZER] Crash 1000 Index: lot=7.849 | risk=$99.98 (1.00%) | source=InstrumentProfile[0m
[32m14:40:36[0m | [1mINFO    [0m | [36mbackend.risk.engine[0m:[36mevaluate_signal[0m | [1m{"event": "trade_approved", "direction": "BUY", "symbol": "Crash 1000 Index", "entry": 5739.117, "sl": 5726.379535714285, "risk_dollars": 99.97635717857587, "lots": 7.849, "tp_count": 1, "last_tp_rr": 5.0, "binding_constraint": "none"}[0m
[32m14:40:36[0m | [1mINFO    [0m | [36mbackend.risk.position_sizer[0m:[36mcalculate_lot_size[0m | [1m[SIZER] Crash 1000 Index: lot=8.64 | risk=$99.97 (1.00%) | source=InstrumentProfile[0m
[32m14:40:36[0m | [1mINFO    [0m | [36mbackend.risk.engine[0m:[36mevaluate_signal[0m | [1m{"event": "trade_approved", "direction": "BUY", "symbol": "Crash 1000 Index", "entry": 5773.301, "sl": 5761.730071428571, "risk_dollars": 99.97282285714871, "lots": 8.64, "tp_count": 1, "last_tp_rr": 5.0, "binding_constraint": "none"}[0m
[32m14:40:36[0m | [1mINFO    [0m | [36mbackend.risk.position_sizer[0m:[36mcalculate_lot_size[0m | [1m[SIZER] Crash 1000 Index: lot=5.776 | risk=$99.97 (1.00%) | source=InstrumentProfile[0m
[32m14:40:36[0m | [1mINFO    [0m | [36mbackend.risk.engine[0m:[36mevaluate_signal[0m | [1m{"event": "trade_approved", "direction": "BUY", "symbol": "Crash 1000 Index", "entry": 5752.354, "sl": 5735.046357142857, "risk_dollars": 99.96894514285817, "lots": 5.776, "tp_count": 1, "last_tp_rr": 5.0, "binding_constraint": "none"}[0m
[32m14:40:36[0m | [33m[1mWARNING [0m | [36mbackend.strategies.base_strategy[0m:[36mlog_event[0m | [33m[1m[DJA] [Crash 1000 Index] Max consecutive losses (4) reached. Cooldown until 2026-08-31T01:40:36.861279+00:00[0m
[32m14:40:36[0m | [33m[1mWARNING [0m | [36mbackend.services.bot_service[0m:[36m_log_event[0m | [33m[1m[BT-DJA] [Crash 1000 Index] Max consecutive losses (4) reached. Cooldown until 2026-08-31T01:40:36.861279+00:00[0m
[32m14:40:36[0m | [1mINFO    [0m | [36mbackend.risk.position_sizer[0m:[36mcalculate_lot_size[0m | [1m[SIZER] Crash 1000 Index: lot=8.884 | risk=$99.97 (1.00%) | source=InstrumentProfile[0m
[32m14:40:36[0m | [1mINFO    [0m | [36mbackend.risk.engine[0m:[36mevaluate_signal[0m | [1m{"event": "trade_approved", "direction": "BUY", "symbol": "Crash 1000 Index", "entry": 5766.316, "sl": 5755.0629285714285, "risk_dollars": 99.9722865714272, "lots": 8.884, "tp_count": 1, "last_tp_rr": 5.0, "binding_constraint": "none"}[0m
[32m14:40:36[0m | [33m[1mWARNING [0m | [36mbackend.strategies.base_strategy[0m:[36mlog_event[0m | [33m[1m[DJA] [Crash 1000 Index] Max consecutive losses (5) reached. Cooldown until 2026-08-31T01:40:36.877344+00:00[0m
[32m14:40:36[0m | [33m[1mWARNING [0m | [36mbackend.services.bot_service[0m:[36m_log_event[0m | [33m[1m[BT-DJA] [Crash 1000 Index] Max consecutive losses (5) reached. Cooldown until 2026-08-31T01:40:36.877344+00:00[0m
[32m14:40:36[0m | [1mINFO    [0m | [36mbackend.risk.position_sizer[0m:[36mcalculate_lot_size[0m | [1m[SIZER] Crash 1000 Index: lot=3.823 | risk=$99.99 (1.00%) | source=InstrumentProfile[0m
[32m14:40:36[0m | [1mINFO    [0m | [36mbackend.risk.engine[0m:[36mevaluate_signal[0m | [1m{"event": "trade_approved", "direction": "BUY", "symbol": "Crash 1000 Index", "entry": 5767.676, "sl": 5741.522, "risk_dollars": 99.98674200000173, "lots": 3.823, "tp_count": 1, "last_tp_rr": 5.0, "binding_constraint": "none"}[0m
[32m14:40:36[0m | [1mINFO    [0m | [36mbackend.risk.breakeven_manager[0m:[36mcheck_breakeven[0m | [1mBreak-even triggered: SL 5741.52900 -> 5767.68800[0m
[32m14:40:36[0m | [1mINFO    [0m | [36mbackend.risk.position_sizer[0m:[36mcalculate_lot_size[0m | [1m[SIZER] Crash 1000 Index: lot=3.198 | risk=$99.97 (1.00%) | source=InstrumentProfile[0m
[32m14:40:36[0m | [1mINFO    [0m | [36mbackend.risk.engine[0m:[36mevaluate_signal[0m | [1m{"event": "trade_approved", "direction": "BUY", "symbol": "Crash 1000 Index", "entry": 5783.915, "sl": 5752.6552142857145, "risk_dollars": 99.96879471428502, "lots": 3.198, "tp_count": 1, "last_tp_rr": 5.0, "binding_constraint": "none"}[0m
[32m14:40:36[0m | [1mINFO    [0m | [36mbackend.risk.position_sizer[0m:[36mcalculate_lot_size[0m | [1m[SIZER] Crash 1000 Index: lot=9.937 | risk=$99.96 (1.00%) | source=InstrumentProfile[0m
[32m14:40:36[0m | [1mINFO    [0m | [36mbackend.risk.engine[0m:[36mevaluate_signal[0m | [1m{"event": "trade_approved", "direction": "BUY", "symbol": "Crash 1000 Index", "entry": 5603.428, "sl": 5593.368285714286, "risk_dollars": 99.96338085714109, "lots": 9.937, "tp_count": 1, "last_tp_rr": 5.0, "binding_constraint": "none"}[0m
[32m14:40:36[0m | [1mINFO    [0m | [36mbackend.risk.position_sizer[0m:[36mcalculate_lot_size[0m | [1m[SIZER] Crash 1000 Index: lot=0.592 | risk=$10.00 (0.10%) | source=InstrumentProfile[0m
[32m14:40:36[0m | [1mINFO    [0m | [36mbackend.risk.engine[0m:[36mevaluate_signal[0m | [1m{"event": "trade_approved", "direction": "BUY", "symbol": "Crash 1000 Index", "entry": 5644.468, "sl": 5627.579928571428, "risk_dollars": 9.997738285714323, "lots": 0.592, "tp_count": 1, "last_tp_rr": 5.0, "binding_constraint": "none"}[0m
[32m14:40:36[0m | [1mINFO    [0m | [36mbackend.risk.breakeven_manager[0m:[36mcheck_breakeven[0m | [1mBreak-even triggered: SL 5627.58593 -> 5644.47900[0m
[32m14:40:36[0m | [1mINFO    [0m | [36mbackend.risk.position_sizer[0m:[36mcalculate_lot_size[0m | [1m[SIZER] Crash 1000 Index: lot=7.737 | risk=$99.97 (1.00%) | source=InstrumentProfile[0m
[32m14:40:36[0m | [1mINFO    [0m | [36mbackend.risk.engine[0m:[36mevaluate_signal[0m | [1m{"event": "trade_approved", "direction": "BUY", "symbol": "Crash 1000 Index", "entry": 5765.576, "sl": 5752.655035714285, "risk_dollars": 99.96950067857652, "lots": 7.737, "tp_count": 1, "last_tp_rr": 5.0, "binding_constraint": "none"}[0m
[32m14:40:36[0m | [1mINFO    [0m | [36mbackend.risk.position_sizer[0m:[36mcalculate_lot_size[0m | [1m[SIZER] Crash 1000 Index: lot=1.85 | risk=$99.95 (1.00%) | source=InstrumentProfile[0m
[32m14:40:36[0m | [1mINFO    [0m | [36mbackend.risk.engine[0m:[36mevaluate_signal[0m | [1m{"event": "trade_approved", "direction": "BUY", "symbol": "Crash 1000 Index", "entry": 5724.142, "sl": 5670.116821428572, "risk_dollars": 99.94658035714201, "lots": 1.85, "tp_count": 1, "last_tp_rr": 5.0, "binding_constraint": "none"}[0m
[32m14:40:36[0m | [1mINFO    [0m | [36mbackend.risk.breakeven_manager[0m:[36mcheck_breakeven[0m | [1mBreak-even triggered: SL 5670.12082 -> 5724.15100[0m
[32m14:40:36[0m | [1mINFO    [0m | [36mbackend.risk.position_sizer[0m:[36mcalculate_lot_size[0m | [1m[SIZER] Crash 1000 Index: lot=4.309 | risk=$99.99 (1.00%) | source=InstrumentProfile[0m
[32m14:40:36[0m | [1mINFO    [0m | [36mbackend.risk.engine[0m:[36mevaluate_signal[0m | [1m{"event": "trade_approved", "direction": "BUY", "symbol": "Crash 1000 Index", "entry": 5718.594, "sl": 5695.389964285714, "risk_dollars": 99.98618989285822, "lots": 4.309, "tp_count": 1, "last_tp_rr": 5.0, "binding_constraint": "none"}[0m
[32m14:40:36[0m | [1mINFO    [0m | [36mbackend.risk.breakeven_manager[0m:[36mcheck_breakeven[0m | [1mBreak-even triggered: SL 5695.39396 -> 5718.60300[0m
[32m14:40:37[0m | [1mINFO    [0m | [36mbackend.risk.position_sizer[0m:[36mcalculate_lot_size[0m | [1m[SIZER] Crash 1000 Index: lot=1.696 | risk=$99.97 (1.00%) | source=InstrumentProfile[0m
[32m14:40:37[0m | [1mINFO    [0m | [36mbackend.risk.engine[0m:[36mevaluate_signal[0m | [1m{"event": "trade_approved", "direction": "BUY", "symbol": "Crash 1000 Index", "entry": 5778.542, "sl": 5719.600071428572, "risk_dollars": 99.96551085714262, "lots": 1.696, "tp_count": 1, "last_tp_rr": 5.0, "binding_constraint": "none"}[0m
[32m14:40:37[0m | [1mINFO    [0m | [36mbackend.risk.position_sizer[0m:[36mcalculate_lot_size[0m | [1m[SIZER] Crash 1000 Index: lot=3.838 | risk=$99.97 (1.00%) | source=InstrumentProfile[0m
[32m14:40:37[0m | [1mINFO    [0m | [36mbackend.risk.engine[0m:[36mevaluate_signal[0m | [1m{"event": "trade_approved", "direction": "BUY", "symbol": "Crash 1000 Index", "entry": 5737.416, "sl": 5711.3691071428575, "risk_dollars": 99.96797478571355, "lots": 3.838, "tp_count": 1, "last_tp_rr": 5.0, "binding_constraint": "none"}[0m
[32m14:40:37[0m | [1mINFO    [0m | [36mbackend.risk.breakeven_manager[0m:[36mcheck_breakeven[0m | [1mBreak-even triggered: SL 5711.37011 -> 5737.42200[0m
[32m14:40:37[0m | [1mINFO    [0m | [36mbackend.risk.position_sizer[0m:[36mcalculate_lot_size[0m | [1m[SIZER] Crash 1000 Index: lot=4.425 | risk=$99.97 (1.00%) | source=InstrumentProfile[0m
[32m14:40:37[0m | [1mINFO    [0m | [36mbackend.risk.engine[0m:[36mevaluate_signal[0m | [1m{"event": "trade_approved", "direction": "BUY", "symbol": "Crash 1000 Index", "entry": 5700.054, "sl": 5677.460999999999, "risk_dollars": 99.97402500000335, "lots": 4.425, "tp_count": 1, "last_tp_rr": 5.0, "binding_constraint": "none"}[0m
[32m14:40:37[0m | [1mINFO    [0m | [36mbackend.risk.position_sizer[0m:[36mcalculate_lot_size[0m | [1m[SIZER] Crash 1000 Index: lot=5.735 | risk=$99.98 (1.00%) | source=InstrumentProfile[0m
[32m14:40:37[0m | [1mINFO    [0m | [36mbackend.risk.engine[0m:[36mevaluate_signal[0m | [1m{"event": "trade_approved", "direction": "BUY", "symbol": "Crash 1000 Index", "entry": 5694.023, "sl": 5676.590071428571, "risk_dollars": 99.9778453571472, "lots": 5.735, "tp_count": 1, "last_tp_rr": 5.0, "binding_constraint": "none"}[0m
[32m14:40:37[0m | [1mINFO    [0m | [36mbackend.risk.position_sizer[0m:[36mcalculate_lot_size[0m | [1m[SIZER] Crash 1000 Index: lot=3.384 | risk=$99.97 (1.00%) | source=InstrumentProfile[0m
[32m14:40:37[0m | [1mINFO    [0m | [36mbackend.risk.engine[0m:[36mevaluate_signal[0m | [1m{"event": "trade_approved", "direction": "BUY", "symbol": "Crash 1000 Index", "entry": 5644.264, "sl": 5614.722142857142, "risk_dollars": 99.96964457143193, "lots": 3.384, "tp_count": 1, "last_tp_rr": 5.0, "binding_constraint": "none"}[0m
[32m14:40:37[0m | [1mINFO    [0m | [36mbackend.risk.position_sizer[0m:[36mcalculate_lot_size[0m | [1m[SIZER] Crash 1000 Index: lot=1.357 | risk=$99.93 (1.00%) | source=InstrumentProfile[0m
[32m14:40:37[0m | [1mINFO    [0m | [36mbackend.risk.engine[0m:[36mevaluate_signal[0m | [1m{"event": "trade_approved", "direction": "BUY", "symbol": "Crash 1000 Index", "entry": 5619.765, "sl": 5546.12275, "risk_dollars": 99.93253324999984, "lots": 1.357, "tp_count": 1, "last_tp_rr": 5.0, "binding_constraint": "none"}[0m
[32m14:40:37[0m | [1mINFO    [0m | [36mbackend.risk.breakeven_manager[0m:[36mcheck_breakeven[0m | [1mBreak-even triggered: SL 5546.12775 -> 5619.77500[0m
[32m14:40:37[0m | [1mINFO    [0m | [36mbackend.risk.position_sizer[0m:[36mcalculate_lot_size[0m | [1m[SIZER] Crash 1000 Index: lot=7.934 | risk=$99.97 (1.00%) | source=InstrumentProfile[0m
[32m14:40:37[0m | [1mINFO    [0m | [36mbackend.risk.engine[0m:[36mevaluate_signal[0m | [1m{"event": "trade_approved", "direction": "BUY", "symbol": "Crash 1000 Index", "entry": 5723.633, "sl": 5711.032964285715, "risk_dollars": 99.96868335713549, "lots": 7.934, "tp_count": 1, "last_tp_rr": 5.0, "binding_constraint": "none"}[0m
[32m14:40:37[0m | [1mINFO    [0m | [36mbackend.risk.position_sizer[0m:[36mcalculate_lot_size[0m | [1m[SIZER] Crash 1000 Index: lot=8.116 | risk=$99.97 (1.00%) | source=InstrumentProfile[0m
[32m14:40:37[0m | [1mINFO    [0m | [36mbackend.risk.engine[0m:[36mevaluate_signal[0m | [1m{"event": "trade_approved", "direction": "BUY", "symbol": "Crash 1000 Index", "entry": 5709.6, "sl": 5697.282214285714, "risk_dollars": 99.95883107143415, "lots": 8.116, "tp_count": 1, "last_tp_rr": 5.0, "binding_constraint": "lot_max"}[0m
[32m14:40:37[0m | [1mINFO    [0m | [36mbackend.risk.position_sizer[0m:[36mcalculate_lot_size[0m | [1m[SIZER] Crash 1000 Index: lot=4.894 | risk=$99.97 (1.00%) | source=InstrumentProfile[0m
[32m14:40:37[0m | [1mINFO    [0m | [36mbackend.risk.engine[0m:[36mevaluate_signal[0m | [1m{"event": "trade_approved", "direction": "BUY", "symbol": "Crash 1000 Index", "entry": 5678.744, "sl": 5658.317678571429, "risk_dollars": 99.96641707142696, "lots": 4.894, "tp_count": 1, "last_tp_rr": 5.0, "binding_constraint": "none"}[0m
[32m14:40:37[0m | [1mINFO    [0m | [36mbackend.risk.breakeven_manager[0m:[36mcheck_breakeven[0m | [1mBreak-even triggered: SL 5658.32368 -> 5678.75500[0m
[32m14:40:37[0m | [1mINFO    [0m | [36mbackend.risk.position_sizer[0m:[36mcalculate_lot_size[0m | [1m[SIZER] Crash 1000 Index: lot=3.443 | risk=$99.98 (1.00%) | source=InstrumentProfile[0m
[32m14:40:37[0m | [1mINFO    [0m | [36mbackend.risk.engine[0m:[36mevaluate_signal[0m | [1m{"event": "trade_approved", "direction": "BUY", "symbol": "Crash 1000 Index", "entry": 5769.824, "sl": 5740.7853214285715, "risk_dollars": 99.98017032142707, "lots": 3.443, "tp_count": 1, "last_tp_rr": 5.0, "binding_constraint": "none"}[0m
[32m14:40:37[0m | [1mINFO    [0m | [36mbackend.risk.position_sizer[0m:[36mcalculate_lot_size[0m | [1m[SIZER] Crash 1000 Index: lot=5.48 | risk=$99.97 (1.00%) | source=InstrumentProfile[0m
[32m14:40:37[0m | [1mINFO    [0m | [36mbackend.risk.engine[0m:[36mevaluate_signal[0m | [1m{"event": "trade_approved", "direction": "BUY", "symbol": "Crash 1000 Index", "entry": 5755.608, "sl": 5737.366071428572, "risk_dollars": 99.96576857142882, "lots": 5.48, "tp_count": 1, "last_tp_rr": 5.0, "binding_constraint": "none"}[0m
[32m14:40:37[0m | [1mINFO    [0m | [36mbackend.risk.position_sizer[0m:[36mcalculate_lot_size[0m | [1m[SIZER] Crash 1000 Index: lot=6.692 | risk=$99.98 (1.00%) | source=InstrumentProfile[0m
[32m14:40:37[0m | [1mINFO    [0m | [36mbackend.risk.engine[0m:[36mevaluate_signal[0m | [1m{"event": "trade_approved", "direction": "BUY", "symbol": "Crash 1000 Index", "entry": 5762.485, "sl": 5747.544964285715, "risk_dollars": 99.97871899999477, "lots": 6.692, "tp_count": 1, "last_tp_rr": 5.0, "binding_constraint": "none"}[0m
[32m14:40:37[0m | [1mINFO    [0m | [36mbackend.risk.engine[0m:[36mevaluate_signal[0m | [1mScaling down risk from $100.00 to $31.34 to honor 3.0% daily drawdown.[0m
[32m14:40:37[0m | [1mINFO    [0m | [36mbackend.risk.position_sizer[0m:[36mcalculate_lot_size[0m | [1m[SIZER] Crash 1000 Index: lot=1.241 | risk=$31.31 (0.31%) | source=InstrumentProfile[0m
[32m14:40:37[0m | [1mINFO    [0m | [36mbackend.risk.engine[0m:[36mevaluate_signal[0m | [1m{"event": "trade_approved", "direction": "BUY", "symbol": "Crash 1000 Index", "entry": 5757.362, "sl": 5732.129892857142, "risk_dollars": 31.313044964286515, "lots": 1.241, "tp_count": 1, "last_tp_rr": 5.0, "binding_constraint": "daily_dd"}[0m
[32m14:40:37[0m | [1mINFO    [0m | [36mbackend.risk.breakeven_manager[0m:[36mcheck_breakeven[0m | [1mBreak-even triggered: SL 5732.13089 -> 5757.36800[0m
[32m14:40:37[0m | [1mINFO    [0m | [36mbackend.risk.position_sizer[0m:[36mcalculate_lot_size[0m | [1m[SIZER] Crash 1000 Index: lot=0.388 | risk=$9.98 (0.10%) | source=InstrumentProfile[0m
[32m14:40:37[0m | [1mINFO    [0m | [36mbackend.risk.engine[0m:[36mevaluate_signal[0m | [1m{"event": "trade_approved", "direction": "BUY", "symbol": "Crash 1000 Index", "entry": 5792.314, "sl": 5766.604892857144, "risk_dollars": 9.975133571428415, "lots": 0.388, "tp_count": 1, "last_tp_rr": 5.0, "binding_constraint": "none"}[0m
[32m14:40:37[0m | [1mINFO    [0m | [36mbackend.risk.position_sizer[0m:[36mcalculate_lot_size[0m | [1m[SIZER] Crash 1000 Index: lot=7.219 | risk=$99.97 (1.00%) | source=InstrumentProfile[0m
[32m14:40:37[0m | [1mINFO    [0m | [36mbackend.risk.engine[0m:[36mevaluate_signal[0m | [1m{"event": "trade_approved", "direction": "BUY", "symbol": "Crash 1000 Index", "entry": 5780.318, "sl": 5766.469964285714, "risk_dollars": 99.96896982143207, "lots": 7.219, "tp_count": 1, "last_tp_rr": 5.0, "binding_constraint": "none"}[0m
[32m14:40:37[0m | [1mINFO    [0m | [36mbackend.risk.breakeven_manager[0m:[36mcheck_breakeven[0m | [1mBreak-even triggered: SL 5766.47996 -> 5780.33300[0m
[32m14:40:37[0m | [1mINFO    [0m | [36mbackend.risk.position_sizer[0m:[36mcalculate_lot_size[0m | [1m[SIZER] Crash 1000 Index: lot=3.778 | risk=$99.99 (1.00%) | source=InstrumentProfile[0m
[32m14:40:37[0m | [1mINFO    [0m | [36mbackend.risk.engine[0m:[36mevaluate_signal[0m | [1m{"event": "trade_approved", "direction": "BUY", "symbol": "Crash 1000 Index", "entry": 5876.825, "sl": 5850.359678571429, "risk_dollars": 99.98598435714071, "lots": 3.778, "tp_count": 1, "last_tp_rr": 5.0, "binding_constraint": "none"}[0m
[32m14:40:37[0m | [1mINFO    [0m | [36mbackend.risk.breakeven_manager[0m:[36mcheck_breakeven[0m | [1mBreak-even triggered: SL 5850.36468 -> 5876.83500[0m
[32m14:40:37[0m | [1mINFO    [0m | [36mbackend.risk.position_sizer[0m:[36mcalculate_lot_size[0m | [1m[SIZER] Crash 1000 Index: lot=2.185 | risk=$99.99 (1.00%) | source=InstrumentProfile[0m
[32m14:40:37[0m | [1mINFO    [0m | [36mbackend.risk.engine[0m:[36mevaluate_signal[0m | [1m{"event": "trade_approved", "direction": "BUY", "symbol": "Crash 1000 Index", "entry": 5961.502, "sl": 5915.7420357142855, "risk_dollars": 99.98552196428703, "lots": 2.185, "tp_count": 1, "last_tp_rr": 5.0, "binding_constraint": "none"}[0m
[32m14:40:37[0m | [1mINFO    [0m | [36mbackend.risk.breakeven_manager[0m:[36mcheck_breakeven[0m | [1mBreak-even triggered: SL 5915.75004 -> 5961.51500[0m
[32m14:40:37[0m | [1mINFO    [0m | [36mbackend.risk.position_sizer[0m:[36mcalculate_lot_size[0m | [1m[SIZER] Crash 1000 Index: lot=2.673 | risk=$99.96 (1.00%) | source=InstrumentProfile[0m
[32m14:40:37[0m | [1mINFO    [0m | [36mbackend.risk.engine[0m:[36mevaluate_signal[0m | [1m{"event": "trade_approved", "direction": "BUY", "symbol": "Crash 1000 Index", "entry": 6171.385, "sl": 6133.988892857143, "risk_dollars": 99.95979439285821, "lots": 2.673, "tp_count": 1, "last_tp_rr": 5.0, "binding_constraint": "none"}[0m
[32m14:40:37[0m | [1mINFO    [0m | [36mbackend.risk.position_sizer[0m:[36mcalculate_lot_size[0m | [1m[SIZER] Crash 1000 Index: lot=4.674 | risk=$99.97 (1.00%) | source=InstrumentProfile[0m
[32m14:40:37[0m | [1mINFO    [0m | [36mbackend.risk.engine[0m:[36mevaluate_signal[0m | [1m{"event": "trade_approved", "direction": "BUY", "symbol": "Crash 1000 Index", "entry": 6153.595, "sl": 6132.206035714286, "risk_dollars": 99.9720190714267, "lots": 4.674, "tp_count": 1, "last_tp_rr": 5.0, "binding_constraint": "none"}[0m
[32m14:40:37[0m | [1mINFO    [0m | [36mbackend.risk.position_sizer[0m:[36mcalculate_lot_size[0m | [1m[SIZER] Crash 1000 Index: lot=3.961 | risk=$99.99 (1.00%) | source=InstrumentProfile[0m
[32m14:40:37[0m | [1mINFO    [0m | [36mbackend.risk.engine[0m:[36mevaluate_signal[0m | [1m{"event": "trade_approved", "direction": "BUY", "symbol": "Crash 1000 Index", "entry": 6105.192, "sl": 6079.948892857143, "risk_dollars": 99.96270428571489, "lots": 3.961, "tp_count": 1, "last_tp_rr": 5.0, "binding_constraint": "lot_max"}[0m
[32m14:40:37[0m | [1mINFO    [0m | [36mbackend.risk.position_sizer[0m:[36mcalculate_lot_size[0m | [1m[SIZER] Crash 1000 Index: lot=0.463 | risk=$9.98 (0.10%) | source=InstrumentProfile[0m
[32m14:40:37[0m | [1mINFO    [0m | [36mbackend.risk.engine[0m:[36mevaluate_signal[0m | [1m{"event": "trade_approved", "direction": "BUY", "symbol": "Crash 1000 Index", "entry": 6058.227, "sl": 6036.675392857143, "risk_dollars": 9.978394107142552, "lots": 0.463, "tp_count": 1, "last_tp_rr": 5.0, "binding_constraint": "none"}[0m
[32m14:40:37[0m | [33m[1mWARNING [0m | [36mbackend.strategies.base_strategy[0m:[36mlog_event[0m | [33m[1m[DJA] [Crash 1000 Index] Max consecutive losses (4) reached. Cooldown until 2026-08-31T01:40:37.418888+00:00[0m
[32m14:40:37[0m | [33m[1mWARNING [0m | [36mbackend.services.bot_service[0m:[36m_log_event[0m | [33m[1m[BT-DJA] [Crash 1000 Index] Max consecutive losses (4) reached. Cooldown until 2026-08-31T01:40:37.418888+00:00[0m
[32m14:40:37[0m | [1mINFO    [0m | [36mbackend.risk.position_sizer[0m:[36mcalculate_lot_size[0m | [1m[SIZER] Crash 1000 Index: lot=8.223 | risk=$99.97 (1.00%) | source=InstrumentProfile[0m
[32m14:40:37[0m | [1mINFO    [0m | [36mbackend.risk.engine[0m:[36mevaluate_signal[0m | [1m{"event": "trade_approved", "direction": "BUY", "symbol": "Crash 1000 Index", "entry": 6066.993, "sl": 6054.8361428571425, "risk_dollars": 99.96583628572066, "lots": 8.223, "tp_count": 1, "last_tp_rr": 5.0, "binding_constraint": "none"}[0m
[32m14:40:37[0m | [1mINFO    [0m | [36mbackend.risk.breakeven_manager[0m:[36mcheck_breakeven[0m | [1mBreak-even triggered: SL 6054.83814 -> 6067.00000[0m
[32m14:40:37[0m | [1mINFO    [0m | [36mbackend.risk.position_sizer[0m:[36mcalculate_lot_size[0m | [1m[SIZER] Crash 1000 Index: lot=0.53 | risk=$9.99 (0.10%) | source=InstrumentProfile[0m
[32m14:40:37[0m | [1mINFO    [0m | [36mbackend.risk.engine[0m:[36mevaluate_signal[0m | [1m{"event": "trade_approved", "direction": "BUY", "symbol": "Crash 1000 Index", "entry": 6010.519, "sl": 5991.667142857143, "risk_dollars": 9.991484285714542, "lots": 0.53, "tp_count": 1, "last_tp_rr": 5.0, "binding_constraint": "none"}[0m
[32m14:40:37[0m | [1mINFO    [0m | [36mbackend.risk.position_sizer[0m:[36mcalculate_lot_size[0m | [1m[SIZER] Crash 1000 Index: lot=1.572 | risk=$29.99 (0.30%) | source=InstrumentProfile[0m
[32m14:40:37[0m | [1mINFO    [0m | [36mbackend.risk.engine[0m:[36mevaluate_signal[0m | [1m{"event": "trade_approved", "direction": "BUY", "symbol": "Crash 1000 Index", "entry": 6004.185, "sl": 5985.108, "risk_dollars": 29.989044000000355, "lots": 1.572, "tp_count": 1, "last_tp_rr": 5.0, "binding_constraint": "none"}[0m
[32m14:40:37[0m | [1mINFO    [0m | [36mbackend.risk.position_sizer[0m:[36mcalculate_lot_size[0m | [1m[SIZER] Crash 1000 Index: lot=6.105 | risk=$99.97 (1.00%) | source=InstrumentProfile[0m
[32m14:40:37[0m | [1mINFO    [0m | [36mbackend.risk.engine[0m:[36mevaluate_signal[0m | [1m{"event": "trade_approved", "direction": "BUY", "symbol": "Crash 1000 Index", "entry": 5971.929, "sl": 5955.554142857143, "risk_dollars": 99.9685028571411, "lots": 6.105, "tp_count": 1, "last_tp_rr": 5.0, "binding_constraint": "none"}[0m
[32m14:40:37[0m | [1mINFO    [0m | [36mbackend.risk.breakeven_manager[0m:[36mcheck_breakeven[0m | [1mBreak-even triggered: SL 5955.55614 -> 5971.93600[0m
[32m14:40:37[0m | [1mINFO    [0m | [36mbackend.risk.position_sizer[0m:[36mcalculate_lot_size[0m | [1m[SIZER] Crash 1000 Index: lot=2.874 | risk=$99.98 (1.00%) | source=InstrumentProfile[0m
[32m14:40:37[0m | [1mINFO    [0m | [36mbackend.risk.engine[0m:[36mevaluate_signal[0m | [1m{"event": "trade_approved", "direction": "BUY", "symbol": "Crash 1000 Index", "entry": 5929.503, "sl": 5894.715964285714, "risk_dollars": 99.9779406428568, "lots": 2.874, "tp_count": 1, "last_tp_rr": 5.0, "binding_constraint": "none"}[0m
[32m14:40:38[0m | [1mINFO    [0m | [36mbackend.backtester.report[0m:[36mapply_bar_level_drawdown[0m | [1m[REPORT] max_drawdown_pct corrected from closed-trade basis 13.71% -> bar-level basis 15.98% (abs $1,598.11, 20002 equity points)[0m
[32m14:40:38[0m | [1mINFO    [0m | [36mbackend.backtester.engine[0m:[36mrun[0m | [1m[ENGINE] \u2550\u2550\u2550 Backtest engine complete \u2550\u2550\u2550[0m
[32m14:40:38[0m | [1mINFO    [0m | [36mbackend.backtester.engine[0m:[36mrun[0m | [1m[ENGINE] Trades: 71 (29W / 42L) | Invalid: 0[0m
[32m14:40:38[0m | [1mINFO    [0m | [36mbackend.backtester.engine[0m:[36mrun[0m | [1m[ENGINE] P&L: $417.00 | Final balance: $10417.00[0m
[32m14:40:38[0m | [1mINFO    [0m | [36mbackend.backtester.engine[0m:[36mrun[0m | [1m[ENGINE] Best trade: $499.89 | Worst trade: $-168.67[0m
[32m14:40:38[0m | [1mINFO    [0m | [36mbackend.backtester.engine[0m:[36mrun[0m | [1m[ENGINE] Leg-level hit rates: TP1=11.3% TP2=0.0% TP3=0.0% SL=57.7% BE=21.1% TRAIL=0.0% | max_dd=15.98% (bar-level)[0m
[32m14:40:38[0m | [1mINFO    [0m | [36mbackend.backtester.engine[0m:[36mrun[0m | [1m[ENGINE] Cost model applied: {'CRASH 1000 INDEX': {'slippage_pips': 1.0, 'commission_per_lot': 0.0, 'spread_pips': 2.0, 'swap_long_per_lot_per_day': 0.0, 'swap_short_per_lot_per_day': 0.0, 'stops_level_pips': 2.0, 'exit_slippage_pips': 1.0, 'sources': {'slippage_pips': 'ASSET_CLASS_DEFAULT', 'commission_per_lot': 'ASSET_CLASS_DEFAULT', 'spread_pips': 'ASSET_CLASS_DEFAULT', 'swap_long_per_lot_per_day': 'ASSET_CLASS_DEFAULT', 'swap_short_per_lot_per_day': 'ASSET_CLASS_DEFAULT', 'stops_level_pips': 'ASSET_CLASS_DEFAULT', 'exit_slippage_pips': 'DEFAULT_EQUALS_SLIPPAGE_PIPS'}, 'broker_source': 'ASSET_CLASS_DEFAULT'}}[0m
    7      71     +417.00   no trades
[32m14:40:38[0m | [1mINFO    [0m | [36mbackend.backtester.engine[0m:[36mrun[0m | [1m[ENGINE] \u2550\u2550\u2550 Starting backtest engine \u2550\u2550\u2550[0m
[32m14:40:38[0m | [1mINFO    [0m | [36mbackend.backtester.engine[0m:[36mrun[0m | [1m[ENGINE] Balance: $10000.0 | Signals: 406 | Candles: 20000[0m
[32m14:40:38[0m | [1mINFO    [0m | [36mbackend.backtester.engine[0m:[36mrun[0m | [1m[ENGINE] Risk config: risk_pct=1.0% | min_rr=None | tp_count=1[0m
[32m14:40:38[0m | [1mINFO    [0m | [36mbackend.backtester.engine[0m:[36m_costs_for[0m | [1m[COSTS] Crash 1000 Index | spread=2.00p slippage=1.00p commission=$0.00/lot swap_long=0.0000/lot/day swap_short=0.0000/lot/day stops_level=2.00p | broker_source=ASSET_CLASS_DEFAULT | per-field={'slippage_pips': 'ASSET_CLASS_DEFAULT', 'commission_per_lot': 'ASSET_CLASS_DEFAULT', 'spread_pips': 'ASSET_CLASS_DEFAULT', 'swap_long_per_lot_per_day': 'ASSET_CLASS_DEFAULT', 'swap_short_per_lot_per_day': 'ASSET_CLASS_DEFAULT', 'stops_level_pips': 'ASSET_CLASS_DEFAULT', 'exit_slippage_pips': 'DEFAULT_EQUALS_SLIPPAGE_PIPS'}[0m
C:\Users\ikchr\Documents\AlgoEdge\backend\backtester\engine.py:754: FutureWarning: The behavior of DatetimeProperties.to_pydatetime is deprecated, in a future version this will return a Series containing python datetime objects instead of an ndarray. To retain the old behavior, call `np.array` on the result
  dt_arr = dt_series.dt.to_pydatetime()
[32m14:40:42[0m | [1mINFO    [0m | [36mbackend.risk.position_sizer[0m:[36mcalculate_lot_size[0m | [1m[SIZER] Crash 1000 Index: lot=2.818 | risk=$99.96 (1.00%) | source=InstrumentProfile[0m
[32m14:40:42[0m | [1mINFO    [0m | [36mbackend.risk.engine[0m:[36mevaluate_signal[0m | [1m{"event": "trade_approved", "direction": "BUY", "symbol": "Crash 1000 Index", "entry": 6069.389, "sl": 6033.917035714286, "risk_dollars": 99.95999535714324, "lots": 2.818, "tp_count": 1, "last_tp_rr": 5.0, "binding_constraint": "none"}[0m
[32m14:40:42[0m | [1mINFO    [0m | [36mbackend.risk.position_sizer[0m:[36mcalculate_lot_size[0m | [1m[SIZER] Crash 1000 Index: lot=0.818 | risk=$14.99 (0.15%) | source=InstrumentProfile[0m
[32m14:40:42[0m | [1mINFO    [0m | [36mbackend.risk.engine[0m:[36mevaluate_signal[0m | [1m{"event": "trade_approved", "direction": "BUY", "symbol": "Crash 1000 Index", "entry": 6026.867, "sl": 6008.537142857143, "risk_dollars": 14.97549328571399, "lots": 0.818, "tp_count": 1, "last_tp_rr": 5.0, "binding_constraint": "lot_max"}[0m
[32m14:40:42[0m | [1mINFO    [0m | [36mbackend.risk.position_sizer[0m:[36mcalculate_lot_size[0m | [1m[SIZER] Crash 1000 Index: lot=4.109 | risk=$99.97 (1.00%) | source=InstrumentProfile[0m
[32m14:40:42[0m | [1mINFO    [0m | [36mbackend.risk.engine[0m:[36mevaluate_signal[0m | [1m{"event": "trade_approved", "direction": "BUY", "symbol": "Crash 1000 Index", "entry": 6024.325, "sl": 5999.996321428571, "risk_dollars": 99.9665402500018, "lots": 4.109, "tp_count": 1, "last_tp_rr": 5.0, "binding_constraint": "none"}[0m
[32m14:40:42[0m | [1mINFO    [0m | [36mbackend.risk.position_sizer[0m:[36mcalculate_lot_size[0m | [1m[SIZER] Crash 1000 Index: lot=6.519 | risk=$99.97 (1.00%) | source=InstrumentProfile[0m
[32m14:40:42[0m | [1mINFO    [0m | [36mbackend.risk.engine[0m:[36mevaluate_signal[0m | [1m{"event": "trade_approved", "direction": "BUY", "symbol": "Crash 1000 Index", "entry": 6083.587, "sl": 6068.252035714286, "risk_dollars": 99.96863217857417, "lots": 6.519, "tp_count": 1, "last_tp_rr": 5.0, "binding_constraint": "none"}[0m
[32m14:40:42[0m | [1mINFO    [0m | [36mbackend.risk.breakeven_manager[0m:[36mcheck_breakeven[0m | [1mBreak-even triggered: SL 6068.26004 -> 6083.60000[0m
[32m14:40:42[0m | [1mINFO    [0m | [36mbackend.risk.position_sizer[0m:[36mcalculate_lot_size[0m | [1m[SIZER] Crash 1000 Index: lot=7.529 | risk=$99.98 (1.00%) | source=InstrumentProfile[0m
[32m14:40:42[0m | [1mINFO    [0m | [36mbackend.risk.engine[0m:[36mevaluate_signal[0m | [1m{"event": "trade_approved", "direction": "BUY", "symbol": "Crash 1000 Index", "entry": 5999.904, "sl": 5986.625035714285, "risk_dollars": 99.97732210714913, "lots": 7.529, "tp_count": 1, "last_tp_rr": 5.0, "binding_constraint": "none"}[0m
[32m14:40:42[0m | [1mINFO    [0m | [36mbackend.risk.position_sizer[0m:[36mcalculate_lot_size[0m | [1m[SIZER] Crash 1000 Index: lot=0.769 | risk=$13.99 (0.14%) | source=InstrumentProfile[0m
[32m14:40:42[0m | [1mINFO    [0m | [36mbackend.risk.engine[0m:[36mevaluate_signal[0m | [1m{"event": "trade_approved", "direction": "BUY", "symbol": "Crash 1000 Index", "entry": 5992.267, "sl": 5974.080285714286, "risk_dollars": 13.985583285713764, "lots": 0.769, "tp_count": 1, "last_tp_rr": 5.0, "binding_constraint": "none"}[0m
[32m14:40:42[0m | [1mINFO    [0m | [36mbackend.risk.position_sizer[0m:[36mcalculate_lot_size[0m | [1m[SIZER] Crash 1000 Index: lot=7.595 | risk=$99.96 (1.00%) | source=InstrumentProfile[0m
[32m14:40:42[0m | [1mINFO    [0m | [36mbackend.risk.engine[0m:[36mevaluate_signal[0m | [1m{"event": "trade_approved", "direction": "BUY", "symbol": "Crash 1000 Index", "entry": 5874.2, "sl": 5861.038107142857, "risk_dollars": 99.96457624999688, "lots": 7.595, "tp_count": 1, "last_tp_rr": 5.0, "binding_constraint": "none"}[0m
[32m14:40:42[0m | [1mINFO    [0m | [36mbackend.risk.position_sizer[0m:[36mcalculate_lot_size[0m | [1m[SIZER] Crash 1000 Index: lot=4.52 | risk=$99.99 (1.00%) | source=InstrumentProfile[0m
[32m14:40:42[0m | [1mINFO    [0m | [36mbackend.risk.engine[0m:[36mevaluate_signal[0m | [1m{"event": "trade_approved", "direction": "BUY", "symbol": "Crash 1000 Index", "entry": 5877.433, "sl": 5855.312285714285, "risk_dollars": 99.96350785714479, "lots": 4.52, "tp_count": 1, "last_tp_rr": 5.0, "binding_constraint": "lot_max"}[0m
[32m14:40:42[0m | [1mINFO    [0m | [36mbackend.risk.breakeven_manager[0m:[36mcheck_breakeven[0m | [1mBreak-even triggered: SL 5855.31729 -> 5877.44300[0m
[32m14:40:43[0m | [1mINFO    [0m | [36mbackend.risk.position_sizer[0m:[36mcalculate_lot_size[0m | [1m[SIZER] Crash 1000 Index: lot=1.558 | risk=$99.98 (1.00%) | source=InstrumentProfile[0m
[32m14:40:43[0m | [1mINFO    [0m | [36mbackend.risk.engine[0m:[36mevaluate_signal[0m | [1m{"event": "trade_approved", "direction": "BUY", "symbol": "Crash 1000 Index", "entry": 5992.564, "sl": 5928.392678571428, "risk_dollars": 99.97891878571502, "lots": 1.558, "tp_count": 1, "last_tp_rr": 5.0, "binding_constraint": "none"}[0m
[32m14:40:43[0m | [1mINFO    [0m | [36mbackend.risk.breakeven_manager[0m:[36mcheck_breakeven[0m | [1mBreak-even triggered: SL 5928.39768 -> 5992.57400[0m
[32m14:40:43[0m | [1mINFO    [0m | [36mbackend.risk.position_sizer[0m:[36mcalculate_lot_size[0m | [1m[SIZER] Crash 1000 Index: lot=4.334 | risk=$99.99 (1.00%) | source=InstrumentProfile[0m
[32m14:40:43[0m | [1mINFO    [0m | [36mbackend.risk.engine[0m:[36mevaluate_signal[0m | [1m{"event": "trade_approved", "direction": "BUY", "symbol": "Crash 1000 Index", "entry": 5893.272, "sl": 5870.202035714286, "risk_dollars": 99.96215525000041, "lots": 4.334, "tp_count": 1, "last_tp_rr": 5.0, "binding_constraint": "lot_max"}[0m
[32m14:40:43[0m | [1mINFO    [0m | [36mbackend.risk.breakeven_manager[0m:[36mcheck_breakeven[0m | [1mBreak-even triggered: SL 5870.20804 -> 5893.28300[0m
[32m14:40:43[0m | [1mINFO    [0m | [36mbackend.risk.position_sizer[0m:[36mcalculate_lot_size[0m | [1m[SIZER] Crash 1000 Index: lot=10.0 | risk=$89.53 (0.90%) | source=InstrumentProfile[0m
[32m14:40:43[0m | [1mINFO    [0m | [36mbackend.risk.engine[0m:[36mevaluate_signal[0m | [1m{"event": "trade_approved", "direction": "BUY", "symbol": "Crash 1000 Index", "entry": 5972.699, "sl": 5963.746214285715, "risk_dollars": 89.527857142848, "lots": 10.0, "tp_count": 1, "last_tp_rr": 5.0, "binding_constraint": "lot_max"}[0m
[32m14:40:43[0m | [1mINFO    [0m | [36mbackend.risk.breakeven_manager[0m:[36mcheck_breakeven[0m | [1mBreak-even triggered: SL 5963.74721 -> 5972.70500[0m
[32m14:40:43[0m | [1mINFO    [0m | [36mbackend.risk.position_sizer[0m:[36mcalculate_lot_size[0m | [1m[SIZER] Crash 1000 Index: lot=3.335 | risk=$99.97 (1.00%) | source=InstrumentProfile[0m
[32m14:40:43[0m | [1mINFO    [0m | [36mbackend.risk.engine[0m:[36mevaluate_signal[0m | [1m{"event": "trade_approved", "direction": "BUY", "symbol": "Crash 1000 Index", "entry": 5970.412, "sl": 5940.436785714285, "risk_dollars": 99.9673396428598, "lots": 3.335, "tp_count": 1, "last_tp_rr": 5.0, "binding_constraint": "none"}[0m
[32m14:40:43[0m | [1mINFO    [0m | [36mbackend.risk.position_sizer[0m:[36mcalculate_lot_size[0m | [1m[SIZER] Crash 1000 Index: lot=0.693 | risk=$14.98 (0.15%) | source=InstrumentProfile[0m
[32m14:40:43[0m | [1mINFO    [0m | [36mbackend.risk.engine[0m:[36mevaluate_signal[0m | [1m{"event": "trade_approved", "direction": "BUY", "symbol": "Crash 1000 Index", "entry": 6022.69, "sl": 6001.071857142857, "risk_dollars": 14.959754857142698, "lots": 0.693, "tp_count": 1, "last_tp_rr": 5.0, "binding_constraint": "lot_max"}[0m
[32m14:40:43[0m | [1mINFO    [0m | [36mbackend.risk.position_sizer[0m:[36mcalculate_lot_size[0m | [1m[SIZER] Crash 1000 Index: lot=1.171 | risk=$11.99 (0.12%) | source=InstrumentProfile[0m
[32m14:40:43[0m | [1mINFO    [0m | [36mbackend.risk.engine[0m:[36mevaluate_signal[0m | [1m{"event": "trade_approved", "direction": "BUY", "symbol": "Crash 1000 Index", "entry": 5965.696, "sl": 5955.456357142857, "risk_dollars": 11.99062178571425, "lots": 1.171, "tp_count": 1, "last_tp_rr": 5.0, "binding_constraint": "none"}[0m
[32m14:40:43[0m | [1mINFO    [0m | [36mbackend.risk.position_sizer[0m:[36mcalculate_lot_size[0m | [1m[SIZER] Crash 1000 Index: lot=0.564 | risk=$16.99 (0.17%) | source=InstrumentProfile[0m
[32m14:40:43[0m | [1mINFO    [0m | [36mbackend.risk.engine[0m:[36mevaluate_signal[0m | [1m{"event": "trade_approved", "direction": "BUY", "symbol": "Crash 1000 Index", "entry": 5957.608, "sl": 5927.479285714286, "risk_dollars": 16.962466142857274, "lots": 0.564, "tp_count": 1, "last_tp_rr": 5.0, "binding_constraint": "lot_max"}[0m
[32m14:40:43[0m | [1mINFO    [0m | [36mbackend.risk.breakeven_manager[0m:[36mcheck_breakeven[0m | [1mBreak-even triggered: SL 5927.48629 -> 5957.62000[0m
[32m14:40:43[0m | [1mINFO    [0m | [36mbackend.risk.position_sizer[0m:[36mcalculate_lot_size[0m | [1m[SIZER] Crash 1000 Index: lot=8.886 | risk=$99.96 (1.00%) | source=InstrumentProfile[0m
[32m14:40:43[0m | [1mINFO    [0m | [36mbackend.risk.engine[0m:[36mevaluate_signal[0m | [1m{"event": "trade_approved", "direction": "BUY", "symbol": "Crash 1000 Index", "entry": 5937.681, "sl": 5926.431428571429, "risk_dollars": 99.95244214284943, "lots": 8.886, "tp_count": 1, "last_tp_rr": 5.0, "binding_constraint": "lot_max"}[0m
[32m14:40:43[0m | [1mINFO    [0m | [36mbackend.risk.position_sizer[0m:[36mcalculate_lot_size[0m | [1m[SIZER] Crash 1000 Index: lot=0.601 | risk=$9.99 (0.10%) | source=InstrumentProfile[0m
[32m14:40:43[0m | [1mINFO    [0m | [36mbackend.risk.engine[0m:[36mevaluate_signal[0m | [1m{"event": "trade_approved", "direction": "BUY", "symbol": "Crash 1000 Index", "entry": 5943.046, "sl": 5926.42425, "risk_dollars": 9.989671750000149, "lots": 0.601, "tp_count": 1, "last_tp_rr": 5.0, "binding_constraint": "none"}[0m
[32m14:40:43[0m | [1mINFO    [0m | [36mbackend.risk.position_sizer[0m:[36mcalculate_lot_size[0m | [1m[SIZER] Crash 1000 Index: lot=3.551 | risk=$99.97 (1.00%) | source=InstrumentProfile[0m
[32m14:40:43[0m | [1mINFO    [0m | [36mbackend.risk.engine[0m:[36mevaluate_signal[0m | [1m{"event": "trade_approved", "direction": "BUY", "symbol": "Crash 1000 Index", "entry": 5898.688, "sl": 5870.535964285715, "risk_dollars": 99.96787882142738, "lots": 3.551, "tp_count": 1, "last_tp_rr": 5.0, "binding_constraint": "none"}[0m
[32m14:40:43[0m | [1mINFO    [0m | [36mbackend.risk.position_sizer[0m:[36mcalculate_lot_size[0m | [1m[SIZER] Crash 1000 Index: lot=6.824 | risk=$99.97 (1.00%) | source=InstrumentProfile[0m
[32m14:40:43[0m | [1mINFO    [0m | [36mbackend.risk.engine[0m:[36mevaluate_signal[0m | [1m{"event": "trade_approved", "direction": "BUY", "symbol": "Crash 1000 Index", "entry": 5872.819, "sl": 5858.1695, "risk_dollars": 99.96818800000302, "lots": 6.824, "tp_count": 1, "last_tp_rr": 5.0, "binding_constraint": "none"}[0m
[32m14:40:43[0m | [33m[1mWARNING [0m | [36mbackend.strategies.base_strategy[0m:[36mlog_event[0m | [33m[1m[DJA] [Crash 1000 Index] Max consecutive losses (4) reached. Cooldown until 2026-08-31T01:40:43.159458+00:00[0m
[32m14:40:43[0m | [33m[1mWARNING [0m | [36mbackend.services.bot_service[0m:[36m_log_event[0m | [33m[1m[BT-DJA] [Crash 1000 Index] Max consecutive losses (4) reached. Cooldown until 2026-08-31T01:40:43.159458+00:00[0m
[32m14:40:43[0m | [1mINFO    [0m | [36mbackend.risk.position_sizer[0m:[36mcalculate_lot_size[0m | [1m[SIZER] Crash 1000 Index: lot=5.49 | risk=$99.97 (1.00%) | source=InstrumentProfile[0m
[32m14:40:43[0m | [1mINFO    [0m | [36mbackend.risk.engine[0m:[36mevaluate_signal[0m | [1m{"event": "trade_approved", "direction": "BUY", "symbol": "Crash 1000 Index", "entry": 5883.534, "sl": 5865.324, "risk_dollars": 99.97290000000021, "lots": 5.49, "tp_count": 1, "last_tp_rr": 5.0, "binding_constraint": "none"}[0m
[32m14:40:43[0m | [33m[1mWARNING [0m | [36mbackend.strategies.base_strategy[0m:[36mlog_event[0m | [33m[1m[DJA] [Crash 1000 Index] Max consecutive losses (5) reached. Cooldown until 2026-08-31T01:40:43.172647+00:00[0m
[32m14:40:43[0m | [33m[1mWARNING [0m | [36mbackend.services.bot_service[0m:[36m_log_event[0m | [33m[1m[BT-DJA] [Crash 1000 Index] Max consecutive losses (5) reached. Cooldown until 2026-08-31T01:40:43.172647+00:00[0m
[32m14:40:43[0m | [1mINFO    [0m | [36mbackend.risk.position_sizer[0m:[36mcalculate_lot_size[0m | [1m[SIZER] Crash 1000 Index: lot=0.644 | risk=$9.98 (0.10%) | source=InstrumentProfile[0m
[32m14:40:43[0m | [1mINFO    [0m | [36mbackend.risk.engine[0m:[36mevaluate_signal[0m | [1m{"event": "trade_approved", "direction": "BUY", "symbol": "Crash 1000 Index", "entry": 5856.723, "sl": 5841.221285714286, "risk_dollars": 9.98310399999989, "lots": 0.644, "tp_count": 1, "last_tp_rr": 5.0, "binding_constraint": "none"}[0m
[32m14:40:43[0m | [1mINFO    [0m | [36mbackend.risk.breakeven_manager[0m:[36mcheck_breakeven[0m | [1mBreak-even triggered: SL 5841.22429 -> 5856.73100[0m
[32m14:40:43[0m | [1mINFO    [0m | [36mbackend.risk.position_sizer[0m:[36mcalculate_lot_size[0m | [1m[SIZER] Crash 1000 Index: lot=5.492 | risk=$99.97 (1.00%) | source=InstrumentProfile[0m
[32m14:40:43[0m | [1mINFO    [0m | [36mbackend.risk.engine[0m:[36mevaluate_signal[0m | [1m{"event": "trade_approved", "direction": "BUY", "symbol": "Crash 1000 Index", "entry": 5870.562, "sl": 5852.3596071428565, "risk_dollars": 99.96754157143168, "lots": 5.492, "tp_count": 1, "last_tp_rr": 5.0, "binding_constraint": "none"}[0m
[32m14:40:43[0m | [1mINFO    [0m | [36mbackend.risk.breakeven_manager[0m:[36mcheck_breakeven[0m | [1mBreak-even triggered: SL 5852.36461 -> 5870.57200[0m
[32m14:40:43[0m | [1mINFO    [0m | [36mbackend.risk.position_sizer[0m:[36mcalculate_lot_size[0m | [1m[SIZER] Crash 1000 Index: lot=2.569 | risk=$99.96 (1.00%) | source=InstrumentProfile[0m
[32m14:40:43[0m | [1mINFO    [0m | [36mbackend.risk.engine[0m:[36mevaluate_signal[0m | [1m{"event": "trade_approved", "direction": "BUY", "symbol": "Crash 1000 Index", "entry": 5899.863, "sl": 5860.953107142856, "risk_dollars": 99.95951475000257, "lots": 2.569, "tp_count": 1, "last_tp_rr": 5.0, "binding_constraint": "none"}[0m
[32m14:40:43[0m | [1mINFO    [0m | [36mbackend.risk.position_sizer[0m:[36mcalculate_lot_size[0m | [1m[SIZER] Crash 1000 Index: lot=5.628 | risk=$99.98 (1.00%) | source=InstrumentProfile[0m
[32m14:40:43[0m | [1mINFO    [0m | [36mbackend.risk.engine[0m:[36mevaluate_signal[0m | [1m{"event": "trade_approved", "direction": "BUY", "symbol": "Crash 1000 Index", "entry": 5802.222, "sl": 5784.457714285714, "risk_dollars": 99.97739999999884, "lots": 5.628, "tp_count": 1, "last_tp_rr": 5.0, "binding_constraint": "none"}[0m
[32m14:40:43[0m | [1mINFO    [0m | [36mbackend.risk.breakeven_manager[0m:[36mcheck_breakeven[0m | [1mBreak-even triggered: SL 5784.46071 -> 5802.23000[0m
[32m14:40:43[0m | [1mINFO    [0m | [36mbackend.risk.position_sizer[0m:[36mcalculate_lot_size[0m | [1m[SIZER] Crash 1000 Index: lot=4.889 | risk=$99.98 (1.00%) | source=InstrumentProfile[0m
[32m14:40:43[0m | [1mINFO    [0m | [36mbackend.risk.engine[0m:[36mevaluate_signal[0m | [1m{"event": "trade_approved", "direction": "BUY", "symbol": "Crash 1000 Index", "entry": 5879.574, "sl": 5859.123857142858, "risk_dollars": 99.98074842856751, "lots": 4.889, "tp_count": 1, "last_tp_rr": 5.0, "binding_constraint": "none"}[0m
[32m14:40:43[0m | [1mINFO    [0m | [36mbackend.risk.breakeven_manager[0m:[36mcheck_breakeven[0m | [1mBreak-even triggered: SL 5859.12686 -> 5879.58200[0m
[32m14:40:43[0m | [1mINFO    [0m | [36mbackend.risk.position_sizer[0m:[36mcalculate_lot_size[0m | [1m[SIZER] Crash 1000 Index: lot=1.588 | risk=$99.95 (1.00%) | source=InstrumentProfile[0m
[32m14:40:43[0m | [1mINFO    [0m | [36mbackend.risk.engine[0m:[36mevaluate_signal[0m | [1m{"event": "trade_approved", "direction": "BUY", "symbol": "Crash 1000 Index", "entry": 5979.627, "sl": 5916.688071428572, "risk_dollars": 99.94701857142883, "lots": 1.588, "tp_count": 1, "last_tp_rr": 5.0, "binding_constraint": "none"}[0m
[32m14:40:43[0m | [1mINFO    [0m | [36mbackend.risk.position_sizer[0m:[36mcalculate_lot_size[0m | [1m[SIZER] Crash 1000 Index: lot=0.481 | risk=$9.98 (0.10%) | source=InstrumentProfile[0m
[32m14:40:43[0m | [1mINFO    [0m | [36mbackend.risk.engine[0m:[36mevaluate_signal[0m | [1m{"event": "trade_approved", "direction": "BUY", "symbol": "Crash 1000 Index", "entry": 5902.565, "sl": 5881.81875, "risk_dollars": 9.978946249999632, "lots": 0.481, "tp_count": 1, "last_tp_rr": 5.0, "binding_constraint": "none"}[0m
[32m14:40:43[0m | [1mINFO    [0m | [36mbackend.risk.breakeven_manager[0m:[36mcheck_breakeven[0m | [1mBreak-even triggered: SL 5881.82075 -> 5902.57200[0m
[32m14:40:43[0m | [1mINFO    [0m | [36mbackend.risk.position_sizer[0m:[36mcalculate_lot_size[0m | [1m[SIZER] Crash 1000 Index: lot=2.872 | risk=$99.99 (1.00%) | source=InstrumentProfile[0m
[32m14:40:43[0m | [1mINFO    [0m | [36mbackend.risk.engine[0m:[36mevaluate_signal[0m | [1m{"event": "trade_approved", "direction": "BUY", "symbol": "Crash 1000 Index", "entry": 6045.202, "sl": 6010.386142857144, "risk_dollars": 99.99114171428431, "lots": 2.872, "tp_count": 1, "last_tp_rr": 5.0, "binding_constraint": "none"}[0m
[32m14:40:43[0m | [1mINFO    [0m | [36mbackend.risk.breakeven_manager[0m:[36mcheck_breakeven[0m | [1mBreak-even triggered: SL 6010.39014 -> 6045.21100[0m
[32m14:40:43[0m | [1mINFO    [0m | [36mbackend.risk.position_sizer[0m:[36mcalculate_lot_size[0m | [1m[SIZER] Crash 1000 Index: lot=2.896 | risk=$99.98 (1.00%) | source=InstrumentProfile[0m
[32m14:40:43[0m | [1mINFO    [0m | [36mbackend.risk.engine[0m:[36mevaluate_signal[0m | [1m{"event": "trade_approved", "direction": "BUY", "symbol": "Crash 1000 Index", "entry": 6004.341, "sl": 5969.816535714285, "risk_dollars": 99.98284857143096, "lots": 2.896, "tp_count": 1, "last_tp_rr": 5.0, "binding_constraint": "none"}[0m
[32m14:40:43[0m | [1mINFO    [0m | [36mbackend.risk.breakeven_manager[0m:[36mcheck_breakeven[0m | [1mBreak-even triggered: SL 5969.82154 -> 6004.35100[0m
[32m14:40:43[0m | [1mINFO    [0m | [36mbackend.risk.position_sizer[0m:[36mcalculate_lot_size[0m | [1m[SIZER] Crash 1000 Index: lot=3.556 | risk=$99.97 (1.00%) | source=InstrumentProfile[0m
[32m14:40:43[0m | [1mINFO    [0m | [36mbackend.risk.engine[0m:[36mevaluate_signal[0m | [1m{"event": "trade_approved", "direction": "BUY", "symbol": "Crash 1000 Index", "entry": 5823.74, "sl": 5795.625928571428, "risk_dollars": 99.97363800000225, "lots": 3.556, "tp_count": 1, "last_tp_rr": 5.0, "binding_constraint": "none"}[0m
[32m14:40:43[0m | [1mINFO    [0m | [36mbackend.risk.position_sizer[0m:[36mcalculate_lot_size[0m | [1m[SIZER] Crash 1000 Index: lot=2.269 | risk=$99.98 (1.00%) | source=InstrumentProfile[0m
[32m14:40:43[0m | [1mINFO    [0m | [36mbackend.risk.engine[0m:[36mevaluate_signal[0m | [1m{"event": "trade_approved", "direction": "BUY", "symbol": "Crash 1000 Index", "entry": 5756.405, "sl": 5712.3429642857145, "risk_dollars": 99.97675903571319, "lots": 2.269, "tp_count": 1, "last_tp_rr": 5.0, "binding_constraint": "none"}[0m
[32m14:40:43[0m | [1mINFO    [0m | [36mbackend.risk.position_sizer[0m:[36mcalculate_lot_size[0m | [1m[SIZER] Crash 1000 Index: lot=0.569 | risk=$9.98 (0.10%) | source=InstrumentProfile[0m
[32m14:40:43[0m | [1mINFO    [0m | [36mbackend.risk.engine[0m:[36mevaluate_signal[0m | [1m{"event": "trade_approved", "direction": "BUY", "symbol": "Crash 1000 Index", "entry": 5717.903, "sl": 5700.359714285714, "risk_dollars": 9.964586285714423, "lots": 0.569, "tp_count": 1, "last_tp_rr": 5.0, "binding_constraint": "lot_max"}[0m
[32m14:40:43[0m | [1mINFO    [0m | [36mbackend.risk.breakeven_manager[0m:[36mcheck_breakeven[0m | [1mBreak-even triggered: SL 5700.37771 -> 5717.92600[0m
[32m14:40:43[0m | [1mINFO    [0m | [36mbackend.risk.position_sizer[0m:[36mcalculate_lot_size[0m | [1m[SIZER] Crash 1000 Index: lot=1.144 | risk=$18.99 (0.19%) | source=InstrumentProfile[0m
[32m14:40:43[0m | [1mINFO    [0m | [36mbackend.risk.engine[0m:[36mevaluate_signal[0m | [1m{"event": "trade_approved", "direction": "BUY", "symbol": "Crash 1000 Index", "entry": 5747.799, "sl": 5731.2005714285715, "risk_dollars": 18.97200385714276, "lots": 1.144, "tp_count": 1, "last_tp_rr": 5.0, "binding_constraint": "lot_max"}[0m
[32m14:40:43[0m | [1mINFO    [0m | [36mbackend.risk.breakeven_manager[0m:[36mcheck_breakeven[0m | [1mBreak-even triggered: SL 5731.20757 -> 5747.81100[0m
[32m14:40:43[0m | [1mINFO    [0m | [36mbackend.risk.position_sizer[0m:[36mcalculate_lot_size[0m | [1m[SIZER] Crash 1000 Index: lot=3.293 | risk=$99.97 (1.00%) | source=InstrumentProfile[0m
[32m14:40:43[0m | [1mINFO    [0m | [36mbackend.risk.engine[0m:[36mevaluate_signal[0m | [1m{"event": "trade_approved", "direction": "BUY", "symbol": "Crash 1000 Index", "entry": 5742.742, "sl": 5712.384749999999, "risk_dollars": 99.96642425000307, "lots": 3.293, "tp_count": 1, "last_tp_rr": 5.0, "binding_constraint": "none"}[0m
[32m14:40:43[0m | [1mINFO    [0m | [36mbackend.risk.position_sizer[0m:[36mcalculate_lot_size[0m | [1m[SIZER] Crash 1000 Index: lot=7.849 | risk=$99.98 (1.00%) | source=InstrumentProfile[0m
[32m14:40:43[0m | [1mINFO    [0m | [36mbackend.risk.engine[0m:[36mevaluate_signal[0m | [1m{"event": "trade_approved", "direction": "BUY", "symbol": "Crash 1000 Index", "entry": 5739.117, "sl": 5726.379535714285, "risk_dollars": 99.97635717857587, "lots": 7.849, "tp_count": 1, "last_tp_rr": 5.0, "binding_constraint": "none"}[0m
[32m14:40:43[0m | [1mINFO    [0m | [36mbackend.risk.position_sizer[0m:[36mcalculate_lot_size[0m | [1m[SIZER] Crash 1000 Index: lot=8.64 | risk=$99.97 (1.00%) | source=InstrumentProfile[0m
[32m14:40:43[0m | [1mINFO    [0m | [36mbackend.risk.engine[0m:[36mevaluate_signal[0m | [1m{"event": "trade_approved", "direction": "BUY", "symbol": "Crash 1000 Index", "entry": 5773.301, "sl": 5761.730071428571, "risk_dollars": 99.97282285714871, "lots": 8.64, "tp_count": 1, "last_tp_rr": 5.0, "binding_constraint": "none"}[0m
[32m14:40:43[0m | [1mINFO    [0m | [36mbackend.risk.position_sizer[0m:[36mcalculate_lot_size[0m | [1m[SIZER] Crash 1000 Index: lot=5.776 | risk=$99.97 (1.00%) | source=InstrumentProfile[0m
[32m14:40:43[0m | [1mINFO    [0m | [36mbackend.risk.engine[0m:[36mevaluate_signal[0m | [1m{"event": "trade_approved", "direction": "BUY", "symbol": "Crash 1000 Index", "entry": 5752.354, "sl": 5735.046357142857, "risk_dollars": 99.96894514285817, "lots": 5.776, "tp_count": 1, "last_tp_rr": 5.0, "binding_constraint": "none"}[0m
[32m14:40:43[0m | [33m[1mWARNING [0m | [36mbackend.strategies.base_strategy[0m:[36mlog_event[0m | [33m[1m[DJA] [Crash 1000 Index] Max consecutive losses (4) reached. Cooldown until 2026-08-31T01:40:43.497809+00:00[0m
[32m14:40:43[0m | [33m[1mWARNING [0m | [36mbackend.services.bot_service[0m:[36m_log_event[0m | [33m[1m[BT-DJA] [Crash 1000 Index] Max consecutive losses (4) reached. Cooldown until 2026-08-31T01:40:43.497809+00:00[0m
[32m14:40:43[0m | [1mINFO    [0m | [36mbackend.risk.position_sizer[0m:[36mcalculate_lot_size[0m | [1m[SIZER] Crash 1000 Index: lot=8.884 | risk=$99.97 (1.00%) | source=InstrumentProfile[0m
[32m14:40:43[0m | [1mINFO    [0m | [36mbackend.risk.engine[0m:[36mevaluate_signal[0m | [1m{"event": "trade_approved", "direction": "BUY", "symbol": "Crash 1000 Index", "entry": 5766.316, "sl": 5755.0629285714285, "risk_dollars": 99.9722865714272, "lots": 8.884, "tp_count": 1, "last_tp_rr": 5.0, "binding_constraint": "none"}[0m
[32m14:40:43[0m | [33m[1mWARNING [0m | [36mbackend.strategies.base_strategy[0m:[36mlog_event[0m | [33m[1m[DJA] [Crash 1000 Index] Max consecutive losses (5) reached. Cooldown until 2026-08-31T01:40:43.508196+00:00[0m
[32m14:40:43[0m | [33m[1mWARNING [0m | [36mbackend.services.bot_service[0m:[36m_log_event[0m | [33m[1m[BT-DJA] [Crash 1000 Index] Max consecutive losses (5) reached. Cooldown until 2026-08-31T01:40:43.508196+00:00[0m
[32m14:40:43[0m | [1mINFO    [0m | [36mbackend.risk.position_sizer[0m:[36mcalculate_lot_size[0m | [1m[SIZER] Crash 1000 Index: lot=3.823 | risk=$99.99 (1.00%) | source=InstrumentProfile[0m
[32m14:40:43[0m | [1mINFO    [0m | [36mbackend.risk.engine[0m:[36mevaluate_signal[0m | [1m{"event": "trade_approved", "direction": "BUY", "symbol": "Crash 1000 Index", "entry": 5767.676, "sl": 5741.522, "risk_dollars": 99.98674200000173, "lots": 3.823, "tp_count": 1, "last_tp_rr": 5.0, "binding_constraint": "none"}[0m
[32m14:40:43[0m | [1mINFO    [0m | [36mbackend.risk.breakeven_manager[0m:[36mcheck_breakeven[0m | [1mBreak-even triggered: SL 5741.52900 -> 5767.68800[0m
[32m14:40:43[0m | [1mINFO    [0m | [36mbackend.risk.position_sizer[0m:[36mcalculate_lot_size[0m | [1m[SIZER] Crash 1000 Index: lot=3.198 | risk=$99.97 (1.00%) | source=InstrumentProfile[0m
[32m14:40:43[0m | [1mINFO    [0m | [36mbackend.risk.engine[0m:[36mevaluate_signal[0m | [1m{"event": "trade_approved", "direction": "BUY", "symbol": "Crash 1000 Index", "entry": 5783.915, "sl": 5752.6552142857145, "risk_dollars": 99.96879471428502, "lots": 3.198, "tp_count": 1, "last_tp_rr": 5.0, "binding_constraint": "none"}[0m
[32m14:40:43[0m | [1mINFO    [0m | [36mbackend.risk.position_sizer[0m:[36mcalculate_lot_size[0m | [1m[SIZER] Crash 1000 Index: lot=9.937 | risk=$99.96 (1.00%) | source=InstrumentProfile[0m
[32m14:40:43[0m | [1mINFO    [0m | [36mbackend.risk.engine[0m:[36mevaluate_signal[0m | [1m{"event": "trade_approved", "direction": "BUY", "symbol": "Crash 1000 Index", "entry": 5603.428, "sl": 5593.368285714286, "risk_dollars": 99.96338085714109, "lots": 9.937, "tp_count": 1, "last_tp_rr": 5.0, "binding_constraint": "none"}[0m
[32m14:40:43[0m | [1mINFO    [0m | [36mbackend.risk.position_sizer[0m:[36mcalculate_lot_size[0m | [1m[SIZER] Crash 1000 Index: lot=0.592 | risk=$10.00 (0.10%) | source=InstrumentProfile[0m
[32m14:40:43[0m | [1mINFO    [0m | [36mbackend.risk.engine[0m:[36mevaluate_signal[0m | [1m{"event": "trade_approved", "direction": "BUY", "symbol": "Crash 1000 Index", "entry": 5644.468, "sl": 5627.579928571428, "risk_dollars": 9.997738285714323, "lots": 0.592, "tp_count": 1, "last_tp_rr": 5.0, "binding_constraint": "none"}[0m
[32m14:40:43[0m | [1mINFO    [0m | [36mbackend.risk.breakeven_manager[0m:[36mcheck_breakeven[0m | [1mBreak-even triggered: SL 5627.58593 -> 5644.47900[0m
[32m14:40:43[0m | [1mINFO    [0m | [36mbackend.risk.position_sizer[0m:[36mcalculate_lot_size[0m | [1m[SIZER] Crash 1000 Index: lot=7.737 | risk=$99.97 (1.00%) | source=InstrumentProfile[0m
[32m14:40:43[0m | [1mINFO    [0m | [36mbackend.risk.engine[0m:[36mevaluate_signal[0m | [1m{"event": "trade_approved", "direction": "BUY", "symbol": "Crash 1000 Index", "entry": 5765.576, "sl": 5752.655035714285, "risk_dollars": 99.96950067857652, "lots": 7.737, "tp_count": 1, "last_tp_rr": 5.0, "binding_constraint": "none"}[0m
[32m14:40:43[0m | [1mINFO    [0m | [36mbackend.risk.position_sizer[0m:[36mcalculate_lot_size[0m | [1m[SIZER] Crash 1000 Index: lot=1.85 | risk=$99.95 (1.00%) | source=InstrumentProfile[0m
[32m14:40:43[0m | [1mINFO    [0m | [36mbackend.risk.engine[0m:[36mevaluate_signal[0m | [1m{"event": "trade_approved", "direction": "BUY", "symbol": "Crash 1000 Index", "entry": 5724.142, "sl": 5670.116821428572, "risk_dollars": 99.94658035714201, "lots": 1.85, "tp_count": 1, "last_tp_rr": 5.0, "binding_constraint": "none"}[0m
[32m14:40:43[0m | [1mINFO    [0m | [36mbackend.risk.breakeven_manager[0m:[36mcheck_breakeven[0m | [1mBreak-even triggered: SL 5670.12082 -> 5724.15100[0m
[32m14:40:43[0m | [1mINFO    [0m | [36mbackend.risk.position_sizer[0m:[36mcalculate_lot_size[0m | [1m[SIZER] Crash 1000 Index: lot=4.309 | risk=$99.99 (1.00%) | source=InstrumentProfile[0m
[32m14:40:43[0m | [1mINFO    [0m | [36mbackend.risk.engine[0m:[36mevaluate_signal[0m | [1m{"event": "trade_approved", "direction": "BUY", "symbol": "Crash 1000 Index", "entry": 5718.594, "sl": 5695.389964285714, "risk_dollars": 99.98618989285822, "lots": 4.309, "tp_count": 1, "last_tp_rr": 5.0, "binding_constraint": "none"}[0m
[32m14:40:43[0m | [1mINFO    [0m | [36mbackend.risk.breakeven_manager[0m:[36mcheck_breakeven[0m | [1mBreak-even triggered: SL 5695.39396 -> 5718.60300[0m
[32m14:40:43[0m | [1mINFO    [0m | [36mbackend.risk.position_sizer[0m:[36mcalculate_lot_size[0m | [1m[SIZER] Crash 1000 Index: lot=1.696 | risk=$99.97 (1.00%) | source=InstrumentProfile[0m
[32m14:40:43[0m | [1mINFO    [0m | [36mbackend.risk.engine[0m:[36mevaluate_signal[0m | [1m{"event": "trade_approved", "direction": "BUY", "symbol": "Crash 1000 Index", "entry": 5778.542, "sl": 5719.600071428572, "risk_dollars": 99.96551085714262, "lots": 1.696, "tp_count": 1, "last_tp_rr": 5.0, "binding_constraint": "none"}[0m
[32m14:40:43[0m | [1mINFO    [0m | [36mbackend.risk.position_sizer[0m:[36mcalculate_lot_size[0m | [1m[SIZER] Crash 1000 Index: lot=3.838 | risk=$99.97 (1.00%) | source=InstrumentProfile[0m
[32m14:40:43[0m | [1mINFO    [0m | [36mbackend.risk.engine[0m:[36mevaluate_signal[0m | [1m{"event": "trade_approved", "direction": "BUY", "symbol": "Crash 1000 Index", "entry": 5737.416, "sl": 5711.3691071428575, "risk_dollars": 99.96797478571355, "lots": 3.838, "tp_count": 1, "last_tp_rr": 5.0, "binding_constraint": "none"}[0m
[32m14:40:43[0m | [1mINFO    [0m | [36mbackend.risk.breakeven_manager[0m:[36mcheck_breakeven[0m | [1mBreak-even triggered: SL 5711.37011 -> 5737.42200[0m
[32m14:40:43[0m | [1mINFO    [0m | [36mbackend.risk.position_sizer[0m:[36mcalculate_lot_size[0m | [1m[SIZER] Crash 1000 Index: lot=4.425 | risk=$99.97 (1.00%) | source=InstrumentProfile[0m
[32m14:40:43[0m | [1mINFO    [0m | [36mbackend.risk.engine[0m:[36mevaluate_signal[0m | [1m{"event": "trade_approved", "direction": "BUY", "symbol": "Crash 1000 Index", "entry": 5700.054, "sl": 5677.460999999999, "risk_dollars": 99.97402500000335, "lots": 4.425, "tp_count": 1, "last_tp_rr": 5.0, "binding_constraint": "none"}[0m
[32m14:40:43[0m | [1mINFO    [0m | [36mbackend.risk.position_sizer[0m:[36mcalculate_lot_size[0m | [1m[SIZER] Crash 1000 Index: lot=5.735 | risk=$99.98 (1.00%) | source=InstrumentProfile[0m
[32m14:40:43[0m | [1mINFO    [0m | [36mbackend.risk.engine[0m:[36mevaluate_signal[0m | [1m{"event": "trade_approved", "direction": "BUY", "symbol": "Crash 1000 Index", "entry": 5694.023, "sl": 5676.590071428571, "risk_dollars": 99.9778453571472, "lots": 5.735, "tp_count": 1, "last_tp_rr": 5.0, "binding_constraint": "none"}[0m
[32m14:40:43[0m | [1mINFO    [0m | [36mbackend.risk.position_sizer[0m:[36mcalculate_lot_size[0m | [1m[SIZER] Crash 1000 Index: lot=3.384 | risk=$99.97 (1.00%) | source=InstrumentProfile[0m
[32m14:40:43[0m | [1mINFO    [0m | [36mbackend.risk.engine[0m:[36mevaluate_signal[0m | [1m{"event": "trade_approved", "direction": "BUY", "symbol": "Crash 1000 Index", "entry": 5644.264, "sl": 5614.722142857142, "risk_dollars": 99.96964457143193, "lots": 3.384, "tp_count": 1, "last_tp_rr": 5.0, "binding_constraint": "none"}[0m
[32m14:40:43[0m | [1mINFO    [0m | [36mbackend.risk.position_sizer[0m:[36mcalculate_lot_size[0m | [1m[SIZER] Crash 1000 Index: lot=1.357 | risk=$99.93 (1.00%) | source=InstrumentProfile[0m
[32m14:40:43[0m | [1mINFO    [0m | [36mbackend.risk.engine[0m:[36mevaluate_signal[0m | [1m{"event": "trade_approved", "direction": "BUY", "symbol": "Crash 1000 Index", "entry": 5619.765, "sl": 5546.12275, "risk_dollars": 99.93253324999984, "lots": 1.357, "tp_count": 1, "last_tp_rr": 5.0, "binding_constraint": "none"}[0m
[32m14:40:43[0m | [1mINFO    [0m | [36mbackend.risk.breakeven_manager[0m:[36mcheck_breakeven[0m | [1mBreak-even triggered: SL 5546.12775 -> 5619.77500[0m
[32m14:40:43[0m | [1mINFO    [0m | [36mbackend.risk.position_sizer[0m:[36mcalculate_lot_size[0m | [1m[SIZER] Crash 1000 Index: lot=7.934 | risk=$99.97 (1.00%) | source=InstrumentProfile[0m
[32m14:40:43[0m | [1mINFO    [0m | [36mbackend.risk.engine[0m:[36mevaluate_signal[0m | [1m{"event": "trade_approved", "direction": "BUY", "symbol": "Crash 1000 Index", "entry": 5723.633, "sl": 5711.032964285715, "risk_dollars": 99.96868335713549, "lots": 7.934, "tp_count": 1, "last_tp_rr": 5.0, "binding_constraint": "none"}[0m
[32m14:40:43[0m | [1mINFO    [0m | [36mbackend.risk.position_sizer[0m:[36mcalculate_lot_size[0m | [1m[SIZER] Crash 1000 Index: lot=8.116 | risk=$99.97 (1.00%) | source=InstrumentProfile[0m
[32m14:40:43[0m | [1mINFO    [0m | [36mbackend.risk.engine[0m:[36mevaluate_signal[0m | [1m{"event": "trade_approved", "direction": "BUY", "symbol": "Crash 1000 Index", "entry": 5709.6, "sl": 5697.282214285714, "risk_dollars": 99.95883107143415, "lots": 8.116, "tp_count": 1, "last_tp_rr": 5.0, "binding_constraint": "lot_max"}[0m
[32m14:40:43[0m | [1mINFO    [0m | [36mbackend.risk.position_sizer[0m:[36mcalculate_lot_size[0m | [1m[SIZER] Crash 1000 Index: lot=4.894 | risk=$99.97 (1.00%) | source=InstrumentProfile[0m
[32m14:40:43[0m | [1mINFO    [0m | [36mbackend.risk.engine[0m:[36mevaluate_signal[0m | [1m{"event": "trade_approved", "direction": "BUY", "symbol": "Crash 1000 Index", "entry": 5678.744, "sl": 5658.317678571429, "risk_dollars": 99.96641707142696, "lots": 4.894, "tp_count": 1, "last_tp_rr": 5.0, "binding_constraint": "none"}[0m
[32m14:40:43[0m | [1mINFO    [0m | [36mbackend.risk.breakeven_manager[0m:[36mcheck_breakeven[0m | [1mBreak-even triggered: SL 5658.32368 -> 5678.75500[0m
[32m14:40:43[0m | [1mINFO    [0m | [36mbackend.risk.position_sizer[0m:[36mcalculate_lot_size[0m | [1m[SIZER] Crash 1000 Index: lot=3.443 | risk=$99.98 (1.00%) | source=InstrumentProfile[0m
[32m14:40:43[0m | [1mINFO    [0m | [36mbackend.risk.engine[0m:[36mevaluate_signal[0m | [1m{"event": "trade_approved", "direction": "BUY", "symbol": "Crash 1000 Index", "entry": 5769.824, "sl": 5740.7853214285715, "risk_dollars": 99.98017032142707, "lots": 3.443, "tp_count": 1, "last_tp_rr": 5.0, "binding_constraint": "none"}[0m
[32m14:40:43[0m | [1mINFO    [0m | [36mbackend.risk.position_sizer[0m:[36mcalculate_lot_size[0m | [1m[SIZER] Crash 1000 Index: lot=5.48 | risk=$99.97 (1.00%) | source=InstrumentProfile[0m
[32m14:40:43[0m | [1mINFO    [0m | [36mbackend.risk.engine[0m:[36mevaluate_signal[0m | [1m{"event": "trade_approved", "direction": "BUY", "symbol": "Crash 1000 Index", "entry": 5755.608, "sl": 5737.366071428572, "risk_dollars": 99.96576857142882, "lots": 5.48, "tp_count": 1, "last_tp_rr": 5.0, "binding_constraint": "none"}[0m
[32m14:40:43[0m | [1mINFO    [0m | [36mbackend.risk.position_sizer[0m:[36mcalculate_lot_size[0m | [1m[SIZER] Crash 1000 Index: lot=6.692 | risk=$99.98 (1.00%) | source=InstrumentProfile[0m
[32m14:40:43[0m | [1mINFO    [0m | [36mbackend.risk.engine[0m:[36mevaluate_signal[0m | [1m{"event": "trade_approved", "direction": "BUY", "symbol": "Crash 1000 Index", "entry": 5762.485, "sl": 5747.544964285715, "risk_dollars": 99.97871899999477, "lots": 6.692, "tp_count": 1, "last_tp_rr": 5.0, "binding_constraint": "none"}[0m
[32m14:40:43[0m | [1mINFO    [0m | [36mbackend.risk.engine[0m:[36mevaluate_signal[0m | [1mScaling down risk from $100.00 to $31.34 to honor 3.0% daily drawdown.[0m
[32m14:40:43[0m | [1mINFO    [0m | [36mbackend.risk.position_sizer[0m:[36mcalculate_lot_size[0m | [1m[SIZER] Crash 1000 Index: lot=1.241 | risk=$31.31 (0.31%) | source=InstrumentProfile[0m
[32m14:40:43[0m | [1mINFO    [0m | [36mbackend.risk.engine[0m:[36mevaluate_signal[0m | [1m{"event": "trade_approved", "direction": "BUY", "symbol": "Crash 1000 Index", "entry": 5757.362, "sl": 5732.129892857142, "risk_dollars": 31.313044964286515, "lots": 1.241, "tp_count": 1, "last_tp_rr": 5.0, "binding_constraint": "daily_dd"}[0m
[32m14:40:43[0m | [1mINFO    [0m | [36mbackend.risk.breakeven_manager[0m:[36mcheck_breakeven[0m | [1mBreak-even triggered: SL 5732.13089 -> 5757.36800[0m
[32m14:40:43[0m | [1mINFO    [0m | [36mbackend.risk.position_sizer[0m:[36mcalculate_lot_size[0m | [1m[SIZER] Crash 1000 Index: lot=0.388 | risk=$9.98 (0.10%) | source=InstrumentProfile[0m
[32m14:40:43[0m | [1mINFO    [0m | [36mbackend.risk.engine[0m:[36mevaluate_signal[0m | [1m{"event": "trade_approved", "direction": "BUY", "symbol": "Crash 1000 Index", "entry": 5792.314, "sl": 5766.604892857144, "risk_dollars": 9.975133571428415, "lots": 0.388, "tp_count": 1, "last_tp_rr": 5.0, "binding_constraint": "none"}[0m
[32m14:40:43[0m | [1mINFO    [0m | [36mbackend.risk.position_sizer[0m:[36mcalculate_lot_size[0m | [1m[SIZER] Crash 1000 Index: lot=7.219 | risk=$99.97 (1.00%) | source=InstrumentProfile[0m
[32m14:40:43[0m | [1mINFO    [0m | [36mbackend.risk.engine[0m:[36mevaluate_signal[0m | [1m{"event": "trade_approved", "direction": "BUY", "symbol": "Crash 1000 Index", "entry": 5780.318, "sl": 5766.469964285714, "risk_dollars": 99.96896982143207, "lots": 7.219, "tp_count": 1, "last_tp_rr": 5.0, "binding_constraint": "none"}[0m
[32m14:40:43[0m | [1mINFO    [0m | [36mbackend.risk.breakeven_manager[0m:[36mcheck_breakeven[0m | [1mBreak-even triggered: SL 5766.47996 -> 5780.33300[0m
[32m14:40:43[0m | [1mINFO    [0m | [36mbackend.risk.position_sizer[0m:[36mcalculate_lot_size[0m | [1m[SIZER] Crash 1000 Index: lot=3.778 | risk=$99.99 (1.00%) | source=InstrumentProfile[0m
[32m14:40:43[0m | [1mINFO    [0m | [36mbackend.risk.engine[0m:[36mevaluate_signal[0m | [1m{"event": "trade_approved", "direction": "BUY", "symbol": "Crash 1000 Index", "entry": 5876.825, "sl": 5850.359678571429, "risk_dollars": 99.98598435714071, "lots": 3.778, "tp_count": 1, "last_tp_rr": 5.0, "binding_constraint": "none"}[0m
[32m14:40:43[0m | [1mINFO    [0m | [36mbackend.risk.breakeven_manager[0m:[36mcheck_breakeven[0m | [1mBreak-even triggered: SL 5850.36468 -> 5876.83500[0m
[32m14:40:44[0m | [1mINFO    [0m | [36mbackend.risk.position_sizer[0m:[36mcalculate_lot_size[0m | [1m[SIZER] Crash 1000 Index: lot=2.185 | risk=$99.99 (1.00%) | source=InstrumentProfile[0m
[32m14:40:44[0m | [1mINFO    [0m | [36mbackend.risk.engine[0m:[36mevaluate_signal[0m | [1m{"event": "trade_approved", "direction": "BUY", "symbol": "Crash 1000 Index", "entry": 5961.502, "sl": 5915.7420357142855, "risk_dollars": 99.98552196428703, "lots": 2.185, "tp_count": 1, "last_tp_rr": 5.0, "binding_constraint": "none"}[0m
[32m14:40:44[0m | [1mINFO    [0m | [36mbackend.risk.breakeven_manager[0m:[36mcheck_breakeven[0m | [1mBreak-even triggered: SL 5915.75004 -> 5961.51500[0m
[32m14:40:44[0m | [1mINFO    [0m | [36mbackend.risk.position_sizer[0m:[36mcalculate_lot_size[0m | [1m[SIZER] Crash 1000 Index: lot=2.673 | risk=$99.96 (1.00%) | source=InstrumentProfile[0m
[32m14:40:44[0m | [1mINFO    [0m | [36mbackend.risk.engine[0m:[36mevaluate_signal[0m | [1m{"event": "trade_approved", "direction": "BUY", "symbol": "Crash 1000 Index", "entry": 6171.385, "sl": 6133.988892857143, "risk_dollars": 99.95979439285821, "lots": 2.673, "tp_count": 1, "last_tp_rr": 5.0, "binding_constraint": "none"}[0m
[32m14:40:44[0m | [1mINFO    [0m | [36mbackend.risk.position_sizer[0m:[36mcalculate_lot_size[0m | [1m[SIZER] Crash 1000 Index: lot=4.674 | risk=$99.97 (1.00%) | source=InstrumentProfile[0m
[32m14:40:44[0m | [1mINFO    [0m | [36mbackend.risk.engine[0m:[36mevaluate_signal[0m | [1m{"event": "trade_approved", "direction": "BUY", "symbol": "Crash 1000 Index", "entry": 6153.595, "sl": 6132.206035714286, "risk_dollars": 99.9720190714267, "lots": 4.674, "tp_count": 1, "last_tp_rr": 5.0, "binding_constraint": "none"}[0m
[32m14:40:44[0m | [1mINFO    [0m | [36mbackend.risk.position_sizer[0m:[36mcalculate_lot_size[0m | [1m[SIZER] Crash 1000 Index: lot=3.961 | risk=$99.99 (1.00%) | source=InstrumentProfile[0m
[32m14:40:44[0m | [1mINFO    [0m | [36mbackend.risk.engine[0m:[36mevaluate_signal[0m | [1m{"event": "trade_approved", "direction": "BUY", "symbol": "Crash 1000 Index", "entry": 6105.192, "sl": 6079.948892857143, "risk_dollars": 99.96270428571489, "lots": 3.961, "tp_count": 1, "last_tp_rr": 5.0, "binding_constraint": "lot_max"}[0m
[32m14:40:44[0m | [1mINFO    [0m | [36mbackend.risk.position_sizer[0m:[36mcalculate_lot_size[0m | [1m[SIZER] Crash 1000 Index: lot=0.463 | risk=$9.98 (0.10%) | source=InstrumentProfile[0m
[32m14:40:44[0m | [1mINFO    [0m | [36mbackend.risk.engine[0m:[36mevaluate_signal[0m | [1m{"event": "trade_approved", "direction": "BUY", "symbol": "Crash 1000 Index", "entry": 6058.227, "sl": 6036.675392857143, "risk_dollars": 9.978394107142552, "lots": 0.463, "tp_count": 1, "last_tp_rr": 5.0, "binding_constraint": "none"}[0m
[32m14:40:44[0m | [33m[1mWARNING [0m | [36mbackend.strategies.base_strategy[0m:[36mlog_event[0m | [33m[1m[DJA] [Crash 1000 Index] Max consecutive losses (4) reached. Cooldown until 2026-08-31T01:40:44.111364+00:00[0m
[32m14:40:44[0m | [33m[1mWARNING [0m | [36mbackend.services.bot_service[0m:[36m_log_event[0m | [33m[1m[BT-DJA] [Crash 1000 Index] Max consecutive losses (4) reached. Cooldown until 2026-08-31T01:40:44.111364+00:00[0m
[32m14:40:44[0m | [1mINFO    [0m | [36mbackend.risk.position_sizer[0m:[36mcalculate_lot_size[0m | [1m[SIZER] Crash 1000 Index: lot=8.223 | risk=$99.97 (1.00%) | source=InstrumentProfile[0m
[32m14:40:44[0m | [1mINFO    [0m | [36mbackend.risk.engine[0m:[36mevaluate_signal[0m | [1m{"event": "trade_approved", "direction": "BUY", "symbol": "Crash 1000 Index", "entry": 6066.993, "sl": 6054.8361428571425, "risk_dollars": 99.96583628572066, "lots": 8.223, "tp_count": 1, "last_tp_rr": 5.0, "binding_constraint": "none"}[0m
[32m14:40:44[0m | [1mINFO    [0m | [36mbackend.risk.breakeven_manager[0m:[36mcheck_breakeven[0m | [1mBreak-even triggered: SL 6054.83814 -> 6067.00000[0m
[32m14:40:44[0m | [1mINFO    [0m | [36mbackend.risk.position_sizer[0m:[36mcalculate_lot_size[0m | [1m[SIZER] Crash 1000 Index: lot=0.53 | risk=$9.99 (0.10%) | source=InstrumentProfile[0m
[32m14:40:44[0m | [1mINFO    [0m | [36mbackend.risk.engine[0m:[36mevaluate_signal[0m | [1m{"event": "trade_approved", "direction": "BUY", "symbol": "Crash 1000 Index", "entry": 6010.519, "sl": 5991.667142857143, "risk_dollars": 9.991484285714542, "lots": 0.53, "tp_count": 1, "last_tp_rr": 5.0, "binding_constraint": "none"}[0m
[32m14:40:44[0m | [1mINFO    [0m | [36mbackend.risk.position_sizer[0m:[36mcalculate_lot_size[0m | [1m[SIZER] Crash 1000 Index: lot=1.572 | risk=$29.99 (0.30%) | source=InstrumentProfile[0m
[32m14:40:44[0m | [1mINFO    [0m | [36mbackend.risk.engine[0m:[36mevaluate_signal[0m | [1m{"event": "trade_approved", "direction": "BUY", "symbol": "Crash 1000 Index", "entry": 6004.185, "sl": 5985.108, "risk_dollars": 29.989044000000355, "lots": 1.572, "tp_count": 1, "last_tp_rr": 5.0, "binding_constraint": "none"}[0m
[32m14:40:44[0m | [1mINFO    [0m | [36mbackend.risk.position_sizer[0m:[36mcalculate_lot_size[0m | [1m[SIZER] Crash 1000 Index: lot=6.105 | risk=$99.97 (1.00%) | source=InstrumentProfile[0m
[32m14:40:44[0m | [1mINFO    [0m | [36mbackend.risk.engine[0m:[36mevaluate_signal[0m | [1m{"event": "trade_approved", "direction": "BUY", "symbol": "Crash 1000 Index", "entry": 5971.929, "sl": 5955.554142857143, "risk_dollars": 99.9685028571411, "lots": 6.105, "tp_count": 1, "last_tp_rr": 5.0, "binding_constraint": "none"}[0m
[32m14:40:44[0m | [1mINFO    [0m | [36mbackend.risk.breakeven_manager[0m:[36mcheck_breakeven[0m | [1mBreak-even triggered: SL 5955.55614 -> 5971.93600[0m
[32m14:40:44[0m | [1mINFO    [0m | [36mbackend.risk.position_sizer[0m:[36mcalculate_lot_size[0m | [1m[SIZER] Crash 1000 Index: lot=2.874 | risk=$99.98 (1.00%) | source=InstrumentProfile[0m
[32m14:40:44[0m | [1mINFO    [0m | [36mbackend.risk.engine[0m:[36mevaluate_signal[0m | [1m{"event": "trade_approved", "direction": "BUY", "symbol": "Crash 1000 Index", "entry": 5929.503, "sl": 5894.715964285714, "risk_dollars": 99.9779406428568, "lots": 2.874, "tp_count": 1, "last_tp_rr": 5.0, "binding_constraint": "none"}[0m
[32m14:40:45[0m | [1mINFO    [0m | [36mbackend.backtester.report[0m:[36mapply_bar_level_drawdown[0m | [1m[REPORT] max_drawdown_pct corrected from closed-trade basis 13.71% -> bar-level basis 15.98% (abs $1,598.11, 20002 equity points)[0m
[32m14:40:45[0m | [1mINFO    [0m | [36mbackend.backtester.engine[0m:[36mrun[0m | [1m[ENGINE] \u2550\u2550\u2550 Backtest engine complete \u2550\u2550\u2550[0m
[32m14:40:45[0m | [1mINFO    [0m | [36mbackend.backtester.engine[0m:[36mrun[0m | [1m[ENGINE] Trades: 71 (29W / 42L) | Invalid: 0[0m
[32m14:40:45[0m | [1mINFO    [0m | [36mbackend.backtester.engine[0m:[36mrun[0m | [1m[ENGINE] P&L: $417.00 | Final balance: $10417.00[0m
[32m14:40:45[0m | [1mINFO    [0m | [36mbackend.backtester.engine[0m:[36mrun[0m | [1m[ENGINE] Best trade: $499.89 | Worst trade: $-168.67[0m
[32m14:40:45[0m | [1mINFO    [0m | [36mbackend.backtester.engine[0m:[36mrun[0m | [1m[ENGINE] Leg-level hit rates: TP1=11.3% TP2=0.0% TP3=0.0% SL=57.7% BE=21.1% TRAIL=0.0% | max_dd=15.98% (bar-level)[0m
[32m14:40:45[0m | [1mINFO    [0m | [36mbackend.backtester.engine[0m:[36mrun[0m | [1m[ENGINE] Cost model applied: {'CRASH 1000 INDEX': {'slippage_pips': 1.0, 'commission_per_lot': 0.0, 'spread_pips': 2.0, 'swap_long_per_lot_per_day': 0.0, 'swap_short_per_lot_per_day': 0.0, 'stops_level_pips': 2.0, 'exit_slippage_pips': 1.0, 'sources': {'slippage_pips': 'ASSET_CLASS_DEFAULT', 'commission_per_lot': 'ASSET_CLASS_DEFAULT', 'spread_pips': 'ASSET_CLASS_DEFAULT', 'swap_long_per_lot_per_day': 'ASSET_CLASS_DEFAULT', 'swap_short_per_lot_per_day': 'ASSET_CLASS_DEFAULT', 'stops_level_pips': 'ASSET_CLASS_DEFAULT', 'exit_slippage_pips': 'DEFAULT_EQUALS_SLIPPAGE_PIPS'}, 'broker_source': 'ASSET_CLASS_DEFAULT'}}[0m
   10      71     +417.00   no trades
[32m14:40:45[0m | [1mINFO    [0m | [36mbackend.backtester.engine[0m:[36mrun[0m | [1m[ENGINE] \u2550\u2550\u2550 Starting backtest engine \u2550\u2550\u2550[0m
[32m14:40:45[0m | [1mINFO    [0m | [36mbackend.backtester.engine[0m:[36mrun[0m | [1m[ENGINE] Balance: $10000.0 | Signals: 406 | Candles: 20000[0m
[32m14:40:45[0m | [1mINFO    [0m | [36mbackend.backtester.engine[0m:[36mrun[0m | [1m[ENGINE] Risk config: risk_pct=1.0% | min_rr=None | tp_count=1[0m
[32m14:40:45[0m | [1mINFO    [0m | [36mbackend.backtester.engine[0m:[36m_costs_for[0m | [1m[COSTS] Crash 1000 Index | spread=2.00p slippage=1.00p commission=$0.00/lot swap_long=0.0000/lot/day swap_short=0.0000/lot/day stops_level=2.00p | broker_source=ASSET_CLASS_DEFAULT | per-field={'slippage_pips': 'ASSET_CLASS_DEFAULT', 'commission_per_lot': 'ASSET_CLASS_DEFAULT', 'spread_pips': 'ASSET_CLASS_DEFAULT', 'swap_long_per_lot_per_day': 'ASSET_CLASS_DEFAULT', 'swap_short_per_lot_per_day': 'ASSET_CLASS_DEFAULT', 'stops_level_pips': 'ASSET_CLASS_DEFAULT', 'exit_slippage_pips': 'DEFAULT_EQUALS_SLIPPAGE_PIPS'}[0m
C:\Users\ikchr\Documents\AlgoEdge\backend\backtester\engine.py:754: FutureWarning: The behavior of DatetimeProperties.to_pydatetime is deprecated, in a future version this will return a Series containing python datetime objects instead of an ndarray. To retain the old behavior, call `np.array` on the result
  dt_arr = dt_series.dt.to_pydatetime()
[32m14:40:50[0m | [1mINFO    [0m | [36mbackend.risk.position_sizer[0m:[36mcalculate_lot_size[0m | [1m[SIZER] Crash 1000 Index: lot=2.818 | risk=$99.96 (1.00%) | source=InstrumentProfile[0m
[32m14:40:50[0m | [1mINFO    [0m | [36mbackend.risk.engine[0m:[36mevaluate_signal[0m | [1m{"event": "trade_approved", "direction": "BUY", "symbol": "Crash 1000 Index", "entry": 6069.389, "sl": 6033.917035714286, "risk_dollars": 99.95999535714324, "lots": 2.818, "tp_count": 1, "last_tp_rr": 5.0, "binding_constraint": "none"}[0m
[32m14:40:50[0m | [1mINFO    [0m | [36mbackend.risk.position_sizer[0m:[36mcalculate_lot_size[0m | [1m[SIZER] Crash 1000 Index: lot=0.818 | risk=$14.99 (0.15%) | source=InstrumentProfile[0m
[32m14:40:50[0m | [1mINFO    [0m | [36mbackend.risk.engine[0m:[36mevaluate_signal[0m | [1m{"event": "trade_approved", "direction": "BUY", "symbol": "Crash 1000 Index", "entry": 6026.867, "sl": 6008.537142857143, "risk_dollars": 14.97549328571399, "lots": 0.818, "tp_count": 1, "last_tp_rr": 5.0, "binding_constraint": "lot_max"}[0m
[32m14:40:50[0m | [1mINFO    [0m | [36mbackend.risk.position_sizer[0m:[36mcalculate_lot_size[0m | [1m[SIZER] Crash 1000 Index: lot=4.109 | risk=$99.97 (1.00%) | source=InstrumentProfile[0m
[32m14:40:50[0m | [1mINFO    [0m | [36mbackend.risk.engine[0m:[36mevaluate_signal[0m | [1m{"event": "trade_approved", "direction": "BUY", "symbol": "Crash 1000 Index", "entry": 6024.325, "sl": 5999.996321428571, "risk_dollars": 99.9665402500018, "lots": 4.109, "tp_count": 1, "last_tp_rr": 5.0, "binding_constraint": "none"}[0m
[32m14:40:50[0m | [1mINFO    [0m | [36mbackend.risk.position_sizer[0m:[36mcalculate_lot_size[0m | [1m[SIZER] Crash 1000 Index: lot=6.519 | risk=$99.97 (1.00%) | source=InstrumentProfile[0m
[32m14:40:50[0m | [1mINFO    [0m | [36mbackend.risk.engine[0m:[36mevaluate_signal[0m | [1m{"event": "trade_approved", "direction": "BUY", "symbol": "Crash 1000 Index", "entry": 6083.587, "sl": 6068.252035714286, "risk_dollars": 99.96863217857417, "lots": 6.519, "tp_count": 1, "last_tp_rr": 5.0, "binding_constraint": "none"}[0m
[32m14:40:50[0m | [1mINFO    [0m | [36mbackend.risk.breakeven_manager[0m:[36mcheck_breakeven[0m | [1mBreak-even triggered: SL 6068.26004 -> 6083.60000[0m
[32m14:40:50[0m | [1mINFO    [0m | [36mbackend.risk.position_sizer[0m:[36mcalculate_lot_size[0m | [1m[SIZER] Crash 1000 Index: lot=7.529 | risk=$99.98 (1.00%) | source=InstrumentProfile[0m
[32m14:40:50[0m | [1mINFO    [0m | [36mbackend.risk.engine[0m:[36mevaluate_signal[0m | [1m{"event": "trade_approved", "direction": "BUY", "symbol": "Crash 1000 Index", "entry": 5999.904, "sl": 5986.625035714285, "risk_dollars": 99.97732210714913, "lots": 7.529, "tp_count": 1, "last_tp_rr": 5.0, "binding_constraint": "none"}[0m
[32m14:40:50[0m | [1mINFO    [0m | [36mbackend.risk.position_sizer[0m:[36mcalculate_lot_size[0m | [1m[SIZER] Crash 1000 Index: lot=0.769 | risk=$13.99 (0.14%) | source=InstrumentProfile[0m
[32m14:40:50[0m | [1mINFO    [0m | [36mbackend.risk.engine[0m:[36mevaluate_signal[0m | [1m{"event": "trade_approved", "direction": "BUY", "symbol": "Crash 1000 Index", "entry": 5992.267, "sl": 5974.080285714286, "risk_dollars": 13.985583285713764, "lots": 0.769, "tp_count": 1, "last_tp_rr": 5.0, "binding_constraint": "none"}[0m
[32m14:40:50[0m | [1mINFO    [0m | [36mbackend.risk.position_sizer[0m:[36mcalculate_lot_size[0m | [1m[SIZER] Crash 1000 Index: lot=7.595 | risk=$99.96 (1.00%) | source=InstrumentProfile[0m
[32m14:40:50[0m | [1mINFO    [0m | [36mbackend.risk.engine[0m:[36mevaluate_signal[0m | [1m{"event": "trade_approved", "direction": "BUY", "symbol": "Crash 1000 Index", "entry": 5874.2, "sl": 5861.038107142857, "risk_dollars": 99.96457624999688, "lots": 7.595, "tp_count": 1, "last_tp_rr": 5.0, "binding_constraint": "none"}[0m
[32m14:40:50[0m | [1mINFO    [0m | [36mbackend.risk.position_sizer[0m:[36mcalculate_lot_size[0m | [1m[SIZER] Crash 1000 Index: lot=4.52 | risk=$99.99 (1.00%) | source=InstrumentProfile[0m
[32m14:40:50[0m | [1mINFO    [0m | [36mbackend.risk.engine[0m:[36mevaluate_signal[0m | [1m{"event": "trade_approved", "direction": "BUY", "symbol": "Crash 1000 Index", "entry": 5877.433, "sl": 5855.312285714285, "risk_dollars": 99.96350785714479, "lots": 4.52, "tp_count": 1, "last_tp_rr": 5.0, "binding_constraint": "lot_max"}[0m
[32m14:40:50[0m | [1mINFO    [0m | [36mbackend.risk.breakeven_manager[0m:[36mcheck_breakeven[0m | [1mBreak-even triggered: SL 5855.31729 -> 5877.44300[0m
[32m14:40:50[0m | [1mINFO    [0m | [36mbackend.risk.position_sizer[0m:[36mcalculate_lot_size[0m | [1m[SIZER] Crash 1000 Index: lot=1.558 | risk=$99.98 (1.00%) | source=InstrumentProfile[0m
[32m14:40:50[0m | [1mINFO    [0m | [36mbackend.risk.engine[0m:[36mevaluate_signal[0m | [1m{"event": "trade_approved", "direction": "BUY", "symbol": "Crash 1000 Index", "entry": 5992.564, "sl": 5928.392678571428, "risk_dollars": 99.97891878571502, "lots": 1.558, "tp_count": 1, "last_tp_rr": 5.0, "binding_constraint": "none"}[0m
[32m14:40:50[0m | [1mINFO    [0m | [36mbackend.risk.breakeven_manager[0m:[36mcheck_breakeven[0m | [1mBreak-even triggered: SL 5928.39768 -> 5992.57400[0m
[32m14:40:50[0m | [1mINFO    [0m | [36mbackend.risk.position_sizer[0m:[36mcalculate_lot_size[0m | [1m[SIZER] Crash 1000 Index: lot=4.334 | risk=$99.99 (1.00%) | source=InstrumentProfile[0m
[32m14:40:50[0m | [1mINFO    [0m | [36mbackend.risk.engine[0m:[36mevaluate_signal[0m | [1m{"event": "trade_approved", "direction": "BUY", "symbol": "Crash 1000 Index", "entry": 5893.272, "sl": 5870.202035714286, "risk_dollars": 99.96215525000041, "lots": 4.334, "tp_count": 1, "last_tp_rr": 5.0, "binding_constraint": "lot_max"}[0m
[32m14:40:50[0m | [1mINFO    [0m | [36mbackend.risk.breakeven_manager[0m:[36mcheck_breakeven[0m | [1mBreak-even triggered: SL 5870.20804 -> 5893.28300[0m
[32m14:40:50[0m | [1mINFO    [0m | [36mbackend.risk.position_sizer[0m:[36mcalculate_lot_size[0m | [1m[SIZER] Crash 1000 Index: lot=10.0 | risk=$89.53 (0.90%) | source=InstrumentProfile[0m
[32m14:40:50[0m | [1mINFO    [0m | [36mbackend.risk.engine[0m:[36mevaluate_signal[0m | [1m{"event": "trade_approved", "direction": "BUY", "symbol": "Crash 1000 Index", "entry": 5972.699, "sl": 5963.746214285715, "risk_dollars": 89.527857142848, "lots": 10.0, "tp_count": 1, "last_tp_rr": 5.0, "binding_constraint": "lot_max"}[0m
[32m14:40:50[0m | [1mINFO    [0m | [36mbackend.risk.breakeven_manager[0m:[36mcheck_breakeven[0m | [1mBreak-even triggered: SL 5963.74721 -> 5972.70500[0m
[32m14:40:50[0m | [1mINFO    [0m | [36mbackend.risk.position_sizer[0m:[36mcalculate_lot_size[0m | [1m[SIZER] Crash 1000 Index: lot=3.335 | risk=$99.97 (1.00%) | source=InstrumentProfile[0m
[32m14:40:50[0m | [1mINFO    [0m | [36mbackend.risk.engine[0m:[36mevaluate_signal[0m | [1m{"event": "trade_approved", "direction": "BUY", "symbol": "Crash 1000 Index", "entry": 5970.412, "sl": 5940.436785714285, "risk_dollars": 99.9673396428598, "lots": 3.335, "tp_count": 1, "last_tp_rr": 5.0, "binding_constraint": "none"}[0m
[32m14:40:50[0m | [1mINFO    [0m | [36mbackend.risk.position_sizer[0m:[36mcalculate_lot_size[0m | [1m[SIZER] Crash 1000 Index: lot=0.693 | risk=$14.98 (0.15%) | source=InstrumentProfile[0m
[32m14:40:50[0m | [1mINFO    [0m | [36mbackend.risk.engine[0m:[36mevaluate_signal[0m | [1m{"event": "trade_approved", "direction": "BUY", "symbol": "Crash 1000 Index", "entry": 6022.69, "sl": 6001.071857142857, "risk_dollars": 14.959754857142698, "lots": 0.693, "tp_count": 1, "last_tp_rr": 5.0, "binding_constraint": "lot_max"}[0m
[32m14:40:50[0m | [1mINFO    [0m | [36mbackend.risk.position_sizer[0m:[36mcalculate_lot_size[0m | [1m[SIZER] Crash 1000 Index: lot=1.171 | risk=$11.99 (0.12%) | source=InstrumentProfile[0m
[32m14:40:50[0m | [1mINFO    [0m | [36mbackend.risk.engine[0m:[36mevaluate_signal[0m | [1m{"event": "trade_approved", "direction": "BUY", "symbol": "Crash 1000 Index", "entry": 5965.696, "sl": 5955.456357142857, "risk_dollars": 11.99062178571425, "lots": 1.171, "tp_count": 1, "last_tp_rr": 5.0, "binding_constraint": "none"}[0m
[32m14:40:50[0m | [1mINFO    [0m | [36mbackend.risk.position_sizer[0m:[36mcalculate_lot_size[0m | [1m[SIZER] Crash 1000 Index: lot=0.564 | risk=$16.99 (0.17%) | source=InstrumentProfile[0m
[32m14:40:50[0m | [1mINFO    [0m | [36mbackend.risk.engine[0m:[36mevaluate_signal[0m | [1m{"event": "trade_approved", "direction": "BUY", "symbol": "Crash 1000 Index", "entry": 5957.608, "sl": 5927.479285714286, "risk_dollars": 16.962466142857274, "lots": 0.564, "tp_count": 1, "last_tp_rr": 5.0, "binding_constraint": "lot_max"}[0m
[32m14:40:50[0m | [1mINFO    [0m | [36mbackend.risk.breakeven_manager[0m:[36mcheck_breakeven[0m | [1mBreak-even triggered: SL 5927.48629 -> 5957.62000[0m
[32m14:40:51[0m | [1mINFO    [0m | [36mbackend.risk.position_sizer[0m:[36mcalculate_lot_size[0m | [1m[SIZER] Crash 1000 Index: lot=8.886 | risk=$99.96 (1.00%) | source=InstrumentProfile[0m
[32m14:40:51[0m | [1mINFO    [0m | [36mbackend.risk.engine[0m:[36mevaluate_signal[0m | [1m{"event": "trade_approved", "direction": "BUY", "symbol": "Crash 1000 Index", "entry": 5937.681, "sl": 5926.431428571429, "risk_dollars": 99.95244214284943, "lots": 8.886, "tp_count": 1, "last_tp_rr": 5.0, "binding_constraint": "lot_max"}[0m
[32m14:40:51[0m | [1mINFO    [0m | [36mbackend.risk.position_sizer[0m:[36mcalculate_lot_size[0m | [1m[SIZER] Crash 1000 Index: lot=0.601 | risk=$9.99 (0.10%) | source=InstrumentProfile[0m
[32m14:40:51[0m | [1mINFO    [0m | [36mbackend.risk.engine[0m:[36mevaluate_signal[0m | [1m{"event": "trade_approved", "direction": "BUY", "symbol": "Crash 1000 Index", "entry": 5943.046, "sl": 5926.42425, "risk_dollars": 9.989671750000149, "lots": 0.601, "tp_count": 1, "last_tp_rr": 5.0, "binding_constraint": "none"}[0m
[32m14:40:51[0m | [1mINFO    [0m | [36mbackend.risk.position_sizer[0m:[36mcalculate_lot_size[0m | [1m[SIZER] Crash 1000 Index: lot=3.551 | risk=$99.97 (1.00%) | source=InstrumentProfile[0m
[32m14:40:51[0m | [1mINFO    [0m | [36mbackend.risk.engine[0m:[36mevaluate_signal[0m | [1m{"event": "trade_approved", "direction": "BUY", "symbol": "Crash 1000 Index", "entry": 5898.688, "sl": 5870.535964285715, "risk_dollars": 99.96787882142738, "lots": 3.551, "tp_count": 1, "last_tp_rr": 5.0, "binding_constraint": "none"}[0m
[32m14:40:51[0m | [1mINFO    [0m | [36mbackend.risk.position_sizer[0m:[36mcalculate_lot_size[0m | [1m[SIZER] Crash 1000 Index: lot=6.824 | risk=$99.97 (1.00%) | source=InstrumentProfile[0m
[32m14:40:51[0m | [1mINFO    [0m | [36mbackend.risk.engine[0m:[36mevaluate_signal[0m | [1m{"event": "trade_approved", "direction": "BUY", "symbol": "Crash 1000 Index", "entry": 5872.819, "sl": 5858.1695, "risk_dollars": 99.96818800000302, "lots": 6.824, "tp_count": 1, "last_tp_rr": 5.0, "binding_constraint": "none"}[0m
[32m14:40:51[0m | [33m[1mWARNING [0m | [36mbackend.strategies.base_strategy[0m:[36mlog_event[0m | [33m[1m[DJA] [Crash 1000 Index] Max consecutive losses (4) reached. Cooldown until 2026-08-31T01:40:51.064501+00:00[0m
[32m14:40:51[0m | [33m[1mWARNING [0m | [36mbackend.services.bot_service[0m:[36m_log_event[0m | [33m[1m[BT-DJA] [Crash 1000 Index] Max consecutive losses (4) reached. Cooldown until 2026-08-31T01:40:51.064501+00:00[0m
[32m14:40:51[0m | [1mINFO    [0m | [36mbackend.risk.position_sizer[0m:[36mcalculate_lot_size[0m | [1m[SIZER] Crash 1000 Index: lot=5.49 | risk=$99.97 (1.00%) | source=InstrumentProfile[0m
[32m14:40:51[0m | [1mINFO    [0m | [36mbackend.risk.engine[0m:[36mevaluate_signal[0m | [1m{"event": "trade_approved", "direction": "BUY", "symbol": "Crash 1000 Index", "entry": 5883.534, "sl": 5865.324, "risk_dollars": 99.97290000000021, "lots": 5.49, "tp_count": 1, "last_tp_rr": 5.0, "binding_constraint": "none"}[0m
[32m14:40:51[0m | [33m[1mWARNING [0m | [36mbackend.strategies.base_strategy[0m:[36mlog_event[0m | [33m[1m[DJA] [Crash 1000 Index] Max consecutive losses (5) reached. Cooldown until 2026-08-31T01:40:51.078758+00:00[0m
[32m14:40:51[0m | [33m[1mWARNING [0m | [36mbackend.services.bot_service[0m:[36m_log_event[0m | [33m[1m[BT-DJA] [Crash 1000 Index] Max consecutive losses (5) reached. Cooldown until 2026-08-31T01:40:51.078758+00:00[0m
[32m14:40:51[0m | [1mINFO    [0m | [36mbackend.risk.position_sizer[0m:[36mcalculate_lot_size[0m | [1m[SIZER] Crash 1000 Index: lot=0.644 | risk=$9.98 (0.10%) | source=InstrumentProfile[0m
[32m14:40:51[0m | [1mINFO    [0m | [36mbackend.risk.engine[0m:[36mevaluate_signal[0m | [1m{"event": "trade_approved", "direction": "BUY", "symbol": "Crash 1000 Index", "entry": 5856.723, "sl": 5841.221285714286, "risk_dollars": 9.98310399999989, "lots": 0.644, "tp_count": 1, "last_tp_rr": 5.0, "binding_constraint": "none"}[0m
[32m14:40:51[0m | [1mINFO    [0m | [36mbackend.risk.breakeven_manager[0m:[36mcheck_breakeven[0m | [1mBreak-even triggered: SL 5841.22429 -> 5856.73100[0m
[32m14:40:51[0m | [1mINFO    [0m | [36mbackend.risk.position_sizer[0m:[36mcalculate_lot_size[0m | [1m[SIZER] Crash 1000 Index: lot=5.492 | risk=$99.97 (1.00%) | source=InstrumentProfile[0m
[32m14:40:51[0m | [1mINFO    [0m | [36mbackend.risk.engine[0m:[36mevaluate_signal[0m | [1m{"event": "trade_approved", "direction": "BUY", "symbol": "Crash 1000 Index", "entry": 5870.562, "sl": 5852.3596071428565, "risk_dollars": 99.96754157143168, "lots": 5.492, "tp_count": 1, "last_tp_rr": 5.0, "binding_constraint": "none"}[0m
[32m14:40:51[0m | [1mINFO    [0m | [36mbackend.risk.breakeven_manager[0m:[36mcheck_breakeven[0m | [1mBreak-even triggered: SL 5852.36461 -> 5870.57200[0m
[32m14:40:51[0m | [1mINFO    [0m | [36mbackend.risk.position_sizer[0m:[36mcalculate_lot_size[0m | [1m[SIZER] Crash 1000 Index: lot=2.569 | risk=$99.96 (1.00%) | source=InstrumentProfile[0m
[32m14:40:51[0m | [1mINFO    [0m | [36mbackend.risk.engine[0m:[36mevaluate_signal[0m | [1m{"event": "trade_approved", "direction": "BUY", "symbol": "Crash 1000 Index", "entry": 5899.863, "sl": 5860.953107142856, "risk_dollars": 99.95951475000257, "lots": 2.569, "tp_count": 1, "last_tp_rr": 5.0, "binding_constraint": "none"}[0m
[32m14:40:51[0m | [1mINFO    [0m | [36mbackend.risk.position_sizer[0m:[36mcalculate_lot_size[0m | [1m[SIZER] Crash 1000 Index: lot=5.628 | risk=$99.98 (1.00%) | source=InstrumentProfile[0m
[32m14:40:51[0m | [1mINFO    [0m | [36mbackend.risk.engine[0m:[36mevaluate_signal[0m | [1m{"event": "trade_approved", "direction": "BUY", "symbol": "Crash 1000 Index", "entry": 5802.222, "sl": 5784.457714285714, "risk_dollars": 99.97739999999884, "lots": 5.628, "tp_count": 1, "last_tp_rr": 5.0, "binding_constraint": "none"}[0m
[32m14:40:51[0m | [1mINFO    [0m | [36mbackend.risk.breakeven_manager[0m:[36mcheck_breakeven[0m | [1mBreak-even triggered: SL 5784.46071 -> 5802.23000[0m
[32m14:40:51[0m | [1mINFO    [0m | [36mbackend.risk.position_sizer[0m:[36mcalculate_lot_size[0m | [1m[SIZER] Crash 1000 Index: lot=4.889 | risk=$99.98 (1.00%) | source=InstrumentProfile[0m
[32m14:40:51[0m | [1mINFO    [0m | [36mbackend.risk.engine[0m:[36mevaluate_signal[0m | [1m{"event": "trade_approved", "direction": "BUY", "symbol": "Crash 1000 Index", "entry": 5879.574, "sl": 5859.123857142858, "risk_dollars": 99.98074842856751, "lots": 4.889, "tp_count": 1, "last_tp_rr": 5.0, "binding_constraint": "none"}[0m
[32m14:40:51[0m | [1mINFO    [0m | [36mbackend.risk.breakeven_manager[0m:[36mcheck_breakeven[0m | [1mBreak-even triggered: SL 5859.12686 -> 5879.58200[0m
[32m14:40:51[0m | [1mINFO    [0m | [36mbackend.risk.position_sizer[0m:[36mcalculate_lot_size[0m | [1m[SIZER] Crash 1000 Index: lot=1.588 | risk=$99.95 (1.00%) | source=InstrumentProfile[0m
[32m14:40:51[0m | [1mINFO    [0m | [36mbackend.risk.engine[0m:[36mevaluate_signal[0m | [1m{"event": "trade_approved", "direction": "BUY", "symbol": "Crash 1000 Index", "entry": 5979.627, "sl": 5916.688071428572, "risk_dollars": 99.94701857142883, "lots": 1.588, "tp_count": 1, "last_tp_rr": 5.0, "binding_constraint": "none"}[0m
[32m14:40:51[0m | [1mINFO    [0m | [36mbackend.risk.position_sizer[0m:[36mcalculate_lot_size[0m | [1m[SIZER] Crash 1000 Index: lot=0.481 | risk=$9.98 (0.10%) | source=InstrumentProfile[0m
[32m14:40:51[0m | [1mINFO    [0m | [36mbackend.risk.engine[0m:[36mevaluate_signal[0m | [1m{"event": "trade_approved", "direction": "BUY", "symbol": "Crash 1000 Index", "entry": 5902.565, "sl": 5881.81875, "risk_dollars": 9.978946249999632, "lots": 0.481, "tp_count": 1, "last_tp_rr": 5.0, "binding_constraint": "none"}[0m
[32m14:40:51[0m | [1mINFO    [0m | [36mbackend.risk.breakeven_manager[0m:[36mcheck_breakeven[0m | [1mBreak-even triggered: SL 5881.82075 -> 5902.57200[0m
[32m14:40:51[0m | [1mINFO    [0m | [36mbackend.risk.position_sizer[0m:[36mcalculate_lot_size[0m | [1m[SIZER] Crash 1000 Index: lot=2.872 | risk=$99.99 (1.00%) | source=InstrumentProfile[0m
[32m14:40:51[0m | [1mINFO    [0m | [36mbackend.risk.engine[0m:[36mevaluate_signal[0m | [1m{"event": "trade_approved", "direction": "BUY", "symbol": "Crash 1000 Index", "entry": 6045.202, "sl": 6010.386142857144, "risk_dollars": 99.99114171428431, "lots": 2.872, "tp_count": 1, "last_tp_rr": 5.0, "binding_constraint": "none"}[0m
[32m14:40:51[0m | [1mINFO    [0m | [36mbackend.risk.breakeven_manager[0m:[36mcheck_breakeven[0m | [1mBreak-even triggered: SL 6010.39014 -> 6045.21100[0m
[32m14:40:51[0m | [1mINFO    [0m | [36mbackend.risk.position_sizer[0m:[36mcalculate_lot_size[0m | [1m[SIZER] Crash 1000 Index: lot=2.896 | risk=$99.98 (1.00%) | source=InstrumentProfile[0m
[32m14:40:51[0m | [1mINFO    [0m | [36mbackend.risk.engine[0m:[36mevaluate_signal[0m | [1m{"event": "trade_approved", "direction": "BUY", "symbol": "Crash 1000 Index", "entry": 6004.341, "sl": 5969.816535714285, "risk_dollars": 99.98284857143096, "lots": 2.896, "tp_count": 1, "last_tp_rr": 5.0, "binding_constraint": "none"}[0m
[32m14:40:51[0m | [1mINFO    [0m | [36mbackend.risk.breakeven_manager[0m:[36mcheck_breakeven[0m | [1mBreak-even triggered: SL 5969.82154 -> 6004.35100[0m
[32m14:40:51[0m | [1mINFO    [0m | [36mbackend.risk.position_sizer[0m:[36mcalculate_lot_size[0m | [1m[SIZER] Crash 1000 Index: lot=3.556 | risk=$99.97 (1.00%) | source=InstrumentProfile[0m
[32m14:40:51[0m | [1mINFO    [0m | [36mbackend.risk.engine[0m:[36mevaluate_signal[0m | [1m{"event": "trade_approved", "direction": "BUY", "symbol": "Crash 1000 Index", "entry": 5823.74, "sl": 5795.625928571428, "risk_dollars": 99.97363800000225, "lots": 3.556, "tp_count": 1, "last_tp_rr": 5.0, "binding_constraint": "none"}[0m
[32m14:40:51[0m | [1mINFO    [0m | [36mbackend.risk.position_sizer[0m:[36mcalculate_lot_size[0m | [1m[SIZER] Crash 1000 Index: lot=2.269 | risk=$99.98 (1.00%) | source=InstrumentProfile[0m
[32m14:40:51[0m | [1mINFO    [0m | [36mbackend.risk.engine[0m:[36mevaluate_signal[0m | [1m{"event": "trade_approved", "direction": "BUY", "symbol": "Crash 1000 Index", "entry": 5756.405, "sl": 5712.3429642857145, "risk_dollars": 99.97675903571319, "lots": 2.269, "tp_count": 1, "last_tp_rr": 5.0, "binding_constraint": "none"}[0m
[32m14:40:51[0m | [1mINFO    [0m | [36mbackend.risk.position_sizer[0m:[36mcalculate_lot_size[0m | [1m[SIZER] Crash 1000 Index: lot=0.569 | risk=$9.98 (0.10%) | source=InstrumentProfile[0m
[32m14:40:51[0m | [1mINFO    [0m | [36mbackend.risk.engine[0m:[36mevaluate_signal[0m | [1m{"event": "trade_approved", "direction": "BUY", "symbol": "Crash 1000 Index", "entry": 5717.903, "sl": 5700.359714285714, "risk_dollars": 9.964586285714423, "lots": 0.569, "tp_count": 1, "last_tp_rr": 5.0, "binding_constraint": "lot_max"}[0m
[32m14:40:51[0m | [1mINFO    [0m | [36mbackend.risk.breakeven_manager[0m:[36mcheck_breakeven[0m | [1mBreak-even triggered: SL 5700.37771 -> 5717.92600[0m
[32m14:40:51[0m | [1mINFO    [0m | [36mbackend.risk.position_sizer[0m:[36mcalculate_lot_size[0m | [1m[SIZER] Crash 1000 Index: lot=1.144 | risk=$18.99 (0.19%) | source=InstrumentProfile[0m
[32m14:40:51[0m | [1mINFO    [0m | [36mbackend.risk.engine[0m:[36mevaluate_signal[0m | [1m{"event": "trade_approved", "direction": "BUY", "symbol": "Crash 1000 Index", "entry": 5747.799, "sl": 5731.2005714285715, "risk_dollars": 18.97200385714276, "lots": 1.144, "tp_count": 1, "last_tp_rr": 5.0, "binding_constraint": "lot_max"}[0m
[32m14:40:51[0m | [1mINFO    [0m | [36mbackend.risk.breakeven_manager[0m:[36mcheck_breakeven[0m | [1mBreak-even triggered: SL 5731.20757 -> 5747.81100[0m
[32m14:40:51[0m | [1mINFO    [0m | [36mbackend.risk.position_sizer[0m:[36mcalculate_lot_size[0m | [1m[SIZER] Crash 1000 Index: lot=3.293 | risk=$99.97 (1.00%) | source=InstrumentProfile[0m
[32m14:40:51[0m | [1mINFO    [0m | [36mbackend.risk.engine[0m:[36mevaluate_signal[0m | [1m{"event": "trade_approved", "direction": "BUY", "symbol": "Crash 1000 Index", "entry": 5742.742, "sl": 5712.384749999999, "risk_dollars": 99.96642425000307, "lots": 3.293, "tp_count": 1, "last_tp_rr": 5.0, "binding_constraint": "none"}[0m
[32m14:40:51[0m | [1mINFO    [0m | [36mbackend.risk.position_sizer[0m:[36mcalculate_lot_size[0m | [1m[SIZER] Crash 1000 Index: lot=7.849 | risk=$99.98 (1.00%) | source=InstrumentProfile[0m
[32m14:40:51[0m | [1mINFO    [0m | [36mbackend.risk.engine[0m:[36mevaluate_signal[0m | [1m{"event": "trade_approved", "direction": "BUY", "symbol": "Crash 1000 Index", "entry": 5739.117, "sl": 5726.379535714285, "risk_dollars": 99.97635717857587, "lots": 7.849, "tp_count": 1, "last_tp_rr": 5.0, "binding_constraint": "none"}[0m
[32m14:40:51[0m | [1mINFO    [0m | [36mbackend.risk.position_sizer[0m:[36mcalculate_lot_size[0m | [1m[SIZER] Crash 1000 Index: lot=8.64 | risk=$99.97 (1.00%) | source=InstrumentProfile[0m
[32m14:40:51[0m | [1mINFO    [0m | [36mbackend.risk.engine[0m:[36mevaluate_signal[0m | [1m{"event": "trade_approved", "direction": "BUY", "symbol": "Crash 1000 Index", "entry": 5773.301, "sl": 5761.730071428571, "risk_dollars": 99.97282285714871, "lots": 8.64, "tp_count": 1, "last_tp_rr": 5.0, "binding_constraint": "none"}[0m
[32m14:40:51[0m | [1mINFO    [0m | [36mbackend.risk.position_sizer[0m:[36mcalculate_lot_size[0m | [1m[SIZER] Crash 1000 Index: lot=5.776 | risk=$99.97 (1.00%) | source=InstrumentProfile[0m
[32m14:40:51[0m | [1mINFO    [0m | [36mbackend.risk.engine[0m:[36mevaluate_signal[0m | [1m{"event": "trade_approved", "direction": "BUY", "symbol": "Crash 1000 Index", "entry": 5752.354, "sl": 5735.046357142857, "risk_dollars": 99.96894514285817, "lots": 5.776, "tp_count": 1, "last_tp_rr": 5.0, "binding_constraint": "none"}[0m
[32m14:40:51[0m | [33m[1mWARNING [0m | [36mbackend.strategies.base_strategy[0m:[36mlog_event[0m | [33m[1m[DJA] [Crash 1000 Index] Max consecutive losses (4) reached. Cooldown until 2026-08-31T01:40:51.793372+00:00[0m
[32m14:40:51[0m | [33m[1mWARNING [0m | [36mbackend.services.bot_service[0m:[36m_log_event[0m | [33m[1m[BT-DJA] [Crash 1000 Index] Max consecutive losses (4) reached. Cooldown until 2026-08-31T01:40:51.793372+00:00[0m
[32m14:40:51[0m | [1mINFO    [0m | [36mbackend.risk.position_sizer[0m:[36mcalculate_lot_size[0m | [1m[SIZER] Crash 1000 Index: lot=8.884 | risk=$99.97 (1.00%) | source=InstrumentProfile[0m
[32m14:40:51[0m | [1mINFO    [0m | [36mbackend.risk.engine[0m:[36mevaluate_signal[0m | [1m{"event": "trade_approved", "direction": "BUY", "symbol": "Crash 1000 Index", "entry": 5766.316, "sl": 5755.0629285714285, "risk_dollars": 99.9722865714272, "lots": 8.884, "tp_count": 1, "last_tp_rr": 5.0, "binding_constraint": "none"}[0m
[32m14:40:51[0m | [33m[1mWARNING [0m | [36mbackend.strategies.base_strategy[0m:[36mlog_event[0m | [33m[1m[DJA] [Crash 1000 Index] Max consecutive losses (5) reached. Cooldown until 2026-08-31T01:40:51.793372+00:00[0m
[32m14:40:51[0m | [33m[1mWARNING [0m | [36mbackend.services.bot_service[0m:[36m_log_event[0m | [33m[1m[BT-DJA] [Crash 1000 Index] Max consecutive losses (5) reached. Cooldown until 2026-08-31T01:40:51.793372+00:00[0m
[32m14:40:51[0m | [1mINFO    [0m | [36mbackend.risk.position_sizer[0m:[36mcalculate_lot_size[0m | [1m[SIZER] Crash 1000 Index: lot=3.823 | risk=$99.99 (1.00%) | source=InstrumentProfile[0m
[32m14:40:51[0m | [1mINFO    [0m | [36mbackend.risk.engine[0m:[36mevaluate_signal[0m | [1m{"event": "trade_approved", "direction": "BUY", "symbol": "Crash 1000 Index", "entry": 5767.676, "sl": 5741.522, "risk_dollars": 99.98674200000173, "lots": 3.823, "tp_count": 1, "last_tp_rr": 5.0, "binding_constraint": "none"}[0m
[32m14:40:51[0m | [1mINFO    [0m | [36mbackend.risk.breakeven_manager[0m:[36mcheck_breakeven[0m | [1mBreak-even triggered: SL 5741.52900 -> 5767.68800[0m
[32m14:40:51[0m | [1mINFO    [0m | [36mbackend.risk.position_sizer[0m:[36mcalculate_lot_size[0m | [1m[SIZER] Crash 1000 Index: lot=3.198 | risk=$99.97 (1.00%) | source=InstrumentProfile[0m
[32m14:40:51[0m | [1mINFO    [0m | [36mbackend.risk.engine[0m:[36mevaluate_signal[0m | [1m{"event": "trade_approved", "direction": "BUY", "symbol": "Crash 1000 Index", "entry": 5783.915, "sl": 5752.6552142857145, "risk_dollars": 99.96879471428502, "lots": 3.198, "tp_count": 1, "last_tp_rr": 5.0, "binding_constraint": "none"}[0m
[32m14:40:51[0m | [1mINFO    [0m | [36mbackend.risk.position_sizer[0m:[36mcalculate_lot_size[0m | [1m[SIZER] Crash 1000 Index: lot=9.937 | risk=$99.96 (1.00%) | source=InstrumentProfile[0m
[32m14:40:51[0m | [1mINFO    [0m | [36mbackend.risk.engine[0m:[36mevaluate_signal[0m | [1m{"event": "trade_approved", "direction": "BUY", "symbol": "Crash 1000 Index", "entry": 5603.428, "sl": 5593.368285714286, "risk_dollars": 99.96338085714109, "lots": 9.937, "tp_count": 1, "last_tp_rr": 5.0, "binding_constraint": "none"}[0m
[32m14:40:51[0m | [1mINFO    [0m | [36mbackend.risk.position_sizer[0m:[36mcalculate_lot_size[0m | [1m[SIZER] Crash 1000 Index: lot=0.592 | risk=$10.00 (0.10%) | source=InstrumentProfile[0m
[32m14:40:51[0m | [1mINFO    [0m | [36mbackend.risk.engine[0m:[36mevaluate_signal[0m | [1m{"event": "trade_approved", "direction": "BUY", "symbol": "Crash 1000 Index", "entry": 5644.468, "sl": 5627.579928571428, "risk_dollars": 9.997738285714323, "lots": 0.592, "tp_count": 1, "last_tp_rr": 5.0, "binding_constraint": "none"}[0m
[32m14:40:51[0m | [1mINFO    [0m | [36mbackend.risk.breakeven_manager[0m:[36mcheck_breakeven[0m | [1mBreak-even triggered: SL 5627.58593 -> 5644.47900[0m
[32m14:40:51[0m | [1mINFO    [0m | [36mbackend.risk.position_sizer[0m:[36mcalculate_lot_size[0m | [1m[SIZER] Crash 1000 Index: lot=7.737 | risk=$99.97 (1.00%) | source=InstrumentProfile[0m
[32m14:40:51[0m | [1mINFO    [0m | [36mbackend.risk.engine[0m:[36mevaluate_signal[0m | [1m{"event": "trade_approved", "direction": "BUY", "symbol": "Crash 1000 Index", "entry": 5765.576, "sl": 5752.655035714285, "risk_dollars": 99.96950067857652, "lots": 7.737, "tp_count": 1, "last_tp_rr": 5.0, "binding_constraint": "none"}[0m
[32m14:40:51[0m | [1mINFO    [0m | [36mbackend.risk.position_sizer[0m:[36mcalculate_lot_size[0m | [1m[SIZER] Crash 1000 Index: lot=1.85 | risk=$99.95 (1.00%) | source=InstrumentProfile[0m
[32m14:40:51[0m | [1mINFO    [0m | [36mbackend.risk.engine[0m:[36mevaluate_signal[0m | [1m{"event": "trade_approved", "direction": "BUY", "symbol": "Crash 1000 Index", "entry": 5724.142, "sl": 5670.116821428572, "risk_dollars": 99.94658035714201, "lots": 1.85, "tp_count": 1, "last_tp_rr": 5.0, "binding_constraint": "none"}[0m
[32m14:40:51[0m | [1mINFO    [0m | [36mbackend.risk.breakeven_manager[0m:[36mcheck_breakeven[0m | [1mBreak-even triggered: SL 5670.12082 -> 5724.15100[0m
[32m14:40:51[0m | [1mINFO    [0m | [36mbackend.risk.position_sizer[0m:[36mcalculate_lot_size[0m | [1m[SIZER] Crash 1000 Index: lot=4.309 | risk=$99.99 (1.00%) | source=InstrumentProfile[0m
[32m14:40:51[0m | [1mINFO    [0m | [36mbackend.risk.engine[0m:[36mevaluate_signal[0m | [1m{"event": "trade_approved", "direction": "BUY", "symbol": "Crash 1000 Index", "entry": 5718.594, "sl": 5695.389964285714, "risk_dollars": 99.98618989285822, "lots": 4.309, "tp_count": 1, "last_tp_rr": 5.0, "binding_constraint": "none"}[0m
[32m14:40:51[0m | [1mINFO    [0m | [36mbackend.risk.breakeven_manager[0m:[36mcheck_breakeven[0m | [1mBreak-even triggered: SL 5695.39396 -> 5718.60300[0m
[32m14:40:51[0m | [1mINFO    [0m | [36mbackend.risk.position_sizer[0m:[36mcalculate_lot_size[0m | [1m[SIZER] Crash 1000 Index: lot=1.696 | risk=$99.97 (1.00%) | source=InstrumentProfile[0m
[32m14:40:51[0m | [1mINFO    [0m | [36mbackend.risk.engine[0m:[36mevaluate_signal[0m | [1m{"event": "trade_approved", "direction": "BUY", "symbol": "Crash 1000 Index", "entry": 5778.542, "sl": 5719.600071428572, "risk_dollars": 99.96551085714262, "lots": 1.696, "tp_count": 1, "last_tp_rr": 5.0, "binding_constraint": "none"}[0m
[32m14:40:51[0m | [1mINFO    [0m | [36mbackend.risk.position_sizer[0m:[36mcalculate_lot_size[0m | [1m[SIZER] Crash 1000 Index: lot=3.838 | risk=$99.97 (1.00%) | source=InstrumentProfile[0m
[32m14:40:51[0m | [1mINFO    [0m | [36mbackend.risk.engine[0m:[36mevaluate_signal[0m | [1m{"event": "trade_approved", "direction": "BUY", "symbol": "Crash 1000 Index", "entry": 5737.416, "sl": 5711.3691071428575, "risk_dollars": 99.96797478571355, "lots": 3.838, "tp_count": 1, "last_tp_rr": 5.0, "binding_constraint": "none"}[0m
[32m14:40:51[0m | [1mINFO    [0m | [36mbackend.risk.breakeven_manager[0m:[36mcheck_breakeven[0m | [1mBreak-even triggered: SL 5711.37011 -> 5737.42200[0m
[32m14:40:51[0m | [1mINFO    [0m | [36mbackend.risk.position_sizer[0m:[36mcalculate_lot_size[0m | [1m[SIZER] Crash 1000 Index: lot=4.425 | risk=$99.97 (1.00%) | source=InstrumentProfile[0m
[32m14:40:51[0m | [1mINFO    [0m | [36mbackend.risk.engine[0m:[36mevaluate_signal[0m | [1m{"event": "trade_approved", "direction": "BUY", "symbol": "Crash 1000 Index", "entry": 5700.054, "sl": 5677.460999999999, "risk_dollars": 99.97402500000335, "lots": 4.425, "tp_count": 1, "last_tp_rr": 5.0, "binding_constraint": "none"}[0m
[32m14:40:52[0m | [1mINFO    [0m | [36mbackend.risk.position_sizer[0m:[36mcalculate_lot_size[0m | [1m[SIZER] Crash 1000 Index: lot=5.735 | risk=$99.98 (1.00%) | source=InstrumentProfile[0m
[32m14:40:52[0m | [1mINFO    [0m | [36mbackend.risk.engine[0m:[36mevaluate_signal[0m | [1m{"event": "trade_approved", "direction": "BUY", "symbol": "Crash 1000 Index", "entry": 5694.023, "sl": 5676.590071428571, "risk_dollars": 99.9778453571472, "lots": 5.735, "tp_count": 1, "last_tp_rr": 5.0, "binding_constraint": "none"}[0m
[32m14:40:52[0m | [1mINFO    [0m | [36mbackend.risk.position_sizer[0m:[36mcalculate_lot_size[0m | [1m[SIZER] Crash 1000 Index: lot=3.384 | risk=$99.97 (1.00%) | source=InstrumentProfile[0m
[32m14:40:52[0m | [1mINFO    [0m | [36mbackend.risk.engine[0m:[36mevaluate_signal[0m | [1m{"event": "trade_approved", "direction": "BUY", "symbol": "Crash 1000 Index", "entry": 5644.264, "sl": 5614.722142857142, "risk_dollars": 99.96964457143193, "lots": 3.384, "tp_count": 1, "last_tp_rr": 5.0, "binding_constraint": "none"}[0m
[32m14:40:52[0m | [1mINFO    [0m | [36mbackend.risk.position_sizer[0m:[36mcalculate_lot_size[0m | [1m[SIZER] Crash 1000 Index: lot=1.357 | risk=$99.93 (1.00%) | source=InstrumentProfile[0m
[32m14:40:52[0m | [1mINFO    [0m | [36mbackend.risk.engine[0m:[36mevaluate_signal[0m | [1m{"event": "trade_approved", "direction": "BUY", "symbol": "Crash 1000 Index", "entry": 5619.765, "sl": 5546.12275, "risk_dollars": 99.93253324999984, "lots": 1.357, "tp_count": 1, "last_tp_rr": 5.0, "binding_constraint": "none"}[0m
[32m14:40:52[0m | [1mINFO    [0m | [36mbackend.risk.breakeven_manager[0m:[36mcheck_breakeven[0m | [1mBreak-even triggered: SL 5546.12775 -> 5619.77500[0m
[32m14:40:52[0m | [1mINFO    [0m | [36mbackend.risk.position_sizer[0m:[36mcalculate_lot_size[0m | [1m[SIZER] Crash 1000 Index: lot=7.934 | risk=$99.97 (1.00%) | source=InstrumentProfile[0m
[32m14:40:52[0m | [1mINFO    [0m | [36mbackend.risk.engine[0m:[36mevaluate_signal[0m | [1m{"event": "trade_approved", "direction": "BUY", "symbol": "Crash 1000 Index", "entry": 5723.633, "sl": 5711.032964285715, "risk_dollars": 99.96868335713549, "lots": 7.934, "tp_count": 1, "last_tp_rr": 5.0, "binding_constraint": "none"}[0m
[32m14:40:52[0m | [1mINFO    [0m | [36mbackend.risk.position_sizer[0m:[36mcalculate_lot_size[0m | [1m[SIZER] Crash 1000 Index: lot=8.116 | risk=$99.97 (1.00%) | source=InstrumentProfile[0m
[32m14:40:52[0m | [1mINFO    [0m | [36mbackend.risk.engine[0m:[36mevaluate_signal[0m | [1m{"event": "trade_approved", "direction": "BUY", "symbol": "Crash 1000 Index", "entry": 5709.6, "sl": 5697.282214285714, "risk_dollars": 99.95883107143415, "lots": 8.116, "tp_count": 1, "last_tp_rr": 5.0, "binding_constraint": "lot_max"}[0m
[32m14:40:52[0m | [1mINFO    [0m | [36mbackend.risk.position_sizer[0m:[36mcalculate_lot_size[0m | [1m[SIZER] Crash 1000 Index: lot=4.894 | risk=$99.97 (1.00%) | source=InstrumentProfile[0m
[32m14:40:52[0m | [1mINFO    [0m | [36mbackend.risk.engine[0m:[36mevaluate_signal[0m | [1m{"event": "trade_approved", "direction": "BUY", "symbol": "Crash 1000 Index", "entry": 5678.744, "sl": 5658.317678571429, "risk_dollars": 99.96641707142696, "lots": 4.894, "tp_count": 1, "last_tp_rr": 5.0, "binding_constraint": "none"}[0m
[32m14:40:52[0m | [1mINFO    [0m | [36mbackend.risk.breakeven_manager[0m:[36mcheck_breakeven[0m | [1mBreak-even triggered: SL 5658.32368 -> 5678.75500[0m
[32m14:40:52[0m | [1mINFO    [0m | [36mbackend.risk.position_sizer[0m:[36mcalculate_lot_size[0m | [1m[SIZER] Crash 1000 Index: lot=3.443 | risk=$99.98 (1.00%) | source=InstrumentProfile[0m
[32m14:40:52[0m | [1mINFO    [0m | [36mbackend.risk.engine[0m:[36mevaluate_signal[0m | [1m{"event": "trade_approved", "direction": "BUY", "symbol": "Crash 1000 Index", "entry": 5769.824, "sl": 5740.7853214285715, "risk_dollars": 99.98017032142707, "lots": 3.443, "tp_count": 1, "last_tp_rr": 5.0, "binding_constraint": "none"}[0m
[32m14:40:52[0m | [1mINFO    [0m | [36mbackend.risk.position_sizer[0m:[36mcalculate_lot_size[0m | [1m[SIZER] Crash 1000 Index: lot=5.48 | risk=$99.97 (1.00%) | source=InstrumentProfile[0m
[32m14:40:52[0m | [1mINFO    [0m | [36mbackend.risk.engine[0m:[36mevaluate_signal[0m | [1m{"event": "trade_approved", "direction": "BUY", "symbol": "Crash 1000 Index", "entry": 5755.608, "sl": 5737.366071428572, "risk_dollars": 99.96576857142882, "lots": 5.48, "tp_count": 1, "last_tp_rr": 5.0, "binding_constraint": "none"}[0m
[32m14:40:52[0m | [1mINFO    [0m | [36mbackend.risk.position_sizer[0m:[36mcalculate_lot_size[0m | [1m[SIZER] Crash 1000 Index: lot=6.692 | risk=$99.98 (1.00%) | source=InstrumentProfile[0m
[32m14:40:52[0m | [1mINFO    [0m | [36mbackend.risk.engine[0m:[36mevaluate_signal[0m | [1m{"event": "trade_approved", "direction": "BUY", "symbol": "Crash 1000 Index", "entry": 5762.485, "sl": 5747.544964285715, "risk_dollars": 99.97871899999477, "lots": 6.692, "tp_count": 1, "last_tp_rr": 5.0, "binding_constraint": "none"}[0m
[32m14:40:52[0m | [1mINFO    [0m | [36mbackend.risk.engine[0m:[36mevaluate_signal[0m | [1mScaling down risk from $100.00 to $31.34 to honor 3.0% daily drawdown.[0m
[32m14:40:52[0m | [1mINFO    [0m | [36mbackend.risk.position_sizer[0m:[36mcalculate_lot_size[0m | [1m[SIZER] Crash 1000 Index: lot=1.241 | risk=$31.31 (0.31%) | source=InstrumentProfile[0m
[32m14:40:52[0m | [1mINFO    [0m | [36mbackend.risk.engine[0m:[36mevaluate_signal[0m | [1m{"event": "trade_approved", "direction": "BUY", "symbol": "Crash 1000 Index", "entry": 5757.362, "sl": 5732.129892857142, "risk_dollars": 31.313044964286515, "lots": 1.241, "tp_count": 1, "last_tp_rr": 5.0, "binding_constraint": "daily_dd"}[0m
[32m14:40:52[0m | [1mINFO    [0m | [36mbackend.risk.breakeven_manager[0m:[36mcheck_breakeven[0m | [1mBreak-even triggered: SL 5732.13089 -> 5757.36800[0m
[32m14:40:52[0m | [1mINFO    [0m | [36mbackend.risk.position_sizer[0m:[36mcalculate_lot_size[0m | [1m[SIZER] Crash 1000 Index: lot=0.388 | risk=$9.98 (0.10%) | source=InstrumentProfile[0m
[32m14:40:52[0m | [1mINFO    [0m | [36mbackend.risk.engine[0m:[36mevaluate_signal[0m | [1m{"event": "trade_approved", "direction": "BUY", "symbol": "Crash 1000 Index", "entry": 5792.314, "sl": 5766.604892857144, "risk_dollars": 9.975133571428415, "lots": 0.388, "tp_count": 1, "last_tp_rr": 5.0, "binding_constraint": "none"}[0m
[32m14:40:52[0m | [1mINFO    [0m | [36mbackend.risk.position_sizer[0m:[36mcalculate_lot_size[0m | [1m[SIZER] Crash 1000 Index: lot=7.219 | risk=$99.97 (1.00%) | source=InstrumentProfile[0m
[32m14:40:52[0m | [1mINFO    [0m | [36mbackend.risk.engine[0m:[36mevaluate_signal[0m | [1m{"event": "trade_approved", "direction": "BUY", "symbol": "Crash 1000 Index", "entry": 5780.318, "sl": 5766.469964285714, "risk_dollars": 99.96896982143207, "lots": 7.219, "tp_count": 1, "last_tp_rr": 5.0, "binding_constraint": "none"}[0m
[32m14:40:52[0m | [1mINFO    [0m | [36mbackend.risk.breakeven_manager[0m:[36mcheck_breakeven[0m | [1mBreak-even triggered: SL 5766.47996 -> 5780.33300[0m
[32m14:40:52[0m | [1mINFO    [0m | [36mbackend.risk.position_sizer[0m:[36mcalculate_lot_size[0m | [1m[SIZER] Crash 1000 Index: lot=3.778 | risk=$99.99 (1.00%) | source=InstrumentProfile[0m
[32m14:40:52[0m | [1mINFO    [0m | [36mbackend.risk.engine[0m:[36mevaluate_signal[0m | [1m{"event": "trade_approved", "direction": "BUY", "symbol": "Crash 1000 Index", "entry": 5876.825, "sl": 5850.359678571429, "risk_dollars": 99.98598435714071, "lots": 3.778, "tp_count": 1, "last_tp_rr": 5.0, "binding_constraint": "none"}[0m
[32m14:40:52[0m | [1mINFO    [0m | [36mbackend.risk.breakeven_manager[0m:[36mcheck_breakeven[0m | [1mBreak-even triggered: SL 5850.36468 -> 5876.83500[0m
[32m14:40:52[0m | [1mINFO    [0m | [36mbackend.risk.position_sizer[0m:[36mcalculate_lot_size[0m | [1m[SIZER] Crash 1000 Index: lot=2.185 | risk=$99.99 (1.00%) | source=InstrumentProfile[0m
[32m14:40:52[0m | [1mINFO    [0m | [36mbackend.risk.engine[0m:[36mevaluate_signal[0m | [1m{"event": "trade_approved", "direction": "BUY", "symbol": "Crash 1000 Index", "entry": 5961.502, "sl": 5915.7420357142855, "risk_dollars": 99.98552196428703, "lots": 2.185, "tp_count": 1, "last_tp_rr": 5.0, "binding_constraint": "none"}[0m
[32m14:40:52[0m | [1mINFO    [0m | [36mbackend.risk.breakeven_manager[0m:[36mcheck_breakeven[0m | [1mBreak-even triggered: SL 5915.75004 -> 5961.51500[0m
[32m14:40:52[0m | [1mINFO    [0m | [36mbackend.risk.position_sizer[0m:[36mcalculate_lot_size[0m | [1m[SIZER] Crash 1000 Index: lot=2.673 | risk=$99.96 (1.00%) | source=InstrumentProfile[0m
[32m14:40:52[0m | [1mINFO    [0m | [36mbackend.risk.engine[0m:[36mevaluate_signal[0m | [1m{"event": "trade_approved", "direction": "BUY", "symbol": "Crash 1000 Index", "entry": 6171.385, "sl": 6133.988892857143, "risk_dollars": 99.95979439285821, "lots": 2.673, "tp_count": 1, "last_tp_rr": 5.0, "binding_constraint": "none"}[0m
[32m14:40:52[0m | [1mINFO    [0m | [36mbackend.risk.position_sizer[0m:[36mcalculate_lot_size[0m | [1m[SIZER] Crash 1000 Index: lot=4.674 | risk=$99.97 (1.00%) | source=InstrumentProfile[0m
[32m14:40:52[0m | [1mINFO    [0m | [36mbackend.risk.engine[0m:[36mevaluate_signal[0m | [1m{"event": "trade_approved", "direction": "BUY", "symbol": "Crash 1000 Index", "entry": 6153.595, "sl": 6132.206035714286, "risk_dollars": 99.9720190714267, "lots": 4.674, "tp_count": 1, "last_tp_rr": 5.0, "binding_constraint": "none"}[0m
[32m14:40:52[0m | [1mINFO    [0m | [36mbackend.risk.position_sizer[0m:[36mcalculate_lot_size[0m | [1m[SIZER] Crash 1000 Index: lot=3.961 | risk=$99.99 (1.00%) | source=InstrumentProfile[0m
[32m14:40:52[0m | [1mINFO    [0m | [36mbackend.risk.engine[0m:[36mevaluate_signal[0m | [1m{"event": "trade_approved", "direction": "BUY", "symbol": "Crash 1000 Index", "entry": 6105.192, "sl": 6079.948892857143, "risk_dollars": 99.96270428571489, "lots": 3.961, "tp_count": 1, "last_tp_rr": 5.0, "binding_constraint": "lot_max"}[0m
[32m14:40:52[0m | [1mINFO    [0m | [36mbackend.risk.position_sizer[0m:[36mcalculate_lot_size[0m | [1m[SIZER] Crash 1000 Index: lot=0.463 | risk=$9.98 (0.10%) | source=InstrumentProfile[0m
[32m14:40:52[0m | [1mINFO    [0m | [36mbackend.risk.engine[0m:[36mevaluate_signal[0m | [1m{"event": "trade_approved", "direction": "BUY", "symbol": "Crash 1000 Index", "entry": 6058.227, "sl": 6036.675392857143, "risk_dollars": 9.978394107142552, "lots": 0.463, "tp_count": 1, "last_tp_rr": 5.0, "binding_constraint": "none"}[0m
[32m14:40:52[0m | [33m[1mWARNING [0m | [36mbackend.strategies.base_strategy[0m:[36mlog_event[0m | [33m[1m[DJA] [Crash 1000 Index] Max consecutive losses (4) reached. Cooldown until 2026-08-31T01:40:52.376405+00:00[0m
[32m14:40:52[0m | [33m[1mWARNING [0m | [36mbackend.services.bot_service[0m:[36m_log_event[0m | [33m[1m[BT-DJA] [Crash 1000 Index] Max consecutive losses (4) reached. Cooldown until 2026-08-31T01:40:52.376405+00:00[0m
[32m14:40:52[0m | [1mINFO    [0m | [36mbackend.risk.position_sizer[0m:[36mcalculate_lot_size[0m | [1m[SIZER] Crash 1000 Index: lot=8.223 | risk=$99.97 (1.00%) | source=InstrumentProfile[0m
[32m14:40:52[0m | [1mINFO    [0m | [36mbackend.risk.engine[0m:[36mevaluate_signal[0m | [1m{"event": "trade_approved", "direction": "BUY", "symbol": "Crash 1000 Index", "entry": 6066.993, "sl": 6054.8361428571425, "risk_dollars": 99.96583628572066, "lots": 8.223, "tp_count": 1, "last_tp_rr": 5.0, "binding_constraint": "none"}[0m
[32m14:40:52[0m | [1mINFO    [0m | [36mbackend.risk.breakeven_manager[0m:[36mcheck_breakeven[0m | [1mBreak-even triggered: SL 6054.83814 -> 6067.00000[0m
[32m14:40:52[0m | [1mINFO    [0m | [36mbackend.risk.position_sizer[0m:[36mcalculate_lot_size[0m | [1m[SIZER] Crash 1000 Index: lot=0.53 | risk=$9.99 (0.10%) | source=InstrumentProfile[0m
[32m14:40:52[0m | [1mINFO    [0m | [36mbackend.risk.engine[0m:[36mevaluate_signal[0m | [1m{"event": "trade_approved", "direction": "BUY", "symbol": "Crash 1000 Index", "entry": 6010.519, "sl": 5991.667142857143, "risk_dollars": 9.991484285714542, "lots": 0.53, "tp_count": 1, "last_tp_rr": 5.0, "binding_constraint": "none"}[0m
[32m14:40:52[0m | [1mINFO    [0m | [36mbackend.risk.position_sizer[0m:[36mcalculate_lot_size[0m | [1m[SIZER] Crash 1000 Index: lot=1.572 | risk=$29.99 (0.30%) | source=InstrumentProfile[0m
[32m14:40:52[0m | [1mINFO    [0m | [36mbackend.risk.engine[0m:[36mevaluate_signal[0m | [1m{"event": "trade_approved", "direction": "BUY", "symbol": "Crash 1000 Index", "entry": 6004.185, "sl": 5985.108, "risk_dollars": 29.989044000000355, "lots": 1.572, "tp_count": 1, "last_tp_rr": 5.0, "binding_constraint": "none"}[0m
[32m14:40:52[0m | [1mINFO    [0m | [36mbackend.risk.position_sizer[0m:[36mcalculate_lot_size[0m | [1m[SIZER] Crash 1000 Index: lot=6.105 | risk=$99.97 (1.00%) | source=InstrumentProfile[0m
[32m14:40:52[0m | [1mINFO    [0m | [36mbackend.risk.engine[0m:[36mevaluate_signal[0m | [1m{"event": "trade_approved", "direction": "BUY", "symbol": "Crash 1000 Index", "entry": 5971.929, "sl": 5955.554142857143, "risk_dollars": 99.9685028571411, "lots": 6.105, "tp_count": 1, "last_tp_rr": 5.0, "binding_constraint": "none"}[0m
[32m14:40:52[0m | [1mINFO    [0m | [36mbackend.risk.breakeven_manager[0m:[36mcheck_breakeven[0m | [1mBreak-even triggered: SL 5955.55614 -> 5971.93600[0m
[32m14:40:52[0m | [1mINFO    [0m | [36mbackend.risk.position_sizer[0m:[36mcalculate_lot_size[0m | [1m[SIZER] Crash 1000 Index: lot=2.874 | risk=$99.98 (1.00%) | source=InstrumentProfile[0m
[32m14:40:52[0m | [1mINFO    [0m | [36mbackend.risk.engine[0m:[36mevaluate_signal[0m | [1m{"event": "trade_approved", "direction": "BUY", "symbol": "Crash 1000 Index", "entry": 5929.503, "sl": 5894.715964285714, "risk_dollars": 99.9779406428568, "lots": 2.874, "tp_count": 1, "last_tp_rr": 5.0, "binding_constraint": "none"}[0m
[32m14:40:54[0m | [1mINFO    [0m | [36mbackend.backtester.report[0m:[36mapply_bar_level_drawdown[0m | [1m[REPORT] max_drawdown_pct corrected from closed-trade basis 13.71% -> bar-level basis 15.98% (abs $1,598.11, 20002 equity points)[0m
[32m14:40:54[0m | [1mINFO    [0m | [36mbackend.backtester.engine[0m:[36mrun[0m | [1m[ENGINE] \u2550\u2550\u2550 Backtest engine complete \u2550\u2550\u2550[0m
[32m14:40:54[0m | [1mINFO    [0m | [36mbackend.backtester.engine[0m:[36mrun[0m | [1m[ENGINE] Trades: 71 (29W / 42L) | Invalid: 0[0m
[32m14:40:54[0m | [1mINFO    [0m | [36mbackend.backtester.engine[0m:[36mrun[0m | [1m[ENGINE] P&L: $417.00 | Final balance: $10417.00[0m
[32m14:40:54[0m | [1mINFO    [0m | [36mbackend.backtester.engine[0m:[36mrun[0m | [1m[ENGINE] Best trade: $499.89 | Worst trade: $-168.67[0m
[32m14:40:54[0m | [1mINFO    [0m | [36mbackend.backtester.engine[0m:[36mrun[0m | [1m[ENGINE] Leg-level hit rates: TP1=11.3% TP2=0.0% TP3=0.0% SL=57.7% BE=21.1% TRAIL=0.0% | max_dd=15.98% (bar-level)[0m
[32m14:40:54[0m | [1mINFO    [0m | [36mbackend.backtester.engine[0m:[36mrun[0m | [1m[ENGINE] Cost model applied: {'CRASH 1000 INDEX': {'slippage_pips': 1.0, 'commission_per_lot': 0.0, 'spread_pips': 2.0, 'swap_long_per_lot_per_day': 0.0, 'swap_short_per_lot_per_day': 0.0, 'stops_level_pips': 2.0, 'exit_slippage_pips': 1.0, 'sources': {'slippage_pips': 'ASSET_CLASS_DEFAULT', 'commission_per_lot': 'ASSET_CLASS_DEFAULT', 'spread_pips': 'ASSET_CLASS_DEFAULT', 'swap_long_per_lot_per_day': 'ASSET_CLASS_DEFAULT', 'swap_short_per_lot_per_day': 'ASSET_CLASS_DEFAULT', 'stops_level_pips': 'ASSET_CLASS_DEFAULT', 'exit_slippage_pips': 'DEFAULT_EQUALS_SLIPPAGE_PIPS'}, 'broker_source': 'ASSET_CLASS_DEFAULT'}}[0m
   15      71     +417.00   no trades
[32m14:40:54[0m | [1mINFO    [0m | [36mbackend.backtester.engine[0m:[36mrun[0m | [1m[ENGINE] \u2550\u2550\u2550 Starting backtest engine \u2550\u2550\u2550[0m
[32m14:40:54[0m | [1mINFO    [0m | [36mbackend.backtester.engine[0m:[36mrun[0m | [1m[ENGINE] Balance: $10000.0 | Signals: 406 | Candles: 20000[0m
[32m14:40:54[0m | [1mINFO    [0m | [36mbackend.backtester.engine[0m:[36mrun[0m | [1m[ENGINE] Risk config: risk_pct=1.0% | min_rr=None | tp_count=1[0m
[32m14:40:54[0m | [1mINFO    [0m | [36mbackend.backtester.engine[0m:[36m_costs_for[0m | [1m[COSTS] Crash 1000 Index | spread=2.00p slippage=1.00p commission=$0.00/lot swap_long=0.0000/lot/day swap_short=0.0000/lot/day stops_level=2.00p | broker_source=ASSET_CLASS_DEFAULT | per-field={'slippage_pips': 'ASSET_CLASS_DEFAULT', 'commission_per_lot': 'ASSET_CLASS_DEFAULT', 'spread_pips': 'ASSET_CLASS_DEFAULT', 'swap_long_per_lot_per_day': 'ASSET_CLASS_DEFAULT', 'swap_short_per_lot_per_day': 'ASSET_CLASS_DEFAULT', 'stops_level_pips': 'ASSET_CLASS_DEFAULT', 'exit_slippage_pips': 'DEFAULT_EQUALS_SLIPPAGE_PIPS'}[0m
C:\Users\ikchr\Documents\AlgoEdge\backend\backtester\engine.py:754: FutureWarning: The behavior of DatetimeProperties.to_pydatetime is deprecated, in a future version this will return a Series containing python datetime objects instead of an ndarray. To retain the old behavior, call `np.array` on the result
  dt_arr = dt_series.dt.to_pydatetime()
[32m14:40:57[0m | [1mINFO    [0m | [36mbackend.risk.position_sizer[0m:[36mcalculate_lot_size[0m | [1m[SIZER] Crash 1000 Index: lot=2.818 | risk=$99.96 (1.00%) | source=InstrumentProfile[0m
[32m14:40:57[0m | [1mINFO    [0m | [36mbackend.risk.engine[0m:[36mevaluate_signal[0m | [1m{"event": "trade_approved", "direction": "BUY", "symbol": "Crash 1000 Index", "entry": 6069.389, "sl": 6033.917035714286, "risk_dollars": 99.95999535714324, "lots": 2.818, "tp_count": 1, "last_tp_rr": 5.0, "binding_constraint": "none"}[0m
[32m14:40:57[0m | [1mINFO    [0m | [36mbackend.risk.position_sizer[0m:[36mcalculate_lot_size[0m | [1m[SIZER] Crash 1000 Index: lot=0.818 | risk=$14.99 (0.15%) | source=InstrumentProfile[0m
[32m14:40:57[0m | [1mINFO    [0m | [36mbackend.risk.engine[0m:[36mevaluate_signal[0m | [1m{"event": "trade_approved", "direction": "BUY", "symbol": "Crash 1000 Index", "entry": 6026.867, "sl": 6008.537142857143, "risk_dollars": 14.97549328571399, "lots": 0.818, "tp_count": 1, "last_tp_rr": 5.0, "binding_constraint": "lot_max"}[0m
[32m14:40:57[0m | [1mINFO    [0m | [36mbackend.risk.position_sizer[0m:[36mcalculate_lot_size[0m | [1m[SIZER] Crash 1000 Index: lot=4.109 | risk=$99.97 (1.00%) | source=InstrumentProfile[0m
[32m14:40:57[0m | [1mINFO    [0m | [36mbackend.risk.engine[0m:[36mevaluate_signal[0m | [1m{"event": "trade_approved", "direction": "BUY", "symbol": "Crash 1000 Index", "entry": 6024.325, "sl": 5999.996321428571, "risk_dollars": 99.9665402500018, "lots": 4.109, "tp_count": 1, "last_tp_rr": 5.0, "binding_constraint": "none"}[0m
[32m14:40:57[0m | [1mINFO    [0m | [36mbackend.risk.position_sizer[0m:[36mcalculate_lot_size[0m | [1m[SIZER] Crash 1000 Index: lot=6.519 | risk=$99.97 (1.00%) | source=InstrumentProfile[0m
[32m14:40:57[0m | [1mINFO    [0m | [36mbackend.risk.engine[0m:[36mevaluate_signal[0m | [1m{"event": "trade_approved", "direction": "BUY", "symbol": "Crash 1000 Index", "entry": 6083.587, "sl": 6068.252035714286, "risk_dollars": 99.96863217857417, "lots": 6.519, "tp_count": 1, "last_tp_rr": 5.0, "binding_constraint": "none"}[0m
[32m14:40:57[0m | [1mINFO    [0m | [36mbackend.risk.breakeven_manager[0m:[36mcheck_breakeven[0m | [1mBreak-even triggered: SL 6068.26004 -> 6083.60000[0m
[32m14:40:57[0m | [1mINFO    [0m | [36mbackend.risk.position_sizer[0m:[36mcalculate_lot_size[0m | [1m[SIZER] Crash 1000 Index: lot=7.529 | risk=$99.98 (1.00%) | source=InstrumentProfile[0m
[32m14:40:57[0m | [1mINFO    [0m | [36mbackend.risk.engine[0m:[36mevaluate_signal[0m | [1m{"event": "trade_approved", "direction": "BUY", "symbol": "Crash 1000 Index", "entry": 5999.904, "sl": 5986.625035714285, "risk_dollars": 99.97732210714913, "lots": 7.529, "tp_count": 1, "last_tp_rr": 5.0, "binding_constraint": "none"}[0m
[32m14:40:57[0m | [1mINFO    [0m | [36mbackend.risk.position_sizer[0m:[36mcalculate_lot_size[0m | [1m[SIZER] Crash 1000 Index: lot=0.769 | risk=$13.99 (0.14%) | source=InstrumentProfile[0m
[32m14:40:57[0m | [1mINFO    [0m | [36mbackend.risk.engine[0m:[36mevaluate_signal[0m | [1m{"event": "trade_approved", "direction": "BUY", "symbol": "Crash 1000 Index", "entry": 5992.267, "sl": 5974.080285714286, "risk_dollars": 13.985583285713764, "lots": 0.769, "tp_count": 1, "last_tp_rr": 5.0, "binding_constraint": "none"}[0m
[32m14:40:57[0m | [1mINFO    [0m | [36mbackend.risk.position_sizer[0m:[36mcalculate_lot_size[0m | [1m[SIZER] Crash 1000 Index: lot=7.595 | risk=$99.96 (1.00%) | source=InstrumentProfile[0m
[32m14:40:57[0m | [1mINFO    [0m | [36mbackend.risk.engine[0m:[36mevaluate_signal[0m | [1m{"event": "trade_approved", "direction": "BUY", "symbol": "Crash 1000 Index", "entry": 5874.2, "sl": 5861.038107142857, "risk_dollars": 99.96457624999688, "lots": 7.595, "tp_count": 1, "last_tp_rr": 5.0, "binding_constraint": "none"}[0m
[32m14:40:57[0m | [1mINFO    [0m | [36mbackend.risk.position_sizer[0m:[36mcalculate_lot_size[0m | [1m[SIZER] Crash 1000 Index: lot=4.52 | risk=$99.99 (1.00%) | source=InstrumentProfile[0m
[32m14:40:57[0m | [1mINFO    [0m | [36mbackend.risk.engine[0m:[36mevaluate_signal[0m | [1m{"event": "trade_approved", "direction": "BUY", "symbol": "Crash 1000 Index", "entry": 5877.433, "sl": 5855.312285714285, "risk_dollars": 99.96350785714479, "lots": 4.52, "tp_count": 1, "last_tp_rr": 5.0, "binding_constraint": "lot_max"}[0m
[32m14:40:57[0m | [1mINFO    [0m | [36mbackend.risk.breakeven_manager[0m:[36mcheck_breakeven[0m | [1mBreak-even triggered: SL 5855.31729 -> 5877.44300[0m
[32m14:40:58[0m | [1mINFO    [0m | [36mbackend.risk.position_sizer[0m:[36mcalculate_lot_size[0m | [1m[SIZER] Crash 1000 Index: lot=1.558 | risk=$99.98 (1.00%) | source=InstrumentProfile[0m
[32m14:40:58[0m | [1mINFO    [0m | [36mbackend.risk.engine[0m:[36mevaluate_signal[0m | [1m{"event": "trade_approved", "direction": "BUY", "symbol": "Crash 1000 Index", "entry": 5992.564, "sl": 5928.392678571428, "risk_dollars": 99.97891878571502, "lots": 1.558, "tp_count": 1, "last_tp_rr": 5.0, "binding_constraint": "none"}[0m
[32m14:40:58[0m | [1mINFO    [0m | [36mbackend.risk.breakeven_manager[0m:[36mcheck_breakeven[0m | [1mBreak-even triggered: SL 5928.39768 -> 5992.57400[0m
[32m14:40:58[0m | [1mINFO    [0m | [36mbackend.risk.position_sizer[0m:[36mcalculate_lot_size[0m | [1m[SIZER] Crash 1000 Index: lot=4.334 | risk=$99.99 (1.00%) | source=InstrumentProfile[0m
[32m14:40:58[0m | [1mINFO    [0m | [36mbackend.risk.engine[0m:[36mevaluate_signal[0m | [1m{"event": "trade_approved", "direction": "BUY", "symbol": "Crash 1000 Index", "entry": 5893.272, "sl": 5870.202035714286, "risk_dollars": 99.96215525000041, "lots": 4.334, "tp_count": 1, "last_tp_rr": 5.0, "binding_constraint": "lot_max"}[0m
[32m14:40:58[0m | [1mINFO    [0m | [36mbackend.risk.breakeven_manager[0m:[36mcheck_breakeven[0m | [1mBreak-even triggered: SL 5870.20804 -> 5893.28300[0m
[32m14:40:58[0m | [1mINFO    [0m | [36mbackend.risk.position_sizer[0m:[36mcalculate_lot_size[0m | [1m[SIZER] Crash 1000 Index: lot=10.0 | risk=$89.53 (0.90%) | source=InstrumentProfile[0m
[32m14:40:58[0m | [1mINFO    [0m | [36mbackend.risk.engine[0m:[36mevaluate_signal[0m | [1m{"event": "trade_approved", "direction": "BUY", "symbol": "Crash 1000 Index", "entry": 5972.699, "sl": 5963.746214285715, "risk_dollars": 89.527857142848, "lots": 10.0, "tp_count": 1, "last_tp_rr": 5.0, "binding_constraint": "lot_max"}[0m
[32m14:40:58[0m | [1mINFO    [0m | [36mbackend.risk.breakeven_manager[0m:[36mcheck_breakeven[0m | [1mBreak-even triggered: SL 5963.74721 -> 5972.70500[0m
[32m14:40:58[0m | [1mINFO    [0m | [36mbackend.risk.position_sizer[0m:[36mcalculate_lot_size[0m | [1m[SIZER] Crash 1000 Index: lot=3.335 | risk=$99.97 (1.00%) | source=InstrumentProfile[0m
[32m14:40:58[0m | [1mINFO    [0m | [36mbackend.risk.engine[0m:[36mevaluate_signal[0m | [1m{"event": "trade_approved", "direction": "BUY", "symbol": "Crash 1000 Index", "entry": 5970.412, "sl": 5940.436785714285, "risk_dollars": 99.9673396428598, "lots": 3.335, "tp_count": 1, "last_tp_rr": 5.0, "binding_constraint": "none"}[0m
[32m14:40:58[0m | [1mINFO    [0m | [36mbackend.risk.position_sizer[0m:[36mcalculate_lot_size[0m | [1m[SIZER] Crash 1000 Index: lot=0.693 | risk=$14.98 (0.15%) | source=InstrumentProfile[0m
[32m14:40:58[0m | [1mINFO    [0m | [36mbackend.risk.engine[0m:[36mevaluate_signal[0m | [1m{"event": "trade_approved", "direction": "BUY", "symbol": "Crash 1000 Index", "entry": 6022.69, "sl": 6001.071857142857, "risk_dollars": 14.959754857142698, "lots": 0.693, "tp_count": 1, "last_tp_rr": 5.0, "binding_constraint": "lot_max"}[0m
[32m14:40:58[0m | [1mINFO    [0m | [36mbackend.risk.position_sizer[0m:[36mcalculate_lot_size[0m | [1m[SIZER] Crash 1000 Index: lot=1.171 | risk=$11.99 (0.12%) | source=InstrumentProfile[0m
[32m14:40:58[0m | [1mINFO    [0m | [36mbackend.risk.engine[0m:[36mevaluate_signal[0m | [1m{"event": "trade_approved", "direction": "BUY", "symbol": "Crash 1000 Index", "entry": 5965.696, "sl": 5955.456357142857, "risk_dollars": 11.99062178571425, "lots": 1.171, "tp_count": 1, "last_tp_rr": 5.0, "binding_constraint": "none"}[0m
[32m14:40:58[0m | [1mINFO    [0m | [36mbackend.risk.position_sizer[0m:[36mcalculate_lot_size[0m | [1m[SIZER] Crash 1000 Index: lot=0.564 | risk=$16.99 (0.17%) | source=InstrumentProfile[0m
[32m14:40:58[0m | [1mINFO    [0m | [36mbackend.risk.engine[0m:[36mevaluate_signal[0m | [1m{"event": "trade_approved", "direction": "BUY", "symbol": "Crash 1000 Index", "entry": 5957.608, "sl": 5927.479285714286, "risk_dollars": 16.962466142857274, "lots": 0.564, "tp_count": 1, "last_tp_rr": 5.0, "binding_constraint": "lot_max"}[0m
[32m14:40:58[0m | [1mINFO    [0m | [36mbackend.risk.breakeven_manager[0m:[36mcheck_breakeven[0m | [1mBreak-even triggered: SL 5927.48629 -> 5957.62000[0m
[32m14:40:58[0m | [1mINFO    [0m | [36mbackend.risk.position_sizer[0m:[36mcalculate_lot_size[0m | [1m[SIZER] Crash 1000 Index: lot=8.886 | risk=$99.96 (1.00%) | source=InstrumentProfile[0m
[32m14:40:58[0m | [1mINFO    [0m | [36mbackend.risk.engine[0m:[36mevaluate_signal[0m | [1m{"event": "trade_approved", "direction": "BUY", "symbol": "Crash 1000 Index", "entry": 5937.681, "sl": 5926.431428571429, "risk_dollars": 99.95244214284943, "lots": 8.886, "tp_count": 1, "last_tp_rr": 5.0, "binding_constraint": "lot_max"}[0m
[32m14:40:58[0m | [1mINFO    [0m | [36mbackend.risk.position_sizer[0m:[36mcalculate_lot_size[0m | [1m[SIZER] Crash 1000 Index: lot=0.601 | risk=$9.99 (0.10%) | source=InstrumentProfile[0m
[32m14:40:58[0m | [1mINFO    [0m | [36mbackend.risk.engine[0m:[36mevaluate_signal[0m | [1m{"event": "trade_approved", "direction": "BUY", "symbol": "Crash 1000 Index", "entry": 5943.046, "sl": 5926.42425, "risk_dollars": 9.989671750000149, "lots": 0.601, "tp_count": 1, "last_tp_rr": 5.0, "binding_constraint": "none"}[0m
[32m14:40:58[0m | [1mINFO    [0m | [36mbackend.risk.position_sizer[0m:[36mcalculate_lot_size[0m | [1m[SIZER] Crash 1000 Index: lot=3.551 | risk=$99.97 (1.00%) | source=InstrumentProfile[0m
[32m14:40:58[0m | [1mINFO    [0m | [36mbackend.risk.engine[0m:[36mevaluate_signal[0m | [1m{"event": "trade_approved", "direction": "BUY", "symbol": "Crash 1000 Index", "entry": 5898.688, "sl": 5870.535964285715, "risk_dollars": 99.96787882142738, "lots": 3.551, "tp_count": 1, "last_tp_rr": 5.0, "binding_constraint": "none"}[0m
[32m14:40:58[0m | [1mINFO    [0m | [36mbackend.risk.position_sizer[0m:[36mcalculate_lot_size[0m | [1m[SIZER] Crash 1000 Index: lot=6.824 | risk=$99.97 (1.00%) | source=InstrumentProfile[0m
[32m14:40:58[0m | [1mINFO    [0m | [36mbackend.risk.engine[0m:[36mevaluate_signal[0m | [1m{"event": "trade_approved", "direction": "BUY", "symbol": "Crash 1000 Index", "entry": 5872.819, "sl": 5858.1695, "risk_dollars": 99.96818800000302, "lots": 6.824, "tp_count": 1, "last_tp_rr": 5.0, "binding_constraint": "none"}[0m
[32m14:40:58[0m | [33m[1mWARNING [0m | [36mbackend.strategies.base_strategy[0m:[36mlog_event[0m | [33m[1m[DJA] [Crash 1000 Index] Max consecutive losses (4) reached. Cooldown until 2026-08-31T01:40:58.177746+00:00[0m
[32m14:40:58[0m | [33m[1mWARNING [0m | [36mbackend.services.bot_service[0m:[36m_log_event[0m | [33m[1m[BT-DJA] [Crash 1000 Index] Max consecutive losses (4) reached. Cooldown until 2026-08-31T01:40:58.177746+00:00[0m
[32m14:40:58[0m | [1mINFO    [0m | [36mbackend.risk.position_sizer[0m:[36mcalculate_lot_size[0m | [1m[SIZER] Crash 1000 Index: lot=5.49 | risk=$99.97 (1.00%) | source=InstrumentProfile[0m
[32m14:40:58[0m | [1mINFO    [0m | [36mbackend.risk.engine[0m:[36mevaluate_signal[0m | [1m{"event": "trade_approved", "direction": "BUY", "symbol": "Crash 1000 Index", "entry": 5883.534, "sl": 5865.324, "risk_dollars": 99.97290000000021, "lots": 5.49, "tp_count": 1, "last_tp_rr": 5.0, "binding_constraint": "none"}[0m
[32m14:40:58[0m | [33m[1mWARNING [0m | [36mbackend.strategies.base_strategy[0m:[36mlog_event[0m | [33m[1m[DJA] [Crash 1000 Index] Max consecutive losses (5) reached. Cooldown until 2026-08-31T01:40:58.177746+00:00[0m
[32m14:40:58[0m | [33m[1mWARNING [0m | [36mbackend.services.bot_service[0m:[36m_log_event[0m | [33m[1m[BT-DJA] [Crash 1000 Index] Max consecutive losses (5) reached. Cooldown until 2026-08-31T01:40:58.177746+00:00[0m
[32m14:40:58[0m | [1mINFO    [0m | [36mbackend.risk.position_sizer[0m:[36mcalculate_lot_size[0m | [1m[SIZER] Crash 1000 Index: lot=0.644 | risk=$9.98 (0.10%) | source=InstrumentProfile[0m
[32m14:40:58[0m | [1mINFO    [0m | [36mbackend.risk.engine[0m:[36mevaluate_signal[0m | [1m{"event": "trade_approved", "direction": "BUY", "symbol": "Crash 1000 Index", "entry": 5856.723, "sl": 5841.221285714286, "risk_dollars": 9.98310399999989, "lots": 0.644, "tp_count": 1, "last_tp_rr": 5.0, "binding_constraint": "none"}[0m
[32m14:40:58[0m | [1mINFO    [0m | [36mbackend.risk.breakeven_manager[0m:[36mcheck_breakeven[0m | [1mBreak-even triggered: SL 5841.22429 -> 5856.73100[0m
[32m14:40:58[0m | [1mINFO    [0m | [36mbackend.risk.position_sizer[0m:[36mcalculate_lot_size[0m | [1m[SIZER] Crash 1000 Index: lot=5.492 | risk=$99.97 (1.00%) | source=InstrumentProfile[0m
[32m14:40:58[0m | [1mINFO    [0m | [36mbackend.risk.engine[0m:[36mevaluate_signal[0m | [1m{"event": "trade_approved", "direction": "BUY", "symbol": "Crash 1000 Index", "entry": 5870.562, "sl": 5852.3596071428565, "risk_dollars": 99.96754157143168, "lots": 5.492, "tp_count": 1, "last_tp_rr": 5.0, "binding_constraint": "none"}[0m
[32m14:40:58[0m | [1mINFO    [0m | [36mbackend.risk.breakeven_manager[0m:[36mcheck_breakeven[0m | [1mBreak-even triggered: SL 5852.36461 -> 5870.57200[0m
[32m14:40:58[0m | [1mINFO    [0m | [36mbackend.risk.position_sizer[0m:[36mcalculate_lot_size[0m | [1m[SIZER] Crash 1000 Index: lot=2.569 | risk=$99.96 (1.00%) | source=InstrumentProfile[0m
[32m14:40:58[0m | [1mINFO    [0m | [36mbackend.risk.engine[0m:[36mevaluate_signal[0m | [1m{"event": "trade_approved", "direction": "BUY", "symbol": "Crash 1000 Index", "entry": 5899.863, "sl": 5860.953107142856, "risk_dollars": 99.95951475000257, "lots": 2.569, "tp_count": 1, "last_tp_rr": 5.0, "binding_constraint": "none"}[0m
[32m14:40:58[0m | [1mINFO    [0m | [36mbackend.risk.position_sizer[0m:[36mcalculate_lot_size[0m | [1m[SIZER] Crash 1000 Index: lot=5.628 | risk=$99.98 (1.00%) | source=InstrumentProfile[0m
[32m14:40:58[0m | [1mINFO    [0m | [36mbackend.risk.engine[0m:[36mevaluate_signal[0m | [1m{"event": "trade_approved", "direction": "BUY", "symbol": "Crash 1000 Index", "entry": 5802.222, "sl": 5784.457714285714, "risk_dollars": 99.97739999999884, "lots": 5.628, "tp_count": 1, "last_tp_rr": 5.0, "binding_constraint": "none"}[0m
[32m14:40:58[0m | [1mINFO    [0m | [36mbackend.risk.breakeven_manager[0m:[36mcheck_breakeven[0m | [1mBreak-even triggered: SL 5784.46071 -> 5802.23000[0m
[32m14:40:58[0m | [1mINFO    [0m | [36mbackend.risk.position_sizer[0m:[36mcalculate_lot_size[0m | [1m[SIZER] Crash 1000 Index: lot=4.889 | risk=$99.98 (1.00%) | source=InstrumentProfile[0m
[32m14:40:58[0m | [1mINFO    [0m | [36mbackend.risk.engine[0m:[36mevaluate_signal[0m | [1m{"event": "trade_approved", "direction": "BUY", "symbol": "Crash 1000 Index", "entry": 5879.574, "sl": 5859.123857142858, "risk_dollars": 99.98074842856751, "lots": 4.889, "tp_count": 1, "last_tp_rr": 5.0, "binding_constraint": "none"}[0m
[32m14:40:58[0m | [1mINFO    [0m | [36mbackend.risk.breakeven_manager[0m:[36mcheck_breakeven[0m | [1mBreak-even triggered: SL 5859.12686 -> 5879.58200[0m
[32m14:40:58[0m | [1mINFO    [0m | [36mbackend.risk.position_sizer[0m:[36mcalculate_lot_size[0m | [1m[SIZER] Crash 1000 Index: lot=1.588 | risk=$99.95 (1.00%) | source=InstrumentProfile[0m
[32m14:40:58[0m | [1mINFO    [0m | [36mbackend.risk.engine[0m:[36mevaluate_signal[0m | [1m{"event": "trade_approved", "direction": "BUY", "symbol": "Crash 1000 Index", "entry": 5979.627, "sl": 5916.688071428572, "risk_dollars": 99.94701857142883, "lots": 1.588, "tp_count": 1, "last_tp_rr": 5.0, "binding_constraint": "none"}[0m
[32m14:40:58[0m | [1mINFO    [0m | [36mbackend.risk.position_sizer[0m:[36mcalculate_lot_size[0m | [1m[SIZER] Crash 1000 Index: lot=0.481 | risk=$9.98 (0.10%) | source=InstrumentProfile[0m
[32m14:40:58[0m | [1mINFO    [0m | [36mbackend.risk.engine[0m:[36mevaluate_signal[0m | [1m{"event": "trade_approved", "direction": "BUY", "symbol": "Crash 1000 Index", "entry": 5902.565, "sl": 5881.81875, "risk_dollars": 9.978946249999632, "lots": 0.481, "tp_count": 1, "last_tp_rr": 5.0, "binding_constraint": "none"}[0m
[32m14:40:58[0m | [1mINFO    [0m | [36mbackend.risk.breakeven_manager[0m:[36mcheck_breakeven[0m | [1mBreak-even triggered: SL 5881.82075 -> 5902.57200[0m
[32m14:40:58[0m | [1mINFO    [0m | [36mbackend.risk.position_sizer[0m:[36mcalculate_lot_size[0m | [1m[SIZER] Crash 1000 Index: lot=2.872 | risk=$99.99 (1.00%) | source=InstrumentProfile[0m
[32m14:40:58[0m | [1mINFO    [0m | [36mbackend.risk.engine[0m:[36mevaluate_signal[0m | [1m{"event": "trade_approved", "direction": "BUY", "symbol": "Crash 1000 Index", "entry": 6045.202, "sl": 6010.386142857144, "risk_dollars": 99.99114171428431, "lots": 2.872, "tp_count": 1, "last_tp_rr": 5.0, "binding_constraint": "none"}[0m
[32m14:40:58[0m | [1mINFO    [0m | [36mbackend.risk.breakeven_manager[0m:[36mcheck_breakeven[0m | [1mBreak-even triggered: SL 6010.39014 -> 6045.21100[0m
[32m14:40:58[0m | [1mINFO    [0m | [36mbackend.risk.position_sizer[0m:[36mcalculate_lot_size[0m | [1m[SIZER] Crash 1000 Index: lot=2.896 | risk=$99.98 (1.00%) | source=InstrumentProfile[0m
[32m14:40:58[0m | [1mINFO    [0m | [36mbackend.risk.engine[0m:[36mevaluate_signal[0m | [1m{"event": "trade_approved", "direction": "BUY", "symbol": "Crash 1000 Index", "entry": 6004.341, "sl": 5969.816535714285, "risk_dollars": 99.98284857143096, "lots": 2.896, "tp_count": 1, "last_tp_rr": 5.0, "binding_constraint": "none"}[0m
[32m14:40:58[0m | [1mINFO    [0m | [36mbackend.risk.breakeven_manager[0m:[36mcheck_breakeven[0m | [1mBreak-even triggered: SL 5969.82154 -> 6004.35100[0m
[32m14:40:58[0m | [1mINFO    [0m | [36mbackend.risk.position_sizer[0m:[36mcalculate_lot_size[0m | [1m[SIZER] Crash 1000 Index: lot=3.556 | risk=$99.97 (1.00%) | source=InstrumentProfile[0m
[32m14:40:58[0m | [1mINFO    [0m | [36mbackend.risk.engine[0m:[36mevaluate_signal[0m | [1m{"event": "trade_approved", "direction": "BUY", "symbol": "Crash 1000 Index", "entry": 5823.74, "sl": 5795.625928571428, "risk_dollars": 99.97363800000225, "lots": 3.556, "tp_count": 1, "last_tp_rr": 5.0, "binding_constraint": "none"}[0m
[32m14:40:58[0m | [1mINFO    [0m | [36mbackend.risk.position_sizer[0m:[36mcalculate_lot_size[0m | [1m[SIZER] Crash 1000 Index: lot=2.269 | risk=$99.98 (1.00%) | source=InstrumentProfile[0m
[32m14:40:58[0m | [1mINFO    [0m | [36mbackend.risk.engine[0m:[36mevaluate_signal[0m | [1m{"event": "trade_approved", "direction": "BUY", "symbol": "Crash 1000 Index", "entry": 5756.405, "sl": 5712.3429642857145, "risk_dollars": 99.97675903571319, "lots": 2.269, "tp_count": 1, "last_tp_rr": 5.0, "binding_constraint": "none"}[0m
[32m14:40:58[0m | [1mINFO    [0m | [36mbackend.risk.position_sizer[0m:[36mcalculate_lot_size[0m | [1m[SIZER] Crash 1000 Index: lot=0.569 | risk=$9.98 (0.10%) | source=InstrumentProfile[0m
[32m14:40:58[0m | [1mINFO    [0m | [36mbackend.risk.engine[0m:[36mevaluate_signal[0m | [1m{"event": "trade_approved", "direction": "BUY", "symbol": "Crash 1000 Index", "entry": 5717.903, "sl": 5700.359714285714, "risk_dollars": 9.964586285714423, "lots": 0.569, "tp_count": 1, "last_tp_rr": 5.0, "binding_constraint": "lot_max"}[0m
[32m14:40:58[0m | [1mINFO    [0m | [36mbackend.risk.breakeven_manager[0m:[36mcheck_breakeven[0m | [1mBreak-even triggered: SL 5700.37771 -> 5717.92600[0m
[32m14:40:58[0m | [1mINFO    [0m | [36mbackend.risk.position_sizer[0m:[36mcalculate_lot_size[0m | [1m[SIZER] Crash 1000 Index: lot=1.144 | risk=$18.99 (0.19%) | source=InstrumentProfile[0m
[32m14:40:58[0m | [1mINFO    [0m | [36mbackend.risk.engine[0m:[36mevaluate_signal[0m | [1m{"event": "trade_approved", "direction": "BUY", "symbol": "Crash 1000 Index", "entry": 5747.799, "sl": 5731.2005714285715, "risk_dollars": 18.97200385714276, "lots": 1.144, "tp_count": 1, "last_tp_rr": 5.0, "binding_constraint": "lot_max"}[0m
[32m14:40:58[0m | [1mINFO    [0m | [36mbackend.risk.breakeven_manager[0m:[36mcheck_breakeven[0m | [1mBreak-even triggered: SL 5731.20757 -> 5747.81100[0m
[32m14:40:58[0m | [1mINFO    [0m | [36mbackend.risk.position_sizer[0m:[36mcalculate_lot_size[0m | [1m[SIZER] Crash 1000 Index: lot=3.293 | risk=$99.97 (1.00%) | source=InstrumentProfile[0m
[32m14:40:58[0m | [1mINFO    [0m | [36mbackend.risk.engine[0m:[36mevaluate_signal[0m | [1m{"event": "trade_approved", "direction": "BUY", "symbol": "Crash 1000 Index", "entry": 5742.742, "sl": 5712.384749999999, "risk_dollars": 99.96642425000307, "lots": 3.293, "tp_count": 1, "last_tp_rr": 5.0, "binding_constraint": "none"}[0m
[32m14:40:58[0m | [1mINFO    [0m | [36mbackend.risk.position_sizer[0m:[36mcalculate_lot_size[0m | [1m[SIZER] Crash 1000 Index: lot=7.849 | risk=$99.98 (1.00%) | source=InstrumentProfile[0m
[32m14:40:58[0m | [1mINFO    [0m | [36mbackend.risk.engine[0m:[36mevaluate_signal[0m | [1m{"event": "trade_approved", "direction": "BUY", "symbol": "Crash 1000 Index", "entry": 5739.117, "sl": 5726.379535714285, "risk_dollars": 99.97635717857587, "lots": 7.849, "tp_count": 1, "last_tp_rr": 5.0, "binding_constraint": "none"}[0m
[32m14:40:58[0m | [1mINFO    [0m | [36mbackend.risk.position_sizer[0m:[36mcalculate_lot_size[0m | [1m[SIZER] Crash 1000 Index: lot=8.64 | risk=$99.97 (1.00%) | source=InstrumentProfile[0m
[32m14:40:58[0m | [1mINFO    [0m | [36mbackend.risk.engine[0m:[36mevaluate_signal[0m | [1m{"event": "trade_approved", "direction": "BUY", "symbol": "Crash 1000 Index", "entry": 5773.301, "sl": 5761.730071428571, "risk_dollars": 99.97282285714871, "lots": 8.64, "tp_count": 1, "last_tp_rr": 5.0, "binding_constraint": "none"}[0m
[32m14:40:58[0m | [1mINFO    [0m | [36mbackend.risk.position_sizer[0m:[36mcalculate_lot_size[0m | [1m[SIZER] Crash 1000 Index: lot=5.776 | risk=$99.97 (1.00%) | source=InstrumentProfile[0m
[32m14:40:58[0m | [1mINFO    [0m | [36mbackend.risk.engine[0m:[36mevaluate_signal[0m | [1m{"event": "trade_approved", "direction": "BUY", "symbol": "Crash 1000 Index", "entry": 5752.354, "sl": 5735.046357142857, "risk_dollars": 99.96894514285817, "lots": 5.776, "tp_count": 1, "last_tp_rr": 5.0, "binding_constraint": "none"}[0m
[32m14:40:58[0m | [33m[1mWARNING [0m | [36mbackend.strategies.base_strategy[0m:[36mlog_event[0m | [33m[1m[DJA] [Crash 1000 Index] Max consecutive losses (4) reached. Cooldown until 2026-08-31T01:40:58.546661+00:00[0m
[32m14:40:58[0m | [33m[1mWARNING [0m | [36mbackend.services.bot_service[0m:[36m_log_event[0m | [33m[1m[BT-DJA] [Crash 1000 Index] Max consecutive losses (4) reached. Cooldown until 2026-08-31T01:40:58.546661+00:00[0m
[32m14:40:58[0m | [1mINFO    [0m | [36mbackend.risk.position_sizer[0m:[36mcalculate_lot_size[0m | [1m[SIZER] Crash 1000 Index: lot=8.884 | risk=$99.97 (1.00%) | source=InstrumentProfile[0m
[32m14:40:58[0m | [1mINFO    [0m | [36mbackend.risk.engine[0m:[36mevaluate_signal[0m | [1m{"event": "trade_approved", "direction": "BUY", "symbol": "Crash 1000 Index", "entry": 5766.316, "sl": 5755.0629285714285, "risk_dollars": 99.9722865714272, "lots": 8.884, "tp_count": 1, "last_tp_rr": 5.0, "binding_constraint": "none"}[0m
[32m14:40:58[0m | [33m[1mWARNING [0m | [36mbackend.strategies.base_strategy[0m:[36mlog_event[0m | [33m[1m[DJA] [Crash 1000 Index] Max consecutive losses (5) reached. Cooldown until 2026-08-31T01:40:58.558385+00:00[0m
[32m14:40:58[0m | [33m[1mWARNING [0m | [36mbackend.services.bot_service[0m:[36m_log_event[0m | [33m[1m[BT-DJA] [Crash 1000 Index] Max consecutive losses (5) reached. Cooldown until 2026-08-31T01:40:58.558385+00:00[0m
[32m14:40:58[0m | [1mINFO    [0m | [36mbackend.risk.position_sizer[0m:[36mcalculate_lot_size[0m | [1m[SIZER] Crash 1000 Index: lot=3.823 | risk=$99.99 (1.00%) | source=InstrumentProfile[0m
[32m14:40:58[0m | [1mINFO    [0m | [36mbackend.risk.engine[0m:[36mevaluate_signal[0m | [1m{"event": "trade_approved", "direction": "BUY", "symbol": "Crash 1000 Index", "entry": 5767.676, "sl": 5741.522, "risk_dollars": 99.98674200000173, "lots": 3.823, "tp_count": 1, "last_tp_rr": 5.0, "binding_constraint": "none"}[0m
[32m14:40:58[0m | [1mINFO    [0m | [36mbackend.risk.breakeven_manager[0m:[36mcheck_breakeven[0m | [1mBreak-even triggered: SL 5741.52900 -> 5767.68800[0m
[32m14:40:58[0m | [1mINFO    [0m | [36mbackend.risk.position_sizer[0m:[36mcalculate_lot_size[0m | [1m[SIZER] Crash 1000 Index: lot=3.198 | risk=$99.97 (1.00%) | source=InstrumentProfile[0m
[32m14:40:58[0m | [1mINFO    [0m | [36mbackend.risk.engine[0m:[36mevaluate_signal[0m | [1m{"event": "trade_approved", "direction": "BUY", "symbol": "Crash 1000 Index", "entry": 5783.915, "sl": 5752.6552142857145, "risk_dollars": 99.96879471428502, "lots": 3.198, "tp_count": 1, "last_tp_rr": 5.0, "binding_constraint": "none"}[0m
[32m14:40:58[0m | [1mINFO    [0m | [36mbackend.risk.position_sizer[0m:[36mcalculate_lot_size[0m | [1m[SIZER] Crash 1000 Index: lot=9.937 | risk=$99.96 (1.00%) | source=InstrumentProfile[0m
[32m14:40:58[0m | [1mINFO    [0m | [36mbackend.risk.engine[0m:[36mevaluate_signal[0m | [1m{"event": "trade_approved", "direction": "BUY", "symbol": "Crash 1000 Index", "entry": 5603.428, "sl": 5593.368285714286, "risk_dollars": 99.96338085714109, "lots": 9.937, "tp_count": 1, "last_tp_rr": 5.0, "binding_constraint": "none"}[0m
[32m14:40:58[0m | [1mINFO    [0m | [36mbackend.risk.position_sizer[0m:[36mcalculate_lot_size[0m | [1m[SIZER] Crash 1000 Index: lot=0.592 | risk=$10.00 (0.10%) | source=InstrumentProfile[0m
[32m14:40:58[0m | [1mINFO    [0m | [36mbackend.risk.engine[0m:[36mevaluate_signal[0m | [1m{"event": "trade_approved", "direction": "BUY", "symbol": "Crash 1000 Index", "entry": 5644.468, "sl": 5627.579928571428, "risk_dollars": 9.997738285714323, "lots": 0.592, "tp_count": 1, "last_tp_rr": 5.0, "binding_constraint": "none"}[0m
[32m14:40:58[0m | [1mINFO    [0m | [36mbackend.risk.breakeven_manager[0m:[36mcheck_breakeven[0m | [1mBreak-even triggered: SL 5627.58593 -> 5644.47900[0m
[32m14:40:58[0m | [1mINFO    [0m | [36mbackend.risk.position_sizer[0m:[36mcalculate_lot_size[0m | [1m[SIZER] Crash 1000 Index: lot=7.737 | risk=$99.97 (1.00%) | source=InstrumentProfile[0m
[32m14:40:58[0m | [1mINFO    [0m | [36mbackend.risk.engine[0m:[36mevaluate_signal[0m | [1m{"event": "trade_approved", "direction": "BUY", "symbol": "Crash 1000 Index", "entry": 5765.576, "sl": 5752.655035714285, "risk_dollars": 99.96950067857652, "lots": 7.737, "tp_count": 1, "last_tp_rr": 5.0, "binding_constraint": "none"}[0m
[32m14:40:58[0m | [1mINFO    [0m | [36mbackend.risk.position_sizer[0m:[36mcalculate_lot_size[0m | [1m[SIZER] Crash 1000 Index: lot=1.85 | risk=$99.95 (1.00%) | source=InstrumentProfile[0m
[32m14:40:58[0m | [1mINFO    [0m | [36mbackend.risk.engine[0m:[36mevaluate_signal[0m | [1m{"event": "trade_approved", "direction": "BUY", "symbol": "Crash 1000 Index", "entry": 5724.142, "sl": 5670.116821428572, "risk_dollars": 99.94658035714201, "lots": 1.85, "tp_count": 1, "last_tp_rr": 5.0, "binding_constraint": "none"}[0m
[32m14:40:58[0m | [1mINFO    [0m | [36mbackend.risk.breakeven_manager[0m:[36mcheck_breakeven[0m | [1mBreak-even triggered: SL 5670.12082 -> 5724.15100[0m
[32m14:40:58[0m | [1mINFO    [0m | [36mbackend.risk.position_sizer[0m:[36mcalculate_lot_size[0m | [1m[SIZER] Crash 1000 Index: lot=4.309 | risk=$99.99 (1.00%) | source=InstrumentProfile[0m
[32m14:40:58[0m | [1mINFO    [0m | [36mbackend.risk.engine[0m:[36mevaluate_signal[0m | [1m{"event": "trade_approved", "direction": "BUY", "symbol": "Crash 1000 Index", "entry": 5718.594, "sl": 5695.389964285714, "risk_dollars": 99.98618989285822, "lots": 4.309, "tp_count": 1, "last_tp_rr": 5.0, "binding_constraint": "none"}[0m
[32m14:40:58[0m | [1mINFO    [0m | [36mbackend.risk.breakeven_manager[0m:[36mcheck_breakeven[0m | [1mBreak-even triggered: SL 5695.39396 -> 5718.60300[0m
[32m14:40:58[0m | [1mINFO    [0m | [36mbackend.risk.position_sizer[0m:[36mcalculate_lot_size[0m | [1m[SIZER] Crash 1000 Index: lot=1.696 | risk=$99.97 (1.00%) | source=InstrumentProfile[0m
[32m14:40:58[0m | [1mINFO    [0m | [36mbackend.risk.engine[0m:[36mevaluate_signal[0m | [1m{"event": "trade_approved", "direction": "BUY", "symbol": "Crash 1000 Index", "entry": 5778.542, "sl": 5719.600071428572, "risk_dollars": 99.96551085714262, "lots": 1.696, "tp_count": 1, "last_tp_rr": 5.0, "binding_constraint": "none"}[0m
[32m14:40:58[0m | [1mINFO    [0m | [36mbackend.risk.position_sizer[0m:[36mcalculate_lot_size[0m | [1m[SIZER] Crash 1000 Index: lot=3.838 | risk=$99.97 (1.00%) | source=InstrumentProfile[0m
[32m14:40:58[0m | [1mINFO    [0m | [36mbackend.risk.engine[0m:[36mevaluate_signal[0m | [1m{"event": "trade_approved", "direction": "BUY", "symbol": "Crash 1000 Index", "entry": 5737.416, "sl": 5711.3691071428575, "risk_dollars": 99.96797478571355, "lots": 3.838, "tp_count": 1, "last_tp_rr": 5.0, "binding_constraint": "none"}[0m
[32m14:40:58[0m | [1mINFO    [0m | [36mbackend.risk.breakeven_manager[0m:[36mcheck_breakeven[0m | [1mBreak-even triggered: SL 5711.37011 -> 5737.42200[0m
[32m14:40:58[0m | [1mINFO    [0m | [36mbackend.risk.position_sizer[0m:[36mcalculate_lot_size[0m | [1m[SIZER] Crash 1000 Index: lot=4.425 | risk=$99.97 (1.00%) | source=InstrumentProfile[0m
[32m14:40:58[0m | [1mINFO    [0m | [36mbackend.risk.engine[0m:[36mevaluate_signal[0m | [1m{"event": "trade_approved", "direction": "BUY", "symbol": "Crash 1000 Index", "entry": 5700.054, "sl": 5677.460999999999, "risk_dollars": 99.97402500000335, "lots": 4.425, "tp_count": 1, "last_tp_rr": 5.0, "binding_constraint": "none"}[0m
[32m14:40:58[0m | [1mINFO    [0m | [36mbackend.risk.position_sizer[0m:[36mcalculate_lot_size[0m | [1m[SIZER] Crash 1000 Index: lot=5.735 | risk=$99.98 (1.00%) | source=InstrumentProfile[0m
[32m14:40:58[0m | [1mINFO    [0m | [36mbackend.risk.engine[0m:[36mevaluate_signal[0m | [1m{"event": "trade_approved", "direction": "BUY", "symbol": "Crash 1000 Index", "entry": 5694.023, "sl": 5676.590071428571, "risk_dollars": 99.9778453571472, "lots": 5.735, "tp_count": 1, "last_tp_rr": 5.0, "binding_constraint": "none"}[0m
[32m14:40:58[0m | [1mINFO    [0m | [36mbackend.risk.position_sizer[0m:[36mcalculate_lot_size[0m | [1m[SIZER] Crash 1000 Index: lot=3.384 | risk=$99.97 (1.00%) | source=InstrumentProfile[0m
[32m14:40:58[0m | [1mINFO    [0m | [36mbackend.risk.engine[0m:[36mevaluate_signal[0m | [1m{"event": "trade_approved", "direction": "BUY", "symbol": "Crash 1000 Index", "entry": 5644.264, "sl": 5614.722142857142, "risk_dollars": 99.96964457143193, "lots": 3.384, "tp_count": 1, "last_tp_rr": 5.0, "binding_constraint": "none"}[0m
[32m14:40:58[0m | [1mINFO    [0m | [36mbackend.risk.position_sizer[0m:[36mcalculate_lot_size[0m | [1m[SIZER] Crash 1000 Index: lot=1.357 | risk=$99.93 (1.00%) | source=InstrumentProfile[0m
[32m14:40:58[0m | [1mINFO    [0m | [36mbackend.risk.engine[0m:[36mevaluate_signal[0m | [1m{"event": "trade_approved", "direction": "BUY", "symbol": "Crash 1000 Index", "entry": 5619.765, "sl": 5546.12275, "risk_dollars": 99.93253324999984, "lots": 1.357, "tp_count": 1, "last_tp_rr": 5.0, "binding_constraint": "none"}[0m
[32m14:40:58[0m | [1mINFO    [0m | [36mbackend.risk.breakeven_manager[0m:[36mcheck_breakeven[0m | [1mBreak-even triggered: SL 5546.12775 -> 5619.77500[0m
[32m14:40:58[0m | [1mINFO    [0m | [36mbackend.risk.position_sizer[0m:[36mcalculate_lot_size[0m | [1m[SIZER] Crash 1000 Index: lot=7.934 | risk=$99.97 (1.00%) | source=InstrumentProfile[0m
[32m14:40:58[0m | [1mINFO    [0m | [36mbackend.risk.engine[0m:[36mevaluate_signal[0m | [1m{"event": "trade_approved", "direction": "BUY", "symbol": "Crash 1000 Index", "entry": 5723.633, "sl": 5711.032964285715, "risk_dollars": 99.96868335713549, "lots": 7.934, "tp_count": 1, "last_tp_rr": 5.0, "binding_constraint": "none"}[0m
[32m14:40:58[0m | [1mINFO    [0m | [36mbackend.risk.position_sizer[0m:[36mcalculate_lot_size[0m | [1m[SIZER] Crash 1000 Index: lot=8.116 | risk=$99.97 (1.00%) | source=InstrumentProfile[0m
[32m14:40:58[0m | [1mINFO    [0m | [36mbackend.risk.engine[0m:[36mevaluate_signal[0m | [1m{"event": "trade_approved", "direction": "BUY", "symbol": "Crash 1000 Index", "entry": 5709.6, "sl": 5697.282214285714, "risk_dollars": 99.95883107143415, "lots": 8.116, "tp_count": 1, "last_tp_rr": 5.0, "binding_constraint": "lot_max"}[0m
[32m14:40:58[0m | [1mINFO    [0m | [36mbackend.risk.position_sizer[0m:[36mcalculate_lot_size[0m | [1m[SIZER] Crash 1000 Index: lot=4.894 | risk=$99.97 (1.00%) | source=InstrumentProfile[0m
[32m14:40:58[0m | [1mINFO    [0m | [36mbackend.risk.engine[0m:[36mevaluate_signal[0m | [1m{"event": "trade_approved", "direction": "BUY", "symbol": "Crash 1000 Index", "entry": 5678.744, "sl": 5658.317678571429, "risk_dollars": 99.96641707142696, "lots": 4.894, "tp_count": 1, "last_tp_rr": 5.0, "binding_constraint": "none"}[0m
[32m14:40:58[0m | [1mINFO    [0m | [36mbackend.risk.breakeven_manager[0m:[36mcheck_breakeven[0m | [1mBreak-even triggered: SL 5658.32368 -> 5678.75500[0m
[32m14:40:58[0m | [1mINFO    [0m | [36mbackend.risk.position_sizer[0m:[36mcalculate_lot_size[0m | [1m[SIZER] Crash 1000 Index: lot=3.443 | risk=$99.98 (1.00%) | source=InstrumentProfile[0m
[32m14:40:58[0m | [1mINFO    [0m | [36mbackend.risk.engine[0m:[36mevaluate_signal[0m | [1m{"event": "trade_approved", "direction": "BUY", "symbol": "Crash 1000 Index", "entry": 5769.824, "sl": 5740.7853214285715, "risk_dollars": 99.98017032142707, "lots": 3.443, "tp_count": 1, "last_tp_rr": 5.0, "binding_constraint": "none"}[0m
[32m14:40:58[0m | [1mINFO    [0m | [36mbackend.risk.position_sizer[0m:[36mcalculate_lot_size[0m | [1m[SIZER] Crash 1000 Index: lot=5.48 | risk=$99.97 (1.00%) | source=InstrumentProfile[0m
[32m14:40:58[0m | [1mINFO    [0m | [36mbackend.risk.engine[0m:[36mevaluate_signal[0m | [1m{"event": "trade_approved", "direction": "BUY", "symbol": "Crash 1000 Index", "entry": 5755.608, "sl": 5737.366071428572, "risk_dollars": 99.96576857142882, "lots": 5.48, "tp_count": 1, "last_tp_rr": 5.0, "binding_constraint": "none"}[0m
[32m14:40:58[0m | [1mINFO    [0m | [36mbackend.risk.position_sizer[0m:[36mcalculate_lot_size[0m | [1m[SIZER] Crash 1000 Index: lot=6.692 | risk=$99.98 (1.00%) | source=InstrumentProfile[0m
[32m14:40:58[0m | [1mINFO    [0m | [36mbackend.risk.engine[0m:[36mevaluate_signal[0m | [1m{"event": "trade_approved", "direction": "BUY", "symbol": "Crash 1000 Index", "entry": 5762.485, "sl": 5747.544964285715, "risk_dollars": 99.97871899999477, "lots": 6.692, "tp_count": 1, "last_tp_rr": 5.0, "binding_constraint": "none"}[0m
[32m14:40:58[0m | [1mINFO    [0m | [36mbackend.risk.engine[0m:[36mevaluate_signal[0m | [1mScaling down risk from $100.00 to $31.34 to honor 3.0% daily drawdown.[0m
[32m14:40:58[0m | [1mINFO    [0m | [36mbackend.risk.position_sizer[0m:[36mcalculate_lot_size[0m | [1m[SIZER] Crash 1000 Index: lot=1.241 | risk=$31.31 (0.31%) | source=InstrumentProfile[0m
[32m14:40:58[0m | [1mINFO    [0m | [36mbackend.risk.engine[0m:[36mevaluate_signal[0m | [1m{"event": "trade_approved", "direction": "BUY", "symbol": "Crash 1000 Index", "entry": 5757.362, "sl": 5732.129892857142, "risk_dollars": 31.313044964286515, "lots": 1.241, "tp_count": 1, "last_tp_rr": 5.0, "binding_constraint": "daily_dd"}[0m
[32m14:40:58[0m | [1mINFO    [0m | [36mbackend.risk.breakeven_manager[0m:[36mcheck_breakeven[0m | [1mBreak-even triggered: SL 5732.13089 -> 5757.36800[0m
[32m14:40:58[0m | [1mINFO    [0m | [36mbackend.risk.position_sizer[0m:[36mcalculate_lot_size[0m | [1m[SIZER] Crash 1000 Index: lot=0.388 | risk=$9.98 (0.10%) | source=InstrumentProfile[0m
[32m14:40:58[0m | [1mINFO    [0m | [36mbackend.risk.engine[0m:[36mevaluate_signal[0m | [1m{"event": "trade_approved", "direction": "BUY", "symbol": "Crash 1000 Index", "entry": 5792.314, "sl": 5766.604892857144, "risk_dollars": 9.975133571428415, "lots": 0.388, "tp_count": 1, "last_tp_rr": 5.0, "binding_constraint": "none"}[0m
[32m14:40:58[0m | [1mINFO    [0m | [36mbackend.risk.position_sizer[0m:[36mcalculate_lot_size[0m | [1m[SIZER] Crash 1000 Index: lot=7.219 | risk=$99.97 (1.00%) | source=InstrumentProfile[0m
[32m14:40:58[0m | [1mINFO    [0m | [36mbackend.risk.engine[0m:[36mevaluate_signal[0m | [1m{"event": "trade_approved", "direction": "BUY", "symbol": "Crash 1000 Index", "entry": 5780.318, "sl": 5766.469964285714, "risk_dollars": 99.96896982143207, "lots": 7.219, "tp_count": 1, "last_tp_rr": 5.0, "binding_constraint": "none"}[0m
[32m14:40:58[0m | [1mINFO    [0m | [36mbackend.risk.breakeven_manager[0m:[36mcheck_breakeven[0m | [1mBreak-even triggered: SL 5766.47996 -> 5780.33300[0m
[32m14:40:59[0m | [1mINFO    [0m | [36mbackend.risk.position_sizer[0m:[36mcalculate_lot_size[0m | [1m[SIZER] Crash 1000 Index: lot=3.778 | risk=$99.99 (1.00%) | source=InstrumentProfile[0m
[32m14:40:59[0m | [1mINFO    [0m | [36mbackend.risk.engine[0m:[36mevaluate_signal[0m | [1m{"event": "trade_approved", "direction": "BUY", "symbol": "Crash 1000 Index", "entry": 5876.825, "sl": 5850.359678571429, "risk_dollars": 99.98598435714071, "lots": 3.778, "tp_count": 1, "last_tp_rr": 5.0, "binding_constraint": "none"}[0m
[32m14:40:59[0m | [1mINFO    [0m | [36mbackend.risk.breakeven_manager[0m:[36mcheck_breakeven[0m | [1mBreak-even triggered: SL 5850.36468 -> 5876.83500[0m
[32m14:40:59[0m | [1mINFO    [0m | [36mbackend.risk.position_sizer[0m:[36mcalculate_lot_size[0m | [1m[SIZER] Crash 1000 Index: lot=2.185 | risk=$99.99 (1.00%) | source=InstrumentProfile[0m
[32m14:40:59[0m | [1mINFO    [0m | [36mbackend.risk.engine[0m:[36mevaluate_signal[0m | [1m{"event": "trade_approved", "direction": "BUY", "symbol": "Crash 1000 Index", "entry": 5961.502, "sl": 5915.7420357142855, "risk_dollars": 99.98552196428703, "lots": 2.185, "tp_count": 1, "last_tp_rr": 5.0, "binding_constraint": "none"}[0m
[32m14:40:59[0m | [1mINFO    [0m | [36mbackend.risk.breakeven_manager[0m:[36mcheck_breakeven[0m | [1mBreak-even triggered: SL 5915.75004 -> 5961.51500[0m
[32m14:40:59[0m | [1mINFO    [0m | [36mbackend.risk.position_sizer[0m:[36mcalculate_lot_size[0m | [1m[SIZER] Crash 1000 Index: lot=2.673 | risk=$99.96 (1.00%) | source=InstrumentProfile[0m
[32m14:40:59[0m | [1mINFO    [0m | [36mbackend.risk.engine[0m:[36mevaluate_signal[0m | [1m{"event": "trade_approved", "direction": "BUY", "symbol": "Crash 1000 Index", "entry": 6171.385, "sl": 6133.988892857143, "risk_dollars": 99.95979439285821, "lots": 2.673, "tp_count": 1, "last_tp_rr": 5.0, "binding_constraint": "none"}[0m
[32m14:40:59[0m | [1mINFO    [0m | [36mbackend.risk.position_sizer[0m:[36mcalculate_lot_size[0m | [1m[SIZER] Crash 1000 Index: lot=4.674 | risk=$99.97 (1.00%) | source=InstrumentProfile[0m
[32m14:40:59[0m | [1mINFO    [0m | [36mbackend.risk.engine[0m:[36mevaluate_signal[0m | [1m{"event": "trade_approved", "direction": "BUY", "symbol": "Crash 1000 Index", "entry": 6153.595, "sl": 6132.206035714286, "risk_dollars": 99.9720190714267, "lots": 4.674, "tp_count": 1, "last_tp_rr": 5.0, "binding_constraint": "none"}[0m
[32m14:40:59[0m | [1mINFO    [0m | [36mbackend.risk.position_sizer[0m:[36mcalculate_lot_size[0m | [1m[SIZER] Crash 1000 Index: lot=3.961 | risk=$99.99 (1.00%) | source=InstrumentProfile[0m
[32m14:40:59[0m | [1mINFO    [0m | [36mbackend.risk.engine[0m:[36mevaluate_signal[0m | [1m{"event": "trade_approved", "direction": "BUY", "symbol": "Crash 1000 Index", "entry": 6105.192, "sl": 6079.948892857143, "risk_dollars": 99.96270428571489, "lots": 3.961, "tp_count": 1, "last_tp_rr": 5.0, "binding_constraint": "lot_max"}[0m
[32m14:40:59[0m | [1mINFO    [0m | [36mbackend.risk.position_sizer[0m:[36mcalculate_lot_size[0m | [1m[SIZER] Crash 1000 Index: lot=0.463 | risk=$9.98 (0.10%) | source=InstrumentProfile[0m
[32m14:40:59[0m | [1mINFO    [0m | [36mbackend.risk.engine[0m:[36mevaluate_signal[0m | [1m{"event": "trade_approved", "direction": "BUY", "symbol": "Crash 1000 Index", "entry": 6058.227, "sl": 6036.675392857143, "risk_dollars": 9.978394107142552, "lots": 0.463, "tp_count": 1, "last_tp_rr": 5.0, "binding_constraint": "none"}[0m
[32m14:40:59[0m | [33m[1mWARNING [0m | [36mbackend.strategies.base_strategy[0m:[36mlog_event[0m | [33m[1m[DJA] [Crash 1000 Index] Max consecutive losses (4) reached. Cooldown until 2026-08-31T01:40:59.144925+00:00[0m
[32m14:40:59[0m | [33m[1mWARNING [0m | [36mbackend.services.bot_service[0m:[36m_log_event[0m | [33m[1m[BT-DJA] [Crash 1000 Index] Max consecutive losses (4) reached. Cooldown until 2026-08-31T01:40:59.144925+00:00[0m
[32m14:40:59[0m | [1mINFO    [0m | [36mbackend.risk.position_sizer[0m:[36mcalculate_lot_size[0m | [1m[SIZER] Crash 1000 Index: lot=8.223 | risk=$99.97 (1.00%) | source=InstrumentProfile[0m
[32m14:40:59[0m | [1mINFO    [0m | [36mbackend.risk.engine[0m:[36mevaluate_signal[0m | [1m{"event": "trade_approved", "direction": "BUY", "symbol": "Crash 1000 Index", "entry": 6066.993, "sl": 6054.8361428571425, "risk_dollars": 99.96583628572066, "lots": 8.223, "tp_count": 1, "last_tp_rr": 5.0, "binding_constraint": "none"}[0m
[32m14:40:59[0m | [1mINFO    [0m | [36mbackend.risk.breakeven_manager[0m:[36mcheck_breakeven[0m | [1mBreak-even triggered: SL 6054.83814 -> 6067.00000[0m
[32m14:40:59[0m | [1mINFO    [0m | [36mbackend.risk.position_sizer[0m:[36mcalculate_lot_size[0m | [1m[SIZER] Crash 1000 Index: lot=0.53 | risk=$9.99 (0.10%) | source=InstrumentProfile[0m
[32m14:40:59[0m | [1mINFO    [0m | [36mbackend.risk.engine[0m:[36mevaluate_signal[0m | [1m{"event": "trade_approved", "direction": "BUY", "symbol": "Crash 1000 Index", "entry": 6010.519, "sl": 5991.667142857143, "risk_dollars": 9.991484285714542, "lots": 0.53, "tp_count": 1, "last_tp_rr": 5.0, "binding_constraint": "none"}[0m
[32m14:40:59[0m | [1mINFO    [0m | [36mbackend.risk.position_sizer[0m:[36mcalculate_lot_size[0m | [1m[SIZER] Crash 1000 Index: lot=1.572 | risk=$29.99 (0.30%) | source=InstrumentProfile[0m
[32m14:40:59[0m | [1mINFO    [0m | [36mbackend.risk.engine[0m:[36mevaluate_signal[0m | [1m{"event": "trade_approved", "direction": "BUY", "symbol": "Crash 1000 Index", "entry": 6004.185, "sl": 5985.108, "risk_dollars": 29.989044000000355, "lots": 1.572, "tp_count": 1, "last_tp_rr": 5.0, "binding_constraint": "none"}[0m
[32m14:40:59[0m | [1mINFO    [0m | [36mbackend.risk.position_sizer[0m:[36mcalculate_lot_size[0m | [1m[SIZER] Crash 1000 Index: lot=6.105 | risk=$99.97 (1.00%) | source=InstrumentProfile[0m
[32m14:40:59[0m | [1mINFO    [0m | [36mbackend.risk.engine[0m:[36mevaluate_signal[0m | [1m{"event": "trade_approved", "direction": "BUY", "symbol": "Crash 1000 Index", "entry": 5971.929, "sl": 5955.554142857143, "risk_dollars": 99.9685028571411, "lots": 6.105, "tp_count": 1, "last_tp_rr": 5.0, "binding_constraint": "none"}[0m
[32m14:40:59[0m | [1mINFO    [0m | [36mbackend.risk.breakeven_manager[0m:[36mcheck_breakeven[0m | [1mBreak-even triggered: SL 5955.55614 -> 5971.93600[0m
[32m14:40:59[0m | [1mINFO    [0m | [36mbackend.risk.position_sizer[0m:[36mcalculate_lot_size[0m | [1m[SIZER] Crash 1000 Index: lot=2.874 | risk=$99.98 (1.00%) | source=InstrumentProfile[0m
[32m14:40:59[0m | [1mINFO    [0m | [36mbackend.risk.engine[0m:[36mevaluate_signal[0m | [1m{"event": "trade_approved", "direction": "BUY", "symbol": "Crash 1000 Index", "entry": 5929.503, "sl": 5894.715964285714, "risk_dollars": 99.9779406428568, "lots": 2.874, "tp_count": 1, "last_tp_rr": 5.0, "binding_constraint": "none"}[0m
[32m14:41:00[0m | [1mINFO    [0m | [36mbackend.backtester.report[0m:[36mapply_bar_level_drawdown[0m | [1m[REPORT] max_drawdown_pct corrected from closed-trade basis 13.71% -> bar-level basis 15.98% (abs $1,598.11, 20002 equity points)[0m
[32m14:41:00[0m | [1mINFO    [0m | [36mbackend.backtester.engine[0m:[36mrun[0m | [1m[ENGINE] \u2550\u2550\u2550 Backtest engine complete \u2550\u2550\u2550[0m
[32m14:41:00[0m | [1mINFO    [0m | [36mbackend.backtester.engine[0m:[36mrun[0m | [1m[ENGINE] Trades: 71 (29W / 42L) | Invalid: 0[0m
[32m14:41:00[0m | [1mINFO    [0m | [36mbackend.backtester.engine[0m:[36mrun[0m | [1m[ENGINE] P&L: $417.00 | Final balance: $10417.00[0m
[32m14:41:00[0m | [1mINFO    [0m | [36mbackend.backtester.engine[0m:[36mrun[0m | [1m[ENGINE] Best trade: $499.89 | Worst trade: $-168.67[0m
[32m14:41:00[0m | [1mINFO    [0m | [36mbackend.backtester.engine[0m:[36mrun[0m | [1m[ENGINE] Leg-level hit rates: TP1=11.3% TP2=0.0% TP3=0.0% SL=57.7% BE=21.1% TRAIL=0.0% | max_dd=15.98% (bar-level)[0m
[32m14:41:00[0m | [1mINFO    [0m | [36mbackend.backtester.engine[0m:[36mrun[0m | [1m[ENGINE] Cost model applied: {'CRASH 1000 INDEX': {'slippage_pips': 1.0, 'commission_per_lot': 0.0, 'spread_pips': 2.0, 'swap_long_per_lot_per_day': 0.0, 'swap_short_per_lot_per_day': 0.0, 'stops_level_pips': 2.0, 'exit_slippage_pips': 1.0, 'sources': {'slippage_pips': 'ASSET_CLASS_DEFAULT', 'commission_per_lot': 'ASSET_CLASS_DEFAULT', 'spread_pips': 'ASSET_CLASS_DEFAULT', 'swap_long_per_lot_per_day': 'ASSET_CLASS_DEFAULT', 'swap_short_per_lot_per_day': 'ASSET_CLASS_DEFAULT', 'stops_level_pips': 'ASSET_CLASS_DEFAULT', 'exit_slippage_pips': 'DEFAULT_EQUALS_SLIPPAGE_PIPS'}, 'broker_source': 'ASSET_CLASS_DEFAULT'}}[0m
   25      71     +417.00   no trades
[32m14:41:00[0m | [1mINFO    [0m | [36mbackend.backtester.engine[0m:[36mrun[0m | [1m[ENGINE] \u2550\u2550\u2550 Starting backtest engine \u2550\u2550\u2550[0m
[32m14:41:00[0m | [1mINFO    [0m | [36mbackend.backtester.engine[0m:[36mrun[0m | [1m[ENGINE] Balance: $10000.0 | Signals: 406 | Candles: 20000[0m
[32m14:41:00[0m | [1mINFO    [0m | [36mbackend.backtester.engine[0m:[36mrun[0m | [1m[ENGINE] Risk config: risk_pct=1.0% | min_rr=None | tp_count=1[0m
[32m14:41:00[0m | [1mINFO    [0m | [36mbackend.backtester.engine[0m:[36m_costs_for[0m | [1m[COSTS] Crash 1000 Index | spread=2.00p slippage=1.00p commission=$0.00/lot swap_long=0.0000/lot/day swap_short=0.0000/lot/day stops_level=2.00p | broker_source=ASSET_CLASS_DEFAULT | per-field={'slippage_pips': 'ASSET_CLASS_DEFAULT', 'commission_per_lot': 'ASSET_CLASS_DEFAULT', 'spread_pips': 'ASSET_CLASS_DEFAULT', 'swap_long_per_lot_per_day': 'ASSET_CLASS_DEFAULT', 'swap_short_per_lot_per_day': 'ASSET_CLASS_DEFAULT', 'stops_level_pips': 'ASSET_CLASS_DEFAULT', 'exit_slippage_pips': 'DEFAULT_EQUALS_SLIPPAGE_PIPS'}[0m
C:\Users\ikchr\Documents\AlgoEdge\backend\backtester\engine.py:754: FutureWarning: The behavior of DatetimeProperties.to_pydatetime is deprecated, in a future version this will return a Series containing python datetime objects instead of an ndarray. To retain the old behavior, call `np.array` on the result
  dt_arr = dt_series.dt.to_pydatetime()
[32m14:41:04[0m | [1mINFO    [0m | [36mbackend.risk.position_sizer[0m:[36mcalculate_lot_size[0m | [1m[SIZER] Crash 1000 Index: lot=2.818 | risk=$99.96 (1.00%) | source=InstrumentProfile[0m
[32m14:41:04[0m | [1mINFO    [0m | [36mbackend.risk.engine[0m:[36mevaluate_signal[0m | [1m{"event": "trade_approved", "direction": "BUY", "symbol": "Crash 1000 Index", "entry": 6069.389, "sl": 6033.917035714286, "risk_dollars": 99.95999535714324, "lots": 2.818, "tp_count": 1, "last_tp_rr": 5.0, "binding_constraint": "none"}[0m
[32m14:41:04[0m | [1mINFO    [0m | [36mbackend.risk.position_sizer[0m:[36mcalculate_lot_size[0m | [1m[SIZER] Crash 1000 Index: lot=0.818 | risk=$14.99 (0.15%) | source=InstrumentProfile[0m
[32m14:41:04[0m | [1mINFO    [0m | [36mbackend.risk.engine[0m:[36mevaluate_signal[0m | [1m{"event": "trade_approved", "direction": "BUY", "symbol": "Crash 1000 Index", "entry": 6026.867, "sl": 6008.537142857143, "risk_dollars": 14.97549328571399, "lots": 0.818, "tp_count": 1, "last_tp_rr": 5.0, "binding_constraint": "lot_max"}[0m
[32m14:41:04[0m | [1mINFO    [0m | [36mbackend.risk.position_sizer[0m:[36mcalculate_lot_size[0m | [1m[SIZER] Crash 1000 Index: lot=4.109 | risk=$99.97 (1.00%) | source=InstrumentProfile[0m
[32m14:41:04[0m | [1mINFO    [0m | [36mbackend.risk.engine[0m:[36mevaluate_signal[0m | [1m{"event": "trade_approved", "direction": "BUY", "symbol": "Crash 1000 Index", "entry": 6024.325, "sl": 5999.996321428571, "risk_dollars": 99.9665402500018, "lots": 4.109, "tp_count": 1, "last_tp_rr": 5.0, "binding_constraint": "none"}[0m
[32m14:41:04[0m | [1mINFO    [0m | [36mbackend.risk.position_sizer[0m:[36mcalculate_lot_size[0m | [1m[SIZER] Crash 1000 Index: lot=6.519 | risk=$99.97 (1.00%) | source=InstrumentProfile[0m
[32m14:41:04[0m | [1mINFO    [0m | [36mbackend.risk.engine[0m:[36mevaluate_signal[0m | [1m{"event": "trade_approved", "direction": "BUY", "symbol": "Crash 1000 Index", "entry": 6083.587, "sl": 6068.252035714286, "risk_dollars": 99.96863217857417, "lots": 6.519, "tp_count": 1, "last_tp_rr": 5.0, "binding_constraint": "none"}[0m
[32m14:41:04[0m | [1mINFO    [0m | [36mbackend.risk.breakeven_manager[0m:[36mcheck_breakeven[0m | [1mBreak-even triggered: SL 6068.26004 -> 6083.60000[0m
[32m14:41:04[0m | [1mINFO    [0m | [36mbackend.risk.position_sizer[0m:[36mcalculate_lot_size[0m | [1m[SIZER] Crash 1000 Index: lot=7.529 | risk=$99.98 (1.00%) | source=InstrumentProfile[0m
[32m14:41:04[0m | [1mINFO    [0m | [36mbackend.risk.engine[0m:[36mevaluate_signal[0m | [1m{"event": "trade_approved", "direction": "BUY", "symbol": "Crash 1000 Index", "entry": 5999.904, "sl": 5986.625035714285, "risk_dollars": 99.97732210714913, "lots": 7.529, "tp_count": 1, "last_tp_rr": 5.0, "binding_constraint": "none"}[0m
[32m14:41:04[0m | [1mINFO    [0m | [36mbackend.risk.position_sizer[0m:[36mcalculate_lot_size[0m | [1m[SIZER] Crash 1000 Index: lot=0.769 | risk=$13.99 (0.14%) | source=InstrumentProfile[0m
[32m14:41:04[0m | [1mINFO    [0m | [36mbackend.risk.engine[0m:[36mevaluate_signal[0m | [1m{"event": "trade_approved", "direction": "BUY", "symbol": "Crash 1000 Index", "entry": 5992.267, "sl": 5974.080285714286, "risk_dollars": 13.985583285713764, "lots": 0.769, "tp_count": 1, "last_tp_rr": 5.0, "binding_constraint": "none"}[0m
[32m14:41:04[0m | [1mINFO    [0m | [36mbackend.risk.position_sizer[0m:[36mcalculate_lot_size[0m | [1m[SIZER] Crash 1000 Index: lot=7.595 | risk=$99.96 (1.00%) | source=InstrumentProfile[0m
[32m14:41:04[0m | [1mINFO    [0m | [36mbackend.risk.engine[0m:[36mevaluate_signal[0m | [1m{"event": "trade_approved", "direction": "BUY", "symbol": "Crash 1000 Index", "entry": 5874.2, "sl": 5861.038107142857, "risk_dollars": 99.96457624999688, "lots": 7.595, "tp_count": 1, "last_tp_rr": 5.0, "binding_constraint": "none"}[0m
[32m14:41:04[0m | [1mINFO    [0m | [36mbackend.risk.position_sizer[0m:[36mcalculate_lot_size[0m | [1m[SIZER] Crash 1000 Index: lot=4.52 | risk=$99.99 (1.00%) | source=InstrumentProfile[0m
[32m14:41:04[0m | [1mINFO    [0m | [36mbackend.risk.engine[0m:[36mevaluate_signal[0m | [1m{"event": "trade_approved", "direction": "BUY", "symbol": "Crash 1000 Index", "entry": 5877.433, "sl": 5855.312285714285, "risk_dollars": 99.96350785714479, "lots": 4.52, "tp_count": 1, "last_tp_rr": 5.0, "binding_constraint": "lot_max"}[0m
[32m14:41:04[0m | [1mINFO    [0m | [36mbackend.risk.breakeven_manager[0m:[36mcheck_breakeven[0m | [1mBreak-even triggered: SL 5855.31729 -> 5877.44300[0m
[32m14:41:04[0m | [1mINFO    [0m | [36mbackend.risk.position_sizer[0m:[36mcalculate_lot_size[0m | [1m[SIZER] Crash 1000 Index: lot=1.558 | risk=$99.98 (1.00%) | source=InstrumentProfile[0m
[32m14:41:04[0m | [1mINFO    [0m | [36mbackend.risk.engine[0m:[36mevaluate_signal[0m | [1m{"event": "trade_approved", "direction": "BUY", "symbol": "Crash 1000 Index", "entry": 5992.564, "sl": 5928.392678571428, "risk_dollars": 99.97891878571502, "lots": 1.558, "tp_count": 1, "last_tp_rr": 5.0, "binding_constraint": "none"}[0m
[32m14:41:04[0m | [1mINFO    [0m | [36mbackend.risk.breakeven_manager[0m:[36mcheck_breakeven[0m | [1mBreak-even triggered: SL 5928.39768 -> 5992.57400[0m
[32m14:41:04[0m | [1mINFO    [0m | [36mbackend.risk.position_sizer[0m:[36mcalculate_lot_size[0m | [1m[SIZER] Crash 1000 Index: lot=4.334 | risk=$99.99 (1.00%) | source=InstrumentProfile[0m
[32m14:41:04[0m | [1mINFO    [0m | [36mbackend.risk.engine[0m:[36mevaluate_signal[0m | [1m{"event": "trade_approved", "direction": "BUY", "symbol": "Crash 1000 Index", "entry": 5893.272, "sl": 5870.202035714286, "risk_dollars": 99.96215525000041, "lots": 4.334, "tp_count": 1, "last_tp_rr": 5.0, "binding_constraint": "lot_max"}[0m
[32m14:41:04[0m | [1mINFO    [0m | [36mbackend.risk.breakeven_manager[0m:[36mcheck_breakeven[0m | [1mBreak-even triggered: SL 5870.20804 -> 5893.28300[0m
[32m14:41:04[0m | [1mINFO    [0m | [36mbackend.risk.position_sizer[0m:[36mcalculate_lot_size[0m | [1m[SIZER] Crash 1000 Index: lot=10.0 | risk=$89.53 (0.90%) | source=InstrumentProfile[0m
[32m14:41:04[0m | [1mINFO    [0m | [36mbackend.risk.engine[0m:[36mevaluate_signal[0m | [1m{"event": "trade_approved", "direction": "BUY", "symbol": "Crash 1000 Index", "entry": 5972.699, "sl": 5963.746214285715, "risk_dollars": 89.527857142848, "lots": 10.0, "tp_count": 1, "last_tp_rr": 5.0, "binding_constraint": "lot_max"}[0m
[32m14:41:04[0m | [1mINFO    [0m | [36mbackend.risk.breakeven_manager[0m:[36mcheck_breakeven[0m | [1mBreak-even triggered: SL 5963.74721 -> 5972.70500[0m
[32m14:41:04[0m | [1mINFO    [0m | [36mbackend.risk.position_sizer[0m:[36mcalculate_lot_size[0m | [1m[SIZER] Crash 1000 Index: lot=3.335 | risk=$99.97 (1.00%) | source=InstrumentProfile[0m
[32m14:41:04[0m | [1mINFO    [0m | [36mbackend.risk.engine[0m:[36mevaluate_signal[0m | [1m{"event": "trade_approved", "direction": "BUY", "symbol": "Crash 1000 Index", "entry": 5970.412, "sl": 5940.436785714285, "risk_dollars": 99.9673396428598, "lots": 3.335, "tp_count": 1, "last_tp_rr": 5.0, "binding_constraint": "none"}[0m
[32m14:41:04[0m | [1mINFO    [0m | [36mbackend.risk.position_sizer[0m:[36mcalculate_lot_size[0m | [1m[SIZER] Crash 1000 Index: lot=0.693 | risk=$14.98 (0.15%) | source=InstrumentProfile[0m
[32m14:41:04[0m | [1mINFO    [0m | [36mbackend.risk.engine[0m:[36mevaluate_signal[0m | [1m{"event": "trade_approved", "direction": "BUY", "symbol": "Crash 1000 Index", "entry": 6022.69, "sl": 6001.071857142857, "risk_dollars": 14.959754857142698, "lots": 0.693, "tp_count": 1, "last_tp_rr": 5.0, "binding_constraint": "lot_max"}[0m
[32m14:41:04[0m | [1mINFO    [0m | [36mbackend.risk.position_sizer[0m:[36mcalculate_lot_size[0m | [1m[SIZER] Crash 1000 Index: lot=1.171 | risk=$11.99 (0.12%) | source=InstrumentProfile[0m
[32m14:41:04[0m | [1mINFO    [0m | [36mbackend.risk.engine[0m:[36mevaluate_signal[0m | [1m{"event": "trade_approved", "direction": "BUY", "symbol": "Crash 1000 Index", "entry": 5965.696, "sl": 5955.456357142857, "risk_dollars": 11.99062178571425, "lots": 1.171, "tp_count": 1, "last_tp_rr": 5.0, "binding_constraint": "none"}[0m
[32m14:41:04[0m | [1mINFO    [0m | [36mbackend.risk.position_sizer[0m:[36mcalculate_lot_size[0m | [1m[SIZER] Crash 1000 Index: lot=0.564 | risk=$16.99 (0.17%) | source=InstrumentProfile[0m
[32m14:41:04[0m | [1mINFO    [0m | [36mbackend.risk.engine[0m:[36mevaluate_signal[0m | [1m{"event": "trade_approved", "direction": "BUY", "symbol": "Crash 1000 Index", "entry": 5957.608, "sl": 5927.479285714286, "risk_dollars": 16.962466142857274, "lots": 0.564, "tp_count": 1, "last_tp_rr": 5.0, "binding_constraint": "lot_max"}[0m
[32m14:41:04[0m | [1mINFO    [0m | [36mbackend.risk.breakeven_manager[0m:[36mcheck_breakeven[0m | [1mBreak-even triggered: SL 5927.48629 -> 5957.62000[0m
[32m14:41:05[0m | [1mINFO    [0m | [36mbackend.risk.position_sizer[0m:[36mcalculate_lot_size[0m | [1m[SIZER] Crash 1000 Index: lot=8.886 | risk=$99.96 (1.00%) | source=InstrumentProfile[0m
[32m14:41:05[0m | [1mINFO    [0m | [36mbackend.risk.engine[0m:[36mevaluate_signal[0m | [1m{"event": "trade_approved", "direction": "BUY", "symbol": "Crash 1000 Index", "entry": 5937.681, "sl": 5926.431428571429, "risk_dollars": 99.95244214284943, "lots": 8.886, "tp_count": 1, "last_tp_rr": 5.0, "binding_constraint": "lot_max"}[0m
[32m14:41:05[0m | [1mINFO    [0m | [36mbackend.risk.position_sizer[0m:[36mcalculate_lot_size[0m | [1m[SIZER] Crash 1000 Index: lot=0.601 | risk=$9.99 (0.10%) | source=InstrumentProfile[0m
[32m14:41:05[0m | [1mINFO    [0m | [36mbackend.risk.engine[0m:[36mevaluate_signal[0m | [1m{"event": "trade_approved", "direction": "BUY", "symbol": "Crash 1000 Index", "entry": 5943.046, "sl": 5926.42425, "risk_dollars": 9.989671750000149, "lots": 0.601, "tp_count": 1, "last_tp_rr": 5.0, "binding_constraint": "none"}[0m
[32m14:41:05[0m | [1mINFO    [0m | [36mbackend.risk.position_sizer[0m:[36mcalculate_lot_size[0m | [1m[SIZER] Crash 1000 Index: lot=3.551 | risk=$99.97 (1.00%) | source=InstrumentProfile[0m
[32m14:41:05[0m | [1mINFO    [0m | [36mbackend.risk.engine[0m:[36mevaluate_signal[0m | [1m{"event": "trade_approved", "direction": "BUY", "symbol": "Crash 1000 Index", "entry": 5898.688, "sl": 5870.535964285715, "risk_dollars": 99.96787882142738, "lots": 3.551, "tp_count": 1, "last_tp_rr": 5.0, "binding_constraint": "none"}[0m
[32m14:41:05[0m | [1mINFO    [0m | [36mbackend.risk.position_sizer[0m:[36mcalculate_lot_size[0m | [1m[SIZER] Crash 1000 Index: lot=6.824 | risk=$99.97 (1.00%) | source=InstrumentProfile[0m
[32m14:41:05[0m | [1mINFO    [0m | [36mbackend.risk.engine[0m:[36mevaluate_signal[0m | [1m{"event": "trade_approved", "direction": "BUY", "symbol": "Crash 1000 Index", "entry": 5872.819, "sl": 5858.1695, "risk_dollars": 99.96818800000302, "lots": 6.824, "tp_count": 1, "last_tp_rr": 5.0, "binding_constraint": "none"}[0m
[32m14:41:05[0m | [33m[1mWARNING [0m | [36mbackend.strategies.base_strategy[0m:[36mlog_event[0m | [33m[1m[DJA] [Crash 1000 Index] Max consecutive losses (4) reached. Cooldown until 2026-08-31T01:41:05.056574+00:00[0m
[32m14:41:05[0m | [33m[1mWARNING [0m | [36mbackend.services.bot_service[0m:[36m_log_event[0m | [33m[1m[BT-DJA] [Crash 1000 Index] Max consecutive losses (4) reached. Cooldown until 2026-08-31T01:41:05.056574+00:00[0m
[32m14:41:05[0m | [1mINFO    [0m | [36mbackend.risk.position_sizer[0m:[36mcalculate_lot_size[0m | [1m[SIZER] Crash 1000 Index: lot=5.49 | risk=$99.97 (1.00%) | source=InstrumentProfile[0m
[32m14:41:05[0m | [1mINFO    [0m | [36mbackend.risk.engine[0m:[36mevaluate_signal[0m | [1m{"event": "trade_approved", "direction": "BUY", "symbol": "Crash 1000 Index", "entry": 5883.534, "sl": 5865.324, "risk_dollars": 99.97290000000021, "lots": 5.49, "tp_count": 1, "last_tp_rr": 5.0, "binding_constraint": "none"}[0m
[32m14:41:05[0m | [33m[1mWARNING [0m | [36mbackend.strategies.base_strategy[0m:[36mlog_event[0m | [33m[1m[DJA] [Crash 1000 Index] Max consecutive losses (5) reached. Cooldown until 2026-08-31T01:41:05.069636+00:00[0m
[32m14:41:05[0m | [33m[1mWARNING [0m | [36mbackend.services.bot_service[0m:[36m_log_event[0m | [33m[1m[BT-DJA] [Crash 1000 Index] Max consecutive losses (5) reached. Cooldown until 2026-08-31T01:41:05.069636+00:00[0m
[32m14:41:05[0m | [1mINFO    [0m | [36mbackend.risk.position_sizer[0m:[36mcalculate_lot_size[0m | [1m[SIZER] Crash 1000 Index: lot=0.644 | risk=$9.98 (0.10%) | source=InstrumentProfile[0m
[32m14:41:05[0m | [1mINFO    [0m | [36mbackend.risk.engine[0m:[36mevaluate_signal[0m | [1m{"event": "trade_approved", "direction": "BUY", "symbol": "Crash 1000 Index", "entry": 5856.723, "sl": 5841.221285714286, "risk_dollars": 9.98310399999989, "lots": 0.644, "tp_count": 1, "last_tp_rr": 5.0, "binding_constraint": "none"}[0m
[32m14:41:05[0m | [1mINFO    [0m | [36mbackend.risk.breakeven_manager[0m:[36mcheck_breakeven[0m | [1mBreak-even triggered: SL 5841.22429 -> 5856.73100[0m
[32m14:41:05[0m | [1mINFO    [0m | [36mbackend.risk.position_sizer[0m:[36mcalculate_lot_size[0m | [1m[SIZER] Crash 1000 Index: lot=5.492 | risk=$99.97 (1.00%) | source=InstrumentProfile[0m
[32m14:41:05[0m | [1mINFO    [0m | [36mbackend.risk.engine[0m:[36mevaluate_signal[0m | [1m{"event": "trade_approved", "direction": "BUY", "symbol": "Crash 1000 Index", "entry": 5870.562, "sl": 5852.3596071428565, "risk_dollars": 99.96754157143168, "lots": 5.492, "tp_count": 1, "last_tp_rr": 5.0, "binding_constraint": "none"}[0m
[32m14:41:05[0m | [1mINFO    [0m | [36mbackend.risk.breakeven_manager[0m:[36mcheck_breakeven[0m | [1mBreak-even triggered: SL 5852.36461 -> 5870.57200[0m
[32m14:41:05[0m | [1mINFO    [0m | [36mbackend.risk.position_sizer[0m:[36mcalculate_lot_size[0m | [1m[SIZER] Crash 1000 Index: lot=2.569 | risk=$99.96 (1.00%) | source=InstrumentProfile[0m
[32m14:41:05[0m | [1mINFO    [0m | [36mbackend.risk.engine[0m:[36mevaluate_signal[0m | [1m{"event": "trade_approved", "direction": "BUY", "symbol": "Crash 1000 Index", "entry": 5899.863, "sl": 5860.953107142856, "risk_dollars": 99.95951475000257, "lots": 2.569, "tp_count": 1, "last_tp_rr": 5.0, "binding_constraint": "none"}[0m
[32m14:41:05[0m | [1mINFO    [0m | [36mbackend.risk.position_sizer[0m:[36mcalculate_lot_size[0m | [1m[SIZER] Crash 1000 Index: lot=5.628 | risk=$99.98 (1.00%) | source=InstrumentProfile[0m
[32m14:41:05[0m | [1mINFO    [0m | [36mbackend.risk.engine[0m:[36mevaluate_signal[0m | [1m{"event": "trade_approved", "direction": "BUY", "symbol": "Crash 1000 Index", "entry": 5802.222, "sl": 5784.457714285714, "risk_dollars": 99.97739999999884, "lots": 5.628, "tp_count": 1, "last_tp_rr": 5.0, "binding_constraint": "none"}[0m
[32m14:41:05[0m | [1mINFO    [0m | [36mbackend.risk.breakeven_manager[0m:[36mcheck_breakeven[0m | [1mBreak-even triggered: SL 5784.46071 -> 5802.23000[0m
[32m14:41:05[0m | [1mINFO    [0m | [36mbackend.risk.position_sizer[0m:[36mcalculate_lot_size[0m | [1m[SIZER] Crash 1000 Index: lot=4.889 | risk=$99.98 (1.00%) | source=InstrumentProfile[0m
[32m14:41:05[0m | [1mINFO    [0m | [36mbackend.risk.engine[0m:[36mevaluate_signal[0m | [1m{"event": "trade_approved", "direction": "BUY", "symbol": "Crash 1000 Index", "entry": 5879.574, "sl": 5859.123857142858, "risk_dollars": 99.98074842856751, "lots": 4.889, "tp_count": 1, "last_tp_rr": 5.0, "binding_constraint": "none"}[0m
[32m14:41:05[0m | [1mINFO    [0m | [36mbackend.risk.breakeven_manager[0m:[36mcheck_breakeven[0m | [1mBreak-even triggered: SL 5859.12686 -> 5879.58200[0m
[32m14:41:05[0m | [1mINFO    [0m | [36mbackend.risk.position_sizer[0m:[36mcalculate_lot_size[0m | [1m[SIZER] Crash 1000 Index: lot=1.588 | risk=$99.95 (1.00%) | source=InstrumentProfile[0m
[32m14:41:05[0m | [1mINFO    [0m | [36mbackend.risk.engine[0m:[36mevaluate_signal[0m | [1m{"event": "trade_approved", "direction": "BUY", "symbol": "Crash 1000 Index", "entry": 5979.627, "sl": 5916.688071428572, "risk_dollars": 99.94701857142883, "lots": 1.588, "tp_count": 1, "last_tp_rr": 5.0, "binding_constraint": "none"}[0m
[32m14:41:05[0m | [1mINFO    [0m | [36mbackend.risk.position_sizer[0m:[36mcalculate_lot_size[0m | [1m[SIZER] Crash 1000 Index: lot=0.481 | risk=$9.98 (0.10%) | source=InstrumentProfile[0m
[32m14:41:05[0m | [1mINFO    [0m | [36mbackend.risk.engine[0m:[36mevaluate_signal[0m | [1m{"event": "trade_approved", "direction": "BUY", "symbol": "Crash 1000 Index", "entry": 5902.565, "sl": 5881.81875, "risk_dollars": 9.978946249999632, "lots": 0.481, "tp_count": 1, "last_tp_rr": 5.0, "binding_constraint": "none"}[0m
[32m14:41:05[0m | [1mINFO    [0m | [36mbackend.risk.breakeven_manager[0m:[36mcheck_breakeven[0m | [1mBreak-even triggered: SL 5881.82075 -> 5902.57200[0m
[32m14:41:05[0m | [1mINFO    [0m | [36mbackend.risk.position_sizer[0m:[36mcalculate_lot_size[0m | [1m[SIZER] Crash 1000 Index: lot=2.872 | risk=$99.99 (1.00%) | source=InstrumentProfile[0m
[32m14:41:05[0m | [1mINFO    [0m | [36mbackend.risk.engine[0m:[36mevaluate_signal[0m | [1m{"event": "trade_approved", "direction": "BUY", "symbol": "Crash 1000 Index", "entry": 6045.202, "sl": 6010.386142857144, "risk_dollars": 99.99114171428431, "lots": 2.872, "tp_count": 1, "last_tp_rr": 5.0, "binding_constraint": "none"}[0m
[32m14:41:05[0m | [1mINFO    [0m | [36mbackend.risk.breakeven_manager[0m:[36mcheck_breakeven[0m | [1mBreak-even triggered: SL 6010.39014 -> 6045.21100[0m
[32m14:41:05[0m | [1mINFO    [0m | [36mbackend.risk.position_sizer[0m:[36mcalculate_lot_size[0m | [1m[SIZER] Crash 1000 Index: lot=2.896 | risk=$99.98 (1.00%) | source=InstrumentProfile[0m
[32m14:41:05[0m | [1mINFO    [0m | [36mbackend.risk.engine[0m:[36mevaluate_signal[0m | [1m{"event": "trade_approved", "direction": "BUY", "symbol": "Crash 1000 Index", "entry": 6004.341, "sl": 5969.816535714285, "risk_dollars": 99.98284857143096, "lots": 2.896, "tp_count": 1, "last_tp_rr": 5.0, "binding_constraint": "none"}[0m
[32m14:41:05[0m | [1mINFO    [0m | [36mbackend.risk.breakeven_manager[0m:[36mcheck_breakeven[0m | [1mBreak-even triggered: SL 5969.82154 -> 6004.35100[0m
[32m14:41:05[0m | [1mINFO    [0m | [36mbackend.risk.position_sizer[0m:[36mcalculate_lot_size[0m | [1m[SIZER] Crash 1000 Index: lot=3.556 | risk=$99.97 (1.00%) | source=InstrumentProfile[0m
[32m14:41:05[0m | [1mINFO    [0m | [36mbackend.risk.engine[0m:[36mevaluate_signal[0m | [1m{"event": "trade_approved", "direction": "BUY", "symbol": "Crash 1000 Index", "entry": 5823.74, "sl": 5795.625928571428, "risk_dollars": 99.97363800000225, "lots": 3.556, "tp_count": 1, "last_tp_rr": 5.0, "binding_constraint": "none"}[0m
[32m14:41:05[0m | [1mINFO    [0m | [36mbackend.risk.position_sizer[0m:[36mcalculate_lot_size[0m | [1m[SIZER] Crash 1000 Index: lot=2.269 | risk=$99.98 (1.00%) | source=InstrumentProfile[0m
[32m14:41:05[0m | [1mINFO    [0m | [36mbackend.risk.engine[0m:[36mevaluate_signal[0m | [1m{"event": "trade_approved", "direction": "BUY", "symbol": "Crash 1000 Index", "entry": 5756.405, "sl": 5712.3429642857145, "risk_dollars": 99.97675903571319, "lots": 2.269, "tp_count": 1, "last_tp_rr": 5.0, "binding_constraint": "none"}[0m
[32m14:41:05[0m | [1mINFO    [0m | [36mbackend.risk.position_sizer[0m:[36mcalculate_lot_size[0m | [1m[SIZER] Crash 1000 Index: lot=0.569 | risk=$9.98 (0.10%) | source=InstrumentProfile[0m
[32m14:41:05[0m | [1mINFO    [0m | [36mbackend.risk.engine[0m:[36mevaluate_signal[0m | [1m{"event": "trade_approved", "direction": "BUY", "symbol": "Crash 1000 Index", "entry": 5717.903, "sl": 5700.359714285714, "risk_dollars": 9.964586285714423, "lots": 0.569, "tp_count": 1, "last_tp_rr": 5.0, "binding_constraint": "lot_max"}[0m
[32m14:41:05[0m | [1mINFO    [0m | [36mbackend.risk.breakeven_manager[0m:[36mcheck_breakeven[0m | [1mBreak-even triggered: SL 5700.37771 -> 5717.92600[0m
[32m14:41:05[0m | [1mINFO    [0m | [36mbackend.risk.position_sizer[0m:[36mcalculate_lot_size[0m | [1m[SIZER] Crash 1000 Index: lot=1.144 | risk=$18.99 (0.19%) | source=InstrumentProfile[0m
[32m14:41:05[0m | [1mINFO    [0m | [36mbackend.risk.engine[0m:[36mevaluate_signal[0m | [1m{"event": "trade_approved", "direction": "BUY", "symbol": "Crash 1000 Index", "entry": 5747.799, "sl": 5731.2005714285715, "risk_dollars": 18.97200385714276, "lots": 1.144, "tp_count": 1, "last_tp_rr": 5.0, "binding_constraint": "lot_max"}[0m
[32m14:41:05[0m | [1mINFO    [0m | [36mbackend.risk.breakeven_manager[0m:[36mcheck_breakeven[0m | [1mBreak-even triggered: SL 5731.20757 -> 5747.81100[0m
[32m14:41:05[0m | [1mINFO    [0m | [36mbackend.risk.position_sizer[0m:[36mcalculate_lot_size[0m | [1m[SIZER] Crash 1000 Index: lot=3.293 | risk=$99.97 (1.00%) | source=InstrumentProfile[0m
[32m14:41:05[0m | [1mINFO    [0m | [36mbackend.risk.engine[0m:[36mevaluate_signal[0m | [1m{"event": "trade_approved", "direction": "BUY", "symbol": "Crash 1000 Index", "entry": 5742.742, "sl": 5712.384749999999, "risk_dollars": 99.96642425000307, "lots": 3.293, "tp_count": 1, "last_tp_rr": 5.0, "binding_constraint": "none"}[0m
[32m14:41:05[0m | [1mINFO    [0m | [36mbackend.risk.position_sizer[0m:[36mcalculate_lot_size[0m | [1m[SIZER] Crash 1000 Index: lot=7.849 | risk=$99.98 (1.00%) | source=InstrumentProfile[0m
[32m14:41:05[0m | [1mINFO    [0m | [36mbackend.risk.engine[0m:[36mevaluate_signal[0m | [1m{"event": "trade_approved", "direction": "BUY", "symbol": "Crash 1000 Index", "entry": 5739.117, "sl": 5726.379535714285, "risk_dollars": 99.97635717857587, "lots": 7.849, "tp_count": 1, "last_tp_rr": 5.0, "binding_constraint": "none"}[0m
[32m14:41:05[0m | [1mINFO    [0m | [36mbackend.risk.position_sizer[0m:[36mcalculate_lot_size[0m | [1m[SIZER] Crash 1000 Index: lot=8.64 | risk=$99.97 (1.00%) | source=InstrumentProfile[0m
[32m14:41:05[0m | [1mINFO    [0m | [36mbackend.risk.engine[0m:[36mevaluate_signal[0m | [1m{"event": "trade_approved", "direction": "BUY", "symbol": "Crash 1000 Index", "entry": 5773.301, "sl": 5761.730071428571, "risk_dollars": 99.97282285714871, "lots": 8.64, "tp_count": 1, "last_tp_rr": 5.0, "binding_constraint": "none"}[0m
[32m14:41:05[0m | [1mINFO    [0m | [36mbackend.risk.position_sizer[0m:[36mcalculate_lot_size[0m | [1m[SIZER] Crash 1000 Index: lot=5.776 | risk=$99.97 (1.00%) | source=InstrumentProfile[0m
[32m14:41:05[0m | [1mINFO    [0m | [36mbackend.risk.engine[0m:[36mevaluate_signal[0m | [1m{"event": "trade_approved", "direction": "BUY", "symbol": "Crash 1000 Index", "entry": 5752.354, "sl": 5735.046357142857, "risk_dollars": 99.96894514285817, "lots": 5.776, "tp_count": 1, "last_tp_rr": 5.0, "binding_constraint": "none"}[0m
[32m14:41:05[0m | [33m[1mWARNING [0m | [36mbackend.strategies.base_strategy[0m:[36mlog_event[0m | [33m[1m[DJA] [Crash 1000 Index] Max consecutive losses (4) reached. Cooldown until 2026-08-31T01:41:05.373651+00:00[0m
[32m14:41:05[0m | [33m[1mWARNING [0m | [36mbackend.services.bot_service[0m:[36m_log_event[0m | [33m[1m[BT-DJA] [Crash 1000 Index] Max consecutive losses (4) reached. Cooldown until 2026-08-31T01:41:05.373651+00:00[0m
[32m14:41:05[0m | [1mINFO    [0m | [36mbackend.risk.position_sizer[0m:[36mcalculate_lot_size[0m | [1m[SIZER] Crash 1000 Index: lot=8.884 | risk=$99.97 (1.00%) | source=InstrumentProfile[0m
[32m14:41:05[0m | [1mINFO    [0m | [36mbackend.risk.engine[0m:[36mevaluate_signal[0m | [1m{"event": "trade_approved", "direction": "BUY", "symbol": "Crash 1000 Index", "entry": 5766.316, "sl": 5755.0629285714285, "risk_dollars": 99.9722865714272, "lots": 8.884, "tp_count": 1, "last_tp_rr": 5.0, "binding_constraint": "none"}[0m
[32m14:41:05[0m | [33m[1mWARNING [0m | [36mbackend.strategies.base_strategy[0m:[36mlog_event[0m | [33m[1m[DJA] [Crash 1000 Index] Max consecutive losses (5) reached. Cooldown until 2026-08-31T01:41:05.389376+00:00[0m
[32m14:41:05[0m | [33m[1mWARNING [0m | [36mbackend.services.bot_service[0m:[36m_log_event[0m | [33m[1m[BT-DJA] [Crash 1000 Index] Max consecutive losses (5) reached. Cooldown until 2026-08-31T01:41:05.389376+00:00[0m
[32m14:41:05[0m | [1mINFO    [0m | [36mbackend.risk.position_sizer[0m:[36mcalculate_lot_size[0m | [1m[SIZER] Crash 1000 Index: lot=3.823 | risk=$99.99 (1.00%) | source=InstrumentProfile[0m
[32m14:41:05[0m | [1mINFO    [0m | [36mbackend.risk.engine[0m:[36mevaluate_signal[0m | [1m{"event": "trade_approved", "direction": "BUY", "symbol": "Crash 1000 Index", "entry": 5767.676, "sl": 5741.522, "risk_dollars": 99.98674200000173, "lots": 3.823, "tp_count": 1, "last_tp_rr": 5.0, "binding_constraint": "none"}[0m
[32m14:41:05[0m | [1mINFO    [0m | [36mbackend.risk.breakeven_manager[0m:[36mcheck_breakeven[0m | [1mBreak-even triggered: SL 5741.52900 -> 5767.68800[0m
[32m14:41:05[0m | [1mINFO    [0m | [36mbackend.risk.position_sizer[0m:[36mcalculate_lot_size[0m | [1m[SIZER] Crash 1000 Index: lot=3.198 | risk=$99.97 (1.00%) | source=InstrumentProfile[0m
[32m14:41:05[0m | [1mINFO    [0m | [36mbackend.risk.engine[0m:[36mevaluate_signal[0m | [1m{"event": "trade_approved", "direction": "BUY", "symbol": "Crash 1000 Index", "entry": 5783.915, "sl": 5752.6552142857145, "risk_dollars": 99.96879471428502, "lots": 3.198, "tp_count": 1, "last_tp_rr": 5.0, "binding_constraint": "none"}[0m
[32m14:41:05[0m | [1mINFO    [0m | [36mbackend.risk.position_sizer[0m:[36mcalculate_lot_size[0m | [1m[SIZER] Crash 1000 Index: lot=9.937 | risk=$99.96 (1.00%) | source=InstrumentProfile[0m
[32m14:41:05[0m | [1mINFO    [0m | [36mbackend.risk.engine[0m:[36mevaluate_signal[0m | [1m{"event": "trade_approved", "direction": "BUY", "symbol": "Crash 1000 Index", "entry": 5603.428, "sl": 5593.368285714286, "risk_dollars": 99.96338085714109, "lots": 9.937, "tp_count": 1, "last_tp_rr": 5.0, "binding_constraint": "none"}[0m
[32m14:41:05[0m | [1mINFO    [0m | [36mbackend.risk.position_sizer[0m:[36mcalculate_lot_size[0m | [1m[SIZER] Crash 1000 Index: lot=0.592 | risk=$10.00 (0.10%) | source=InstrumentProfile[0m
[32m14:41:05[0m | [1mINFO    [0m | [36mbackend.risk.engine[0m:[36mevaluate_signal[0m | [1m{"event": "trade_approved", "direction": "BUY", "symbol": "Crash 1000 Index", "entry": 5644.468, "sl": 5627.579928571428, "risk_dollars": 9.997738285714323, "lots": 0.592, "tp_count": 1, "last_tp_rr": 5.0, "binding_constraint": "none"}[0m
[32m14:41:05[0m | [1mINFO    [0m | [36mbackend.risk.breakeven_manager[0m:[36mcheck_breakeven[0m | [1mBreak-even triggered: SL 5627.58593 -> 5644.47900[0m
[32m14:41:05[0m | [1mINFO    [0m | [36mbackend.risk.position_sizer[0m:[36mcalculate_lot_size[0m | [1m[SIZER] Crash 1000 Index: lot=7.737 | risk=$99.97 (1.00%) | source=InstrumentProfile[0m
[32m14:41:05[0m | [1mINFO    [0m | [36mbackend.risk.engine[0m:[36mevaluate_signal[0m | [1m{"event": "trade_approved", "direction": "BUY", "symbol": "Crash 1000 Index", "entry": 5765.576, "sl": 5752.655035714285, "risk_dollars": 99.96950067857652, "lots": 7.737, "tp_count": 1, "last_tp_rr": 5.0, "binding_constraint": "none"}[0m
[32m14:41:05[0m | [1mINFO    [0m | [36mbackend.risk.position_sizer[0m:[36mcalculate_lot_size[0m | [1m[SIZER] Crash 1000 Index: lot=1.85 | risk=$99.95 (1.00%) | source=InstrumentProfile[0m
[32m14:41:05[0m | [1mINFO    [0m | [36mbackend.risk.engine[0m:[36mevaluate_signal[0m | [1m{"event": "trade_approved", "direction": "BUY", "symbol": "Crash 1000 Index", "entry": 5724.142, "sl": 5670.116821428572, "risk_dollars": 99.94658035714201, "lots": 1.85, "tp_count": 1, "last_tp_rr": 5.0, "binding_constraint": "none"}[0m
[32m14:41:05[0m | [1mINFO    [0m | [36mbackend.risk.breakeven_manager[0m:[36mcheck_breakeven[0m | [1mBreak-even triggered: SL 5670.12082 -> 5724.15100[0m
[32m14:41:05[0m | [1mINFO    [0m | [36mbackend.risk.position_sizer[0m:[36mcalculate_lot_size[0m | [1m[SIZER] Crash 1000 Index: lot=4.309 | risk=$99.99 (1.00%) | source=InstrumentProfile[0m
[32m14:41:05[0m | [1mINFO    [0m | [36mbackend.risk.engine[0m:[36mevaluate_signal[0m | [1m{"event": "trade_approved", "direction": "BUY", "symbol": "Crash 1000 Index", "entry": 5718.594, "sl": 5695.389964285714, "risk_dollars": 99.98618989285822, "lots": 4.309, "tp_count": 1, "last_tp_rr": 5.0, "binding_constraint": "none"}[0m
[32m14:41:05[0m | [1mINFO    [0m | [36mbackend.risk.breakeven_manager[0m:[36mcheck_breakeven[0m | [1mBreak-even triggered: SL 5695.39396 -> 5718.60300[0m
[32m14:41:05[0m | [1mINFO    [0m | [36mbackend.risk.position_sizer[0m:[36mcalculate_lot_size[0m | [1m[SIZER] Crash 1000 Index: lot=1.696 | risk=$99.97 (1.00%) | source=InstrumentProfile[0m
[32m14:41:05[0m | [1mINFO    [0m | [36mbackend.risk.engine[0m:[36mevaluate_signal[0m | [1m{"event": "trade_approved", "direction": "BUY", "symbol": "Crash 1000 Index", "entry": 5778.542, "sl": 5719.600071428572, "risk_dollars": 99.96551085714262, "lots": 1.696, "tp_count": 1, "last_tp_rr": 5.0, "binding_constraint": "none"}[0m
[32m14:41:05[0m | [1mINFO    [0m | [36mbackend.risk.position_sizer[0m:[36mcalculate_lot_size[0m | [1m[SIZER] Crash 1000 Index: lot=3.838 | risk=$99.97 (1.00%) | source=InstrumentProfile[0m
[32m14:41:05[0m | [1mINFO    [0m | [36mbackend.risk.engine[0m:[36mevaluate_signal[0m | [1m{"event": "trade_approved", "direction": "BUY", "symbol": "Crash 1000 Index", "entry": 5737.416, "sl": 5711.3691071428575, "risk_dollars": 99.96797478571355, "lots": 3.838, "tp_count": 1, "last_tp_rr": 5.0, "binding_constraint": "none"}[0m
[32m14:41:05[0m | [1mINFO    [0m | [36mbackend.risk.breakeven_manager[0m:[36mcheck_breakeven[0m | [1mBreak-even triggered: SL 5711.37011 -> 5737.42200[0m
[32m14:41:05[0m | [1mINFO    [0m | [36mbackend.risk.position_sizer[0m:[36mcalculate_lot_size[0m | [1m[SIZER] Crash 1000 Index: lot=4.425 | risk=$99.97 (1.00%) | source=InstrumentProfile[0m
[32m14:41:05[0m | [1mINFO    [0m | [36mbackend.risk.engine[0m:[36mevaluate_signal[0m | [1m{"event": "trade_approved", "direction": "BUY", "symbol": "Crash 1000 Index", "entry": 5700.054, "sl": 5677.460999999999, "risk_dollars": 99.97402500000335, "lots": 4.425, "tp_count": 1, "last_tp_rr": 5.0, "binding_constraint": "none"}[0m
[32m14:41:05[0m | [1mINFO    [0m | [36mbackend.risk.position_sizer[0m:[36mcalculate_lot_size[0m | [1m[SIZER] Crash 1000 Index: lot=5.735 | risk=$99.98 (1.00%) | source=InstrumentProfile[0m
[32m14:41:05[0m | [1mINFO    [0m | [36mbackend.risk.engine[0m:[36mevaluate_signal[0m | [1m{"event": "trade_approved", "direction": "BUY", "symbol": "Crash 1000 Index", "entry": 5694.023, "sl": 5676.590071428571, "risk_dollars": 99.9778453571472, "lots": 5.735, "tp_count": 1, "last_tp_rr": 5.0, "binding_constraint": "none"}[0m
[32m14:41:05[0m | [1mINFO    [0m | [36mbackend.risk.position_sizer[0m:[36mcalculate_lot_size[0m | [1m[SIZER] Crash 1000 Index: lot=3.384 | risk=$99.97 (1.00%) | source=InstrumentProfile[0m
[32m14:41:05[0m | [1mINFO    [0m | [36mbackend.risk.engine[0m:[36mevaluate_signal[0m | [1m{"event": "trade_approved", "direction": "BUY", "symbol": "Crash 1000 Index", "entry": 5644.264, "sl": 5614.722142857142, "risk_dollars": 99.96964457143193, "lots": 3.384, "tp_count": 1, "last_tp_rr": 5.0, "binding_constraint": "none"}[0m
[32m14:41:05[0m | [1mINFO    [0m | [36mbackend.risk.position_sizer[0m:[36mcalculate_lot_size[0m | [1m[SIZER] Crash 1000 Index: lot=1.357 | risk=$99.93 (1.00%) | source=InstrumentProfile[0m
[32m14:41:05[0m | [1mINFO    [0m | [36mbackend.risk.engine[0m:[36mevaluate_signal[0m | [1m{"event": "trade_approved", "direction": "BUY", "symbol": "Crash 1000 Index", "entry": 5619.765, "sl": 5546.12275, "risk_dollars": 99.93253324999984, "lots": 1.357, "tp_count": 1, "last_tp_rr": 5.0, "binding_constraint": "none"}[0m
[32m14:41:05[0m | [1mINFO    [0m | [36mbackend.risk.breakeven_manager[0m:[36mcheck_breakeven[0m | [1mBreak-even triggered: SL 5546.12775 -> 5619.77500[0m
[32m14:41:05[0m | [1mINFO    [0m | [36mbackend.risk.position_sizer[0m:[36mcalculate_lot_size[0m | [1m[SIZER] Crash 1000 Index: lot=7.934 | risk=$99.97 (1.00%) | source=InstrumentProfile[0m
[32m14:41:05[0m | [1mINFO    [0m | [36mbackend.risk.engine[0m:[36mevaluate_signal[0m | [1m{"event": "trade_approved", "direction": "BUY", "symbol": "Crash 1000 Index", "entry": 5723.633, "sl": 5711.032964285715, "risk_dollars": 99.96868335713549, "lots": 7.934, "tp_count": 1, "last_tp_rr": 5.0, "binding_constraint": "none"}[0m
[32m14:41:05[0m | [1mINFO    [0m | [36mbackend.risk.position_sizer[0m:[36mcalculate_lot_size[0m | [1m[SIZER] Crash 1000 Index: lot=8.116 | risk=$99.97 (1.00%) | source=InstrumentProfile[0m
[32m14:41:05[0m | [1mINFO    [0m | [36mbackend.risk.engine[0m:[36mevaluate_signal[0m | [1m{"event": "trade_approved", "direction": "BUY", "symbol": "Crash 1000 Index", "entry": 5709.6, "sl": 5697.282214285714, "risk_dollars": 99.95883107143415, "lots": 8.116, "tp_count": 1, "last_tp_rr": 5.0, "binding_constraint": "lot_max"}[0m
[32m14:41:05[0m | [1mINFO    [0m | [36mbackend.risk.position_sizer[0m:[36mcalculate_lot_size[0m | [1m[SIZER] Crash 1000 Index: lot=4.894 | risk=$99.97 (1.00%) | source=InstrumentProfile[0m
[32m14:41:05[0m | [1mINFO    [0m | [36mbackend.risk.engine[0m:[36mevaluate_signal[0m | [1m{"event": "trade_approved", "direction": "BUY", "symbol": "Crash 1000 Index", "entry": 5678.744, "sl": 5658.317678571429, "risk_dollars": 99.96641707142696, "lots": 4.894, "tp_count": 1, "last_tp_rr": 5.0, "binding_constraint": "none"}[0m
[32m14:41:05[0m | [1mINFO    [0m | [36mbackend.risk.breakeven_manager[0m:[36mcheck_breakeven[0m | [1mBreak-even triggered: SL 5658.32368 -> 5678.75500[0m
[32m14:41:05[0m | [1mINFO    [0m | [36mbackend.risk.position_sizer[0m:[36mcalculate_lot_size[0m | [1m[SIZER] Crash 1000 Index: lot=3.443 | risk=$99.98 (1.00%) | source=InstrumentProfile[0m
[32m14:41:05[0m | [1mINFO    [0m | [36mbackend.risk.engine[0m:[36mevaluate_signal[0m | [1m{"event": "trade_approved", "direction": "BUY", "symbol": "Crash 1000 Index", "entry": 5769.824, "sl": 5740.7853214285715, "risk_dollars": 99.98017032142707, "lots": 3.443, "tp_count": 1, "last_tp_rr": 5.0, "binding_constraint": "none"}[0m
[32m14:41:05[0m | [1mINFO    [0m | [36mbackend.risk.position_sizer[0m:[36mcalculate_lot_size[0m | [1m[SIZER] Crash 1000 Index: lot=5.48 | risk=$99.97 (1.00%) | source=InstrumentProfile[0m
[32m14:41:05[0m | [1mINFO    [0m | [36mbackend.risk.engine[0m:[36mevaluate_signal[0m | [1m{"event": "trade_approved", "direction": "BUY", "symbol": "Crash 1000 Index", "entry": 5755.608, "sl": 5737.366071428572, "risk_dollars": 99.96576857142882, "lots": 5.48, "tp_count": 1, "last_tp_rr": 5.0, "binding_constraint": "none"}[0m
[32m14:41:05[0m | [1mINFO    [0m | [36mbackend.risk.position_sizer[0m:[36mcalculate_lot_size[0m | [1m[SIZER] Crash 1000 Index: lot=6.692 | risk=$99.98 (1.00%) | source=InstrumentProfile[0m
[32m14:41:05[0m | [1mINFO    [0m | [36mbackend.risk.engine[0m:[36mevaluate_signal[0m | [1m{"event": "trade_approved", "direction": "BUY", "symbol": "Crash 1000 Index", "entry": 5762.485, "sl": 5747.544964285715, "risk_dollars": 99.97871899999477, "lots": 6.692, "tp_count": 1, "last_tp_rr": 5.0, "binding_constraint": "none"}[0m
[32m14:41:05[0m | [1mINFO    [0m | [36mbackend.risk.engine[0m:[36mevaluate_signal[0m | [1mScaling down risk from $100.00 to $31.34 to honor 3.0% daily drawdown.[0m
[32m14:41:05[0m | [1mINFO    [0m | [36mbackend.risk.position_sizer[0m:[36mcalculate_lot_size[0m | [1m[SIZER] Crash 1000 Index: lot=1.241 | risk=$31.31 (0.31%) | source=InstrumentProfile[0m
[32m14:41:05[0m | [1mINFO    [0m | [36mbackend.risk.engine[0m:[36mevaluate_signal[0m | [1m{"event": "trade_approved", "direction": "BUY", "symbol": "Crash 1000 Index", "entry": 5757.362, "sl": 5732.129892857142, "risk_dollars": 31.313044964286515, "lots": 1.241, "tp_count": 1, "last_tp_rr": 5.0, "binding_constraint": "daily_dd"}[0m
[32m14:41:05[0m | [1mINFO    [0m | [36mbackend.risk.breakeven_manager[0m:[36mcheck_breakeven[0m | [1mBreak-even triggered: SL 5732.13089 -> 5757.36800[0m
[32m14:41:06[0m | [1mINFO    [0m | [36mbackend.risk.position_sizer[0m:[36mcalculate_lot_size[0m | [1m[SIZER] Crash 1000 Index: lot=0.388 | risk=$9.98 (0.10%) | source=InstrumentProfile[0m
[32m14:41:06[0m | [1mINFO    [0m | [36mbackend.risk.engine[0m:[36mevaluate_signal[0m | [1m{"event": "trade_approved", "direction": "BUY", "symbol": "Crash 1000 Index", "entry": 5792.314, "sl": 5766.604892857144, "risk_dollars": 9.975133571428415, "lots": 0.388, "tp_count": 1, "last_tp_rr": 5.0, "binding_constraint": "none"}[0m
[32m14:41:06[0m | [1mINFO    [0m | [36mbackend.risk.position_sizer[0m:[36mcalculate_lot_size[0m | [1m[SIZER] Crash 1000 Index: lot=7.219 | risk=$99.97 (1.00%) | source=InstrumentProfile[0m
[32m14:41:06[0m | [1mINFO    [0m | [36mbackend.risk.engine[0m:[36mevaluate_signal[0m | [1m{"event": "trade_approved", "direction": "BUY", "symbol": "Crash 1000 Index", "entry": 5780.318, "sl": 5766.469964285714, "risk_dollars": 99.96896982143207, "lots": 7.219, "tp_count": 1, "last_tp_rr": 5.0, "binding_constraint": "none"}[0m
[32m14:41:06[0m | [1mINFO    [0m | [36mbackend.risk.breakeven_manager[0m:[36mcheck_breakeven[0m | [1mBreak-even triggered: SL 5766.47996 -> 5780.33300[0m
[32m14:41:06[0m | [1mINFO    [0m | [36mbackend.risk.position_sizer[0m:[36mcalculate_lot_size[0m | [1m[SIZER] Crash 1000 Index: lot=3.778 | risk=$99.99 (1.00%) | source=InstrumentProfile[0m
[32m14:41:06[0m | [1mINFO    [0m | [36mbackend.risk.engine[0m:[36mevaluate_signal[0m | [1m{"event": "trade_approved", "direction": "BUY", "symbol": "Crash 1000 Index", "entry": 5876.825, "sl": 5850.359678571429, "risk_dollars": 99.98598435714071, "lots": 3.778, "tp_count": 1, "last_tp_rr": 5.0, "binding_constraint": "none"}[0m
[32m14:41:06[0m | [1mINFO    [0m | [36mbackend.risk.breakeven_manager[0m:[36mcheck_breakeven[0m | [1mBreak-even triggered: SL 5850.36468 -> 5876.83500[0m
[32m14:41:06[0m | [1mINFO    [0m | [36mbackend.risk.position_sizer[0m:[36mcalculate_lot_size[0m | [1m[SIZER] Crash 1000 Index: lot=2.185 | risk=$99.99 (1.00%) | source=InstrumentProfile[0m
[32m14:41:06[0m | [1mINFO    [0m | [36mbackend.risk.engine[0m:[36mevaluate_signal[0m | [1m{"event": "trade_approved", "direction": "BUY", "symbol": "Crash 1000 Index", "entry": 5961.502, "sl": 5915.7420357142855, "risk_dollars": 99.98552196428703, "lots": 2.185, "tp_count": 1, "last_tp_rr": 5.0, "binding_constraint": "none"}[0m
[32m14:41:06[0m | [1mINFO    [0m | [36mbackend.risk.breakeven_manager[0m:[36mcheck_breakeven[0m | [1mBreak-even triggered: SL 5915.75004 -> 5961.51500[0m
[32m14:41:06[0m | [1mINFO    [0m | [36mbackend.risk.position_sizer[0m:[36mcalculate_lot_size[0m | [1m[SIZER] Crash 1000 Index: lot=2.673 | risk=$99.96 (1.00%) | source=InstrumentProfile[0m
[32m14:41:06[0m | [1mINFO    [0m | [36mbackend.risk.engine[0m:[36mevaluate_signal[0m | [1m{"event": "trade_approved", "direction": "BUY", "symbol": "Crash 1000 Index", "entry": 6171.385, "sl": 6133.988892857143, "risk_dollars": 99.95979439285821, "lots": 2.673, "tp_count": 1, "last_tp_rr": 5.0, "binding_constraint": "none"}[0m
[32m14:41:06[0m | [1mINFO    [0m | [36mbackend.risk.position_sizer[0m:[36mcalculate_lot_size[0m | [1m[SIZER] Crash 1000 Index: lot=4.674 | risk=$99.97 (1.00%) | source=InstrumentProfile[0m
[32m14:41:06[0m | [1mINFO    [0m | [36mbackend.risk.engine[0m:[36mevaluate_signal[0m | [1m{"event": "trade_approved", "direction": "BUY", "symbol": "Crash 1000 Index", "entry": 6153.595, "sl": 6132.206035714286, "risk_dollars": 99.9720190714267, "lots": 4.674, "tp_count": 1, "last_tp_rr": 5.0, "binding_constraint": "none"}[0m
[32m14:41:06[0m | [1mINFO    [0m | [36mbackend.risk.position_sizer[0m:[36mcalculate_lot_size[0m | [1m[SIZER] Crash 1000 Index: lot=3.961 | risk=$99.99 (1.00%) | source=InstrumentProfile[0m
[32m14:41:06[0m | [1mINFO    [0m | [36mbackend.risk.engine[0m:[36mevaluate_signal[0m | [1m{"event": "trade_approved", "direction": "BUY", "symbol": "Crash 1000 Index", "entry": 6105.192, "sl": 6079.948892857143, "risk_dollars": 99.96270428571489, "lots": 3.961, "tp_count": 1, "last_tp_rr": 5.0, "binding_constraint": "lot_max"}[0m
[32m14:41:06[0m | [1mINFO    [0m | [36mbackend.risk.position_sizer[0m:[36mcalculate_lot_size[0m | [1m[SIZER] Crash 1000 Index: lot=0.463 | risk=$9.98 (0.10%) | source=InstrumentProfile[0m
[32m14:41:06[0m | [1mINFO    [0m | [36mbackend.risk.engine[0m:[36mevaluate_signal[0m | [1m{"event": "trade_approved", "direction": "BUY", "symbol": "Crash 1000 Index", "entry": 6058.227, "sl": 6036.675392857143, "risk_dollars": 9.978394107142552, "lots": 0.463, "tp_count": 1, "last_tp_rr": 5.0, "binding_constraint": "none"}[0m
[32m14:41:06[0m | [33m[1mWARNING [0m | [36mbackend.strategies.base_strategy[0m:[36mlog_event[0m | [33m[1m[DJA] [Crash 1000 Index] Max consecutive losses (4) reached. Cooldown until 2026-08-31T01:41:06.470387+00:00[0m
[32m14:41:06[0m | [33m[1mWARNING [0m | [36mbackend.services.bot_service[0m:[36m_log_event[0m | [33m[1m[BT-DJA] [Crash 1000 Index] Max consecutive losses (4) reached. Cooldown until 2026-08-31T01:41:06.470387+00:00[0m
[32m14:41:06[0m | [1mINFO    [0m | [36mbackend.risk.position_sizer[0m:[36mcalculate_lot_size[0m | [1m[SIZER] Crash 1000 Index: lot=8.223 | risk=$99.97 (1.00%) | source=InstrumentProfile[0m
[32m14:41:06[0m | [1mINFO    [0m | [36mbackend.risk.engine[0m:[36mevaluate_signal[0m | [1m{"event": "trade_approved", "direction": "BUY", "symbol": "Crash 1000 Index", "entry": 6066.993, "sl": 6054.8361428571425, "risk_dollars": 99.96583628572066, "lots": 8.223, "tp_count": 1, "last_tp_rr": 5.0, "binding_constraint": "none"}[0m
[32m14:41:06[0m | [1mINFO    [0m | [36mbackend.risk.breakeven_manager[0m:[36mcheck_breakeven[0m | [1mBreak-even triggered: SL 6054.83814 -> 6067.00000[0m
[32m14:41:06[0m | [1mINFO    [0m | [36mbackend.risk.position_sizer[0m:[36mcalculate_lot_size[0m | [1m[SIZER] Crash 1000 Index: lot=0.53 | risk=$9.99 (0.10%) | source=InstrumentProfile[0m
[32m14:41:06[0m | [1mINFO    [0m | [36mbackend.risk.engine[0m:[36mevaluate_signal[0m | [1m{"event": "trade_approved", "direction": "BUY", "symbol": "Crash 1000 Index", "entry": 6010.519, "sl": 5991.667142857143, "risk_dollars": 9.991484285714542, "lots": 0.53, "tp_count": 1, "last_tp_rr": 5.0, "binding_constraint": "none"}[0m
[32m14:41:06[0m | [1mINFO    [0m | [36mbackend.risk.position_sizer[0m:[36mcalculate_lot_size[0m | [1m[SIZER] Crash 1000 Index: lot=1.572 | risk=$29.99 (0.30%) | source=InstrumentProfile[0m
[32m14:41:06[0m | [1mINFO    [0m | [36mbackend.risk.engine[0m:[36mevaluate_signal[0m | [1m{"event": "trade_approved", "direction": "BUY", "symbol": "Crash 1000 Index", "entry": 6004.185, "sl": 5985.108, "risk_dollars": 29.989044000000355, "lots": 1.572, "tp_count": 1, "last_tp_rr": 5.0, "binding_constraint": "none"}[0m
[32m14:41:06[0m | [1mINFO    [0m | [36mbackend.risk.position_sizer[0m:[36mcalculate_lot_size[0m | [1m[SIZER] Crash 1000 Index: lot=6.105 | risk=$99.97 (1.00%) | source=InstrumentProfile[0m
[32m14:41:06[0m | [1mINFO    [0m | [36mbackend.risk.engine[0m:[36mevaluate_signal[0m | [1m{"event": "trade_approved", "direction": "BUY", "symbol": "Crash 1000 Index", "entry": 5971.929, "sl": 5955.554142857143, "risk_dollars": 99.9685028571411, "lots": 6.105, "tp_count": 1, "last_tp_rr": 5.0, "binding_constraint": "none"}[0m
[32m14:41:06[0m | [1mINFO    [0m | [36mbackend.risk.breakeven_manager[0m:[36mcheck_breakeven[0m | [1mBreak-even triggered: SL 5955.55614 -> 5971.93600[0m
[32m14:41:06[0m | [1mINFO    [0m | [36mbackend.risk.position_sizer[0m:[36mcalculate_lot_size[0m | [1m[SIZER] Crash 1000 Index: lot=2.874 | risk=$99.98 (1.00%) | source=InstrumentProfile[0m
[32m14:41:06[0m | [1mINFO    [0m | [36mbackend.risk.engine[0m:[36mevaluate_signal[0m | [1m{"event": "trade_approved", "direction": "BUY", "symbol": "Crash 1000 Index", "entry": 5929.503, "sl": 5894.715964285714, "risk_dollars": 99.9779406428568, "lots": 2.874, "tp_count": 1, "last_tp_rr": 5.0, "binding_constraint": "none"}[0m
[32m14:41:09[0m | [1mINFO    [0m | [36mbackend.backtester.report[0m:[36mapply_bar_level_drawdown[0m | [1m[REPORT] max_drawdown_pct corrected from closed-trade basis 13.71% -> bar-level basis 15.98% (abs $1,598.11, 20002 equity points)[0m
[32m14:41:09[0m | [1mINFO    [0m | [36mbackend.backtester.engine[0m:[36mrun[0m | [1m[ENGINE] \u2550\u2550\u2550 Backtest engine complete \u2550\u2550\u2550[0m
[32m14:41:09[0m | [1mINFO    [0m | [36mbackend.backtester.engine[0m:[36mrun[0m | [1m[ENGINE] Trades: 71 (29W / 42L) | Invalid: 0[0m
[32m14:41:09[0m | [1mINFO    [0m | [36mbackend.backtester.engine[0m:[36mrun[0m | [1m[ENGINE] P&L: $417.00 | Final balance: $10417.00[0m
[32m14:41:09[0m | [1mINFO    [0m | [36mbackend.backtester.engine[0m:[36mrun[0m | [1m[ENGINE] Best trade: $499.89 | Worst trade: $-168.67[0m
[32m14:41:09[0m | [1mINFO    [0m | [36mbackend.backtester.engine[0m:[36mrun[0m | [1m[ENGINE] Leg-level hit rates: TP1=11.3% TP2=0.0% TP3=0.0% SL=57.7% BE=21.1% TRAIL=0.0% | max_dd=15.98% (bar-level)[0m
[32m14:41:09[0m | [1mINFO    [0m | [36mbackend.backtester.engine[0m:[36mrun[0m | [1m[ENGINE] Cost model applied: {'CRASH 1000 INDEX': {'slippage_pips': 1.0, 'commission_per_lot': 0.0, 'spread_pips': 2.0, 'swap_long_per_lot_per_day': 0.0, 'swap_short_per_lot_per_day': 0.0, 'stops_level_pips': 2.0, 'exit_slippage_pips': 1.0, 'sources': {'slippage_pips': 'ASSET_CLASS_DEFAULT', 'commission_per_lot': 'ASSET_CLASS_DEFAULT', 'spread_pips': 'ASSET_CLASS_DEFAULT', 'swap_long_per_lot_per_day': 'ASSET_CLASS_DEFAULT', 'swap_short_per_lot_per_day': 'ASSET_CLASS_DEFAULT', 'stops_level_pips': 'ASSET_CLASS_DEFAULT', 'exit_slippage_pips': 'DEFAULT_EQUALS_SLIPPAGE_PIPS'}, 'broker_source': 'ASSET_CLASS_DEFAULT'}}[0m
   50      71     +417.00   no trades
[32m14:41:09[0m | [1mINFO    [0m | [36mbackend.backtester.engine[0m:[36mrun[0m | [1m[ENGINE] \u2550\u2550\u2550 Starting backtest engine \u2550\u2550\u2550[0m
[32m14:41:09[0m | [1mINFO    [0m | [36mbackend.backtester.engine[0m:[36mrun[0m | [1m[ENGINE] Balance: $10000.0 | Signals: 406 | Candles: 20000[0m
[32m14:41:09[0m | [1mINFO    [0m | [36mbackend.backtester.engine[0m:[36mrun[0m | [1m[ENGINE] Risk config: risk_pct=1.0% | min_rr=None | tp_count=1[0m
[32m14:41:09[0m | [1mINFO    [0m | [36mbackend.backtester.engine[0m:[36m_costs_for[0m | [1m[COSTS] Crash 1000 Index | spread=2.00p slippage=1.00p commission=$0.00/lot swap_long=0.0000/lot/day swap_short=0.0000/lot/day stops_level=2.00p | broker_source=ASSET_CLASS_DEFAULT | per-field={'slippage_pips': 'ASSET_CLASS_DEFAULT', 'commission_per_lot': 'ASSET_CLASS_DEFAULT', 'spread_pips': 'ASSET_CLASS_DEFAULT', 'swap_long_per_lot_per_day': 'ASSET_CLASS_DEFAULT', 'swap_short_per_lot_per_day': 'ASSET_CLASS_DEFAULT', 'stops_level_pips': 'ASSET_CLASS_DEFAULT', 'exit_slippage_pips': 'DEFAULT_EQUALS_SLIPPAGE_PIPS'}[0m
C:\Users\ikchr\Documents\AlgoEdge\backend\backtester\engine.py:754: FutureWarning: The behavior of DatetimeProperties.to_pydatetime is deprecated, in a future version this will return a Series containing python datetime objects instead of an ndarray. To retain the old behavior, call `np.array` on the result
  dt_arr = dt_series.dt.to_pydatetime()
