
==============================================================
DriftJumpAlpha_v1 x Crash 500 Index
[32m14:32:54[0m | [1mINFO    [0m | [36mbackend.strategies.core.market_structure[0m:[36mupdate[0m | [1mChoCH fired: BEARISH | Broken level: 2792.852 | BOS count: 1[0m
[32m14:32:54[0m | [1mINFO    [0m | [36mbackend.strategies.core.market_structure[0m:[36mupdate[0m | [1mBOS fired: BEARISH | Broken level: 2788.013 | BOS count: 2 | Trend Confirmed: True[0m
[32m14:32:54[0m | [1mINFO    [0m | [36mbackend.strategies.core.market_structure[0m:[36mupdate[0m | [1mBOS fired: BEARISH | Broken level: 2786.493 | BOS count: 3 | Trend Confirmed: True[0m
[32m14:32:54[0m | [1mINFO    [0m | [36mbackend.strategies.core.market_structure[0m:[36mupdate[0m | [1mBOS fired: BEARISH | Broken level: 2776.521 | BOS count: 4 | Trend Confirmed: True[0m
[32m14:32:54[0m | [1mINFO    [0m | [36mbackend.strategies.core.market_structure[0m:[36mupdate[0m | [1mBOS fired: BEARISH | Broken level: 2774.587 | BOS count: 5 | Trend Confirmed: True[0m
[32m14:32:54[0m | [1mINFO    [0m | [36mbackend.strategies.core.market_structure[0m:[36mupdate[0m | [1mChoCH fired: BULLISH | Broken level: 2780.401 | BOS count: 1[0m
[32m14:32:54[0m | [1mINFO    [0m | [36mbackend.strategies.core.market_structure[0m:[36mupdate[0m | [1mChoCH fired: BEARISH | Broken level: 2775.375 | BOS count: 1[0m
[32m14:32:55[0m | [1mINFO    [0m | [36mbackend.strategies.core.market_structure[0m:[36mupdate[0m | [1mBOS fired: BEARISH | Broken level: 2773.285 | BOS count: 2 | Trend Confirmed: True[0m
[32m14:32:55[0m | [1mINFO    [0m | [36mbackend.strategies.core.market_structure[0m:[36mupdate[0m | [1mBOS fired: BEARISH | Broken level: 2768.712 | BOS count: 3 | Trend Confirmed: True[0m
[32m14:32:56[0m | [1mINFO    [0m | [36mbackend.strategies.core.market_structure[0m:[36mupdate[0m | [1mBOS fired: BEARISH | Broken level: 2767.541 | BOS count: 4 | Trend Confirmed: True[0m
[32m14:32:56[0m | [1mINFO    [0m | [36mbackend.strategies.core.market_structure[0m:[36mupdate[0m | [1mBOS fired: BEARISH | Broken level: 2767.384 | BOS count: 5 | Trend Confirmed: True[0m
[32m14:32:56[0m | [1mINFO    [0m | [36mbackend.strategies.core.market_structure[0m:[36mupdate[0m | [1mBOS fired: BEARISH | Broken level: 2764.583 | BOS count: 6 | Trend Confirmed: True[0m
[32m14:32:56[0m | [1mINFO    [0m | [36mbackend.strategies.core.market_structure[0m:[36mupdate[0m | [1mBOS fired: BEARISH | Broken level: 2763.029 | BOS count: 7 | Trend Confirmed: True[0m
[32m14:32:56[0m | [1mINFO    [0m | [36mbackend.strategies.core.market_structure[0m:[36mupdate[0m | [1mBOS fired: BEARISH | Broken level: 2759.343 | BOS count: 8 | Trend Confirmed: True[0m
[32m14:32:57[0m | [1mINFO    [0m | [36mbackend.strategies.core.market_structure[0m:[36mupdate[0m | [1mChoCH fired: BULLISH | Broken level: 2768.948 | BOS count: 1[0m
[32m14:32:57[0m | [1mINFO    [0m | [36mbackend.strategies.core.market_structure[0m:[36mupdate[0m | [1mBOS fired: BULLISH | Broken level: 2768.948 | BOS count: 2 | Trend Confirmed: True[0m
[32m14:32:57[0m | [1mINFO    [0m | [36mbackend.strategies.core.market_structure[0m:[36mupdate[0m | [1mBOS fired: BULLISH | Broken level: 2768.948 | BOS count: 3 | Trend Confirmed: True[0m
[32m14:32:57[0m | [1mINFO    [0m | [36mbackend.strategies.core.market_structure[0m:[36mupdate[0m | [1mBOS fired: BULLISH | Broken level: 2768.948 | BOS count: 4 | Trend Confirmed: True[0m
[32m14:32:57[0m | [1mINFO    [0m | [36mbackend.strategies.core.market_structure[0m:[36mupdate[0m | [1mBOS fired: BULLISH | Broken level: 2768.948 | BOS count: 5 | Trend Confirmed: True[0m
[32m14:32:57[0m | [1mINFO    [0m | [36mbackend.strategies.core.market_structure[0m:[36mupdate[0m | [1mBOS fired: BULLISH | Broken level: 2768.948 | BOS count: 6 | Trend Confirmed: True[0m
[32m14:32:57[0m | [1mINFO    [0m | [36mbackend.strategies.core.market_structure[0m:[36mupdate[0m | [1mChoCH fired: BEARISH | Broken level: 2788.556 | BOS count: 1[0m
[32m14:32:57[0m | [1mINFO    [0m | [36mbackend.strategies.core.market_structure[0m:[36mupdate[0m | [1mBOS fired: BEARISH | Broken level: 2788.556 | BOS count: 2 | Trend Confirmed: True[0m
[32m14:32:57[0m | [1mINFO    [0m | [36mbackend.strategies.core.market_structure[0m:[36mupdate[0m | [1mBOS fired: BEARISH | Broken level: 2788.556 | BOS count: 3 | Trend Confirmed: True[0m
[32m14:32:57[0m | [1mINFO    [0m | [36mbackend.strategies.core.market_structure[0m:[36mupdate[0m | [1mBOS fired: BEARISH | Broken level: 2785.434 | BOS count: 4 | Trend Confirmed: True[0m
[32m14:32:57[0m | [1mINFO    [0m | [36mbackend.strategies.core.market_structure[0m:[36mupdate[0m | [1mBOS fired: BEARISH | Broken level: 2785.434 | BOS count: 5 | Trend Confirmed: True[0m
[32m14:32:57[0m | [1mINFO    [0m | [36mbackend.strategies.core.market_structure[0m:[36mupdate[0m | [1mBOS fired: BEARISH | Broken level: 2785.434 | BOS count: 6 | Trend Confirmed: True[0m
[32m14:32:57[0m | [1mINFO    [0m | [36mbackend.strategies.core.market_structure[0m:[36mupdate[0m | [1mBOS fired: BEARISH | Broken level: 2785.434 | BOS count: 7 | Trend Confirmed: True[0m
[32m14:32:57[0m | [1mINFO    [0m | [36mbackend.strategies.core.market_structure[0m:[36mupdate[0m | [1mBOS fired: BEARISH | Broken level: 2785.434 | BOS count: 8 | Trend Confirmed: True[0m
[32m14:32:57[0m | [1mINFO    [0m | [36mbackend.strategies.core.market_structure[0m:[36mupdate[0m | [1mChoCH fired: BULLISH | Broken level: 2793.544 | BOS count: 1[0m
[32m14:32:57[0m | [1mINFO    [0m | [36mbackend.strategies.core.market_structure[0m:[36mupdate[0m | [1mBOS fired: BULLISH | Broken level: 2795.454 | BOS count: 2 | Trend Confirmed: True[0m
[32m14:32:57[0m | [1mINFO    [0m | [36mbackend.strategies.core.market_structure[0m:[36mupdate[0m | [1mBOS fired: BULLISH | Broken level: 2795.454 | BOS count: 3 | Trend Confirmed: True[0m
[32m14:32:57[0m | [1mINFO    [0m | [36mbackend.strategies.core.market_structure[0m:[36mupdate[0m | [1mBOS fired: BULLISH | Broken level: 2797.815 | BOS count: 4 | Trend Confirmed: True[0m
[32m14:32:57[0m | [1mINFO    [0m | [36mbackend.strategies.core.market_structure[0m:[36mupdate[0m | [1mBOS fired: BULLISH | Broken level: 2797.815 | BOS count: 5 | Trend Confirmed: True[0m
[32m14:32:57[0m | [1mINFO    [0m | [36mbackend.strategies.core.market_structure[0m:[36mupdate[0m | [1mBOS fired: BULLISH | Broken level: 2797.815 | BOS count: 6 | Trend Confirmed: True[0m
[32m14:32:57[0m | [1mINFO    [0m | [36mbackend.strategies.core.market_structure[0m:[36mupdate[0m | [1mBOS fired: BULLISH | Broken level: 2839.686 | BOS count: 7 | Trend Confirmed: True[0m
[32m14:32:58[0m | [1mINFO    [0m | [36mbackend.strategies.core.market_structure[0m:[36mupdate[0m | [1mBOS fired: BULLISH | Broken level: 2839.686 | BOS count: 8 | Trend Confirmed: True[0m
[32m14:32:58[0m | [1mINFO    [0m | [36mbackend.strategies.core.market_structure[0m:[36mupdate[0m | [1mBOS fired: BULLISH | Broken level: 2839.686 | BOS count: 9 | Trend Confirmed: True[0m
[32m14:32:58[0m | [1mINFO    [0m | [36mbackend.strategies.core.market_structure[0m:[36mupdate[0m | [1mBOS fired: BULLISH | Broken level: 2839.686 | BOS count: 10 | Trend Confirmed: True[0m
[32m14:32:58[0m | [1mINFO    [0m | [36mbackend.strategies.core.market_structure[0m:[36mupdate[0m | [1mBOS fired: BULLISH | Broken level: 2839.686 | BOS count: 11 | Trend Confirmed: True[0m
[32m14:32:58[0m | [1mINFO    [0m | [36mbackend.strategies.core.market_structure[0m:[36mupdate[0m | [1mBOS fired: BULLISH | Broken level: 2839.686 | BOS count: 12 | Trend Confirmed: True[0m
[32m14:32:58[0m | [1mINFO    [0m | [36mbackend.strategies.core.market_structure[0m:[36mupdate[0m | [1mBOS fired: BULLISH | Broken level: 2839.686 | BOS count: 13 | Trend Confirmed: True[0m
[32m14:32:58[0m | [1mINFO    [0m | [36mbackend.strategies.core.market_structure[0m:[36mupdate[0m | [1mBOS fired: BULLISH | Broken level: 2839.686 | BOS count: 14 | Trend Confirmed: True[0m
[32m14:32:58[0m | [1mINFO    [0m | [36mbackend.strategies.core.market_structure[0m:[36mupdate[0m | [1mBOS fired: BULLISH | Broken level: 2839.686 | BOS count: 15 | Trend Confirmed: True[0m
[32m14:32:58[0m | [1mINFO    [0m | [36mbackend.strategies.core.market_structure[0m:[36mupdate[0m | [1mBOS fired: BULLISH | Broken level: 2839.686 | BOS count: 16 | Trend Confirmed: True[0m
[32m14:32:58[0m | [1mINFO    [0m | [36mbackend.strategies.core.market_structure[0m:[36mupdate[0m | [1mBOS fired: BULLISH | Broken level: 2839.686 | BOS count: 17 | Trend Confirmed: True[0m
[32m14:32:58[0m | [1mINFO    [0m | [36mbackend.strategies.core.market_structure[0m:[36mupdate[0m | [1mBOS fired: BULLISH | Broken level: 2839.686 | BOS count: 18 | Trend Confirmed: True[0m
[32m14:32:58[0m | [1mINFO    [0m | [36mbackend.strategies.core.market_structure[0m:[36mupdate[0m | [1mBOS fired: BULLISH | Broken level: 2839.686 | BOS count: 19 | Trend Confirmed: True[0m
[32m14:32:58[0m | [1mINFO    [0m | [36mbackend.strategies.core.market_structure[0m:[36mupdate[0m | [1mBOS fired: BULLISH | Broken level: 2839.686 | BOS count: 20 | Trend Confirmed: True[0m
[32m14:32:58[0m | [1mINFO    [0m | [36mbackend.strategies.core.market_structure[0m:[36mupdate[0m | [1mBOS fired: BULLISH | Broken level: 2839.686 | BOS count: 21 | Trend Confirmed: True[0m
[32m14:32:58[0m | [1mINFO    [0m | [36mbackend.strategies.core.market_structure[0m:[36mupdate[0m | [1mBOS fired: BULLISH | Broken level: 2839.686 | BOS count: 22 | Trend Confirmed: True[0m
[32m14:32:58[0m | [1mINFO    [0m | [36mbackend.strategies.core.market_structure[0m:[36mupdate[0m | [1mBOS fired: BULLISH | Broken level: 2869.046 | BOS count: 23 | Trend Confirmed: True[0m
[32m14:32:58[0m | [1mINFO    [0m | [36mbackend.strategies.core.market_structure[0m:[36mupdate[0m | [1mBOS fired: BULLISH | Broken level: 2846.625 | BOS count: 24 | Trend Confirmed: True[0m
[32m14:32:58[0m | [1mINFO    [0m | [36mbackend.strategies.core.market_structure[0m:[36mupdate[0m | [1mBOS fired: BULLISH | Broken level: 2846.625 | BOS count: 25 | Trend Confirmed: True[0m
[32m14:32:58[0m | [1mINFO    [0m | [36mbackend.strategies.core.market_structure[0m:[36mupdate[0m | [1mBOS fired: BULLISH | Broken level: 2846.625 | BOS count: 26 | Trend Confirmed: True[0m
[32m14:32:58[0m | [1mINFO    [0m | [36mbackend.strategies.core.market_structure[0m:[36mupdate[0m | [1mBOS fired: BULLISH | Broken level: 2846.625 | BOS count: 27 | Trend Confirmed: True[0m
[32m14:32:58[0m | [1mINFO    [0m | [36mbackend.strategies.core.market_structure[0m:[36mupdate[0m | [1mBOS fired: BULLISH | Broken level: 2846.625 | BOS count: 28 | Trend Confirmed: True[0m
[32m14:32:58[0m | [1mINFO    [0m | [36mbackend.strategies.core.market_structure[0m:[36mupdate[0m | [1mBOS fired: BULLISH | Broken level: 2846.625 | BOS count: 29 | Trend Confirmed: True[0m
[32m14:32:58[0m | [1mINFO    [0m | [36mbackend.strategies.core.market_structure[0m:[36mupdate[0m | [1mBOS fired: BULLISH | Broken level: 2846.625 | BOS count: 30 | Trend Confirmed: True[0m
[32m14:32:58[0m | [1mINFO    [0m | [36mbackend.strategies.core.market_structure[0m:[36mupdate[0m | [1mBOS fired: BULLISH | Broken level: 2846.625 | BOS count: 31 | Trend Confirmed: True[0m
[32m14:32:58[0m | [1mINFO    [0m | [36mbackend.strategies.core.market_structure[0m:[36mupdate[0m | [1mBOS fired: BULLISH | Broken level: 2846.625 | BOS count: 32 | Trend Confirmed: True[0m
[32m14:32:58[0m | [1mINFO    [0m | [36mbackend.strategies.core.market_structure[0m:[36mupdate[0m | [1mBOS fired: BULLISH | Broken level: 2846.625 | BOS count: 33 | Trend Confirmed: True[0m
[32m14:33:01[0m | [1mINFO    [0m | [36mbackend.strategies.core.market_structure[0m:[36mupdate[0m | [1mChoCH fired: BEARISH | Broken level: 2825.462 | BOS count: 1[0m
[32m14:33:01[0m | [1mINFO    [0m | [36mbackend.strategies.core.market_structure[0m:[36mupdate[0m | [1mBOS fired: BEARISH | Broken level: 2825.462 | BOS count: 2 | Trend Confirmed: True[0m
[32m14:33:01[0m | [1mINFO    [0m | [36mbackend.strategies.core.market_structure[0m:[36mupdate[0m | [1mBOS fired: BEARISH | Broken level: 2825.462 | BOS count: 3 | Trend Confirmed: True[0m
[32m14:33:01[0m | [1mINFO    [0m | [36mbackend.strategies.core.market_structure[0m:[36mupdate[0m | [1mBOS fired: BEARISH | Broken level: 2825.462 | BOS count: 4 | Trend Confirmed: True[0m
[32m14:33:01[0m | [1mINFO    [0m | [36mbackend.strategies.core.market_structure[0m:[36mupdate[0m | [1mBOS fired: BEARISH | Broken level: 2825.462 | BOS count: 5 | Trend Confirmed: True[0m
[32m14:33:01[0m | [1mINFO    [0m | [36mbackend.strategies.core.market_structure[0m:[36mupdate[0m | [1mBOS fired: BEARISH | Broken level: 2825.462 | BOS count: 6 | Trend Confirmed: True[0m
[32m14:33:01[0m | [1mINFO    [0m | [36mbackend.strategies.core.market_structure[0m:[36mupdate[0m | [1mBOS fired: BEARISH | Broken level: 2825.462 | BOS count: 7 | Trend Confirmed: True[0m
[32m14:33:01[0m | [1mINFO    [0m | [36mbackend.strategies.core.market_structure[0m:[36mupdate[0m | [1mBOS fired: BEARISH | Broken level: 2825.462 | BOS count: 8 | Trend Confirmed: True[0m
[32m14:33:02[0m | [1mINFO    [0m | [36mbackend.strategies.core.market_structure[0m:[36mupdate[0m | [1mChoCH fired: BULLISH | Broken level: 2832.425 | BOS count: 1[0m
[32m14:33:03[0m | [1mINFO    [0m | [36mbackend.strategies.core.market_structure[0m:[36mupdate[0m | [1mChoCH fired: BEARISH | Broken level: 2825.971 | BOS count: 1[0m
[32m14:33:03[0m | [1mINFO    [0m | [36mbackend.strategies.core.market_structure[0m:[36mupdate[0m | [1mBOS fired: BEARISH | Broken level: 2825.971 | BOS count: 2 | Trend Confirmed: True[0m
[32m14:33:04[0m | [1mINFO    [0m | [36mbackend.strategies.core.market_structure[0m:[36mupdate[0m | [1mBOS fired: BEARISH | Broken level: 2822.957 | BOS count: 3 | Trend Confirmed: True[0m
[32m14:33:04[0m | [1mINFO    [0m | [36mbackend.strategies.core.market_structure[0m:[36mupdate[0m | [1mBOS fired: BEARISH | Broken level: 2822.957 | BOS count: 4 | Trend Confirmed: True[0m
[32m14:33:04[0m | [1mINFO    [0m | [36mbackend.strategies.core.market_structure[0m:[36mupdate[0m | [1mBOS fired: BEARISH | Broken level: 2822.957 | BOS count: 5 | Trend Confirmed: True[0m
[32m14:33:04[0m | [1mINFO    [0m | [36mbackend.strategies.core.market_structure[0m:[36mupdate[0m | [1mBOS fired: BEARISH | Broken level: 2822.957 | BOS count: 6 | Trend Confirmed: True[0m
[32m14:33:04[0m | [1mINFO    [0m | [36mbackend.strategies.core.market_structure[0m:[36mupdate[0m | [1mBOS fired: BEARISH | Broken level: 2822.957 | BOS count: 7 | Trend Confirmed: True[0m
[32m14:33:04[0m | [1mINFO    [0m | [36mbackend.strategies.core.market_structure[0m:[36mupdate[0m | [1mBOS fired: BEARISH | Broken level: 2822.957 | BOS count: 8 | Trend Confirmed: True[0m
[32m14:33:04[0m | [1mINFO    [0m | [36mbackend.strategies.core.market_structure[0m:[36mupdate[0m | [1mBOS fired: BEARISH | Broken level: 2822.957 | BOS count: 9 | Trend Confirmed: True[0m
[32m14:33:04[0m | [1mINFO    [0m | [36mbackend.strategies.core.market_structure[0m:[36mupdate[0m | [1mBOS fired: BEARISH | Broken level: 2822.957 | BOS count: 10 | Trend Confirmed: True[0m
[32m14:33:04[0m | [1mINFO    [0m | [36mbackend.strategies.core.market_structure[0m:[36mupdate[0m | [1mBOS fired: BEARISH | Broken level: 2809.07 | BOS count: 11 | Trend Confirmed: True[0m
[32m14:33:04[0m | [1mINFO    [0m | [36mbackend.strategies.core.market_structure[0m:[36mupdate[0m | [1mBOS fired: BEARISH | Broken level: 2809.07 | BOS count: 12 | Trend Confirmed: True[0m
[32m14:33:04[0m | [1mINFO    [0m | [36mbackend.strategies.core.market_structure[0m:[36mupdate[0m | [1mBOS fired: BEARISH | Broken level: 2809.07 | BOS count: 13 | Trend Confirmed: True[0m
[32m14:33:04[0m | [1mINFO    [0m | [36mbackend.strategies.core.market_structure[0m:[36mupdate[0m | [1mBOS fired: BEARISH | Broken level: 2809.07 | BOS count: 14 | Trend Confirmed: True[0m
[32m14:33:04[0m | [1mINFO    [0m | [36mbackend.strategies.core.market_structure[0m:[36mupdate[0m | [1mBOS fired: BEARISH | Broken level: 2809.07 | BOS count: 15 | Trend Confirmed: True[0m
[32m14:33:04[0m | [1mINFO    [0m | [36mbackend.strategies.core.market_structure[0m:[36mupdate[0m | [1mBOS fired: BEARISH | Broken level: 2809.07 | BOS count: 16 | Trend Confirmed: True[0m
[32m14:33:04[0m | [1mINFO    [0m | [36mbackend.strategies.core.market_structure[0m:[36mupdate[0m | [1mBOS fired: BEARISH | Broken level: 2809.07 | BOS count: 17 | Trend Confirmed: True[0m
[32m14:33:04[0m | [1mINFO    [0m | [36mbackend.strategies.core.market_structure[0m:[36mupdate[0m | [1mBOS fired: BEARISH | Broken level: 2809.07 | BOS count: 18 | Trend Confirmed: True[0m
[32m14:33:04[0m | [1mINFO    [0m | [36mbackend.strategies.core.market_structure[0m:[36mupdate[0m | [1mBOS fired: BEARISH | Broken level: 2809.07 | BOS count: 19 | Trend Confirmed: True[0m
[32m14:33:04[0m | [1mINFO    [0m | [36mbackend.strategies.core.market_structure[0m:[36mupdate[0m | [1mBOS fired: BEARISH | Broken level: 2809.07 | BOS count: 20 | Trend Confirmed: True[0m
[32m14:33:04[0m | [1mINFO    [0m | [36mbackend.strategies.core.market_structure[0m:[36mupdate[0m | [1mBOS fired: BEARISH | Broken level: 2809.07 | BOS count: 21 | Trend Confirmed: True[0m
[32m14:33:04[0m | [1mINFO    [0m | [36mbackend.strategies.core.market_structure[0m:[36mupdate[0m | [1mBOS fired: BEARISH | Broken level: 2809.07 | BOS count: 22 | Trend Confirmed: True[0m
[32m14:33:04[0m | [1mINFO    [0m | [36mbackend.strategies.core.market_structure[0m:[36mupdate[0m | [1mBOS fired: BEARISH | Broken level: 2809.07 | BOS count: 23 | Trend Confirmed: True[0m
[32m14:33:04[0m | [1mINFO    [0m | [36mbackend.strategies.core.market_structure[0m:[36mupdate[0m | [1mBOS fired: BEARISH | Broken level: 2809.07 | BOS count: 24 | Trend Confirmed: True[0m
[32m14:33:04[0m | [1mINFO    [0m | [36mbackend.strategies.core.market_structure[0m:[36mupdate[0m | [1mBOS fired: BEARISH | Broken level: 2809.07 | BOS count: 25 | Trend Confirmed: True[0m
[32m14:33:05[0m | [1mINFO    [0m | [36mbackend.strategies.core.market_structure[0m:[36mupdate[0m | [1mChoCH fired: BULLISH | Broken level: 2796.387 | BOS count: 1[0m
[32m14:33:05[0m | [1mINFO    [0m | [36mbackend.strategies.core.market_structure[0m:[36mupdate[0m | [1mBOS fired: BULLISH | Broken level: 2796.387 | BOS count: 2 | Trend Confirmed: True[0m
[32m14:33:05[0m | [1mINFO    [0m | [36mbackend.strategies.core.market_structure[0m:[36mupdate[0m | [1mBOS fired: BULLISH | Broken level: 2796.387 | BOS count: 3 | Trend Confirmed: True[0m
[32m14:33:05[0m | [1mINFO    [0m | [36mbackend.strategies.core.market_structure[0m:[36mupdate[0m | [1mChoCH fired: BEARISH | Broken level: 2790.584 | BOS count: 1[0m
[32m14:33:05[0m | [1mINFO    [0m | [36mbackend.strategies.core.market_structure[0m:[36mupdate[0m | [1mBOS fired: BEARISH | Broken level: 2790.584 | BOS count: 2 | Trend Confirmed: True[0m
[32m14:33:05[0m | [1mINFO    [0m | [36mbackend.strategies.core.market_structure[0m:[36mupdate[0m | [1mBOS fired: BEARISH | Broken level: 2790.584 | BOS count: 3 | Trend Confirmed: True[0m
[32m14:33:05[0m | [1mINFO    [0m | [36mbackend.strategies.core.market_structure[0m:[36mupdate[0m | [1mBOS fired: BEARISH | Broken level: 2790.584 | BOS count: 4 | Trend Confirmed: True[0m
[32m14:33:05[0m | [1mINFO    [0m | [36mbackend.strategies.core.market_structure[0m:[36mupdate[0m | [1mBOS fired: BEARISH | Broken level: 2790.584 | BOS count: 5 | Trend Confirmed: True[0m
[32m14:33:05[0m | [1mINFO    [0m | [36mbackend.strategies.core.market_structure[0m:[36mupdate[0m | [1mBOS fired: BEARISH | Broken level: 2790.584 | BOS count: 6 | Trend Confirmed: True[0m
[32m14:33:05[0m | [1mINFO    [0m | [36mbackend.strategies.core.market_structure[0m:[36mupdate[0m | [1mBOS fired: BEARISH | Broken level: 2790.584 | BOS count: 7 | Trend Confirmed: True[0m
[32m14:33:05[0m | [1mINFO    [0m | [36mbackend.strategies.core.market_structure[0m:[36mupdate[0m | [1mBOS fired: BEARISH | Broken level: 2790.584 | BOS count: 8 | Trend Confirmed: True[0m
[32m14:33:05[0m | [1mINFO    [0m | [36mbackend.strategies.core.market_structure[0m:[36mupdate[0m | [1mBOS fired: BEARISH | Broken level: 2790.584 | BOS count: 9 | Trend Confirmed: True[0m
[32m14:33:05[0m | [1mINFO    [0m | [36mbackend.strategies.core.market_structure[0m:[36mupdate[0m | [1mChoCH fired: BULLISH | Broken level: 2799.941 | BOS count: 1[0m
[32m14:33:05[0m | [1mINFO    [0m | [36mbackend.strategies.core.market_structure[0m:[36mupdate[0m | [1mBOS fired: BULLISH | Broken level: 2799.941 | BOS count: 2 | Trend Confirmed: True[0m
[32m14:33:05[0m | [1mINFO    [0m | [36mbackend.strategies.core.market_structure[0m:[36mupdate[0m | [1mBOS fired: BULLISH | Broken level: 2799.941 | BOS count: 3 | Trend Confirmed: True[0m
[32m14:33:05[0m | [1mINFO    [0m | [36mbackend.strategies.core.market_structure[0m:[36mupdate[0m | [1mBOS fired: BULLISH | Broken level: 2799.941 | BOS count: 4 | Trend Confirmed: True[0m
[32m14:33:05[0m | [1mINFO    [0m | [36mbackend.strategies.core.market_structure[0m:[36mupdate[0m | [1mBOS fired: BULLISH | Broken level: 2799.941 | BOS count: 5 | Trend Confirmed: True[0m
[32m14:33:05[0m | [1mINFO    [0m | [36mbackend.strategies.core.market_structure[0m:[36mupdate[0m | [1mBOS fired: BULLISH | Broken level: 2799.941 | BOS count: 6 | Trend Confirmed: True[0m
[32m14:33:05[0m | [1mINFO    [0m | [36mbackend.strategies.core.market_structure[0m:[36mupdate[0m | [1mBOS fired: BULLISH | Broken level: 2799.941 | BOS count: 7 | Trend Confirmed: True[0m
[32m14:33:05[0m | [1mINFO    [0m | [36mbackend.strategies.core.market_structure[0m:[36mupdate[0m | [1mBOS fired: BULLISH | Broken level: 2799.941 | BOS count: 8 | Trend Confirmed: True[0m
[32m14:33:05[0m | [1mINFO    [0m | [36mbackend.strategies.core.market_structure[0m:[36mupdate[0m | [1mBOS fired: BULLISH | Broken level: 2799.941 | BOS count: 9 | Trend Confirmed: True[0m
[32m14:33:06[0m | [1mINFO    [0m | [36mbackend.strategies.core.market_structure[0m:[36mupdate[0m | [1mBOS fired: BULLISH | Broken level: 2799.941 | BOS count: 10 | Trend Confirmed: True[0m
[32m14:33:06[0m | [1mINFO    [0m | [36mbackend.strategies.core.market_structure[0m:[36mupdate[0m | [1mBOS fired: BULLISH | Broken level: 2799.941 | BOS count: 11 | Trend Confirmed: True[0m
[32m14:33:06[0m | [1mINFO    [0m | [36mbackend.strategies.core.market_structure[0m:[36mupdate[0m | [1mBOS fired: BULLISH | Broken level: 2799.941 | BOS count: 12 | Trend Confirmed: True[0m
[32m14:33:06[0m | [1mINFO    [0m | [36mbackend.strategies.core.market_structure[0m:[36mupdate[0m | [1mBOS fired: BULLISH | Broken level: 2799.941 | BOS count: 13 | Trend Confirmed: True[0m
[32m14:33:06[0m | [1mINFO    [0m | [36mbackend.strategies.core.market_structure[0m:[36mupdate[0m | [1mBOS fired: BULLISH | Broken level: 2799.941 | BOS count: 14 | Trend Confirmed: True[0m
[32m14:33:06[0m | [1mINFO    [0m | [36mbackend.strategies.core.market_structure[0m:[36mupdate[0m | [1mBOS fired: BULLISH | Broken level: 2799.941 | BOS count: 15 | Trend Confirmed: True[0m
[32m14:33:06[0m | [1mINFO    [0m | [36mbackend.strategies.core.market_structure[0m:[36mupdate[0m | [1mBOS fired: BULLISH | Broken level: 2799.941 | BOS count: 16 | Trend Confirmed: True[0m
[32m14:33:06[0m | [1mINFO    [0m | [36mbackend.strategies.core.market_structure[0m:[36mupdate[0m | [1mBOS fired: BULLISH | Broken level: 2799.941 | BOS count: 17 | Trend Confirmed: True[0m
[32m14:33:07[0m | [1mINFO    [0m | [36mbackend.strategies.core.market_structure[0m:[36mupdate[0m | [1mChoCH fired: BEARISH | Broken level: 2850.734 | BOS count: 1[0m
[32m14:33:07[0m | [1mINFO    [0m | [36mbackend.strategies.core.market_structure[0m:[36mupdate[0m | [1mBOS fired: BEARISH | Broken level: 2850.734 | BOS count: 2 | Trend Confirmed: True[0m
[32m14:33:07[0m | [1mINFO    [0m | [36mbackend.strategies.core.market_structure[0m:[36mupdate[0m | [1mBOS fired: BEARISH | Broken level: 2850.734 | BOS count: 3 | Trend Confirmed: True[0m
[32m14:33:07[0m | [1mINFO    [0m | [36mbackend.strategies.core.market_structure[0m:[36mupdate[0m | [1mBOS fired: BEARISH | Broken level: 2850.734 | BOS count: 4 | Trend Confirmed: True[0m
[32m14:33:07[0m | [1mINFO    [0m | [36mbackend.strategies.core.market_structure[0m:[36mupdate[0m | [1mBOS fired: BEARISH | Broken level: 2850.734 | BOS count: 5 | Trend Confirmed: True[0m
[32m14:33:07[0m | [1mINFO    [0m | [36mbackend.strategies.core.market_structure[0m:[36mupdate[0m | [1mBOS fired: BEARISH | Broken level: 2850.734 | BOS count: 6 | Trend Confirmed: True[0m
[32m14:33:07[0m | [1mINFO    [0m | [36mbackend.strategies.core.market_structure[0m:[36mupdate[0m | [1mChoCH fired: BULLISH | Broken level: 2857.521 | BOS count: 1[0m
[32m14:33:07[0m | [1mINFO    [0m | [36mbackend.strategies.core.market_structure[0m:[36mupdate[0m | [1mBOS fired: BULLISH | Broken level: 2857.521 | BOS count: 2 | Trend Confirmed: True[0m
[32m14:33:07[0m | [1mINFO    [0m | [36mbackend.strategies.core.market_structure[0m:[36mupdate[0m | [1mBOS fired: BULLISH | Broken level: 2857.521 | BOS count: 3 | Trend Confirmed: True[0m
[32m14:33:07[0m | [1mINFO    [0m | [36mbackend.strategies.core.market_structure[0m:[36mupdate[0m | [1mBOS fired: BULLISH | Broken level: 2857.521 | BOS count: 4 | Trend Confirmed: True[0m
[32m14:33:07[0m | [1mINFO    [0m | [36mbackend.strategies.core.market_structure[0m:[36mupdate[0m | [1mBOS fired: BULLISH | Broken level: 2857.521 | BOS count: 5 | Trend Confirmed: True[0m
[32m14:33:07[0m | [1mINFO    [0m | [36mbackend.strategies.core.market_structure[0m:[36mupdate[0m | [1mBOS fired: BULLISH | Broken level: 2857.521 | BOS count: 6 | Trend Confirmed: True[0m
[32m14:33:08[0m | [1mINFO    [0m | [36mbackend.strategies.core.market_structure[0m:[36mupdate[0m | [1mChoCH fired: BEARISH | Broken level: 2811.066 | BOS count: 1[0m
[32m14:33:08[0m | [1mINFO    [0m | [36mbackend.strategies.core.market_structure[0m:[36mupdate[0m | [1mBOS fired: BEARISH | Broken level: 2811.066 | BOS count: 2 | Trend Confirmed: True[0m
[32m14:33:08[0m | [1mINFO    [0m | [36mbackend.strategies.core.market_structure[0m:[36mupdate[0m | [1mBOS fired: BEARISH | Broken level: 2811.066 | BOS count: 3 | Trend Confirmed: True[0m
[32m14:33:08[0m | [1mINFO    [0m | [36mbackend.strategies.core.market_structure[0m:[36mupdate[0m | [1mChoCH fired: BULLISH | Broken level: 2822.229 | BOS count: 1[0m
[32m14:33:08[0m | [1mINFO    [0m | [36mbackend.strategies.core.market_structure[0m:[36mupdate[0m | [1mBOS fired: BULLISH | Broken level: 2822.229 | BOS count: 2 | Trend Confirmed: True[0m
[32m14:33:08[0m | [1mINFO    [0m | [36mbackend.strategies.core.market_structure[0m:[36mupdate[0m | [1mBOS fired: BULLISH | Broken level: 2822.229 | BOS count: 3 | Trend Confirmed: True[0m
[32m14:33:08[0m | [1mINFO    [0m | [36mbackend.strategies.core.market_structure[0m:[36mupdate[0m | [1mBOS fired: BULLISH | Broken level: 2822.229 | BOS count: 4 | Trend Confirmed: True[0m
[32m14:33:08[0m | [1mINFO    [0m | [36mbackend.strategies.core.market_structure[0m:[36mupdate[0m | [1mBOS fired: BULLISH | Broken level: 2822.229 | BOS count: 5 | Trend Confirmed: True[0m
[32m14:33:08[0m | [1mINFO    [0m | [36mbackend.strategies.core.market_structure[0m:[36mupdate[0m | [1mBOS fired: BULLISH | Broken level: 2822.229 | BOS count: 6 | Trend Confirmed: True[0m
[32m14:33:08[0m | [1mINFO    [0m | [36mbackend.strategies.core.market_structure[0m:[36mupdate[0m | [1mBOS fired: BULLISH | Broken level: 2822.229 | BOS count: 7 | Trend Confirmed: True[0m
[32m14:33:08[0m | [1mINFO    [0m | [36mbackend.strategies.core.market_structure[0m:[36mupdate[0m | [1mBOS fired: BULLISH | Broken level: 2822.229 | BOS count: 8 | Trend Confirmed: True[0m
[32m14:33:08[0m | [1mINFO    [0m | [36mbackend.strategies.core.market_structure[0m:[36mupdate[0m | [1mBOS fired: BULLISH | Broken level: 2822.229 | BOS count: 9 | Trend Confirmed: True[0m
[32m14:33:08[0m | [1mINFO    [0m | [36mbackend.strategies.core.market_structure[0m:[36mupdate[0m | [1mBOS fired: BULLISH | Broken level: 2822.229 | BOS count: 10 | Trend Confirmed: True[0m
[32m14:33:08[0m | [1mINFO    [0m | [36mbackend.strategies.core.market_structure[0m:[36mupdate[0m | [1mBOS fired: BULLISH | Broken level: 2822.229 | BOS count: 11 | Trend Confirmed: True[0m
[32m14:33:08[0m | [1mINFO    [0m | [36mbackend.strategies.core.market_structure[0m:[36mupdate[0m | [1mBOS fired: BULLISH | Broken level: 2822.229 | BOS count: 12 | Trend Confirmed: True[0m
[32m14:33:08[0m | [1mINFO    [0m | [36mbackend.strategies.core.market_structure[0m:[36mupdate[0m | [1mBOS fired: BULLISH | Broken level: 2822.229 | BOS count: 13 | Trend Confirmed: True[0m
[32m14:33:08[0m | [1mINFO    [0m | [36mbackend.strategies.core.market_structure[0m:[36mupdate[0m | [1mBOS fired: BULLISH | Broken level: 2822.229 | BOS count: 14 | Trend Confirmed: True[0m
[32m14:33:08[0m | [1mINFO    [0m | [36mbackend.strategies.core.market_structure[0m:[36mupdate[0m | [1mBOS fired: BULLISH | Broken level: 2822.229 | BOS count: 15 | Trend Confirmed: True[0m
[32m14:33:08[0m | [1mINFO    [0m | [36mbackend.strategies.core.market_structure[0m:[36mupdate[0m | [1mBOS fired: BULLISH | Broken level: 2822.229 | BOS count: 16 | Trend Confirmed: True[0m
[32m14:33:08[0m | [1mINFO    [0m | [36mbackend.strategies.core.market_structure[0m:[36mupdate[0m | [1mBOS fired: BULLISH | Broken level: 2822.229 | BOS count: 17 | Trend Confirmed: True[0m
[32m14:33:08[0m | [1mINFO    [0m | [36mbackend.strategies.core.market_structure[0m:[36mupdate[0m | [1mBOS fired: BULLISH | Broken level: 2822.229 | BOS count: 18 | Trend Confirmed: True[0m
[32m14:33:08[0m | [1mINFO    [0m | [36mbackend.strategies.core.market_structure[0m:[36mupdate[0m | [1mBOS fired: BULLISH | Broken level: 2822.229 | BOS count: 19 | Trend Confirmed: True[0m
[32m14:33:08[0m | [1mINFO    [0m | [36mbackend.strategies.core.market_structure[0m:[36mupdate[0m | [1mBOS fired: BULLISH | Broken level: 2822.229 | BOS count: 20 | Trend Confirmed: True[0m
[32m14:33:08[0m | [1mINFO    [0m | [36mbackend.strategies.core.market_structure[0m:[36mupdate[0m | [1mBOS fired: BULLISH | Broken level: 2822.229 | BOS count: 21 | Trend Confirmed: True[0m
[32m14:33:08[0m | [1mINFO    [0m | [36mbackend.strategies.core.market_structure[0m:[36mupdate[0m | [1mBOS fired: BULLISH | Broken level: 2822.229 | BOS count: 22 | Trend Confirmed: True[0m
[32m14:33:08[0m | [1mINFO    [0m | [36mbackend.strategies.core.market_structure[0m:[36mupdate[0m | [1mBOS fired: BULLISH | Broken level: 2822.229 | BOS count: 23 | Trend Confirmed: True[0m
[32m14:33:08[0m | [1mINFO    [0m | [36mbackend.strategies.core.market_structure[0m:[36mupdate[0m | [1mBOS fired: BULLISH | Broken level: 2822.229 | BOS count: 24 | Trend Confirmed: True[0m
[32m14:33:08[0m | [1mINFO    [0m | [36mbackend.strategies.core.market_structure[0m:[36mupdate[0m | [1mBOS fired: BULLISH | Broken level: 2822.229 | BOS count: 25 | Trend Confirmed: True[0m
[32m14:33:08[0m | [1mINFO    [0m | [36mbackend.strategies.core.market_structure[0m:[36mupdate[0m | [1mBOS fired: BULLISH | Broken level: 2822.229 | BOS count: 26 | Trend Confirmed: True[0m
[32m14:33:08[0m | [1mINFO    [0m | [36mbackend.strategies.core.market_structure[0m:[36mupdate[0m | [1mBOS fired: BULLISH | Broken level: 2822.229 | BOS count: 27 | Trend Confirmed: True[0m
[32m14:33:08[0m | [1mINFO    [0m | [36mbackend.strategies.core.market_structure[0m:[36mupdate[0m | [1mBOS fired: BULLISH | Broken level: 2822.229 | BOS count: 28 | Trend Confirmed: True[0m
[32m14:33:08[0m | [1mINFO    [0m | [36mbackend.strategies.core.market_structure[0m:[36mupdate[0m | [1mBOS fired: BULLISH | Broken level: 2822.229 | BOS count: 29 | Trend Confirmed: True[0m
[32m14:33:08[0m | [1mINFO    [0m | [36mbackend.strategies.core.market_structure[0m:[36mupdate[0m | [1mBOS fired: BULLISH | Broken level: 2822.229 | BOS count: 30 | Trend Confirmed: True[0m
[32m14:33:08[0m | [1mINFO    [0m | [36mbackend.strategies.core.market_structure[0m:[36mupdate[0m | [1mBOS fired: BULLISH | Broken level: 2822.229 | BOS count: 31 | Trend Confirmed: True[0m
[32m14:33:08[0m | [1mINFO    [0m | [36mbackend.strategies.core.market_structure[0m:[36mupdate[0m | [1mBOS fired: BULLISH | Broken level: 2822.229 | BOS count: 32 | Trend Confirmed: True[0m
[32m14:33:08[0m | [1mINFO    [0m | [36mbackend.strategies.core.market_structure[0m:[36mupdate[0m | [1mChoCH fired: BEARISH | Broken level: 2846.257 | BOS count: 1[0m
[32m14:33:08[0m | [1mINFO    [0m | [36mbackend.strategies.core.market_structure[0m:[36mupdate[0m | [1mBOS fired: BEARISH | Broken level: 2846.257 | BOS count: 2 | Trend Confirmed: True[0m
[32m14:33:08[0m | [1mINFO    [0m | [36mbackend.strategies.core.market_structure[0m:[36mupdate[0m | [1mBOS fired: BEARISH | Broken level: 2846.257 | BOS count: 3 | Trend Confirmed: True[0m
[32m14:33:08[0m | [1mINFO    [0m | [36mbackend.strategies.core.market_structure[0m:[36mupdate[0m | [1mBOS fired: BEARISH | Broken level: 2846.257 | BOS count: 4 | Trend Confirmed: True[0m
[32m14:33:08[0m | [1mINFO    [0m | [36mbackend.strategies.core.market_structure[0m:[36mupdate[0m | [1mBOS fired: BEARISH | Broken level: 2846.257 | BOS count: 5 | Trend Confirmed: True[0m
[32m14:33:08[0m | [1mINFO    [0m | [36mbackend.strategies.core.market_structure[0m:[36mupdate[0m | [1mBOS fired: BEARISH | Broken level: 2846.257 | BOS count: 6 | Trend Confirmed: True[0m
[32m14:33:08[0m | [1mINFO    [0m | [36mbackend.strategies.core.market_structure[0m:[36mupdate[0m | [1mBOS fired: BEARISH | Broken level: 2846.257 | BOS count: 7 | Trend Confirmed: True[0m
[32m14:33:08[0m | [1mINFO    [0m | [36mbackend.strategies.core.market_structure[0m:[36mupdate[0m | [1mBOS fired: BEARISH | Broken level: 2846.257 | BOS count: 8 | Trend Confirmed: True[0m
[32m14:33:08[0m | [1mINFO    [0m | [36mbackend.strategies.core.market_structure[0m:[36mupdate[0m | [1mBOS fired: BEARISH | Broken level: 2846.257 | BOS count: 9 | Trend Confirmed: True[0m
[32m14:33:08[0m | [1mINFO    [0m | [36mbackend.strategies.core.market_structure[0m:[36mupdate[0m | [1mBOS fired: BEARISH | Broken level: 2846.257 | BOS count: 10 | Trend Confirmed: True[0m
[32m14:33:08[0m | [1mINFO    [0m | [36mbackend.strategies.core.market_structure[0m:[36mupdate[0m | [1mBOS fired: BEARISH | Broken level: 2846.257 | BOS count: 11 | Trend Confirmed: True[0m
[32m14:33:08[0m | [1mINFO    [0m | [36mbackend.strategies.core.market_structure[0m:[36mupdate[0m | [1mBOS fired: BEARISH | Broken level: 2846.257 | BOS count: 12 | Trend Confirmed: True[0m
[32m14:33:08[0m | [1mINFO    [0m | [36mbackend.strategies.core.market_structure[0m:[36mupdate[0m | [1mBOS fired: BEARISH | Broken level: 2846.257 | BOS count: 13 | Trend Confirmed: True[0m
[32m14:33:08[0m | [1mINFO    [0m | [36mbackend.strategies.core.market_structure[0m:[36mupdate[0m | [1mBOS fired: BEARISH | Broken level: 2846.257 | BOS count: 14 | Trend Confirmed: True[0m
[32m14:33:08[0m | [1mINFO    [0m | [36mbackend.strategies.core.market_structure[0m:[36mupdate[0m | [1mBOS fired: BEARISH | Broken level: 2846.257 | BOS count: 15 | Trend Confirmed: True[0m
[32m14:33:08[0m | [1mINFO    [0m | [36mbackend.strategies.core.market_structure[0m:[36mupdate[0m | [1mBOS fired: BEARISH | Broken level: 2846.257 | BOS count: 16 | Trend Confirmed: True[0m
[32m14:33:08[0m | [1mINFO    [0m | [36mbackend.strategies.core.market_structure[0m:[36mupdate[0m | [1mBOS fired: BEARISH | Broken level: 2846.257 | BOS count: 17 | Trend Confirmed: True[0m
[32m14:33:08[0m | [1mINFO    [0m | [36mbackend.strategies.core.market_structure[0m:[36mupdate[0m | [1mBOS fired: BEARISH | Broken level: 2846.257 | BOS count: 18 | Trend Confirmed: True[0m
[32m14:33:08[0m | [1mINFO    [0m | [36mbackend.strategies.core.market_structure[0m:[36mupdate[0m | [1mBOS fired: BEARISH | Broken level: 2846.257 | BOS count: 19 | Trend Confirmed: True[0m
[32m14:33:08[0m | [1mINFO    [0m | [36mbackend.strategies.core.market_structure[0m:[36mupdate[0m | [1mBOS fired: BEARISH | Broken level: 2846.257 | BOS count: 20 | Trend Confirmed: True[0m
[32m14:33:08[0m | [1mINFO    [0m | [36mbackend.strategies.core.market_structure[0m:[36mupdate[0m | [1mBOS fired: BEARISH | Broken level: 2846.257 | BOS count: 21 | Trend Confirmed: True[0m
[32m14:33:08[0m | [1mINFO    [0m | [36mbackend.strategies.core.market_structure[0m:[36mupdate[0m | [1mBOS fired: BEARISH | Broken level: 2846.257 | BOS count: 22 | Trend Confirmed: True[0m
[32m14:33:08[0m | [1mINFO    [0m | [36mbackend.strategies.core.market_structure[0m:[36mupdate[0m | [1mBOS fired: BEARISH | Broken level: 2846.257 | BOS count: 23 | Trend Confirmed: True[0m
[32m14:33:09[0m | [1mINFO    [0m | [36mbackend.strategies.core.market_structure[0m:[36mupdate[0m | [1mBOS fired: BEARISH | Broken level: 2828.669 | BOS count: 24 | Trend Confirmed: True[0m
[32m14:33:09[0m | [1mINFO    [0m | [36mbackend.strategies.core.market_structure[0m:[36mupdate[0m | [1mBOS fired: BEARISH | Broken level: 2828.669 | BOS count: 25 | Trend Confirmed: True[0m
[32m14:33:09[0m | [1mINFO    [0m | [36mbackend.strategies.core.market_structure[0m:[36mupdate[0m | [1mBOS fired: BEARISH | Broken level: 2828.669 | BOS count: 26 | Trend Confirmed: True[0m
[32m14:33:09[0m | [1mINFO    [0m | [36mbackend.strategies.core.market_structure[0m:[36mupdate[0m | [1mBOS fired: BEARISH | Broken level: 2828.669 | BOS count: 27 | Trend Confirmed: True[0m
[32m14:33:09[0m | [1mINFO    [0m | [36mbackend.strategies.core.market_structure[0m:[36mupdate[0m | [1mBOS fired: BEARISH | Broken level: 2828.669 | BOS count: 28 | Trend Confirmed: True[0m
[32m14:33:09[0m | [1mINFO    [0m | [36mbackend.strategies.core.market_structure[0m:[36mupdate[0m | [1mBOS fired: BEARISH | Broken level: 2828.669 | BOS count: 29 | Trend Confirmed: True[0m
[32m14:33:09[0m | [1mINFO    [0m | [36mbackend.strategies.core.market_structure[0m:[36mupdate[0m | [1mBOS fired: BEARISH | Broken level: 2828.669 | BOS count: 30 | Trend Confirmed: True[0m
[32m14:33:09[0m | [1mINFO    [0m | [36mbackend.strategies.core.market_structure[0m:[36mupdate[0m | [1mBOS fired: BEARISH | Broken level: 2828.669 | BOS count: 31 | Trend Confirmed: True[0m
[32m14:33:09[0m | [1mINFO    [0m | [36mbackend.strategies.core.market_structure[0m:[36mupdate[0m | [1mBOS fired: BEARISH | Broken level: 2828.669 | BOS count: 32 | Trend Confirmed: True[0m
[32m14:33:09[0m | [1mINFO    [0m | [36mbackend.strategies.core.market_structure[0m:[36mupdate[0m | [1mBOS fired: BEARISH | Broken level: 2828.669 | BOS count: 33 | Trend Confirmed: True[0m
[32m14:33:09[0m | [1mINFO    [0m | [36mbackend.strategies.core.market_structure[0m:[36mupdate[0m | [1mBOS fired: BEARISH | Broken level: 2807.268 | BOS count: 34 | Trend Confirmed: True[0m
[32m14:33:09[0m | [1mINFO    [0m | [36mbackend.strategies.core.market_structure[0m:[36mupdate[0m | [1mBOS fired: BEARISH | Broken level: 2807.268 | BOS count: 35 | Trend Confirmed: True[0m
[32m14:33:09[0m | [1mINFO    [0m | [36mbackend.strategies.core.market_structure[0m:[36mupdate[0m | [1mBOS fired: BEARISH | Broken level: 2807.268 | BOS count: 36 | Trend Confirmed: True[0m
[32m14:33:09[0m | [1mINFO    [0m | [36mbackend.strategies.core.market_structure[0m:[36mupdate[0m | [1mBOS fired: BEARISH | Broken level: 2807.268 | BOS count: 37 | Trend Confirmed: True[0m
[32m14:33:09[0m | [1mINFO    [0m | [36mbackend.strategies.core.market_structure[0m:[36mupdate[0m | [1mBOS fired: BEARISH | Broken level: 2807.268 | BOS count: 38 | Trend Confirmed: True[0m
[32m14:33:09[0m | [1mINFO    [0m | [36mbackend.strategies.core.market_structure[0m:[36mupdate[0m | [1mBOS fired: BEARISH | Broken level: 2807.268 | BOS count: 39 | Trend Confirmed: True[0m
[32m14:33:09[0m | [1mINFO    [0m | [36mbackend.strategies.core.market_structure[0m:[36mupdate[0m | [1mBOS fired: BEARISH | Broken level: 2807.268 | BOS count: 40 | Trend Confirmed: True[0m
[32m14:33:09[0m | [1mINFO    [0m | [36mbackend.strategies.core.market_structure[0m:[36mupdate[0m | [1mBOS fired: BEARISH | Broken level: 2807.268 | BOS count: 41 | Trend Confirmed: True[0m
[32m14:33:09[0m | [1mINFO    [0m | [36mbackend.strategies.core.market_structure[0m:[36mupdate[0m | [1mBOS fired: BEARISH | Broken level: 2807.268 | BOS count: 42 | Trend Confirmed: True[0m
[32m14:33:09[0m | [1mINFO    [0m | [36mbackend.strategies.core.market_structure[0m:[36mupdate[0m | [1mBOS fired: BEARISH | Broken level: 2807.268 | BOS count: 43 | Trend Confirmed: True[0m
[32m14:33:09[0m | [1mINFO    [0m | [36mbackend.strategies.core.market_structure[0m:[36mupdate[0m | [1mBOS fired: BEARISH | Broken level: 2796.079 | BOS count: 44 | Trend Confirmed: True[0m
[32m14:33:09[0m | [1mINFO    [0m | [36mbackend.strategies.core.market_structure[0m:[36mupdate[0m | [1mBOS fired: BEARISH | Broken level: 2796.079 | BOS count: 45 | Trend Confirmed: True[0m
[32m14:33:09[0m | [1mINFO    [0m | [36mbackend.strategies.core.market_structure[0m:[36mupdate[0m | [1mBOS fired: BEARISH | Broken level: 2796.079 | BOS count: 46 | Trend Confirmed: True[0m
[32m14:33:09[0m | [1mINFO    [0m | [36mbackend.strategies.core.market_structure[0m:[36mupdate[0m | [1mBOS fired: BEARISH | Broken level: 2791.928 | BOS count: 47 | Trend Confirmed: True[0m
[32m14:33:09[0m | [1mINFO    [0m | [36mbackend.strategies.core.market_structure[0m:[36mupdate[0m | [1mBOS fired: BEARISH | Broken level: 2791.928 | BOS count: 48 | Trend Confirmed: True[0m
[32m14:33:09[0m | [1mINFO    [0m | [36mbackend.strategies.core.market_structure[0m:[36mupdate[0m | [1mBOS fired: BEARISH | Broken level: 2791.928 | BOS count: 49 | Trend Confirmed: True[0m
[32m14:33:09[0m | [1mINFO    [0m | [36mbackend.strategies.core.market_structure[0m:[36mupdate[0m | [1mBOS fired: BEARISH | Broken level: 2791.928 | BOS count: 50 | Trend Confirmed: True[0m
[32m14:33:09[0m | [1mINFO    [0m | [36mbackend.strategies.core.market_structure[0m:[36mupdate[0m | [1mBOS fired: BEARISH | Broken level: 2791.928 | BOS count: 51 | Trend Confirmed: True[0m
[32m14:33:09[0m | [1mINFO    [0m | [36mbackend.strategies.core.market_structure[0m:[36mupdate[0m | [1mBOS fired: BEARISH | Broken level: 2791.928 | BOS count: 52 | Trend Confirmed: True[0m
[32m14:33:09[0m | [1mINFO    [0m | [36mbackend.strategies.core.market_structure[0m:[36mupdate[0m | [1mBOS fired: BEARISH | Broken level: 2791.928 | BOS count: 53 | Trend Confirmed: True[0m
[32m14:33:09[0m | [1mINFO    [0m | [36mbackend.strategies.core.market_structure[0m:[36mupdate[0m | [1mBOS fired: BEARISH | Broken level: 2791.928 | BOS count: 54 | Trend Confirmed: True[0m
[32m14:33:09[0m | [1mINFO    [0m | [36mbackend.strategies.core.market_structure[0m:[36mupdate[0m | [1mBOS fired: BEARISH | Broken level: 2791.928 | BOS count: 55 | Trend Confirmed: True[0m
[32m14:33:09[0m | [1mINFO    [0m | [36mbackend.strategies.core.market_structure[0m:[36mupdate[0m | [1mBOS fired: BEARISH | Broken level: 2791.928 | BOS count: 56 | Trend Confirmed: True[0m
[32m14:33:09[0m | [1mINFO    [0m | [36mbackend.strategies.core.market_structure[0m:[36mupdate[0m | [1mBOS fired: BEARISH | Broken level: 2791.928 | BOS count: 57 | Trend Confirmed: True[0m
[32m14:33:09[0m | [1mINFO    [0m | [36mbackend.strategies.core.market_structure[0m:[36mupdate[0m | [1mBOS fired: BEARISH | Broken level: 2791.928 | BOS count: 58 | Trend Confirmed: True[0m
[32m14:33:09[0m | [1mINFO    [0m | [36mbackend.strategies.core.market_structure[0m:[36mupdate[0m | [1mBOS fired: BEARISH | Broken level: 2791.928 | BOS count: 59 | Trend Confirmed: True[0m
[32m14:33:10[0m | [1mINFO    [0m | [36mbackend.strategies.core.market_structure[0m:[36mupdate[0m | [1mBOS fired: BEARISH | Broken level: 2788.063 | BOS count: 60 | Trend Confirmed: True[0m
[32m14:33:10[0m | [1mINFO    [0m | [36mbackend.strategies.core.market_structure[0m:[36mupdate[0m | [1mBOS fired: BEARISH | Broken level: 2788.063 | BOS count: 61 | Trend Confirmed: True[0m
[32m14:33:10[0m | [1mINFO    [0m | [36mbackend.strategies.core.market_structure[0m:[36mupdate[0m | [1mBOS fired: BEARISH | Broken level: 2788.063 | BOS count: 62 | Trend Confirmed: True[0m
[32m14:33:10[0m | [1mINFO    [0m | [36mbackend.strategies.core.market_structure[0m:[36mupdate[0m | [1mBOS fired: BEARISH | Broken level: 2788.063 | BOS count: 63 | Trend Confirmed: True[0m
[32m14:33:10[0m | [1mINFO    [0m | [36mbackend.strategies.core.market_structure[0m:[36mupdate[0m | [1mBOS fired: BEARISH | Broken level: 2792.887 | BOS count: 64 | Trend Confirmed: True[0m
[32m14:33:10[0m | [1mINFO    [0m | [36mbackend.strategies.core.market_structure[0m:[36mupdate[0m | [1mBOS fired: BEARISH | Broken level: 2792.887 | BOS count: 65 | Trend Confirmed: True[0m
[32m14:33:10[0m | [1mINFO    [0m | [36mbackend.strategies.core.market_structure[0m:[36mupdate[0m | [1mBOS fired: BEARISH | Broken level: 2792.887 | BOS count: 66 | Trend Confirmed: True[0m
[32m14:33:10[0m | [1mINFO    [0m | [36mbackend.strategies.core.market_structure[0m:[36mupdate[0m | [1mBOS fired: BEARISH | Broken level: 2792.887 | BOS count: 67 | Trend Confirmed: True[0m
[32m14:33:10[0m | [1mINFO    [0m | [36mbackend.strategies.core.market_structure[0m:[36mupdate[0m | [1mBOS fired: BEARISH | Broken level: 2792.887 | BOS count: 68 | Trend Confirmed: True[0m
[32m14:33:10[0m | [1mINFO    [0m | [36mbackend.strategies.core.market_structure[0m:[36mupdate[0m | [1mBOS fired: BEARISH | Broken level: 2792.887 | BOS count: 69 | Trend Confirmed: True[0m
[32m14:33:10[0m | [1mINFO    [0m | [36mbackend.strategies.core.market_structure[0m:[36mupdate[0m | [1mBOS fired: BEARISH | Broken level: 2792.887 | BOS count: 70 | Trend Confirmed: True[0m
[32m14:33:10[0m | [1mINFO    [0m | [36mbackend.strategies.core.market_structure[0m:[36mupdate[0m | [1mBOS fired: BEARISH | Broken level: 2792.887 | BOS count: 71 | Trend Confirmed: True[0m
[32m14:33:10[0m | [1mINFO    [0m | [36mbackend.strategies.core.market_structure[0m:[36mupdate[0m | [1mBOS fired: BEARISH | Broken level: 2792.887 | BOS count: 72 | Trend Confirmed: True[0m
[32m14:33:10[0m | [1mINFO    [0m | [36mbackend.strategies.core.market_structure[0m:[36mupdate[0m | [1mBOS fired: BEARISH | Broken level: 2782.051 | BOS count: 73 | Trend Confirmed: True[0m
[32m14:33:10[0m | [1mINFO    [0m | [36mbackend.strategies.core.market_structure[0m:[36mupdate[0m | [1mChoCH fired: BULLISH | Broken level: 2789.723 | BOS count: 1[0m
[32m14:33:10[0m | [1mINFO    [0m | [36mbackend.strategies.core.market_structure[0m:[36mupdate[0m | [1mBOS fired: BULLISH | Broken level: 2789.723 | BOS count: 2 | Trend Confirmed: True[0m
[32m14:33:10[0m | [1mINFO    [0m | [36mbackend.strategies.core.market_structure[0m:[36mupdate[0m | [1mBOS fired: BULLISH | Broken level: 2789.723 | BOS count: 3 | Trend Confirmed: True[0m
[32m14:33:10[0m | [1mINFO    [0m | [36mbackend.strategies.core.market_structure[0m:[36mupdate[0m | [1mBOS fired: BULLISH | Broken level: 2789.723 | BOS count: 4 | Trend Confirmed: True[0m
[32m14:33:10[0m | [1mINFO    [0m | [36mbackend.strategies.core.market_structure[0m:[36mupdate[0m | [1mBOS fired: BULLISH | Broken level: 2789.723 | BOS count: 5 | Trend Confirmed: True[0m
[32m14:33:10[0m | [1mINFO    [0m | [36mbackend.strategies.core.market_structure[0m:[36mupdate[0m | [1mBOS fired: BULLISH | Broken level: 2789.723 | BOS count: 6 | Trend Confirmed: True[0m
[32m14:33:10[0m | [1mINFO    [0m | [36mbackend.strategies.core.market_structure[0m:[36mupdate[0m | [1mBOS fired: BULLISH | Broken level: 2789.723 | BOS count: 7 | Trend Confirmed: True[0m
[32m14:33:10[0m | [1mINFO    [0m | [36mbackend.strategies.core.market_structure[0m:[36mupdate[0m | [1mBOS fired: BULLISH | Broken level: 2789.723 | BOS count: 8 | Trend Confirmed: True[0m
[32m14:33:10[0m | [1mINFO    [0m | [36mbackend.strategies.core.market_structure[0m:[36mupdate[0m | [1mBOS fired: BULLISH | Broken level: 2789.723 | BOS count: 9 | Trend Confirmed: True[0m
[32m14:33:10[0m | [1mINFO    [0m | [36mbackend.strategies.core.market_structure[0m:[36mupdate[0m | [1mBOS fired: BULLISH | Broken level: 2789.723 | BOS count: 10 | Trend Confirmed: True[0m
[32m14:33:10[0m | [1mINFO    [0m | [36mbackend.strategies.core.market_structure[0m:[36mupdate[0m | [1mBOS fired: BULLISH | Broken level: 2789.723 | BOS count: 11 | Trend Confirmed: True[0m
[32m14:33:10[0m | [1mINFO    [0m | [36mbackend.strategies.core.market_structure[0m:[36mupdate[0m | [1mBOS fired: BULLISH | Broken level: 2789.723 | BOS count: 12 | Trend Confirmed: True[0m
[32m14:33:10[0m | [1mINFO    [0m | [36mbackend.strategies.core.market_structure[0m:[36mupdate[0m | [1mBOS fired: BULLISH | Broken level: 2789.723 | BOS count: 13 | Trend Confirmed: True[0m
[32m14:33:10[0m | [1mINFO    [0m | [36mbackend.strategies.core.market_structure[0m:[36mupdate[0m | [1mBOS fired: BULLISH | Broken level: 2789.723 | BOS count: 14 | Trend Confirmed: True[0m
[32m14:33:10[0m | [1mINFO    [0m | [36mbackend.strategies.core.market_structure[0m:[36mupdate[0m | [1mBOS fired: BULLISH | Broken level: 2789.723 | BOS count: 15 | Trend Confirmed: True[0m
[32m14:33:10[0m | [1mINFO    [0m | [36mbackend.strategies.core.market_structure[0m:[36mupdate[0m | [1mBOS fired: BULLISH | Broken level: 2789.723 | BOS count: 16 | Trend Confirmed: True[0m
[32m14:33:10[0m | [1mINFO    [0m | [36mbackend.strategies.core.market_structure[0m:[36mupdate[0m | [1mBOS fired: BULLISH | Broken level: 2789.723 | BOS count: 17 | Trend Confirmed: True[0m
[32m14:33:10[0m | [1mINFO    [0m | [36mbackend.strategies.core.market_structure[0m:[36mupdate[0m | [1mBOS fired: BULLISH | Broken level: 2789.723 | BOS count: 18 | Trend Confirmed: True[0m
[32m14:33:10[0m | [1mINFO    [0m | [36mbackend.strategies.core.market_structure[0m:[36mupdate[0m | [1mChoCH fired: BEARISH | Broken level: 2798.987 | BOS count: 1[0m
[32m14:33:10[0m | [1mINFO    [0m | [36mbackend.strategies.core.market_structure[0m:[36mupdate[0m | [1mBOS fired: BEARISH | Broken level: 2798.987 | BOS count: 2 | Trend Confirmed: True[0m
[32m14:33:10[0m | [1mINFO    [0m | [36mbackend.strategies.core.market_structure[0m:[36mupdate[0m | [1mBOS fired: BEARISH | Broken level: 2798.987 | BOS count: 3 | Trend Confirmed: True[0m
[32m14:33:10[0m | [1mINFO    [0m | [36mbackend.strategies.core.market_structure[0m:[36mupdate[0m | [1mBOS fired: BEARISH | Broken level: 2798.987 | BOS count: 4 | Trend Confirmed: True[0m
[32m14:33:10[0m | [1mINFO    [0m | [36mbackend.strategies.core.market_structure[0m:[36mupdate[0m | [1mBOS fired: BEARISH | Broken level: 2789.342 | BOS count: 5 | Trend Confirmed: True[0m
[32m14:33:10[0m | [1mINFO    [0m | [36mbackend.strategies.core.market_structure[0m:[36mupdate[0m | [1mBOS fired: BEARISH | Broken level: 2788.214 | BOS count: 6 | Trend Confirmed: True[0m
[32m14:33:10[0m | [1mINFO    [0m | [36mbackend.strategies.core.market_structure[0m:[36mupdate[0m | [1mBOS fired: BEARISH | Broken level: 2788.214 | BOS count: 7 | Trend Confirmed: True[0m
[32m14:33:10[0m | [1mINFO    [0m | [36mbackend.strategies.core.market_structure[0m:[36mupdate[0m | [1mBOS fired: BEARISH | Broken level: 2788.214 | BOS count: 8 | Trend Confirmed: True[0m
[32m14:33:10[0m | [1mINFO    [0m | [36mbackend.strategies.core.market_structure[0m:[36mupdate[0m | [1mBOS fired: BEARISH | Broken level: 2788.214 | BOS count: 9 | Trend Confirmed: True[0m
[32m14:33:10[0m | [1mINFO    [0m | [36mbackend.strategies.core.market_structure[0m:[36mupdate[0m | [1mBOS fired: BEARISH | Broken level: 2788.214 | BOS count: 10 | Trend Confirmed: True[0m
[32m14:33:10[0m | [1mINFO    [0m | [36mbackend.strategies.core.market_structure[0m:[36mupdate[0m | [1mBOS fired: BEARISH | Broken level: 2788.214 | BOS count: 11 | Trend Confirmed: True[0m
[32m14:33:10[0m | [1mINFO    [0m | [36mbackend.strategies.core.market_structure[0m:[36mupdate[0m | [1mBOS fired: BEARISH | Broken level: 2788.214 | BOS count: 12 | Trend Confirmed: True[0m
[32m14:33:10[0m | [1mINFO    [0m | [36mbackend.strategies.core.market_structure[0m:[36mupdate[0m | [1mBOS fired: BEARISH | Broken level: 2788.214 | BOS count: 13 | Trend Confirmed: True[0m
[32m14:33:10[0m | [1mINFO    [0m | [36mbackend.strategies.core.market_structure[0m:[36mupdate[0m | [1mBOS fired: BEARISH | Broken level: 2788.214 | BOS count: 14 | Trend Confirmed: True[0m
[32m14:33:10[0m | [1mINFO    [0m | [36mbackend.strategies.core.market_structure[0m:[36mupdate[0m | [1mBOS fired: BEARISH | Broken level: 2788.214 | BOS count: 15 | Trend Confirmed: True[0m
[32m14:33:11[0m | [1mINFO    [0m | [36mbackend.strategies.core.market_structure[0m:[36mupdate[0m | [1mChoCH fired: BULLISH | Broken level: 2790.154 | BOS count: 1[0m
[32m14:33:11[0m | [1mINFO    [0m | [36mbackend.strategies.core.market_structure[0m:[36mupdate[0m | [1mBOS fired: BULLISH | Broken level: 2790.154 | BOS count: 2 | Trend Confirmed: True[0m
[32m14:33:11[0m | [1mINFO    [0m | [36mbackend.strategies.core.market_structure[0m:[36mupdate[0m | [1mBOS fired: BULLISH | Broken level: 2790.154 | BOS count: 3 | Trend Confirmed: True[0m
[32m14:33:11[0m | [1mINFO    [0m | [36mbackend.strategies.core.market_structure[0m:[36mupdate[0m | [1mBOS fired: BULLISH | Broken level: 2790.154 | BOS count: 4 | Trend Confirmed: True[0m
[32m14:33:11[0m | [1mINFO    [0m | [36mbackend.strategies.core.market_structure[0m:[36mupdate[0m | [1mBOS fired: BULLISH | Broken level: 2796.691 | BOS count: 5 | Trend Confirmed: True[0m
[32m14:33:11[0m | [1mINFO    [0m | [36mbackend.strategies.core.market_structure[0m:[36mupdate[0m | [1mBOS fired: BULLISH | Broken level: 2796.691 | BOS count: 6 | Trend Confirmed: True[0m
[32m14:33:11[0m | [1mINFO    [0m | [36mbackend.strategies.core.market_structure[0m:[36mupdate[0m | [1mBOS fired: BULLISH | Broken level: 2796.691 | BOS count: 7 | Trend Confirmed: True[0m
[32m14:33:11[0m | [1mINFO    [0m | [36mbackend.strategies.core.market_structure[0m:[36mupdate[0m | [1mBOS fired: BULLISH | Broken level: 2763.402 | BOS count: 8 | Trend Confirmed: True[0m
[32m14:33:11[0m | [1mINFO    [0m | [36mbackend.strategies.core.market_structure[0m:[36mupdate[0m | [1mBOS fired: BULLISH | Broken level: 2763.402 | BOS count: 9 | Trend Confirmed: True[0m
[32m14:33:11[0m | [1mINFO    [0m | [36mbackend.strategies.core.market_structure[0m:[36mupdate[0m | [1mBOS fired: BULLISH | Broken level: 2763.402 | BOS count: 10 | Trend Confirmed: True[0m
[32m14:33:11[0m | [1mINFO    [0m | [36mbackend.strategies.core.market_structure[0m:[36mupdate[0m | [1mBOS fired: BULLISH | Broken level: 2763.402 | BOS count: 11 | Trend Confirmed: True[0m
[32m14:33:11[0m | [1mINFO    [0m | [36mbackend.strategies.core.market_structure[0m:[36mupdate[0m | [1mBOS fired: BULLISH | Broken level: 2763.402 | BOS count: 12 | Trend Confirmed: True[0m
[32m14:33:11[0m | [1mINFO    [0m | [36mbackend.strategies.core.market_structure[0m:[36mupdate[0m | [1mBOS fired: BULLISH | Broken level: 2763.402 | BOS count: 13 | Trend Confirmed: True[0m
[32m14:33:11[0m | [1mINFO    [0m | [36mbackend.strategies.core.market_structure[0m:[36mupdate[0m | [1mBOS fired: BULLISH | Broken level: 2763.402 | BOS count: 14 | Trend Confirmed: True[0m
[32m14:33:11[0m | [1mINFO    [0m | [36mbackend.strategies.core.market_structure[0m:[36mupdate[0m | [1mBOS fired: BULLISH | Broken level: 2763.402 | BOS count: 15 | Trend Confirmed: True[0m
[32m14:33:11[0m | [1mINFO    [0m | [36mbackend.strategies.core.market_structure[0m:[36mupdate[0m | [1mBOS fired: BULLISH | Broken level: 2763.402 | BOS count: 16 | Trend Confirmed: True[0m
[32m14:33:11[0m | [1mINFO    [0m | [36mbackend.strategies.core.market_structure[0m:[36mupdate[0m | [1mBOS fired: BULLISH | Broken level: 2763.402 | BOS count: 17 | Trend Confirmed: True[0m
[32m14:33:11[0m | [1mINFO    [0m | [36mbackend.strategies.core.market_structure[0m:[36mupdate[0m | [1mBOS fired: BULLISH | Broken level: 2763.402 | BOS count: 18 | Trend Confirmed: True[0m
[32m14:33:11[0m | [1mINFO    [0m | [36mbackend.strategies.core.market_structure[0m:[36mupdate[0m | [1mBOS fired: BULLISH | Broken level: 2763.402 | BOS count: 19 | Trend Confirmed: True[0m
[32m14:33:11[0m | [1mINFO    [0m | [36mbackend.strategies.core.market_structure[0m:[36mupdate[0m | [1mBOS fired: BULLISH | Broken level: 2763.402 | BOS count: 20 | Trend Confirmed: True[0m
[32m14:33:11[0m | [1mINFO    [0m | [36mbackend.strategies.core.market_structure[0m:[36mupdate[0m | [1mBOS fired: BULLISH | Broken level: 2799.715 | BOS count: 21 | Trend Confirmed: True[0m
[32m14:33:11[0m | [1mINFO    [0m | [36mbackend.strategies.core.market_structure[0m:[36mupdate[0m | [1mBOS fired: BULLISH | Broken level: 2799.715 | BOS count: 22 | Trend Confirmed: True[0m
[32m14:33:11[0m | [1mINFO    [0m | [36mbackend.strategies.core.market_structure[0m:[36mupdate[0m | [1mBOS fired: BULLISH | Broken level: 2799.715 | BOS count: 23 | Trend Confirmed: True[0m
[32m14:33:11[0m | [1mINFO    [0m | [36mbackend.strategies.core.market_structure[0m:[36mupdate[0m | [1mBOS fired: BULLISH | Broken level: 2799.715 | BOS count: 24 | Trend Confirmed: True[0m
[32m14:33:11[0m | [1mINFO    [0m | [36mbackend.strategies.core.market_structure[0m:[36mupdate[0m | [1mBOS fired: BULLISH | Broken level: 2799.715 | BOS count: 25 | Trend Confirmed: True[0m
[32m14:33:11[0m | [1mINFO    [0m | [36mbackend.strategies.core.market_structure[0m:[36mupdate[0m | [1mBOS fired: BULLISH | Broken level: 2799.715 | BOS count: 26 | Trend Confirmed: True[0m
[32m14:33:11[0m | [1mINFO    [0m | [36mbackend.strategies.core.market_structure[0m:[36mupdate[0m | [1mBOS fired: BULLISH | Broken level: 2799.715 | BOS count: 27 | Trend Confirmed: True[0m
[32m14:33:11[0m | [1mINFO    [0m | [36mbackend.strategies.core.market_structure[0m:[36mupdate[0m | [1mBOS fired: BULLISH | Broken level: 2799.715 | BOS count: 28 | Trend Confirmed: True[0m
[32m14:33:11[0m | [1mINFO    [0m | [36mbackend.strategies.core.market_structure[0m:[36mupdate[0m | [1mBOS fired: BULLISH | Broken level: 2799.715 | BOS count: 29 | Trend Confirmed: True[0m
[32m14:33:11[0m | [1mINFO    [0m | [36mbackend.strategies.core.market_structure[0m:[36mupdate[0m | [1mBOS fired: BULLISH | Broken level: 2799.715 | BOS count: 30 | Trend Confirmed: True[0m
[32m14:33:11[0m | [1mINFO    [0m | [36mbackend.strategies.core.market_structure[0m:[36mupdate[0m | [1mBOS fired: BULLISH | Broken level: 2799.715 | BOS count: 31 | Trend Confirmed: True[0m
[32m14:33:11[0m | [1mINFO    [0m | [36mbackend.strategies.core.market_structure[0m:[36mupdate[0m | [1mBOS fired: BULLISH | Broken level: 2799.715 | BOS count: 32 | Trend Confirmed: True[0m
[32m14:33:12[0m | [1mINFO    [0m | [36mbackend.strategies.core.market_structure[0m:[36mupdate[0m | [1mBOS fired: BULLISH | Broken level: 2799.715 | BOS count: 33 | Trend Confirmed: True[0m
[32m14:33:12[0m | [1mINFO    [0m | [36mbackend.strategies.core.market_structure[0m:[36mupdate[0m | [1mBOS fired: BULLISH | Broken level: 2799.715 | BOS count: 34 | Trend Confirmed: True[0m
[32m14:33:12[0m | [1mINFO    [0m | [36mbackend.strategies.core.market_structure[0m:[36mupdate[0m | [1mBOS fired: BULLISH | Broken level: 2799.715 | BOS count: 35 | Trend Confirmed: True[0m
[32m14:33:12[0m | [1mINFO    [0m | [36mbackend.strategies.core.market_structure[0m:[36mupdate[0m | [1mBOS fired: BULLISH | Broken level: 2799.715 | BOS count: 36 | Trend Confirmed: True[0m
[32m14:33:12[0m | [1mINFO    [0m | [36mbackend.strategies.core.market_structure[0m:[36mupdate[0m | [1mBOS fired: BULLISH | Broken level: 2799.715 | BOS count: 37 | Trend Confirmed: True[0m
[32m14:33:12[0m | [1mINFO    [0m | [36mbackend.strategies.core.market_structure[0m:[36mupdate[0m | [1mBOS fired: BULLISH | Broken level: 2799.715 | BOS count: 38 | Trend Confirmed: True[0m
[32m14:33:12[0m | [1mINFO    [0m | [36mbackend.strategies.core.market_structure[0m:[36mupdate[0m | [1mBOS fired: BULLISH | Broken level: 2799.715 | BOS count: 39 | Trend Confirmed: True[0m
[32m14:33:12[0m | [1mINFO    [0m | [36mbackend.strategies.core.market_structure[0m:[36mupdate[0m | [1mBOS fired: BULLISH | Broken level: 2799.715 | BOS count: 40 | Trend Confirmed: True[0m
[32m14:33:12[0m | [1mINFO    [0m | [36mbackend.strategies.core.market_structure[0m:[36mupdate[0m | [1mBOS fired: BULLISH | Broken level: 2799.715 | BOS count: 41 | Trend Confirmed: True[0m
[32m14:33:12[0m | [1mINFO    [0m | [36mbackend.strategies.core.market_structure[0m:[36mupdate[0m | [1mBOS fired: BULLISH | Broken level: 2799.715 | BOS count: 42 | Trend Confirmed: True[0m
[32m14:33:12[0m | [1mINFO    [0m | [36mbackend.strategies.core.market_structure[0m:[36mupdate[0m | [1mBOS fired: BULLISH | Broken level: 2799.715 | BOS count: 43 | Trend Confirmed: True[0m
[32m14:33:12[0m | [1mINFO    [0m | [36mbackend.strategies.core.market_structure[0m:[36mupdate[0m | [1mChoCH fired: BEARISH | Broken level: 2841.065 | BOS count: 1[0m
[32m14:33:12[0m | [1mINFO    [0m | [36mbackend.strategies.core.market_structure[0m:[36mupdate[0m | [1mBOS fired: BEARISH | Broken level: 2841.065 | BOS count: 2 | Trend Confirmed: True[0m
[32m14:33:12[0m | [1mINFO    [0m | [36mbackend.strategies.core.market_structure[0m:[36mupdate[0m | [1mBOS fired: BEARISH | Broken level: 2841.065 | BOS count: 3 | Trend Confirmed: True[0m
[32m14:33:12[0m | [1mINFO    [0m | [36mbackend.strategies.core.market_structure[0m:[36mupdate[0m | [1mBOS fired: BEARISH | Broken level: 2841.065 | BOS count: 4 | Trend Confirmed: True[0m
[32m14:33:12[0m | [1mINFO    [0m | [36mbackend.strategies.core.market_structure[0m:[36mupdate[0m | [1mBOS fired: BEARISH | Broken level: 2841.065 | BOS count: 5 | Trend Confirmed: True[0m
[32m14:33:13[0m | [1mINFO    [0m | [36mbackend.strategies.core.market_structure[0m:[36mupdate[0m | [1mBOS fired: BEARISH | Broken level: 2841.065 | BOS count: 6 | Trend Confirmed: True[0m
[32m14:33:13[0m | [1mINFO    [0m | [36mbackend.strategies.core.market_structure[0m:[36mupdate[0m | [1mBOS fired: BEARISH | Broken level: 2841.065 | BOS count: 7 | Trend Confirmed: True[0m
[32m14:33:13[0m | [1mINFO    [0m | [36mbackend.strategies.core.market_structure[0m:[36mupdate[0m | [1mChoCH fired: BULLISH | Broken level: 2849.992 | BOS count: 1[0m
[32m14:33:13[0m | [1mINFO    [0m | [36mbackend.strategies.core.market_structure[0m:[36mupdate[0m | [1mBOS fired: BULLISH | Broken level: 2849.992 | BOS count: 2 | Trend Confirmed: True[0m
[32m14:33:13[0m | [1mINFO    [0m | [36mbackend.strategies.core.market_structure[0m:[36mupdate[0m | [1mBOS fired: BULLISH | Broken level: 2849.992 | BOS count: 3 | Trend Confirmed: True[0m
[32m14:33:13[0m | [1mINFO    [0m | [36mbackend.strategies.core.market_structure[0m:[36mupdate[0m | [1mBOS fired: BULLISH | Broken level: 2849.992 | BOS count: 4 | Trend Confirmed: True[0m
[32m14:33:13[0m | [1mINFO    [0m | [36mbackend.strategies.core.market_structure[0m:[36mupdate[0m | [1mBOS fired: BULLISH | Broken level: 2849.992 | BOS count: 5 | Trend Confirmed: True[0m
[32m14:33:13[0m | [1mINFO    [0m | [36mbackend.strategies.core.market_structure[0m:[36mupdate[0m | [1mBOS fired: BULLISH | Broken level: 2849.992 | BOS count: 6 | Trend Confirmed: True[0m
[32m14:33:13[0m | [1mINFO    [0m | [36mbackend.strategies.core.market_structure[0m:[36mupdate[0m | [1mBOS fired: BULLISH | Broken level: 2849.992 | BOS count: 7 | Trend Confirmed: True[0m
[32m14:33:13[0m | [1mINFO    [0m | [36mbackend.strategies.core.market_structure[0m:[36mupdate[0m | [1mBOS fired: BULLISH | Broken level: 2849.477 | BOS count: 8 | Trend Confirmed: True[0m
[32m14:33:13[0m | [1mINFO    [0m | [36mbackend.strategies.core.market_structure[0m:[36mupdate[0m | [1mBOS fired: BULLISH | Broken level: 2849.477 | BOS count: 9 | Trend Confirmed: True[0m
[32m14:33:13[0m | [1mINFO    [0m | [36mbackend.strategies.core.market_structure[0m:[36mupdate[0m | [1mBOS fired: BULLISH | Broken level: 2849.477 | BOS count: 10 | Trend Confirmed: True[0m
[32m14:33:13[0m | [1mINFO    [0m | [36mbackend.strategies.core.market_structure[0m:[36mupdate[0m | [1mChoCH fired: BEARISH | Broken level: 2840.906 | BOS count: 1[0m
[32m14:33:13[0m | [1mINFO    [0m | [36mbackend.strategies.core.market_structure[0m:[36mupdate[0m | [1mBOS fired: BEARISH | Broken level: 2840.906 | BOS count: 2 | Trend Confirmed: True[0m
[32m14:33:13[0m | [1mINFO    [0m | [36mbackend.strategies.core.market_structure[0m:[36mupdate[0m | [1mBOS fired: BEARISH | Broken level: 2840.906 | BOS count: 3 | Trend Confirmed: True[0m
[32m14:33:13[0m | [1mINFO    [0m | [36mbackend.strategies.core.market_structure[0m:[36mupdate[0m | [1mBOS fired: BEARISH | Broken level: 2840.906 | BOS count: 4 | Trend Confirmed: True[0m
[32m14:33:13[0m | [1mINFO    [0m | [36mbackend.strategies.core.market_structure[0m:[36mupdate[0m | [1mBOS fired: BEARISH | Broken level: 2840.906 | BOS count: 5 | Trend Confirmed: True[0m
[32m14:33:13[0m | [1mINFO    [0m | [36mbackend.strategies.core.market_structure[0m:[36mupdate[0m | [1mBOS fired: BEARISH | Broken level: 2840.906 | BOS count: 6 | Trend Confirmed: True[0m
[32m14:33:13[0m | [1mINFO    [0m | [36mbackend.strategies.core.market_structure[0m:[36mupdate[0m | [1mBOS fired: BEARISH | Broken level: 2840.906 | BOS count: 7 | Trend Confirmed: True[0m
[32m14:33:14[0m | [1mINFO    [0m | [36mbackend.strategies.core.market_structure[0m:[36mupdate[0m | [1mChoCH fired: BULLISH | Broken level: 2847.615 | BOS count: 1[0m
[32m14:33:14[0m | [1mINFO    [0m | [36mbackend.strategies.core.market_structure[0m:[36mupdate[0m | [1mBOS fired: BULLISH | Broken level: 2847.615 | BOS count: 2 | Trend Confirmed: True[0m
[32m14:33:14[0m | [1mINFO    [0m | [36mbackend.strategies.core.market_structure[0m:[36mupdate[0m | [1mBOS fired: BULLISH | Broken level: 2847.615 | BOS count: 3 | Trend Confirmed: True[0m
[32m14:33:14[0m | [1mINFO    [0m | [36mbackend.strategies.core.market_structure[0m:[36mupdate[0m | [1mBOS fired: BULLISH | Broken level: 2847.615 | BOS count: 4 | Trend Confirmed: True[0m
[32m14:33:14[0m | [1mINFO    [0m | [36mbackend.strategies.core.market_structure[0m:[36mupdate[0m | [1mBOS fired: BULLISH | Broken level: 2847.615 | BOS count: 5 | Trend Confirmed: True[0m
[32m14:33:14[0m | [1mINFO    [0m | [36mbackend.strategies.core.market_structure[0m:[36mupdate[0m | [1mBOS fired: BULLISH | Broken level: 2847.615 | BOS count: 6 | Trend Confirmed: True[0m
[32m14:33:14[0m | [1mINFO    [0m | [36mbackend.strategies.core.market_structure[0m:[36mupdate[0m | [1mBOS fired: BULLISH | Broken level: 2847.615 | BOS count: 7 | Trend Confirmed: True[0m
[32m14:33:14[0m | [1mINFO    [0m | [36mbackend.strategies.core.market_structure[0m:[36mupdate[0m | [1mBOS fired: BULLISH | Broken level: 2847.615 | BOS count: 8 | Trend Confirmed: True[0m
[32m14:33:14[0m | [1mINFO    [0m | [36mbackend.strategies.core.market_structure[0m:[36mupdate[0m | [1mBOS fired: BULLISH | Broken level: 2847.615 | BOS count: 9 | Trend Confirmed: True[0m
[32m14:33:14[0m | [1mINFO    [0m | [36mbackend.strategies.core.market_structure[0m:[36mupdate[0m | [1mBOS fired: BULLISH | Broken level: 2847.615 | BOS count: 10 | Trend Confirmed: True[0m
[32m14:33:14[0m | [1mINFO    [0m | [36mbackend.strategies.core.market_structure[0m:[36mupdate[0m | [1mBOS fired: BULLISH | Broken level: 2847.615 | BOS count: 11 | Trend Confirmed: True[0m
[32m14:33:14[0m | [1mINFO    [0m | [36mbackend.strategies.core.market_structure[0m:[36mupdate[0m | [1mBOS fired: BULLISH | Broken level: 2847.615 | BOS count: 12 | Trend Confirmed: True[0m
[32m14:33:14[0m | [1mINFO    [0m | [36mbackend.strategies.core.market_structure[0m:[36mupdate[0m | [1mBOS fired: BULLISH | Broken level: 2847.615 | BOS count: 13 | Trend Confirmed: True[0m
[32m14:33:14[0m | [1mINFO    [0m | [36mbackend.strategies.core.market_structure[0m:[36mupdate[0m | [1mBOS fired: BULLISH | Broken level: 2847.615 | BOS count: 14 | Trend Confirmed: True[0m
[32m14:33:14[0m | [1mINFO    [0m | [36mbackend.strategies.core.market_structure[0m:[36mupdate[0m | [1mBOS fired: BULLISH | Broken level: 2847.615 | BOS count: 15 | Trend Confirmed: True[0m
[32m14:33:14[0m | [1mINFO    [0m | [36mbackend.strategies.core.market_structure[0m:[36mupdate[0m | [1mBOS fired: BULLISH | Broken level: 2847.615 | BOS count: 16 | Trend Confirmed: True[0m
[32m14:33:14[0m | [1mINFO    [0m | [36mbackend.strategies.core.market_structure[0m:[36mupdate[0m | [1mBOS fired: BULLISH | Broken level: 2847.615 | BOS count: 17 | Trend Confirmed: True[0m
[32m14:33:14[0m | [1mINFO    [0m | [36mbackend.strategies.core.market_structure[0m:[36mupdate[0m | [1mBOS fired: BULLISH | Broken level: 2847.615 | BOS count: 18 | Trend Confirmed: True[0m
[32m14:33:14[0m | [1mINFO    [0m | [36mbackend.strategies.core.market_structure[0m:[36mupdate[0m | [1mBOS fired: BULLISH | Broken level: 2847.615 | BOS count: 19 | Trend Confirmed: True[0m
[32m14:33:14[0m | [1mINFO    [0m | [36mbackend.strategies.core.market_structure[0m:[36mupdate[0m | [1mBOS fired: BULLISH | Broken level: 2847.615 | BOS count: 20 | Trend Confirmed: True[0m
[32m14:33:14[0m | [1mINFO    [0m | [36mbackend.strategies.core.market_structure[0m:[36mupdate[0m | [1mBOS fired: BULLISH | Broken level: 2847.615 | BOS count: 21 | Trend Confirmed: True[0m
[32m14:33:14[0m | [1mINFO    [0m | [36mbackend.strategies.core.market_structure[0m:[36mupdate[0m | [1mBOS fired: BULLISH | Broken level: 2847.615 | BOS count: 22 | Trend Confirmed: True[0m
[32m14:33:14[0m | [1mINFO    [0m | [36mbackend.strategies.core.market_structure[0m:[36mupdate[0m | [1mBOS fired: BULLISH | Broken level: 2847.615 | BOS count: 23 | Trend Confirmed: True[0m
[32m14:33:14[0m | [1mINFO    [0m | [36mbackend.strategies.core.market_structure[0m:[36mupdate[0m | [1mBOS fired: BULLISH | Broken level: 2847.615 | BOS count: 24 | Trend Confirmed: True[0m
[32m14:33:14[0m | [1mINFO    [0m | [36mbackend.strategies.core.market_structure[0m:[36mupdate[0m | [1mBOS fired: BULLISH | Broken level: 2847.615 | BOS count: 25 | Trend Confirmed: True[0m
[32m14:33:14[0m | [1mINFO    [0m | [36mbackend.strategies.core.market_structure[0m:[36mupdate[0m | [1mChoCH fired: BEARISH | Broken level: 2877.011 | BOS count: 1[0m
[32m14:33:14[0m | [1mINFO    [0m | [36mbackend.strategies.core.market_structure[0m:[36mupdate[0m | [1mBOS fired: BEARISH | Broken level: 2877.011 | BOS count: 2 | Trend Confirmed: True[0m
[32m14:33:14[0m | [1mINFO    [0m | [36mbackend.strategies.core.market_structure[0m:[36mupdate[0m | [1mBOS fired: BEARISH | Broken level: 2877.011 | BOS count: 3 | Trend Confirmed: True[0m
[32m14:33:14[0m | [1mINFO    [0m | [36mbackend.strategies.core.market_structure[0m:[36mupdate[0m | [1mBOS fired: BEARISH | Broken level: 2877.011 | BOS count: 4 | Trend Confirmed: True[0m
[32m14:33:14[0m | [1mINFO    [0m | [36mbackend.strategies.core.market_structure[0m:[36mupdate[0m | [1mBOS fired: BEARISH | Broken level: 2877.011 | BOS count: 5 | Trend Confirmed: True[0m
[32m14:33:14[0m | [1mINFO    [0m | [36mbackend.strategies.core.market_structure[0m:[36mupdate[0m | [1mBOS fired: BEARISH | Broken level: 2877.011 | BOS count: 6 | Trend Confirmed: True[0m
[32m14:33:14[0m | [1mINFO    [0m | [36mbackend.strategies.core.market_structure[0m:[36mupdate[0m | [1mBOS fired: BEARISH | Broken level: 2867.527 | BOS count: 7 | Trend Confirmed: True[0m
[32m14:33:14[0m | [1mINFO    [0m | [36mbackend.strategies.core.market_structure[0m:[36mupdate[0m | [1mBOS fired: BEARISH | Broken level: 2867.527 | BOS count: 8 | Trend Confirmed: True[0m
[32m14:33:14[0m | [1mINFO    [0m | [36mbackend.strategies.core.market_structure[0m:[36mupdate[0m | [1mBOS fired: BEARISH | Broken level: 2867.527 | BOS count: 9 | Trend Confirmed: True[0m
[32m14:33:14[0m | [1mINFO    [0m | [36mbackend.strategies.core.market_structure[0m:[36mupdate[0m | [1mBOS fired: BEARISH | Broken level: 2867.527 | BOS count: 10 | Trend Confirmed: True[0m
[32m14:33:14[0m | [1mINFO    [0m | [36mbackend.strategies.core.market_structure[0m:[36mupdate[0m | [1mBOS fired: BEARISH | Broken level: 2867.527 | BOS count: 11 | Trend Confirmed: True[0m
[32m14:33:14[0m | [1mINFO    [0m | [36mbackend.strategies.core.market_structure[0m:[36mupdate[0m | [1mBOS fired: BEARISH | Broken level: 2867.527 | BOS count: 12 | Trend Confirmed: True[0m
[32m14:33:15[0m | [1mINFO    [0m | [36mbackend.strategies.core.market_structure[0m:[36mupdate[0m | [1mBOS fired: BEARISH | Broken level: 2857.619 | BOS count: 13 | Trend Confirmed: True[0m
[32m14:33:15[0m | [1mINFO    [0m | [36mbackend.strategies.core.market_structure[0m:[36mupdate[0m | [1mBOS fired: BEARISH | Broken level: 2857.619 | BOS count: 14 | Trend Confirmed: True[0m
[32m14:33:15[0m | [1mINFO    [0m | [36mbackend.strategies.core.market_structure[0m:[36mupdate[0m | [1mBOS fired: BEARISH | Broken level: 2857.619 | BOS count: 15 | Trend Confirmed: True[0m
[32m14:33:15[0m | [1mINFO    [0m | [36mbackend.strategies.core.market_structure[0m:[36mupdate[0m | [1mBOS fired: BEARISH | Broken level: 2857.619 | BOS count: 16 | Trend Confirmed: True[0m
[32m14:33:15[0m | [1mINFO    [0m | [36mbackend.strategies.core.market_structure[0m:[36mupdate[0m | [1mBOS fired: BEARISH | Broken level: 2857.619 | BOS count: 17 | Trend Confirmed: True[0m
[32m14:33:15[0m | [1mINFO    [0m | [36mbackend.strategies.core.market_structure[0m:[36mupdate[0m | [1mBOS fired: BEARISH | Broken level: 2857.619 | BOS count: 18 | Trend Confirmed: True[0m
[32m14:33:16[0m | [1mINFO    [0m | [36mbackend.strategies.core.market_structure[0m:[36mupdate[0m | [1mChoCH fired: BULLISH | Broken level: 2865.802 | BOS count: 1[0m
[32m14:33:16[0m | [1mINFO    [0m | [36mbackend.strategies.core.market_structure[0m:[36mupdate[0m | [1mBOS fired: BULLISH | Broken level: 2865.802 | BOS count: 2 | Trend Confirmed: True[0m
[32m14:33:16[0m | [1mINFO    [0m | [36mbackend.strategies.core.market_structure[0m:[36mupdate[0m | [1mBOS fired: BULLISH | Broken level: 2865.802 | BOS count: 3 | Trend Confirmed: True[0m
[32m14:33:16[0m | [1mINFO    [0m | [36mbackend.strategies.core.market_structure[0m:[36mupdate[0m | [1mBOS fired: BULLISH | Broken level: 2865.802 | BOS count: 4 | Trend Confirmed: True[0m
[32m14:33:16[0m | [1mINFO    [0m | [36mbackend.strategies.core.market_structure[0m:[36mupdate[0m | [1mBOS fired: BULLISH | Broken level: 2865.802 | BOS count: 5 | Trend Confirmed: True[0m
[32m14:33:16[0m | [1mINFO    [0m | [36mbackend.strategies.core.market_structure[0m:[36mupdate[0m | [1mBOS fired: BULLISH | Broken level: 2865.802 | BOS count: 6 | Trend Confirmed: True[0m
[32m14:33:16[0m | [1mINFO    [0m | [36mbackend.strategies.core.market_structure[0m:[36mupdate[0m | [1mBOS fired: BULLISH | Broken level: 2865.802 | BOS count: 7 | Trend Confirmed: True[0m
[32m14:33:16[0m | [1mINFO    [0m | [36mbackend.strategies.core.market_structure[0m:[36mupdate[0m | [1mBOS fired: BULLISH | Broken level: 2865.802 | BOS count: 8 | Trend Confirmed: True[0m
[32m14:33:16[0m | [1mINFO    [0m | [36mbackend.strategies.core.market_structure[0m:[36mupdate[0m | [1mBOS fired: BULLISH | Broken level: 2865.802 | BOS count: 9 | Trend Confirmed: True[0m
[32m14:33:16[0m | [1mINFO    [0m | [36mbackend.strategies.core.market_structure[0m:[36mupdate[0m | [1mChoCH fired: BEARISH | Broken level: 2857.794 | BOS count: 1[0m
[32m14:33:16[0m | [1mINFO    [0m | [36mbackend.strategies.core.market_structure[0m:[36mupdate[0m | [1mBOS fired: BEARISH | Broken level: 2857.794 | BOS count: 2 | Trend Confirmed: True[0m
[32m14:33:16[0m | [1mINFO    [0m | [36mbackend.strategies.core.market_structure[0m:[36mupdate[0m | [1mBOS fired: BEARISH | Broken level: 2857.794 | BOS count: 3 | Trend Confirmed: True[0m
[32m14:33:16[0m | [1mINFO    [0m | [36mbackend.strategies.core.market_structure[0m:[36mupdate[0m | [1mBOS fired: BEARISH | Broken level: 2857.794 | BOS count: 4 | Trend Confirmed: True[0m
[32m14:33:16[0m | [1mINFO    [0m | [36mbackend.strategies.core.market_structure[0m:[36mupdate[0m | [1mChoCH fired: BULLISH | Broken level: 2862.404 | BOS count: 1[0m
[32m14:33:16[0m | [1mINFO    [0m | [36mbackend.strategies.core.market_structure[0m:[36mupdate[0m | [1mBOS fired: BULLISH | Broken level: 2862.404 | BOS count: 2 | Trend Confirmed: True[0m
[32m14:33:16[0m | [1mINFO    [0m | [36mbackend.strategies.core.market_structure[0m:[36mupdate[0m | [1mBOS fired: BULLISH | Broken level: 2862.404 | BOS count: 3 | Trend Confirmed: True[0m
[32m14:33:16[0m | [1mINFO    [0m | [36mbackend.strategies.core.market_structure[0m:[36mupdate[0m | [1mBOS fired: BULLISH | Broken level: 2862.404 | BOS count: 4 | Trend Confirmed: True[0m
[32m14:33:16[0m | [1mINFO    [0m | [36mbackend.strategies.core.market_structure[0m:[36mupdate[0m | [1mBOS fired: BULLISH | Broken level: 2862.404 | BOS count: 5 | Trend Confirmed: True[0m
[32m14:33:16[0m | [1mINFO    [0m | [36mbackend.strategies.core.market_structure[0m:[36mupdate[0m | [1mBOS fired: BULLISH | Broken level: 2862.404 | BOS count: 6 | Trend Confirmed: True[0m
[32m14:33:16[0m | [1mINFO    [0m | [36mbackend.strategies.core.market_structure[0m:[36mupdate[0m | [1mBOS fired: BULLISH | Broken level: 2862.404 | BOS count: 7 | Trend Confirmed: True[0m
[32m14:33:16[0m | [1mINFO    [0m | [36mbackend.strategies.core.market_structure[0m:[36mupdate[0m | [1mBOS fired: BULLISH | Broken level: 2862.404 | BOS count: 8 | Trend Confirmed: True[0m
[32m14:33:16[0m | [1mINFO    [0m | [36mbackend.strategies.core.market_structure[0m:[36mupdate[0m | [1mBOS fired: BULLISH | Broken level: 2862.404 | BOS count: 9 | Trend Confirmed: True[0m
[32m14:33:16[0m | [1mINFO    [0m | [36mbackend.strategies.core.market_structure[0m:[36mupdate[0m | [1mBOS fired: BULLISH | Broken level: 2862.404 | BOS count: 10 | Trend Confirmed: True[0m
[32m14:33:16[0m | [1mINFO    [0m | [36mbackend.strategies.core.market_structure[0m:[36mupdate[0m | [1mBOS fired: BULLISH | Broken level: 2862.404 | BOS count: 11 | Trend Confirmed: True[0m
[32m14:33:16[0m | [1mINFO    [0m | [36mbackend.strategies.core.market_structure[0m:[36mupdate[0m | [1mBOS fired: BULLISH | Broken level: 2862.404 | BOS count: 12 | Trend Confirmed: True[0m
[32m14:33:16[0m | [1mINFO    [0m | [36mbackend.strategies.core.market_structure[0m:[36mupdate[0m | [1mBOS fired: BULLISH | Broken level: 2862.404 | BOS count: 13 | Trend Confirmed: True[0m
[32m14:33:16[0m | [1mINFO    [0m | [36mbackend.strategies.core.market_structure[0m:[36mupdate[0m | [1mBOS fired: BULLISH | Broken level: 2862.404 | BOS count: 14 | Trend Confirmed: True[0m
[32m14:33:16[0m | [1mINFO    [0m | [36mbackend.strategies.core.market_structure[0m:[36mupdate[0m | [1mBOS fired: BULLISH | Broken level: 2862.404 | BOS count: 15 | Trend Confirmed: True[0m
[32m14:33:17[0m | [1mINFO    [0m | [36mbackend.strategies.core.market_structure[0m:[36mupdate[0m | [1mBOS fired: BULLISH | Broken level: 2906.813 | BOS count: 16 | Trend Confirmed: True[0m
[32m14:33:17[0m | [1mINFO    [0m | [36mbackend.strategies.core.market_structure[0m:[36mupdate[0m | [1mBOS fired: BULLISH | Broken level: 2906.813 | BOS count: 17 | Trend Confirmed: True[0m
[32m14:33:17[0m | [1mINFO    [0m | [36mbackend.strategies.core.market_structure[0m:[36mupdate[0m | [1mBOS fired: BULLISH | Broken level: 2906.813 | BOS count: 18 | Trend Confirmed: True[0m
[32m14:33:17[0m | [1mINFO    [0m | [36mbackend.strategies.core.market_structure[0m:[36mupdate[0m | [1mBOS fired: BULLISH | Broken level: 2906.813 | BOS count: 19 | Trend Confirmed: True[0m
[32m14:33:17[0m | [1mINFO    [0m | [36mbackend.strategies.core.market_structure[0m:[36mupdate[0m | [1mBOS fired: BULLISH | Broken level: 2906.813 | BOS count: 20 | Trend Confirmed: True[0m
[32m14:33:17[0m | [1mINFO    [0m | [36mbackend.strategies.core.market_structure[0m:[36mupdate[0m | [1mBOS fired: BULLISH | Broken level: 2906.813 | BOS count: 21 | Trend Confirmed: True[0m
[32m14:33:17[0m | [1mINFO    [0m | [36mbackend.strategies.core.market_structure[0m:[36mupdate[0m | [1mBOS fired: BULLISH | Broken level: 2906.813 | BOS count: 22 | Trend Confirmed: True[0m
[32m14:33:17[0m | [1mINFO    [0m | [36mbackend.strategies.core.market_structure[0m:[36mupdate[0m | [1mBOS fired: BULLISH | Broken level: 2906.813 | BOS count: 23 | Trend Confirmed: True[0m
[32m14:33:17[0m | [1mINFO    [0m | [36mbackend.strategies.core.market_structure[0m:[36mupdate[0m | [1mBOS fired: BULLISH | Broken level: 2906.813 | BOS count: 24 | Trend Confirmed: True[0m
[32m14:33:17[0m | [1mINFO    [0m | [36mbackend.strategies.core.market_structure[0m:[36mupdate[0m | [1mBOS fired: BULLISH | Broken level: 2906.813 | BOS count: 25 | Trend Confirmed: True[0m
[32m14:33:17[0m | [1mINFO    [0m | [36mbackend.strategies.core.market_structure[0m:[36mupdate[0m | [1mBOS fired: BULLISH | Broken level: 2906.813 | BOS count: 26 | Trend Confirmed: True[0m
[32m14:33:17[0m | [1mINFO    [0m | [36mbackend.strategies.core.market_structure[0m:[36mupdate[0m | [1mBOS fired: BULLISH | Broken level: 2906.813 | BOS count: 27 | Trend Confirmed: True[0m
[32m14:33:17[0m | [1mINFO    [0m | [36mbackend.strategies.core.market_structure[0m:[36mupdate[0m | [1mBOS fired: BULLISH | Broken level: 2906.813 | BOS count: 28 | Trend Confirmed: True[0m
[32m14:33:17[0m | [1mINFO    [0m | [36mbackend.strategies.core.market_structure[0m:[36mupdate[0m | [1mBOS fired: BULLISH | Broken level: 2906.813 | BOS count: 29 | Trend Confirmed: True[0m
[32m14:33:17[0m | [1mINFO    [0m | [36mbackend.strategies.core.market_structure[0m:[36mupdate[0m | [1mBOS fired: BULLISH | Broken level: 2906.813 | BOS count: 30 | Trend Confirmed: True[0m
[32m14:33:17[0m | [1mINFO    [0m | [36mbackend.strategies.core.market_structure[0m:[36mupdate[0m | [1mBOS fired: BULLISH | Broken level: 2906.813 | BOS count: 31 | Trend Confirmed: True[0m
[32m14:33:17[0m | [1mINFO    [0m | [36mbackend.strategies.core.market_structure[0m:[36mupdate[0m | [1mBOS fired: BULLISH | Broken level: 2906.813 | BOS count: 32 | Trend Confirmed: True[0m
[32m14:33:17[0m | [1mINFO    [0m | [36mbackend.strategies.core.market_structure[0m:[36mupdate[0m | [1mBOS fired: BULLISH | Broken level: 2922.092 | BOS count: 33 | Trend Confirmed: True[0m
[32m14:33:17[0m | [1mINFO    [0m | [36mbackend.strategies.core.market_structure[0m:[36mupdate[0m | [1mBOS fired: BULLISH | Broken level: 2922.092 | BOS count: 34 | Trend Confirmed: True[0m
[32m14:33:17[0m | [1mINFO    [0m | [36mbackend.strategies.core.market_structure[0m:[36mupdate[0m | [1mBOS fired: BULLISH | Broken level: 2922.092 | BOS count: 35 | Trend Confirmed: True[0m
[32m14:33:17[0m | [1mINFO    [0m | [36mbackend.strategies.core.market_structure[0m:[36mupdate[0m | [1mBOS fired: BULLISH | Broken level: 2922.092 | BOS count: 36 | Trend Confirmed: True[0m
[32m14:33:17[0m | [1mINFO    [0m | [36mbackend.strategies.core.market_structure[0m:[36mupdate[0m | [1mBOS fired: BULLISH | Broken level: 2922.092 | BOS count: 37 | Trend Confirmed: True[0m
[32m14:33:17[0m | [1mINFO    [0m | [36mbackend.strategies.core.market_structure[0m:[36mupdate[0m | [1mBOS fired: BULLISH | Broken level: 2922.092 | BOS count: 38 | Trend Confirmed: True[0m
[32m14:33:17[0m | [1mINFO    [0m | [36mbackend.strategies.core.market_structure[0m:[36mupdate[0m | [1mBOS fired: BULLISH | Broken level: 2922.092 | BOS count: 39 | Trend Confirmed: True[0m
[32m14:33:17[0m | [1mINFO    [0m | [36mbackend.strategies.core.market_structure[0m:[36mupdate[0m | [1mBOS fired: BULLISH | Broken level: 2922.092 | BOS count: 40 | Trend Confirmed: True[0m
[32m14:33:17[0m | [1mINFO    [0m | [36mbackend.strategies.core.market_structure[0m:[36mupdate[0m | [1mBOS fired: BULLISH | Broken level: 2922.092 | BOS count: 41 | Trend Confirmed: True[0m
[32m14:33:17[0m | [1mINFO    [0m | [36mbackend.strategies.core.market_structure[0m:[36mupdate[0m | [1mBOS fired: BULLISH | Broken level: 2862.764 | BOS count: 42 | Trend Confirmed: True[0m
[32m14:33:18[0m | [1mINFO    [0m | [36mbackend.strategies.core.market_structure[0m:[36mupdate[0m | [1mBOS fired: BULLISH | Broken level: 2862.764 | BOS count: 43 | Trend Confirmed: True[0m
[32m14:33:18[0m | [1mINFO    [0m | [36mbackend.strategies.core.market_structure[0m:[36mupdate[0m | [1mBOS fired: BULLISH | Broken level: 2862.764 | BOS count: 44 | Trend Confirmed: True[0m
[32m14:33:18[0m | [1mINFO    [0m | [36mbackend.strategies.core.market_structure[0m:[36mupdate[0m | [1mBOS fired: BULLISH | Broken level: 2862.764 | BOS count: 45 | Trend Confirmed: True[0m
[32m14:33:18[0m | [1mINFO    [0m | [36mbackend.strategies.core.market_structure[0m:[36mupdate[0m | [1mBOS fired: BULLISH | Broken level: 2862.764 | BOS count: 46 | Trend Confirmed: True[0m
[32m14:33:18[0m | [1mINFO    [0m | [36mbackend.strategies.core.market_structure[0m:[36mupdate[0m | [1mBOS fired: BULLISH | Broken level: 2862.764 | BOS count: 47 | Trend Confirmed: True[0m
[32m14:33:18[0m | [1mINFO    [0m | [36mbackend.strategies.core.market_structure[0m:[36mupdate[0m | [1mBOS fired: BULLISH | Broken level: 2862.764 | BOS count: 48 | Trend Confirmed: True[0m
[32m14:33:18[0m | [1mINFO    [0m | [36mbackend.strategies.core.market_structure[0m:[36mupdate[0m | [1mBOS fired: BULLISH | Broken level: 2862.764 | BOS count: 49 | Trend Confirmed: True[0m
[32m14:33:18[0m | [1mINFO    [0m | [36mbackend.strategies.core.market_structure[0m:[36mupdate[0m | [1mBOS fired: BULLISH | Broken level: 2862.764 | BOS count: 50 | Trend Confirmed: True[0m
[32m14:33:18[0m | [1mINFO    [0m | [36mbackend.strategies.core.market_structure[0m:[36mupdate[0m | [1mBOS fired: BULLISH | Broken level: 2862.764 | BOS count: 51 | Trend Confirmed: True[0m
[32m14:33:18[0m | [1mINFO    [0m | [36mbackend.strategies.core.market_structure[0m:[36mupdate[0m | [1mBOS fired: BULLISH | Broken level: 2862.764 | BOS count: 52 | Trend Confirmed: True[0m
[32m14:33:18[0m | [1mINFO    [0m | [36mbackend.strategies.core.market_structure[0m:[36mupdate[0m | [1mBOS fired: BULLISH | Broken level: 2862.764 | BOS count: 53 | Trend Confirmed: True[0m
[32m14:33:18[0m | [1mINFO    [0m | [36mbackend.strategies.core.market_structure[0m:[36mupdate[0m | [1mBOS fired: BULLISH | Broken level: 2862.764 | BOS count: 54 | Trend Confirmed: True[0m
[32m14:33:18[0m | [1mINFO    [0m | [36mbackend.strategies.core.market_structure[0m:[36mupdate[0m | [1mBOS fired: BULLISH | Broken level: 2862.764 | BOS count: 55 | Trend Confirmed: True[0m
[32m14:33:18[0m | [1mINFO    [0m | [36mbackend.strategies.core.market_structure[0m:[36mupdate[0m | [1mBOS fired: BULLISH | Broken level: 2862.764 | BOS count: 56 | Trend Confirmed: True[0m
[32m14:33:18[0m | [1mINFO    [0m | [36mbackend.strategies.core.market_structure[0m:[36mupdate[0m | [1mBOS fired: BULLISH | Broken level: 2862.764 | BOS count: 57 | Trend Confirmed: True[0m
[32m14:33:18[0m | [1mINFO    [0m | [36mbackend.strategies.core.market_structure[0m:[36mupdate[0m | [1mBOS fired: BULLISH | Broken level: 2862.764 | BOS count: 58 | Trend Confirmed: True[0m
[32m14:33:18[0m | [1mINFO    [0m | [36mbackend.strategies.core.market_structure[0m:[36mupdate[0m | [1mBOS fired: BULLISH | Broken level: 2862.764 | BOS count: 59 | Trend Confirmed: True[0m
[32m14:33:18[0m | [1mINFO    [0m | [36mbackend.strategies.core.market_structure[0m:[36mupdate[0m | [1mBOS fired: BULLISH | Broken level: 2862.764 | BOS count: 60 | Trend Confirmed: True[0m
[32m14:33:18[0m | [1mINFO    [0m | [36mbackend.strategies.core.market_structure[0m:[36mupdate[0m | [1mBOS fired: BULLISH | Broken level: 2862.764 | BOS count: 61 | Trend Confirmed: True[0m
[32m14:33:18[0m | [1mINFO    [0m | [36mbackend.strategies.core.market_structure[0m:[36mupdate[0m | [1mBOS fired: BULLISH | Broken level: 2862.764 | BOS count: 62 | Trend Confirmed: True[0m
[32m14:33:18[0m | [1mINFO    [0m | [36mbackend.strategies.core.market_structure[0m:[36mupdate[0m | [1mBOS fired: BULLISH | Broken level: 2862.764 | BOS count: 63 | Trend Confirmed: True[0m
[32m14:33:18[0m | [1mINFO    [0m | [36mbackend.strategies.core.market_structure[0m:[36mupdate[0m | [1mBOS fired: BULLISH | Broken level: 2862.764 | BOS count: 64 | Trend Confirmed: True[0m
[32m14:33:18[0m | [1mINFO    [0m | [36mbackend.strategies.core.market_structure[0m:[36mupdate[0m | [1mBOS fired: BULLISH | Broken level: 2862.764 | BOS count: 65 | Trend Confirmed: True[0m
[32m14:33:19[0m | [1mINFO    [0m | [36mbackend.strategies.core.market_structure[0m:[36mupdate[0m | [1mBOS fired: BULLISH | Broken level: 2904.43 | BOS count: 66 | Trend Confirmed: True[0m
[32m14:33:19[0m | [1mINFO    [0m | [36mbackend.strategies.core.market_structure[0m:[36mupdate[0m | [1mBOS fired: BULLISH | Broken level: 2904.43 | BOS count: 67 | Trend Confirmed: True[0m
[32m14:33:19[0m | [1mINFO    [0m | [36mbackend.strategies.core.market_structure[0m:[36mupdate[0m | [1mBOS fired: BULLISH | Broken level: 2904.43 | BOS count: 68 | Trend Confirmed: True[0m
[32m14:33:19[0m | [1mINFO    [0m | [36mbackend.strategies.core.market_structure[0m:[36mupdate[0m | [1mBOS fired: BULLISH | Broken level: 2904.43 | BOS count: 69 | Trend Confirmed: True[0m
[32m14:33:19[0m | [1mINFO    [0m | [36mbackend.strategies.core.market_structure[0m:[36mupdate[0m | [1mBOS fired: BULLISH | Broken level: 2904.43 | BOS count: 70 | Trend Confirmed: True[0m
[32m14:33:19[0m | [1mINFO    [0m | [36mbackend.strategies.core.market_structure[0m:[36mupdate[0m | [1mBOS fired: BULLISH | Broken level: 2904.43 | BOS count: 71 | Trend Confirmed: True[0m
[32m14:33:19[0m | [1mINFO    [0m | [36mbackend.strategies.core.market_structure[0m:[36mupdate[0m | [1mBOS fired: BULLISH | Broken level: 2904.43 | BOS count: 72 | Trend Confirmed: True[0m
[32m14:33:19[0m | [1mINFO    [0m | [36mbackend.strategies.core.market_structure[0m:[36mupdate[0m | [1mBOS fired: BULLISH | Broken level: 2904.43 | BOS count: 73 | Trend Confirmed: True[0m
[32m14:33:19[0m | [1mINFO    [0m | [36mbackend.strategies.core.market_structure[0m:[36mupdate[0m | [1mBOS fired: BULLISH | Broken level: 2904.549 | BOS count: 74 | Trend Confirmed: True[0m
[32m14:33:19[0m | [1mINFO    [0m | [36mbackend.strategies.core.market_structure[0m:[36mupdate[0m | [1mBOS fired: BULLISH | Broken level: 2904.549 | BOS count: 75 | Trend Confirmed: True[0m
[32m14:33:19[0m | [1mINFO    [0m | [36mbackend.strategies.core.market_structure[0m:[36mupdate[0m | [1mBOS fired: BULLISH | Broken level: 2904.549 | BOS count: 76 | Trend Confirmed: True[0m
[32m14:33:19[0m | [1mINFO    [0m | [36mbackend.strategies.core.market_structure[0m:[36mupdate[0m | [1mBOS fired: BULLISH | Broken level: 2904.549 | BOS count: 77 | Trend Confirmed: True[0m
[32m14:33:20[0m | [1mINFO    [0m | [36mbackend.strategies.core.market_structure[0m:[36mupdate[0m | [1mBOS fired: BULLISH | Broken level: 2958.465 | BOS count: 78 | Trend Confirmed: True[0m
[32m14:33:20[0m | [1mINFO    [0m | [36mbackend.strategies.core.market_structure[0m:[36mupdate[0m | [1mBOS fired: BULLISH | Broken level: 2958.465 | BOS count: 79 | Trend Confirmed: True[0m
[32m14:33:20[0m | [1mINFO    [0m | [36mbackend.strategies.core.market_structure[0m:[36mupdate[0m | [1mBOS fired: BULLISH | Broken level: 2958.465 | BOS count: 80 | Trend Confirmed: True[0m
[32m14:33:20[0m | [1mINFO    [0m | [36mbackend.strategies.core.market_structure[0m:[36mupdate[0m | [1mBOS fired: BULLISH | Broken level: 2958.465 | BOS count: 81 | Trend Confirmed: True[0m
[32m14:33:20[0m | [1mINFO    [0m | [36mbackend.strategies.core.market_structure[0m:[36mupdate[0m | [1mBOS fired: BULLISH | Broken level: 2958.465 | BOS count: 82 | Trend Confirmed: True[0m
[32m14:33:20[0m | [1mINFO    [0m | [36mbackend.strategies.core.market_structure[0m:[36mupdate[0m | [1mBOS fired: BULLISH | Broken level: 2958.465 | BOS count: 83 | Trend Confirmed: True[0m
[32m14:33:20[0m | [1mINFO    [0m | [36mbackend.strategies.core.market_structure[0m:[36mupdate[0m | [1mBOS fired: BULLISH | Broken level: 2958.465 | BOS count: 84 | Trend Confirmed: True[0m
[32m14:33:20[0m | [1mINFO    [0m | [36mbackend.strategies.core.market_structure[0m:[36mupdate[0m | [1mBOS fired: BULLISH | Broken level: 2958.465 | BOS count: 85 | Trend Confirmed: True[0m
[32m14:33:20[0m | [1mINFO    [0m | [36mbackend.strategies.core.market_structure[0m:[36mupdate[0m | [1mBOS fired: BULLISH | Broken level: 2958.465 | BOS count: 86 | Trend Confirmed: True[0m
[32m14:33:20[0m | [1mINFO    [0m | [36mbackend.strategies.core.market_structure[0m:[36mupdate[0m | [1mBOS fired: BULLISH | Broken level: 2958.465 | BOS count: 87 | Trend Confirmed: True[0m
[32m14:33:20[0m | [1mINFO    [0m | [36mbackend.strategies.core.market_structure[0m:[36mupdate[0m | [1mBOS fired: BULLISH | Broken level: 2958.465 | BOS count: 88 | Trend Confirmed: True[0m
[32m14:33:20[0m | [1mINFO    [0m | [36mbackend.strategies.core.market_structure[0m:[36mupdate[0m | [1mBOS fired: BULLISH | Broken level: 2958.465 | BOS count: 89 | Trend Confirmed: True[0m
[32m14:33:20[0m | [1mINFO    [0m | [36mbackend.strategies.core.market_structure[0m:[36mupdate[0m | [1mBOS fired: BULLISH | Broken level: 2958.465 | BOS count: 90 | Trend Confirmed: True[0m
[32m14:33:20[0m | [1mINFO    [0m | [36mbackend.strategies.core.market_structure[0m:[36mupdate[0m | [1mBOS fired: BULLISH | Broken level: 2958.465 | BOS count: 91 | Trend Confirmed: True[0m
[32m14:33:20[0m | [1mINFO    [0m | [36mbackend.strategies.core.market_structure[0m:[36mupdate[0m | [1mBOS fired: BULLISH | Broken level: 2958.465 | BOS count: 92 | Trend Confirmed: True[0m
[32m14:33:20[0m | [1mINFO    [0m | [36mbackend.strategies.core.market_structure[0m:[36mupdate[0m | [1mBOS fired: BULLISH | Broken level: 2958.465 | BOS count: 93 | Trend Confirmed: True[0m
[32m14:33:20[0m | [1mINFO    [0m | [36mbackend.strategies.core.market_structure[0m:[36mupdate[0m | [1mBOS fired: BULLISH | Broken level: 2958.465 | BOS count: 94 | Trend Confirmed: True[0m
[32m14:33:20[0m | [1mINFO    [0m | [36mbackend.strategies.core.market_structure[0m:[36mupdate[0m | [1mBOS fired: BULLISH | Broken level: 2958.465 | BOS count: 95 | Trend Confirmed: True[0m
[32m14:33:20[0m | [1mINFO    [0m | [36mbackend.strategies.core.market_structure[0m:[36mupdate[0m | [1mBOS fired: BULLISH | Broken level: 2958.465 | BOS count: 96 | Trend Confirmed: True[0m
[32m14:33:20[0m | [1mINFO    [0m | [36mbackend.strategies.core.market_structure[0m:[36mupdate[0m | [1mBOS fired: BULLISH | Broken level: 2958.465 | BOS count: 97 | Trend Confirmed: True[0m
[32m14:33:20[0m | [1mINFO    [0m | [36mbackend.strategies.core.market_structure[0m:[36mupdate[0m | [1mBOS fired: BULLISH | Broken level: 2958.465 | BOS count: 98 | Trend Confirmed: True[0m
[32m14:33:20[0m | [1mINFO    [0m | [36mbackend.strategies.core.market_structure[0m:[36mupdate[0m | [1mBOS fired: BULLISH | Broken level: 2958.465 | BOS count: 99 | Trend Confirmed: True[0m
[32m14:33:20[0m | [1mINFO    [0m | [36mbackend.strategies.core.market_structure[0m:[36mupdate[0m | [1mBOS fired: BULLISH | Broken level: 2958.465 | BOS count: 100 | Trend Confirmed: True[0m
[32m14:33:20[0m | [1mINFO    [0m | [36mbackend.strategies.core.market_structure[0m:[36mupdate[0m | [1mBOS fired: BULLISH | Broken level: 2958.465 | BOS count: 101 | Trend Confirmed: True[0m
[32m14:33:20[0m | [1mINFO    [0m | [36mbackend.strategies.core.market_structure[0m:[36mupdate[0m | [1mBOS fired: BULLISH | Broken level: 2958.465 | BOS count: 102 | Trend Confirmed: True[0m
[32m14:33:20[0m | [1mINFO    [0m | [36mbackend.strategies.core.market_structure[0m:[36mupdate[0m | [1mBOS fired: BULLISH | Broken level: 2958.465 | BOS count: 103 | Trend Confirmed: True[0m
[32m14:33:20[0m | [1mINFO    [0m | [36mbackend.strategies.core.market_structure[0m:[36mupdate[0m | [1mBOS fired: BULLISH | Broken level: 2958.465 | BOS count: 104 | Trend Confirmed: True[0m
[32m14:33:20[0m | [1mINFO    [0m | [36mbackend.strategies.core.market_structure[0m:[36mupdate[0m | [1mBOS fired: BULLISH | Broken level: 2958.465 | BOS count: 105 | Trend Confirmed: True[0m
[32m14:33:20[0m | [1mINFO    [0m | [36mbackend.strategies.core.market_structure[0m:[36mupdate[0m | [1mBOS fired: BULLISH | Broken level: 2958.465 | BOS count: 106 | Trend Confirmed: True[0m
[32m14:33:20[0m | [1mINFO    [0m | [36mbackend.strategies.core.market_structure[0m:[36mupdate[0m | [1mBOS fired: BULLISH | Broken level: 2958.465 | BOS count: 107 | Trend Confirmed: True[0m
[32m14:33:20[0m | [1mINFO    [0m | [36mbackend.strategies.core.market_structure[0m:[36mupdate[0m | [1mBOS fired: BULLISH | Broken level: 2958.465 | BOS count: 108 | Trend Confirmed: True[0m
[32m14:33:20[0m | [1mINFO    [0m | [36mbackend.strategies.core.market_structure[0m:[36mupdate[0m | [1mBOS fired: BULLISH | Broken level: 2958.465 | BOS count: 109 | Trend Confirmed: True[0m
[32m14:33:20[0m | [1mINFO    [0m | [36mbackend.strategies.core.market_structure[0m:[36mupdate[0m | [1mBOS fired: BULLISH | Broken level: 2958.465 | BOS count: 110 | Trend Confirmed: True[0m
[32m14:33:20[0m | [1mINFO    [0m | [36mbackend.strategies.core.market_structure[0m:[36mupdate[0m | [1mBOS fired: BULLISH | Broken level: 2958.465 | BOS count: 111 | Trend Confirmed: True[0m
[32m14:33:20[0m | [1mINFO    [0m | [36mbackend.strategies.core.market_structure[0m:[36mupdate[0m | [1mBOS fired: BULLISH | Broken level: 2958.465 | BOS count: 112 | Trend Confirmed: True[0m
[32m14:33:20[0m | [1mINFO    [0m | [36mbackend.strategies.core.market_structure[0m:[36mupdate[0m | [1mBOS fired: BULLISH | Broken level: 2958.465 | BOS count: 113 | Trend Confirmed: True[0m
[32m14:33:20[0m | [1mINFO    [0m | [36mbackend.strategies.core.market_structure[0m:[36mupdate[0m | [1mBOS fired: BULLISH | Broken level: 2958.465 | BOS count: 114 | Trend Confirmed: True[0m
[32m14:33:20[0m | [1mINFO    [0m | [36mbackend.strategies.core.market_structure[0m:[36mupdate[0m | [1mBOS fired: BULLISH | Broken level: 2994.989 | BOS count: 115 | Trend Confirmed: True[0m
[32m14:33:20[0m | [1mINFO    [0m | [36mbackend.strategies.core.market_structure[0m:[36mupdate[0m | [1mBOS fired: BULLISH | Broken level: 2994.989 | BOS count: 116 | Trend Confirmed: True[0m
[32m14:33:20[0m | [1mINFO    [0m | [36mbackend.strategies.core.market_structure[0m:[36mupdate[0m | [1mBOS fired: BULLISH | Broken level: 2994.989 | BOS count: 117 | Trend Confirmed: True[0m
[32m14:33:20[0m | [1mINFO    [0m | [36mbackend.strategies.core.market_structure[0m:[36mupdate[0m | [1mBOS fired: BULLISH | Broken level: 2994.989 | BOS count: 118 | Trend Confirmed: True[0m
[32m14:33:20[0m | [1mINFO    [0m | [36mbackend.strategies.core.market_structure[0m:[36mupdate[0m | [1mBOS fired: BULLISH | Broken level: 2994.989 | BOS count: 119 | Trend Confirmed: True[0m
[32m14:33:21[0m | [1mINFO    [0m | [36mbackend.strategies.core.market_structure[0m:[36mupdate[0m | [1mChoCH fired: BEARISH | Broken level: 3018.724 | BOS count: 1[0m
[32m14:33:21[0m | [1mINFO    [0m | [36mbackend.strategies.core.market_structure[0m:[36mupdate[0m | [1mBOS fired: BEARISH | Broken level: 3017.101 | BOS count: 2 | Trend Confirmed: True[0m
[32m14:33:21[0m | [1mINFO    [0m | [36mbackend.strategies.core.market_structure[0m:[36mupdate[0m | [1mBOS fired: BEARISH | Broken level: 3017.101 | BOS count: 3 | Trend Confirmed: True[0m
[32m14:33:21[0m | [1mINFO    [0m | [36mbackend.strategies.core.market_structure[0m:[36mupdate[0m | [1mBOS fired: BEARISH | Broken level: 3017.101 | BOS count: 4 | Trend Confirmed: True[0m
[32m14:33:21[0m | [1mINFO    [0m | [36mbackend.strategies.core.market_structure[0m:[36mupdate[0m | [1mChoCH fired: BULLISH | Broken level: 3026.314 | BOS count: 1[0m
[32m14:33:21[0m | [1mINFO    [0m | [36mbackend.strategies.core.market_structure[0m:[36mupdate[0m | [1mBOS fired: BULLISH | Broken level: 3026.314 | BOS count: 2 | Trend Confirmed: True[0m
[32m14:33:21[0m | [1mINFO    [0m | [36mbackend.strategies.core.market_structure[0m:[36mupdate[0m | [1mBOS fired: BULLISH | Broken level: 3026.314 | BOS count: 3 | Trend Confirmed: True[0m
[32m14:33:21[0m | [1mINFO    [0m | [36mbackend.strategies.core.market_structure[0m:[36mupdate[0m | [1mBOS fired: BULLISH | Broken level: 3026.314 | BOS count: 4 | Trend Confirmed: True[0m
[32m14:33:21[0m | [1mINFO    [0m | [36mbackend.strategies.core.market_structure[0m:[36mupdate[0m | [1mBOS fired: BULLISH | Broken level: 3026.314 | BOS count: 5 | Trend Confirmed: True[0m
[32m14:33:21[0m | [1mINFO    [0m | [36mbackend.strategies.core.market_structure[0m:[36mupdate[0m | [1mBOS fired: BULLISH | Broken level: 3026.314 | BOS count: 6 | Trend Confirmed: True[0m
[32m14:33:21[0m | [1mINFO    [0m | [36mbackend.strategies.core.market_structure[0m:[36mupdate[0m | [1mChoCH fired: BEARISH | Broken level: 3019.948 | BOS count: 1[0m
[32m14:33:21[0m | [1mINFO    [0m | [36mbackend.strategies.core.market_structure[0m:[36mupdate[0m | [1mBOS fired: BEARISH | Broken level: 3019.948 | BOS count: 2 | Trend Confirmed: True[0m
[32m14:33:21[0m | [1mINFO    [0m | [36mbackend.strategies.core.market_structure[0m:[36mupdate[0m | [1mBOS fired: BEARISH | Broken level: 3019.948 | BOS count: 3 | Trend Confirmed: True[0m
[32m14:33:21[0m | [1mINFO    [0m | [36mbackend.strategies.core.market_structure[0m:[36mupdate[0m | [1mBOS fired: BEARISH | Broken level: 3019.948 | BOS count: 4 | Trend Confirmed: True[0m
[32m14:33:21[0m | [1mINFO    [0m | [36mbackend.strategies.core.market_structure[0m:[36mupdate[0m | [1mBOS fired: BEARISH | Broken level: 3019.948 | BOS count: 5 | Trend Confirmed: True[0m
[32m14:33:21[0m | [1mINFO    [0m | [36mbackend.strategies.core.market_structure[0m:[36mupdate[0m | [1mBOS fired: BEARISH | Broken level: 3012.33 | BOS count: 6 | Trend Confirmed: True[0m
[32m14:33:21[0m | [1mINFO    [0m | [36mbackend.strategies.core.market_structure[0m:[36mupdate[0m | [1mChoCH fired: BULLISH | Broken level: 3023.585 | BOS count: 1[0m
[32m14:33:21[0m | [1mINFO    [0m | [36mbackend.strategies.core.market_structure[0m:[36mupdate[0m | [1mBOS fired: BULLISH | Broken level: 3023.585 | BOS count: 2 | Trend Confirmed: True[0m
[32m14:33:22[0m | [1mINFO    [0m | [36mbackend.strategies.core.market_structure[0m:[36mupdate[0m | [1mBOS fired: BULLISH | Broken level: 3027.399 | BOS count: 3 | Trend Confirmed: True[0m
[32m14:33:22[0m | [1mINFO    [0m | [36mbackend.strategies.core.market_structure[0m:[36mupdate[0m | [1mBOS fired: BULLISH | Broken level: 3027.399 | BOS count: 4 | Trend Confirmed: True[0m
[32m14:33:22[0m | [1mINFO    [0m | [36mbackend.strategies.core.market_structure[0m:[36mupdate[0m | [1mBOS fired: BULLISH | Broken level: 3027.399 | BOS count: 5 | Trend Confirmed: True[0m
[32m14:33:22[0m | [1mINFO    [0m | [36mbackend.strategies.core.market_structure[0m:[36mupdate[0m | [1mBOS fired: BULLISH | Broken level: 3027.399 | BOS count: 6 | Trend Confirmed: True[0m
[32m14:33:22[0m | [1mINFO    [0m | [36mbackend.strategies.core.market_structure[0m:[36mupdate[0m | [1mBOS fired: BULLISH | Broken level: 3027.399 | BOS count: 7 | Trend Confirmed: True[0m
[32m14:33:22[0m | [1mINFO    [0m | [36mbackend.strategies.core.market_structure[0m:[36mupdate[0m | [1mBOS fired: BULLISH | Broken level: 3027.399 | BOS count: 8 | Trend Confirmed: True[0m
[32m14:33:22[0m | [1mINFO    [0m | [36mbackend.strategies.core.market_structure[0m:[36mupdate[0m | [1mBOS fired: BULLISH | Broken level: 3027.399 | BOS count: 9 | Trend Confirmed: True[0m
[32m14:33:22[0m | [1mINFO    [0m | [36mbackend.strategies.core.market_structure[0m:[36mupdate[0m | [1mBOS fired: BULLISH | Broken level: 3027.399 | BOS count: 10 | Trend Confirmed: True[0m
[32m14:33:22[0m | [1mINFO    [0m | [36mbackend.strategies.core.market_structure[0m:[36mupdate[0m | [1mBOS fired: BULLISH | Broken level: 3027.399 | BOS count: 11 | Trend Confirmed: True[0m
[32m14:33:22[0m | [1mINFO    [0m | [36mbackend.strategies.core.market_structure[0m:[36mupdate[0m | [1mBOS fired: BULLISH | Broken level: 3027.399 | BOS count: 12 | Trend Confirmed: True[0m
[32m14:33:22[0m | [1mINFO    [0m | [36mbackend.strategies.core.market_structure[0m:[36mupdate[0m | [1mBOS fired: BULLISH | Broken level: 3027.399 | BOS count: 13 | Trend Confirmed: True[0m
[32m14:33:22[0m | [1mINFO    [0m | [36mbackend.strategies.core.market_structure[0m:[36mupdate[0m | [1mChoCH fired: BEARISH | Broken level: 3039.242 | BOS count: 1[0m
[32m14:33:22[0m | [1mINFO    [0m | [36mbackend.strategies.core.market_structure[0m:[36mupdate[0m | [1mBOS fired: BEARISH | Broken level: 3039.242 | BOS count: 2 | Trend Confirmed: True[0m
[32m14:33:22[0m | [1mINFO    [0m | [36mbackend.strategies.core.market_structure[0m:[36mupdate[0m | [1mBOS fired: BEARISH | Broken level: 3039.242 | BOS count: 3 | Trend Confirmed: True[0m
[32m14:33:22[0m | [1mINFO    [0m | [36mbackend.strategies.core.market_structure[0m:[36mupdate[0m | [1mBOS fired: BEARISH | Broken level: 3039.242 | BOS count: 4 | Trend Confirmed: True[0m
[32m14:33:22[0m | [1mINFO    [0m | [36mbackend.strategies.core.market_structure[0m:[36mupdate[0m | [1mBOS fired: BEARISH | Broken level: 3039.242 | BOS count: 5 | Trend Confirmed: True[0m
[32m14:33:22[0m | [1mINFO    [0m | [36mbackend.strategies.core.market_structure[0m:[36mupdate[0m | [1mBOS fired: BEARISH | Broken level: 3039.242 | BOS count: 6 | Trend Confirmed: True[0m
[32m14:33:22[0m | [1mINFO    [0m | [36mbackend.strategies.core.market_structure[0m:[36mupdate[0m | [1mChoCH fired: BULLISH | Broken level: 3049.613 | BOS count: 1[0m
[32m14:33:22[0m | [1mINFO    [0m | [36mbackend.strategies.core.market_structure[0m:[36mupdate[0m | [1mBOS fired: BULLISH | Broken level: 3049.613 | BOS count: 2 | Trend Confirmed: True[0m
[32m14:33:22[0m | [1mINFO    [0m | [36mbackend.strategies.core.market_structure[0m:[36mupdate[0m | [1mBOS fired: BULLISH | Broken level: 3049.613 | BOS count: 3 | Trend Confirmed: True[0m
[32m14:33:22[0m | [1mINFO    [0m | [36mbackend.strategies.core.market_structure[0m:[36mupdate[0m | [1mBOS fired: BULLISH | Broken level: 3049.613 | BOS count: 4 | Trend Confirmed: True[0m
[32m14:33:22[0m | [1mINFO    [0m | [36mbackend.strategies.core.market_structure[0m:[36mupdate[0m | [1mBOS fired: BULLISH | Broken level: 3049.613 | BOS count: 5 | Trend Confirmed: True[0m
[32m14:33:22[0m | [1mINFO    [0m | [36mbackend.strategies.core.market_structure[0m:[36mupdate[0m | [1mChoCH fired: BEARISH | Broken level: 3030.796 | BOS count: 1[0m
[32m14:33:22[0m | [1mINFO    [0m | [36mbackend.strategies.core.market_structure[0m:[36mupdate[0m | [1mBOS fired: BEARISH | Broken level: 3030.796 | BOS count: 2 | Trend Confirmed: True[0m
[32m14:33:22[0m | [1mINFO    [0m | [36mbackend.strategies.core.market_structure[0m:[36mupdate[0m | [1mBOS fired: BEARISH | Broken level: 3030.796 | BOS count: 3 | Trend Confirmed: True[0m
[32m14:33:22[0m | [1mINFO    [0m | [36mbackend.strategies.core.market_structure[0m:[36mupdate[0m | [1mBOS fired: BEARISH | Broken level: 3030.796 | BOS count: 4 | Trend Confirmed: True[0m
[32m14:33:22[0m | [1mINFO    [0m | [36mbackend.strategies.core.market_structure[0m:[36mupdate[0m | [1mBOS fired: BEARISH | Broken level: 3030.796 | BOS count: 5 | Trend Confirmed: True[0m
[32m14:33:22[0m | [1mINFO    [0m | [36mbackend.strategies.core.market_structure[0m:[36mupdate[0m | [1mBOS fired: BEARISH | Broken level: 3025.888 | BOS count: 6 | Trend Confirmed: True[0m
[32m14:33:22[0m | [1mINFO    [0m | [36mbackend.strategies.core.market_structure[0m:[36mupdate[0m | [1mBOS fired: BEARISH | Broken level: 3025.888 | BOS count: 7 | Trend Confirmed: True[0m
[32m14:33:22[0m | [1mINFO    [0m | [36mbackend.strategies.core.market_structure[0m:[36mupdate[0m | [1mBOS fired: BEARISH | Broken level: 3022.88 | BOS count: 8 | Trend Confirmed: True[0m
[32m14:33:22[0m | [1mINFO    [0m | [36mbackend.strategies.core.market_structure[0m:[36mupdate[0m | [1mBOS fired: BEARISH | Broken level: 3022.88 | BOS count: 9 | Trend Confirmed: True[0m
[32m14:33:22[0m | [1mINFO    [0m | [36mbackend.strategies.core.market_structure[0m:[36mupdate[0m | [1mBOS fired: BEARISH | Broken level: 3022.88 | BOS count: 10 | Trend Confirmed: True[0m
[32m14:33:22[0m | [1mINFO    [0m | [36mbackend.strategies.core.market_structure[0m:[36mupdate[0m | [1mBOS fired: BEARISH | Broken level: 3022.88 | BOS count: 11 | Trend Confirmed: True[0m
[32m14:33:22[0m | [1mINFO    [0m | [36mbackend.strategies.core.market_structure[0m:[36mupdate[0m | [1mBOS fired: BEARISH | Broken level: 3022.88 | BOS count: 12 | Trend Confirmed: True[0m
[32m14:33:22[0m | [1mINFO    [0m | [36mbackend.strategies.core.market_structure[0m:[36mupdate[0m | [1mBOS fired: BEARISH | Broken level: 3022.88 | BOS count: 13 | Trend Confirmed: True[0m
[32m14:33:22[0m | [1mINFO    [0m | [36mbackend.strategies.core.market_structure[0m:[36mupdate[0m | [1mBOS fired: BEARISH | Broken level: 3022.88 | BOS count: 14 | Trend Confirmed: True[0m
[32m14:33:22[0m | [1mINFO    [0m | [36mbackend.strategies.core.market_structure[0m:[36mupdate[0m | [1mBOS fired: BEARISH | Broken level: 3019.239 | BOS count: 15 | Trend Confirmed: True[0m
[32m14:33:22[0m | [1mINFO    [0m | [36mbackend.strategies.core.market_structure[0m:[36mupdate[0m | [1mBOS fired: BEARISH | Broken level: 3019.239 | BOS count: 16 | Trend Confirmed: True[0m
[32m14:33:22[0m | [1mINFO    [0m | [36mbackend.strategies.core.market_structure[0m:[36mupdate[0m | [1mBOS fired: BEARISH | Broken level: 3019.239 | BOS count: 17 | Trend Confirmed: True[0m
[32m14:33:22[0m | [1mINFO    [0m | [36mbackend.strategies.core.market_structure[0m:[36mupdate[0m | [1mBOS fired: BEARISH | Broken level: 3019.239 | BOS count: 18 | Trend Confirmed: True[0m
[32m14:33:22[0m | [1mINFO    [0m | [36mbackend.strategies.core.market_structure[0m:[36mupdate[0m | [1mBOS fired: BEARISH | Broken level: 3019.239 | BOS count: 19 | Trend Confirmed: True[0m
[32m14:33:22[0m | [1mINFO    [0m | [36mbackend.strategies.core.market_structure[0m:[36mupdate[0m | [1mBOS fired: BEARISH | Broken level: 3019.239 | BOS count: 20 | Trend Confirmed: True[0m
[32m14:33:22[0m | [1mINFO    [0m | [36mbackend.strategies.core.market_structure[0m:[36mupdate[0m | [1mBOS fired: BEARISH | Broken level: 3019.239 | BOS count: 21 | Trend Confirmed: True[0m
[32m14:33:22[0m | [1mINFO    [0m | [36mbackend.strategies.core.market_structure[0m:[36mupdate[0m | [1mBOS fired: BEARISH | Broken level: 3019.239 | BOS count: 22 | Trend Confirmed: True[0m
[32m14:33:22[0m | [1mINFO    [0m | [36mbackend.strategies.core.market_structure[0m:[36mupdate[0m | [1mBOS fired: BEARISH | Broken level: 3019.239 | BOS count: 23 | Trend Confirmed: True[0m
[32m14:33:22[0m | [1mINFO    [0m | [36mbackend.strategies.core.market_structure[0m:[36mupdate[0m | [1mBOS fired: BEARISH | Broken level: 3019.239 | BOS count: 24 | Trend Confirmed: True[0m
[32m14:33:22[0m | [1mINFO    [0m | [36mbackend.strategies.core.market_structure[0m:[36mupdate[0m | [1mBOS fired: BEARISH | Broken level: 3019.239 | BOS count: 25 | Trend Confirmed: True[0m
[32m14:33:22[0m | [1mINFO    [0m | [36mbackend.strategies.core.market_structure[0m:[36mupdate[0m | [1mBOS fired: BEARISH | Broken level: 3019.239 | BOS count: 26 | Trend Confirmed: True[0m
[32m14:33:22[0m | [1mINFO    [0m | [36mbackend.strategies.core.market_structure[0m:[36mupdate[0m | [1mBOS fired: BEARISH | Broken level: 3019.239 | BOS count: 27 | Trend Confirmed: True[0m
[32m14:33:22[0m | [1mINFO    [0m | [36mbackend.strategies.core.market_structure[0m:[36mupdate[0m | [1mBOS fired: BEARISH | Broken level: 3019.239 | BOS count: 28 | Trend Confirmed: True[0m
[32m14:33:22[0m | [1mINFO    [0m | [36mbackend.strategies.core.market_structure[0m:[36mupdate[0m | [1mBOS fired: BEARISH | Broken level: 3019.239 | BOS count: 29 | Trend Confirmed: True[0m
[32m14:33:22[0m | [1mINFO    [0m | [36mbackend.strategies.core.market_structure[0m:[36mupdate[0m | [1mBOS fired: BEARISH | Broken level: 3019.239 | BOS count: 30 | Trend Confirmed: True[0m
[32m14:33:22[0m | [1mINFO    [0m | [36mbackend.strategies.core.market_structure[0m:[36mupdate[0m | [1mBOS fired: BEARISH | Broken level: 2994.77 | BOS count: 31 | Trend Confirmed: True[0m
[32m14:33:23[0m | [1mINFO    [0m | [36mbackend.strategies.core.market_structure[0m:[36mupdate[0m | [1mChoCH fired: BULLISH | Broken level: 3010.815 | BOS count: 1[0m
[32m14:33:23[0m | [1mINFO    [0m | [36mbackend.strategies.core.market_structure[0m:[36mupdate[0m | [1mBOS fired: BULLISH | Broken level: 3010.815 | BOS count: 2 | Trend Confirmed: True[0m
[32m14:33:23[0m | [1mINFO    [0m | [36mbackend.strategies.core.market_structure[0m:[36mupdate[0m | [1mBOS fired: BULLISH | Broken level: 3010.815 | BOS count: 3 | Trend Confirmed: True[0m
[32m14:33:23[0m | [1mINFO    [0m | [36mbackend.strategies.core.market_structure[0m:[36mupdate[0m | [1mBOS fired: BULLISH | Broken level: 3010.815 | BOS count: 4 | Trend Confirmed: True[0m
[32m14:33:23[0m | [1mINFO    [0m | [36mbackend.strategies.core.market_structure[0m:[36mupdate[0m | [1mBOS fired: BULLISH | Broken level: 3010.815 | BOS count: 5 | Trend Confirmed: True[0m
[32m14:33:23[0m | [1mINFO    [0m | [36mbackend.strategies.core.market_structure[0m:[36mupdate[0m | [1mBOS fired: BULLISH | Broken level: 3010.815 | BOS count: 6 | Trend Confirmed: True[0m
[32m14:33:23[0m | [1mINFO    [0m | [36mbackend.strategies.core.market_structure[0m:[36mupdate[0m | [1mBOS fired: BULLISH | Broken level: 3010.815 | BOS count: 7 | Trend Confirmed: True[0m
[32m14:33:23[0m | [1mINFO    [0m | [36mbackend.strategies.core.market_structure[0m:[36mupdate[0m | [1mBOS fired: BULLISH | Broken level: 3010.815 | BOS count: 8 | Trend Confirmed: True[0m
[32m14:33:23[0m | [1mINFO    [0m | [36mbackend.strategies.core.market_structure[0m:[36mupdate[0m | [1mBOS fired: BULLISH | Broken level: 3010.815 | BOS count: 9 | Trend Confirmed: True[0m
[32m14:33:23[0m | [1mINFO    [0m | [36mbackend.strategies.core.market_structure[0m:[36mupdate[0m | [1mBOS fired: BULLISH | Broken level: 3010.815 | BOS count: 10 | Trend Confirmed: True[0m
[32m14:33:23[0m | [1mINFO    [0m | [36mbackend.strategies.core.market_structure[0m:[36mupdate[0m | [1mBOS fired: BULLISH | Broken level: 3010.815 | BOS count: 11 | Trend Confirmed: True[0m
[32m14:33:23[0m | [1mINFO    [0m | [36mbackend.strategies.core.market_structure[0m:[36mupdate[0m | [1mBOS fired: BULLISH | Broken level: 3010.815 | BOS count: 12 | Trend Confirmed: True[0m
[32m14:33:23[0m | [1mINFO    [0m | [36mbackend.strategies.core.market_structure[0m:[36mupdate[0m | [1mBOS fired: BULLISH | Broken level: 3010.815 | BOS count: 13 | Trend Confirmed: True[0m
[32m14:33:23[0m | [1mINFO    [0m | [36mbackend.strategies.core.market_structure[0m:[36mupdate[0m | [1mBOS fired: BULLISH | Broken level: 3020.752 | BOS count: 14 | Trend Confirmed: True[0m
[32m14:33:23[0m | [1mINFO    [0m | [36mbackend.strategies.core.market_structure[0m:[36mupdate[0m | [1mBOS fired: BULLISH | Broken level: 2960.614 | BOS count: 15 | Trend Confirmed: True[0m
[32m14:33:23[0m | [1mINFO    [0m | [36mbackend.strategies.core.market_structure[0m:[36mupdate[0m | [1mBOS fired: BULLISH | Broken level: 2960.614 | BOS count: 16 | Trend Confirmed: True[0m
[32m14:33:23[0m | [1mINFO    [0m | [36mbackend.strategies.core.market_structure[0m:[36mupdate[0m | [1mBOS fired: BULLISH | Broken level: 2960.614 | BOS count: 17 | Trend Confirmed: True[0m
[32m14:33:23[0m | [1mINFO    [0m | [36mbackend.strategies.core.market_structure[0m:[36mupdate[0m | [1mBOS fired: BULLISH | Broken level: 2960.614 | BOS count: 18 | Trend Confirmed: True[0m
[32m14:33:23[0m | [1mINFO    [0m | [36mbackend.strategies.core.market_structure[0m:[36mupdate[0m | [1mBOS fired: BULLISH | Broken level: 2960.614 | BOS count: 19 | Trend Confirmed: True[0m
[32m14:33:23[0m | [1mINFO    [0m | [36mbackend.strategies.core.market_structure[0m:[36mupdate[0m | [1mBOS fired: BULLISH | Broken level: 2960.614 | BOS count: 20 | Trend Confirmed: True[0m
[32m14:33:23[0m | [1mINFO    [0m | [36mbackend.strategies.core.market_structure[0m:[36mupdate[0m | [1mBOS fired: BULLISH | Broken level: 2960.614 | BOS count: 21 | Trend Confirmed: True[0m
[32m14:33:23[0m | [1mINFO    [0m | [36mbackend.strategies.core.market_structure[0m:[36mupdate[0m | [1mBOS fired: BULLISH | Broken level: 2960.614 | BOS count: 22 | Trend Confirmed: True[0m
[32m14:33:23[0m | [1mINFO    [0m | [36mbackend.strategies.core.market_structure[0m:[36mupdate[0m | [1mBOS fired: BULLISH | Broken level: 2960.614 | BOS count: 23 | Trend Confirmed: True[0m
[32m14:33:23[0m | [1mINFO    [0m | [36mbackend.strategies.core.market_structure[0m:[36mupdate[0m | [1mBOS fired: BULLISH | Broken level: 2960.614 | BOS count: 24 | Trend Confirmed: True[0m
[32m14:33:23[0m | [1mINFO    [0m | [36mbackend.strategies.core.market_structure[0m:[36mupdate[0m | [1mBOS fired: BULLISH | Broken level: 2960.614 | BOS count: 25 | Trend Confirmed: True[0m
[32m14:33:23[0m | [1mINFO    [0m | [36mbackend.strategies.core.market_structure[0m:[36mupdate[0m | [1mBOS fired: BULLISH | Broken level: 2960.614 | BOS count: 26 | Trend Confirmed: True[0m
[32m14:33:23[0m | [1mINFO    [0m | [36mbackend.strategies.core.market_structure[0m:[36mupdate[0m | [1mBOS fired: BULLISH | Broken level: 2960.614 | BOS count: 27 | Trend Confirmed: True[0m
[32m14:33:23[0m | [1mINFO    [0m | [36mbackend.strategies.core.market_structure[0m:[36mupdate[0m | [1mBOS fired: BULLISH | Broken level: 2960.614 | BOS count: 28 | Trend Confirmed: True[0m
[32m14:33:23[0m | [1mINFO    [0m | [36mbackend.strategies.core.market_structure[0m:[36mupdate[0m | [1mBOS fired: BULLISH | Broken level: 2960.614 | BOS count: 29 | Trend Confirmed: True[0m
[32m14:33:23[0m | [1mINFO    [0m | [36mbackend.strategies.core.market_structure[0m:[36mupdate[0m | [1mBOS fired: BULLISH | Broken level: 2960.614 | BOS count: 30 | Trend Confirmed: True[0m
[32m14:33:23[0m | [1mINFO    [0m | [36mbackend.strategies.core.market_structure[0m:[36mupdate[0m | [1mBOS fired: BULLISH | Broken level: 2960.614 | BOS count: 31 | Trend Confirmed: True[0m
[32m14:33:23[0m | [1mINFO    [0m | [36mbackend.strategies.core.market_structure[0m:[36mupdate[0m | [1mBOS fired: BULLISH | Broken level: 2960.614 | BOS count: 32 | Trend Confirmed: True[0m
[32m14:33:23[0m | [1mINFO    [0m | [36mbackend.strategies.core.market_structure[0m:[36mupdate[0m | [1mBOS fired: BULLISH | Broken level: 2960.614 | BOS count: 33 | Trend Confirmed: True[0m
[32m14:33:23[0m | [1mINFO    [0m | [36mbackend.strategies.core.market_structure[0m:[36mupdate[0m | [1mBOS fired: BULLISH | Broken level: 2960.614 | BOS count: 34 | Trend Confirmed: True[0m
[32m14:33:23[0m | [1mINFO    [0m | [36mbackend.strategies.core.market_structure[0m:[36mupdate[0m | [1mBOS fired: BULLISH | Broken level: 2960.614 | BOS count: 35 | Trend Confirmed: True[0m
[32m14:33:23[0m | [1mINFO    [0m | [36mbackend.strategies.core.market_structure[0m:[36mupdate[0m | [1mBOS fired: BULLISH | Broken level: 2984.422 | BOS count: 36 | Trend Confirmed: True[0m
[32m14:33:23[0m | [1mINFO    [0m | [36mbackend.strategies.core.market_structure[0m:[36mupdate[0m | [1mChoCH fired: BEARISH | Broken level: 2956.816 | BOS count: 1[0m
[32m14:33:23[0m | [1mINFO    [0m | [36mbackend.strategies.core.market_structure[0m:[36mupdate[0m | [1mBOS fired: BEARISH | Broken level: 2956.816 | BOS count: 2 | Trend Confirmed: True[0m
[32m14:33:23[0m | [1mINFO    [0m | [36mbackend.strategies.core.market_structure[0m:[36mupdate[0m | [1mBOS fired: BEARISH | Broken level: 2956.816 | BOS count: 3 | Trend Confirmed: True[0m
[32m14:33:23[0m | [1mINFO    [0m | [36mbackend.strategies.core.market_structure[0m:[36mupdate[0m | [1mChoCH fired: BULLISH | Broken level: 2966.132 | BOS count: 1[0m
[32m14:33:23[0m | [1mINFO    [0m | [36mbackend.strategies.core.market_structure[0m:[36mupdate[0m | [1mBOS fired: BULLISH | Broken level: 2966.132 | BOS count: 2 | Trend Confirmed: True[0m
[32m14:33:23[0m | [1mINFO    [0m | [36mbackend.strategies.core.market_structure[0m:[36mupdate[0m | [1mBOS fired: BULLISH | Broken level: 2966.132 | BOS count: 3 | Trend Confirmed: True[0m
[32m14:33:23[0m | [1mINFO    [0m | [36mbackend.strategies.core.market_structure[0m:[36mupdate[0m | [1mBOS fired: BULLISH | Broken level: 2966.132 | BOS count: 4 | Trend Confirmed: True[0m
[32m14:33:23[0m | [1mINFO    [0m | [36mbackend.strategies.core.market_structure[0m:[36mupdate[0m | [1mBOS fired: BULLISH | Broken level: 2966.132 | BOS count: 5 | Trend Confirmed: True[0m
[32m14:33:23[0m | [1mINFO    [0m | [36mbackend.strategies.core.market_structure[0m:[36mupdate[0m | [1mBOS fired: BULLISH | Broken level: 2966.132 | BOS count: 6 | Trend Confirmed: True[0m
[32m14:33:23[0m | [1mINFO    [0m | [36mbackend.strategies.core.market_structure[0m:[36mupdate[0m | [1mBOS fired: BULLISH | Broken level: 2966.132 | BOS count: 7 | Trend Confirmed: True[0m
[32m14:33:23[0m | [1mINFO    [0m | [36mbackend.strategies.core.market_structure[0m:[36mupdate[0m | [1mBOS fired: BULLISH | Broken level: 2966.132 | BOS count: 8 | Trend Confirmed: True[0m
[32m14:33:23[0m | [1mINFO    [0m | [36mbackend.strategies.core.market_structure[0m:[36mupdate[0m | [1mBOS fired: BULLISH | Broken level: 2966.132 | BOS count: 9 | Trend Confirmed: True[0m
[32m14:33:23[0m | [1mINFO    [0m | [36mbackend.strategies.core.market_structure[0m:[36mupdate[0m | [1mBOS fired: BULLISH | Broken level: 2966.132 | BOS count: 10 | Trend Confirmed: True[0m
[32m14:33:23[0m | [1mINFO    [0m | [36mbackend.strategies.core.market_structure[0m:[36mupdate[0m | [1mBOS fired: BULLISH | Broken level: 2966.132 | BOS count: 11 | Trend Confirmed: True[0m
[32m14:33:23[0m | [1mINFO    [0m | [36mbackend.strategies.core.market_structure[0m:[36mupdate[0m | [1mBOS fired: BULLISH | Broken level: 2966.132 | BOS count: 12 | Trend Confirmed: True[0m
[32m14:33:23[0m | [1mINFO    [0m | [36mbackend.strategies.core.market_structure[0m:[36mupdate[0m | [1mBOS fired: BULLISH | Broken level: 2966.132 | BOS count: 13 | Trend Confirmed: True[0m
[32m14:33:23[0m | [1mINFO    [0m | [36mbackend.strategies.core.market_structure[0m:[36mupdate[0m | [1mBOS fired: BULLISH | Broken level: 2966.132 | BOS count: 14 | Trend Confirmed: True[0m
[32m14:33:23[0m | [1mINFO    [0m | [36mbackend.strategies.core.market_structure[0m:[36mupdate[0m | [1mBOS fired: BULLISH | Broken level: 2966.132 | BOS count: 15 | Trend Confirmed: True[0m
[32m14:33:23[0m | [1mINFO    [0m | [36mbackend.strategies.core.market_structure[0m:[36mupdate[0m | [1mChoCH fired: BEARISH | Broken level: 2960.708 | BOS count: 1[0m
[32m14:33:23[0m | [1mINFO    [0m | [36mbackend.strategies.core.market_structure[0m:[36mupdate[0m | [1mBOS fired: BEARISH | Broken level: 2960.708 | BOS count: 2 | Trend Confirmed: True[0m
[32m14:33:24[0m | [1mINFO    [0m | [36mbackend.strategies.core.market_structure[0m:[36mupdate[0m | [1mBOS fired: BEARISH | Broken level: 2960.708 | BOS count: 3 | Trend Confirmed: True[0m
[32m14:33:24[0m | [1mINFO    [0m | [36mbackend.strategies.core.market_structure[0m:[36mupdate[0m | [1mBOS fired: BEARISH | Broken level: 2960.708 | BOS count: 4 | Trend Confirmed: True[0m
[32m14:33:24[0m | [1mINFO    [0m | [36mbackend.strategies.core.market_structure[0m:[36mupdate[0m | [1mBOS fired: BEARISH | Broken level: 2960.708 | BOS count: 5 | Trend Confirmed: True[0m
[32m14:33:24[0m | [1mINFO    [0m | [36mbackend.strategies.core.market_structure[0m:[36mupdate[0m | [1mBOS fired: BEARISH | Broken level: 2960.708 | BOS count: 6 | Trend Confirmed: True[0m
[32m14:33:24[0m | [1mINFO    [0m | [36mbackend.strategies.core.market_structure[0m:[36mupdate[0m | [1mBOS fired: BEARISH | Broken level: 2960.708 | BOS count: 7 | Trend Confirmed: True[0m
[32m14:33:24[0m | [1mINFO    [0m | [36mbackend.strategies.core.market_structure[0m:[36mupdate[0m | [1mBOS fired: BEARISH | Broken level: 2960.708 | BOS count: 8 | Trend Confirmed: True[0m
[32m14:33:24[0m | [1mINFO    [0m | [36mbackend.strategies.core.market_structure[0m:[36mupdate[0m | [1mBOS fired: BEARISH | Broken level: 2960.708 | BOS count: 9 | Trend Confirmed: True[0m
[32m14:33:24[0m | [1mINFO    [0m | [36mbackend.strategies.core.market_structure[0m:[36mupdate[0m | [1mBOS fired: BEARISH | Broken level: 2960.708 | BOS count: 10 | Trend Confirmed: True[0m
[32m14:33:24[0m | [1mINFO    [0m | [36mbackend.strategies.core.market_structure[0m:[36mupdate[0m | [1mBOS fired: BEARISH | Broken level: 2960.708 | BOS count: 11 | Trend Confirmed: True[0m
[32m14:33:24[0m | [1mINFO    [0m | [36mbackend.strategies.core.market_structure[0m:[36mupdate[0m | [1mBOS fired: BEARISH | Broken level: 2950.039 | BOS count: 12 | Trend Confirmed: True[0m
[32m14:33:24[0m | [1mINFO    [0m | [36mbackend.strategies.core.market_structure[0m:[36mupdate[0m | [1mBOS fired: BEARISH | Broken level: 2950.039 | BOS count: 13 | Trend Confirmed: True[0m
[32m14:33:24[0m | [1mINFO    [0m | [36mbackend.strategies.core.market_structure[0m:[36mupdate[0m | [1mBOS fired: BEARISH | Broken level: 2950.039 | BOS count: 14 | Trend Confirmed: True[0m
[32m14:33:24[0m | [1mINFO    [0m | [36mbackend.strategies.core.market_structure[0m:[36mupdate[0m | [1mBOS fired: BEARISH | Broken level: 2950.039 | BOS count: 15 | Trend Confirmed: True[0m
[32m14:33:24[0m | [1mINFO    [0m | [36mbackend.strategies.core.market_structure[0m:[36mupdate[0m | [1mBOS fired: BEARISH | Broken level: 2950.039 | BOS count: 16 | Trend Confirmed: True[0m
[32m14:33:25[0m | [1mINFO    [0m | [36mbackend.strategies.core.market_structure[0m:[36mupdate[0m | [1mChoCH fired: BULLISH | Broken level: 2958.486 | BOS count: 1[0m
[32m14:33:25[0m | [1mINFO    [0m | [36mbackend.strategies.core.market_structure[0m:[36mupdate[0m | [1mBOS fired: BULLISH | Broken level: 2958.486 | BOS count: 2 | Trend Confirmed: True[0m
[32m14:33:25[0m | [1mINFO    [0m | [36mbackend.strategies.core.market_structure[0m:[36mupdate[0m | [1mBOS fired: BULLISH | Broken level: 2958.486 | BOS count: 3 | Trend Confirmed: True[0m
[32m14:33:25[0m | [1mINFO    [0m | [36mbackend.strategies.core.market_structure[0m:[36mupdate[0m | [1mBOS fired: BULLISH | Broken level: 2958.486 | BOS count: 4 | Trend Confirmed: True[0m
[32m14:33:25[0m | [1mINFO    [0m | [36mbackend.strategies.core.market_structure[0m:[36mupdate[0m | [1mBOS fired: BULLISH | Broken level: 2958.486 | BOS count: 5 | Trend Confirmed: True[0m
[32m14:33:25[0m | [1mINFO    [0m | [36mbackend.strategies.core.market_structure[0m:[36mupdate[0m | [1mBOS fired: BULLISH | Broken level: 2958.486 | BOS count: 6 | Trend Confirmed: True[0m
[32m14:33:25[0m | [1mINFO    [0m | [36mbackend.strategies.core.market_structure[0m:[36mupdate[0m | [1mBOS fired: BULLISH | Broken level: 2958.486 | BOS count: 7 | Trend Confirmed: True[0m
[32m14:33:25[0m | [1mINFO    [0m | [36mbackend.strategies.core.market_structure[0m:[36mupdate[0m | [1mBOS fired: BULLISH | Broken level: 2958.486 | BOS count: 8 | Trend Confirmed: True[0m
[32m14:33:25[0m | [1mINFO    [0m | [36mbackend.strategies.core.market_structure[0m:[36mupdate[0m | [1mBOS fired: BULLISH | Broken level: 2958.486 | BOS count: 9 | Trend Confirmed: True[0m
[32m14:33:25[0m | [1mINFO    [0m | [36mbackend.strategies.core.market_structure[0m:[36mupdate[0m | [1mBOS fired: BULLISH | Broken level: 2958.486 | BOS count: 10 | Trend Confirmed: True[0m
[32m14:33:25[0m | [1mINFO    [0m | [36mbackend.strategies.core.market_structure[0m:[36mupdate[0m | [1mBOS fired: BULLISH | Broken level: 2958.486 | BOS count: 11 | Trend Confirmed: True[0m
[32m14:33:25[0m | [1mINFO    [0m | [36mbackend.strategies.core.market_structure[0m:[36mupdate[0m | [1mBOS fired: BULLISH | Broken level: 2958.486 | BOS count: 12 | Trend Confirmed: True[0m
[32m14:33:25[0m | [1mINFO    [0m | [36mbackend.strategies.core.market_structure[0m:[36mupdate[0m | [1mBOS fired: BULLISH | Broken level: 2958.486 | BOS count: 13 | Trend Confirmed: True[0m
[32m14:33:25[0m | [1mINFO    [0m | [36mbackend.strategies.core.market_structure[0m:[36mupdate[0m | [1mBOS fired: BULLISH | Broken level: 2958.486 | BOS count: 14 | Trend Confirmed: True[0m
[32m14:33:25[0m | [1mINFO    [0m | [36mbackend.strategies.core.market_structure[0m:[36mupdate[0m | [1mBOS fired: BULLISH | Broken level: 2958.486 | BOS count: 15 | Trend Confirmed: True[0m
[32m14:33:25[0m | [1mINFO    [0m | [36mbackend.strategies.core.market_structure[0m:[36mupdate[0m | [1mBOS fired: BULLISH | Broken level: 2958.486 | BOS count: 16 | Trend Confirmed: True[0m
[32m14:33:25[0m | [1mINFO    [0m | [36mbackend.strategies.core.market_structure[0m:[36mupdate[0m | [1mBOS fired: BULLISH | Broken level: 2958.486 | BOS count: 17 | Trend Confirmed: True[0m
[32m14:33:25[0m | [1mINFO    [0m | [36mbackend.strategies.core.market_structure[0m:[36mupdate[0m | [1mBOS fired: BULLISH | Broken level: 2958.486 | BOS count: 18 | Trend Confirmed: True[0m
[32m14:33:25[0m | [1mINFO    [0m | [36mbackend.strategies.core.market_structure[0m:[36mupdate[0m | [1mBOS fired: BULLISH | Broken level: 2958.486 | BOS count: 19 | Trend Confirmed: True[0m
[32m14:33:25[0m | [1mINFO    [0m | [36mbackend.strategies.core.market_structure[0m:[36mupdate[0m | [1mBOS fired: BULLISH | Broken level: 2958.486 | BOS count: 20 | Trend Confirmed: True[0m
[32m14:33:25[0m | [1mINFO    [0m | [36mbackend.strategies.core.market_structure[0m:[36mupdate[0m | [1mBOS fired: BULLISH | Broken level: 2958.486 | BOS count: 21 | Trend Confirmed: True[0m
[32m14:33:25[0m | [1mINFO    [0m | [36mbackend.strategies.core.market_structure[0m:[36mupdate[0m | [1mBOS fired: BULLISH | Broken level: 2958.486 | BOS count: 22 | Trend Confirmed: True[0m
[32m14:33:25[0m | [1mINFO    [0m | [36mbackend.strategies.core.market_structure[0m:[36mupdate[0m | [1mBOS fired: BULLISH | Broken level: 2958.486 | BOS count: 23 | Trend Confirmed: True[0m
[32m14:33:25[0m | [1mINFO    [0m | [36mbackend.strategies.core.market_structure[0m:[36mupdate[0m | [1mBOS fired: BULLISH | Broken level: 2958.486 | BOS count: 24 | Trend Confirmed: True[0m
[32m14:33:25[0m | [1mINFO    [0m | [36mbackend.strategies.core.market_structure[0m:[36mupdate[0m | [1mBOS fired: BULLISH | Broken level: 2958.486 | BOS count: 25 | Trend Confirmed: True[0m
[32m14:33:25[0m | [1mINFO    [0m | [36mbackend.strategies.core.market_structure[0m:[36mupdate[0m | [1mBOS fired: BULLISH | Broken level: 2958.486 | BOS count: 26 | Trend Confirmed: True[0m
[32m14:33:25[0m | [1mINFO    [0m | [36mbackend.strategies.core.market_structure[0m:[36mupdate[0m | [1mBOS fired: BULLISH | Broken level: 2958.486 | BOS count: 27 | Trend Confirmed: True[0m
[32m14:33:25[0m | [1mINFO    [0m | [36mbackend.strategies.core.market_structure[0m:[36mupdate[0m | [1mBOS fired: BULLISH | Broken level: 2958.486 | BOS count: 28 | Trend Confirmed: True[0m
[32m14:33:25[0m | [1mINFO    [0m | [36mbackend.strategies.core.market_structure[0m:[36mupdate[0m | [1mBOS fired: BULLISH | Broken level: 2958.486 | BOS count: 29 | Trend Confirmed: True[0m
[32m14:33:25[0m | [1mINFO    [0m | [36mbackend.strategies.core.market_structure[0m:[36mupdate[0m | [1mBOS fired: BULLISH | Broken level: 2958.486 | BOS count: 30 | Trend Confirmed: True[0m
[32m14:33:25[0m | [1mINFO    [0m | [36mbackend.strategies.core.market_structure[0m:[36mupdate[0m | [1mBOS fired: BULLISH | Broken level: 2958.486 | BOS count: 31 | Trend Confirmed: True[0m
[32m14:33:25[0m | [1mINFO    [0m | [36mbackend.strategies.core.market_structure[0m:[36mupdate[0m | [1mBOS fired: BULLISH | Broken level: 2958.486 | BOS count: 32 | Trend Confirmed: True[0m
[32m14:33:25[0m | [1mINFO    [0m | [36mbackend.strategies.core.market_structure[0m:[36mupdate[0m | [1mBOS fired: BULLISH | Broken level: 2958.486 | BOS count: 33 | Trend Confirmed: True[0m
[32m14:33:25[0m | [1mINFO    [0m | [36mbackend.strategies.core.market_structure[0m:[36mupdate[0m | [1mBOS fired: BULLISH | Broken level: 2958.486 | BOS count: 34 | Trend Confirmed: True[0m
[32m14:33:25[0m | [1mINFO    [0m | [36mbackend.strategies.core.market_structure[0m:[36mupdate[0m | [1mBOS fired: BULLISH | Broken level: 2958.486 | BOS count: 35 | Trend Confirmed: True[0m
[32m14:33:25[0m | [1mINFO    [0m | [36mbackend.strategies.core.market_structure[0m:[36mupdate[0m | [1mBOS fired: BULLISH | Broken level: 2958.486 | BOS count: 36 | Trend Confirmed: True[0m
[32m14:33:25[0m | [1mINFO    [0m | [36mbackend.strategies.core.market_structure[0m:[36mupdate[0m | [1mBOS fired: BULLISH | Broken level: 2958.486 | BOS count: 37 | Trend Confirmed: True[0m
[32m14:33:25[0m | [1mINFO    [0m | [36mbackend.strategies.core.market_structure[0m:[36mupdate[0m | [1mBOS fired: BULLISH | Broken level: 2958.486 | BOS count: 38 | Trend Confirmed: True[0m
[32m14:33:25[0m | [1mINFO    [0m | [36mbackend.strategies.core.market_structure[0m:[36mupdate[0m | [1mBOS fired: BULLISH | Broken level: 2958.486 | BOS count: 39 | Trend Confirmed: True[0m
[32m14:33:25[0m | [1mINFO    [0m | [36mbackend.strategies.core.market_structure[0m:[36mupdate[0m | [1mBOS fired: BULLISH | Broken level: 3011.765 | BOS count: 40 | Trend Confirmed: True[0m
[32m14:33:25[0m | [1mINFO    [0m | [36mbackend.strategies.core.market_structure[0m:[36mupdate[0m | [1mBOS fired: BULLISH | Broken level: 3011.765 | BOS count: 41 | Trend Confirmed: True[0m
[32m14:33:25[0m | [1mINFO    [0m | [36mbackend.strategies.core.market_structure[0m:[36mupdate[0m | [1mBOS fired: BULLISH | Broken level: 3011.765 | BOS count: 42 | Trend Confirmed: True[0m
[32m14:33:25[0m | [1mINFO    [0m | [36mbackend.strategies.core.market_structure[0m:[36mupdate[0m | [1mBOS fired: BULLISH | Broken level: 3011.765 | BOS count: 43 | Trend Confirmed: True[0m
[32m14:33:25[0m | [1mINFO    [0m | [36mbackend.strategies.core.market_structure[0m:[36mupdate[0m | [1mBOS fired: BULLISH | Broken level: 3011.765 | BOS count: 44 | Trend Confirmed: True[0m
[32m14:33:25[0m | [1mINFO    [0m | [36mbackend.strategies.core.market_structure[0m:[36mupdate[0m | [1mBOS fired: BULLISH | Broken level: 3011.765 | BOS count: 45 | Trend Confirmed: True[0m
[32m14:33:25[0m | [1mINFO    [0m | [36mbackend.strategies.core.market_structure[0m:[36mupdate[0m | [1mBOS fired: BULLISH | Broken level: 3011.765 | BOS count: 46 | Trend Confirmed: True[0m
[32m14:33:25[0m | [1mINFO    [0m | [36mbackend.strategies.core.market_structure[0m:[36mupdate[0m | [1mBOS fired: BULLISH | Broken level: 3011.765 | BOS count: 47 | Trend Confirmed: True[0m
[32m14:33:25[0m | [1mINFO    [0m | [36mbackend.strategies.core.market_structure[0m:[36mupdate[0m | [1mBOS fired: BULLISH | Broken level: 3011.765 | BOS count: 48 | Trend Confirmed: True[0m
[32m14:33:25[0m | [1mINFO    [0m | [36mbackend.strategies.core.market_structure[0m:[36mupdate[0m | [1mBOS fired: BULLISH | Broken level: 3011.765 | BOS count: 49 | Trend Confirmed: True[0m
[32m14:33:25[0m | [1mINFO    [0m | [36mbackend.strategies.core.market_structure[0m:[36mupdate[0m | [1mBOS fired: BULLISH | Broken level: 3011.765 | BOS count: 50 | Trend Confirmed: True[0m
[32m14:33:25[0m | [1mINFO    [0m | [36mbackend.strategies.core.market_structure[0m:[36mupdate[0m | [1mBOS fired: BULLISH | Broken level: 3011.765 | BOS count: 51 | Trend Confirmed: True[0m
[32m14:33:25[0m | [1mINFO    [0m | [36mbackend.strategies.core.market_structure[0m:[36mupdate[0m | [1mBOS fired: BULLISH | Broken level: 3011.765 | BOS count: 52 | Trend Confirmed: True[0m
[32m14:33:25[0m | [1mINFO    [0m | [36mbackend.strategies.core.market_structure[0m:[36mupdate[0m | [1mBOS fired: BULLISH | Broken level: 3011.765 | BOS count: 53 | Trend Confirmed: True[0m
[32m14:33:25[0m | [1mINFO    [0m | [36mbackend.strategies.core.market_structure[0m:[36mupdate[0m | [1mBOS fired: BULLISH | Broken level: 3011.765 | BOS count: 54 | Trend Confirmed: True[0m
[32m14:33:25[0m | [1mINFO    [0m | [36mbackend.strategies.core.market_structure[0m:[36mupdate[0m | [1mBOS fired: BULLISH | Broken level: 3011.765 | BOS count: 55 | Trend Confirmed: True[0m
[32m14:33:25[0m | [1mINFO    [0m | [36mbackend.strategies.core.market_structure[0m:[36mupdate[0m | [1mBOS fired: BULLISH | Broken level: 3011.765 | BOS count: 56 | Trend Confirmed: True[0m
[32m14:33:25[0m | [1mINFO    [0m | [36mbackend.strategies.core.market_structure[0m:[36mupdate[0m | [1mBOS fired: BULLISH | Broken level: 3011.765 | BOS count: 57 | Trend Confirmed: True[0m
[32m14:33:25[0m | [1mINFO    [0m | [36mbackend.strategies.core.market_structure[0m:[36mupdate[0m | [1mBOS fired: BULLISH | Broken level: 3011.765 | BOS count: 58 | Trend Confirmed: True[0m
[32m14:33:25[0m | [1mINFO    [0m | [36mbackend.strategies.core.market_structure[0m:[36mupdate[0m | [1mBOS fired: BULLISH | Broken level: 3011.765 | BOS count: 59 | Trend Confirmed: True[0m
[32m14:33:25[0m | [1mINFO    [0m | [36mbackend.strategies.core.market_structure[0m:[36mupdate[0m | [1mBOS fired: BULLISH | Broken level: 3011.765 | BOS count: 60 | Trend Confirmed: True[0m
[32m14:33:26[0m | [1mINFO    [0m | [36mbackend.strategies.core.market_structure[0m:[36mupdate[0m | [1mBOS fired: BULLISH | Broken level: 3011.765 | BOS count: 61 | Trend Confirmed: True[0m
[32m14:33:26[0m | [1mINFO    [0m | [36mbackend.strategies.core.market_structure[0m:[36mupdate[0m | [1mChoCH fired: BEARISH | Broken level: 3059.964 | BOS count: 1[0m
[32m14:33:26[0m | [1mINFO    [0m | [36mbackend.strategies.core.market_structure[0m:[36mupdate[0m | [1mChoCH fired: BULLISH | Broken level: 3069.589 | BOS count: 1[0m
[32m14:33:26[0m | [1mINFO    [0m | [36mbackend.strategies.core.market_structure[0m:[36mupdate[0m | [1mBOS fired: BULLISH | Broken level: 3069.589 | BOS count: 2 | Trend Confirmed: True[0m
[32m14:33:26[0m | [1mINFO    [0m | [36mbackend.strategies.core.market_structure[0m:[36mupdate[0m | [1mBOS fired: BULLISH | Broken level: 3069.589 | BOS count: 3 | Trend Confirmed: True[0m
[32m14:33:26[0m | [1mINFO    [0m | [36mbackend.strategies.core.market_structure[0m:[36mupdate[0m | [1mBOS fired: BULLISH | Broken level: 3069.589 | BOS count: 4 | Trend Confirmed: True[0m
[32m14:33:26[0m | [1mINFO    [0m | [36mbackend.strategies.core.market_structure[0m:[36mupdate[0m | [1mBOS fired: BULLISH | Broken level: 3069.589 | BOS count: 5 | Trend Confirmed: True[0m
[32m14:33:26[0m | [1mINFO    [0m | [36mbackend.strategies.core.market_structure[0m:[36mupdate[0m | [1mBOS fired: BULLISH | Broken level: 3069.589 | BOS count: 6 | Trend Confirmed: True[0m
[32m14:33:26[0m | [1mINFO    [0m | [36mbackend.strategies.core.market_structure[0m:[36mupdate[0m | [1mBOS fired: BULLISH | Broken level: 3069.589 | BOS count: 7 | Trend Confirmed: True[0m
[32m14:33:26[0m | [1mINFO    [0m | [36mbackend.strategies.core.market_structure[0m:[36mupdate[0m | [1mBOS fired: BULLISH | Broken level: 3069.589 | BOS count: 8 | Trend Confirmed: True[0m
[32m14:33:26[0m | [1mINFO    [0m | [36mbackend.strategies.core.market_structure[0m:[36mupdate[0m | [1mBOS fired: BULLISH | Broken level: 3069.589 | BOS count: 9 | Trend Confirmed: True[0m
[32m14:33:26[0m | [1mINFO    [0m | [36mbackend.strategies.core.market_structure[0m:[36mupdate[0m | [1mBOS fired: BULLISH | Broken level: 3069.589 | BOS count: 10 | Trend Confirmed: True[0m
[32m14:33:26[0m | [1mINFO    [0m | [36mbackend.strategies.core.market_structure[0m:[36mupdate[0m | [1mBOS fired: BULLISH | Broken level: 3069.589 | BOS count: 11 | Trend Confirmed: True[0m
[32m14:33:26[0m | [1mINFO    [0m | [36mbackend.strategies.core.market_structure[0m:[36mupdate[0m | [1mBOS fired: BULLISH | Broken level: 3069.589 | BOS count: 12 | Trend Confirmed: True[0m
[32m14:33:26[0m | [1mINFO    [0m | [36mbackend.strategies.core.market_structure[0m:[36mupdate[0m | [1mBOS fired: BULLISH | Broken level: 3069.589 | BOS count: 13 | Trend Confirmed: True[0m
[32m14:33:26[0m | [1mINFO    [0m | [36mbackend.strategies.core.market_structure[0m:[36mupdate[0m | [1mBOS fired: BULLISH | Broken level: 3069.589 | BOS count: 14 | Trend Confirmed: True[0m
[32m14:33:26[0m | [1mINFO    [0m | [36mbackend.strategies.core.market_structure[0m:[36mupdate[0m | [1mBOS fired: BULLISH | Broken level: 3069.589 | BOS count: 15 | Trend Confirmed: True[0m
[32m14:33:26[0m | [1mINFO    [0m | [36mbackend.strategies.core.market_structure[0m:[36mupdate[0m | [1mBOS fired: BULLISH | Broken level: 3069.589 | BOS count: 16 | Trend Confirmed: True[0m
[32m14:33:26[0m | [1mINFO    [0m | [36mbackend.strategies.core.market_structure[0m:[36mupdate[0m | [1mBOS fired: BULLISH | Broken level: 3069.589 | BOS count: 17 | Trend Confirmed: True[0m
[32m14:33:26[0m | [1mINFO    [0m | [36mbackend.strategies.core.market_structure[0m:[36mupdate[0m | [1mBOS fired: BULLISH | Broken level: 3069.589 | BOS count: 18 | Trend Confirmed: True[0m
[32m14:33:26[0m | [1mINFO    [0m | [36mbackend.strategies.core.market_structure[0m:[36mupdate[0m | [1mBOS fired: BULLISH | Broken level: 3069.589 | BOS count: 19 | Trend Confirmed: True[0m
[32m14:33:26[0m | [1mINFO    [0m | [36mbackend.strategies.core.market_structure[0m:[36mupdate[0m | [1mBOS fired: BULLISH | Broken level: 3069.589 | BOS count: 20 | Trend Confirmed: True[0m
[32m14:33:26[0m | [1mINFO    [0m | [36mbackend.strategies.core.market_structure[0m:[36mupdate[0m | [1mBOS fired: BULLISH | Broken level: 3069.589 | BOS count: 21 | Trend Confirmed: True[0m
[32m14:33:26[0m | [1mINFO    [0m | [36mbackend.strategies.core.market_structure[0m:[36mupdate[0m | [1mBOS fired: BULLISH | Broken level: 3069.589 | BOS count: 22 | Trend Confirmed: True[0m
[32m14:33:26[0m | [1mINFO    [0m | [36mbackend.strategies.core.market_structure[0m:[36mupdate[0m | [1mBOS fired: BULLISH | Broken level: 3069.589 | BOS count: 23 | Trend Confirmed: True[0m
[32m14:33:26[0m | [1mINFO    [0m | [36mbackend.strategies.core.market_structure[0m:[36mupdate[0m | [1mBOS fired: BULLISH | Broken level: 3069.589 | BOS count: 24 | Trend Confirmed: True[0m
[32m14:33:26[0m | [1mINFO    [0m | [36mbackend.strategies.core.market_structure[0m:[36mupdate[0m | [1mBOS fired: BULLISH | Broken level: 3069.589 | BOS count: 25 | Trend Confirmed: True[0m
[32m14:33:26[0m | [1mINFO    [0m | [36mbackend.strategies.core.market_structure[0m:[36mupdate[0m | [1mBOS fired: BULLISH | Broken level: 3069.589 | BOS count: 26 | Trend Confirmed: True[0m
[32m14:33:26[0m | [1mINFO    [0m | [36mbackend.strategies.core.market_structure[0m:[36mupdate[0m | [1mBOS fired: BULLISH | Broken level: 3069.589 | BOS count: 27 | Trend Confirmed: True[0m
[32m14:33:26[0m | [1mINFO    [0m | [36mbackend.strategies.core.market_structure[0m:[36mupdate[0m | [1mBOS fired: BULLISH | Broken level: 3069.589 | BOS count: 28 | Trend Confirmed: True[0m
[32m14:33:26[0m | [1mINFO    [0m | [36mbackend.strategies.core.market_structure[0m:[36mupdate[0m | [1mBOS fired: BULLISH | Broken level: 3069.589 | BOS count: 29 | Trend Confirmed: True[0m
[32m14:33:26[0m | [1mINFO    [0m | [36mbackend.strategies.core.market_structure[0m:[36mupdate[0m | [1mBOS fired: BULLISH | Broken level: 3069.589 | BOS count: 30 | Trend Confirmed: True[0m
[32m14:33:27[0m | [1mINFO    [0m | [36mbackend.strategies.core.market_structure[0m:[36mupdate[0m | [1mBOS fired: BULLISH | Broken level: 3093.867 | BOS count: 31 | Trend Confirmed: True[0m
[32m14:33:27[0m | [1mINFO    [0m | [36mbackend.strategies.core.market_structure[0m:[36mupdate[0m | [1mBOS fired: BULLISH | Broken level: 3093.867 | BOS count: 32 | Trend Confirmed: True[0m
[32m14:33:27[0m | [1mINFO    [0m | [36mbackend.strategies.core.market_structure[0m:[36mupdate[0m | [1mChoCH fired: BEARISH | Broken level: 3092.73 | BOS count: 1[0m
[32m14:33:27[0m | [1mINFO    [0m | [36mbackend.strategies.core.market_structure[0m:[36mupdate[0m | [1mChoCH fired: BULLISH | Broken level: 3096.764 | BOS count: 1[0m
[32m14:33:27[0m | [1mINFO    [0m | [36mbackend.strategies.core.market_structure[0m:[36mupdate[0m | [1mBOS fired: BULLISH | Broken level: 3096.764 | BOS count: 2 | Trend Confirmed: True[0m
[32m14:33:27[0m | [1mINFO    [0m | [36mbackend.strategies.core.market_structure[0m:[36mupdate[0m | [1mBOS fired: BULLISH | Broken level: 3096.764 | BOS count: 3 | Trend Confirmed: True[0m
[32m14:33:27[0m | [1mINFO    [0m | [36mbackend.strategies.core.market_structure[0m:[36mupdate[0m | [1mBOS fired: BULLISH | Broken level: 3096.764 | BOS count: 4 | Trend Confirmed: True[0m
[32m14:33:27[0m | [1mINFO    [0m | [36mbackend.strategies.core.market_structure[0m:[36mupdate[0m | [1mBOS fired: BULLISH | Broken level: 3096.764 | BOS count: 5 | Trend Confirmed: True[0m
[32m14:33:27[0m | [1mINFO    [0m | [36mbackend.strategies.core.market_structure[0m:[36mupdate[0m | [1mBOS fired: BULLISH | Broken level: 3096.764 | BOS count: 6 | Trend Confirmed: True[0m
[32m14:33:27[0m | [1mINFO    [0m | [36mbackend.strategies.core.market_structure[0m:[36mupdate[0m | [1mBOS fired: BULLISH | Broken level: 3096.764 | BOS count: 7 | Trend Confirmed: True[0m
[32m14:33:27[0m | [1mINFO    [0m | [36mbackend.strategies.core.market_structure[0m:[36mupdate[0m | [1mBOS fired: BULLISH | Broken level: 3096.764 | BOS count: 8 | Trend Confirmed: True[0m
[32m14:33:27[0m | [1mINFO    [0m | [36mbackend.strategies.core.market_structure[0m:[36mupdate[0m | [1mBOS fired: BULLISH | Broken level: 3096.764 | BOS count: 9 | Trend Confirmed: True[0m
[32m14:33:27[0m | [1mINFO    [0m | [36mbackend.strategies.core.market_structure[0m:[36mupdate[0m | [1mBOS fired: BULLISH | Broken level: 3096.764 | BOS count: 10 | Trend Confirmed: True[0m
[32m14:33:27[0m | [1mINFO    [0m | [36mbackend.strategies.core.market_structure[0m:[36mupdate[0m | [1mBOS fired: BULLISH | Broken level: 3096.764 | BOS count: 11 | Trend Confirmed: True[0m
[32m14:33:27[0m | [1mINFO    [0m | [36mbackend.strategies.core.market_structure[0m:[36mupdate[0m | [1mBOS fired: BULLISH | Broken level: 3096.764 | BOS count: 12 | Trend Confirmed: True[0m
[32m14:33:27[0m | [1mINFO    [0m | [36mbackend.strategies.core.market_structure[0m:[36mupdate[0m | [1mBOS fired: BULLISH | Broken level: 3096.764 | BOS count: 13 | Trend Confirmed: True[0m
[32m14:33:27[0m | [1mINFO    [0m | [36mbackend.strategies.core.market_structure[0m:[36mupdate[0m | [1mBOS fired: BULLISH | Broken level: 3096.764 | BOS count: 14 | Trend Confirmed: True[0m
[32m14:33:27[0m | [1mINFO    [0m | [36mbackend.strategies.core.market_structure[0m:[36mupdate[0m | [1mBOS fired: BULLISH | Broken level: 3096.764 | BOS count: 15 | Trend Confirmed: True[0m
[32m14:33:27[0m | [1mINFO    [0m | [36mbackend.strategies.core.market_structure[0m:[36mupdate[0m | [1mBOS fired: BULLISH | Broken level: 3096.764 | BOS count: 16 | Trend Confirmed: True[0m
[32m14:33:27[0m | [1mINFO    [0m | [36mbackend.strategies.core.market_structure[0m:[36mupdate[0m | [1mBOS fired: BULLISH | Broken level: 3096.764 | BOS count: 17 | Trend Confirmed: True[0m
[32m14:33:27[0m | [1mINFO    [0m | [36mbackend.strategies.core.market_structure[0m:[36mupdate[0m | [1mBOS fired: BULLISH | Broken level: 3096.764 | BOS count: 18 | Trend Confirmed: True[0m
[32m14:33:27[0m | [1mINFO    [0m | [36mbackend.strategies.core.market_structure[0m:[36mupdate[0m | [1mBOS fired: BULLISH | Broken level: 3096.764 | BOS count: 19 | Trend Confirmed: True[0m
[32m14:33:27[0m | [1mINFO    [0m | [36mbackend.strategies.core.market_structure[0m:[36mupdate[0m | [1mBOS fired: BULLISH | Broken level: 3096.764 | BOS count: 20 | Trend Confirmed: True[0m
[32m14:33:27[0m | [1mINFO    [0m | [36mbackend.strategies.core.market_structure[0m:[36mupdate[0m | [1mBOS fired: BULLISH | Broken level: 3096.764 | BOS count: 21 | Trend Confirmed: True[0m
[32m14:33:27[0m | [1mINFO    [0m | [36mbackend.strategies.core.market_structure[0m:[36mupdate[0m | [1mBOS fired: BULLISH | Broken level: 3096.764 | BOS count: 22 | Trend Confirmed: True[0m
[32m14:33:27[0m | [1mINFO    [0m | [36mbackend.strategies.core.market_structure[0m:[36mupdate[0m | [1mBOS fired: BULLISH | Broken level: 3096.764 | BOS count: 23 | Trend Confirmed: True[0m
[32m14:33:27[0m | [1mINFO    [0m | [36mbackend.strategies.core.market_structure[0m:[36mupdate[0m | [1mBOS fired: BULLISH | Broken level: 3096.764 | BOS count: 24 | Trend Confirmed: True[0m
[32m14:33:27[0m | [1mINFO    [0m | [36mbackend.strategies.core.market_structure[0m:[36mupdate[0m | [1mBOS fired: BULLISH | Broken level: 3096.764 | BOS count: 25 | Trend Confirmed: True[0m
[32m14:33:27[0m | [1mINFO    [0m | [36mbackend.strategies.core.market_structure[0m:[36mupdate[0m | [1mBOS fired: BULLISH | Broken level: 3096.764 | BOS count: 26 | Trend Confirmed: True[0m
[32m14:33:27[0m | [1mINFO    [0m | [36mbackend.strategies.core.market_structure[0m:[36mupdate[0m | [1mBOS fired: BULLISH | Broken level: 3096.764 | BOS count: 27 | Trend Confirmed: True[0m
[32m14:33:27[0m | [1mINFO    [0m | [36mbackend.strategies.core.market_structure[0m:[36mupdate[0m | [1mBOS fired: BULLISH | Broken level: 3096.764 | BOS count: 28 | Trend Confirmed: True[0m
[32m14:33:27[0m | [1mINFO    [0m | [36mbackend.strategies.core.market_structure[0m:[36mupdate[0m | [1mBOS fired: BULLISH | Broken level: 3096.764 | BOS count: 29 | Trend Confirmed: True[0m
[32m14:33:27[0m | [1mINFO    [0m | [36mbackend.strategies.core.market_structure[0m:[36mupdate[0m | [1mBOS fired: BULLISH | Broken level: 3096.764 | BOS count: 30 | Trend Confirmed: True[0m
[32m14:33:27[0m | [1mINFO    [0m | [36mbackend.strategies.core.market_structure[0m:[36mupdate[0m | [1mBOS fired: BULLISH | Broken level: 3096.764 | BOS count: 31 | Trend Confirmed: True[0m
[32m14:33:28[0m | [1mINFO    [0m | [36mbackend.strategies.core.market_structure[0m:[36mupdate[0m | [1mBOS fired: BULLISH | Broken level: 3096.764 | BOS count: 32 | Trend Confirmed: True[0m
[32m14:33:28[0m | [1mINFO    [0m | [36mbackend.strategies.core.market_structure[0m:[36mupdate[0m | [1mBOS fired: BULLISH | Broken level: 3096.764 | BOS count: 33 | Trend Confirmed: True[0m
[32m14:33:28[0m | [1mINFO    [0m | [36mbackend.strategies.core.market_structure[0m:[36mupdate[0m | [1mBOS fired: BULLISH | Broken level: 3096.764 | BOS count: 34 | Trend Confirmed: True[0m
[32m14:33:28[0m | [1mINFO    [0m | [36mbackend.strategies.core.market_structure[0m:[36mupdate[0m | [1mChoCH fired: BEARISH | Broken level: 3101.068 | BOS count: 1[0m
[32m14:33:28[0m | [1mINFO    [0m | [36mbackend.strategies.core.market_structure[0m:[36mupdate[0m | [1mBOS fired: BEARISH | Broken level: 3101.068 | BOS count: 2 | Trend Confirmed: True[0m
[32m14:33:28[0m | [1mINFO    [0m | [36mbackend.strategies.core.market_structure[0m:[36mupdate[0m | [1mChoCH fired: BULLISH | Broken level: 3109.35 | BOS count: 1[0m
[32m14:33:28[0m | [1mINFO    [0m | [36mbackend.strategies.core.market_structure[0m:[36mupdate[0m | [1mBOS fired: BULLISH | Broken level: 3109.35 | BOS count: 2 | Trend Confirmed: True[0m
[32m14:33:28[0m | [1mINFO    [0m | [36mbackend.strategies.core.market_structure[0m:[36mupdate[0m | [1mBOS fired: BULLISH | Broken level: 3109.35 | BOS count: 3 | Trend Confirmed: True[0m
[32m14:33:28[0m | [1mINFO    [0m | [36mbackend.strategies.core.market_structure[0m:[36mupdate[0m | [1mBOS fired: BULLISH | Broken level: 3109.251 | BOS count: 4 | Trend Confirmed: True[0m
[32m14:33:28[0m | [1mINFO    [0m | [36mbackend.strategies.core.market_structure[0m:[36mupdate[0m | [1mBOS fired: BULLISH | Broken level: 3109.251 | BOS count: 5 | Trend Confirmed: True[0m
[32m14:33:28[0m | [1mINFO    [0m | [36mbackend.strategies.core.market_structure[0m:[36mupdate[0m | [1mBOS fired: BULLISH | Broken level: 3109.251 | BOS count: 6 | Trend Confirmed: True[0m
[32m14:33:28[0m | [1mINFO    [0m | [36mbackend.strategies.core.market_structure[0m:[36mupdate[0m | [1mBOS fired: BULLISH | Broken level: 3109.251 | BOS count: 7 | Trend Confirmed: True[0m
[32m14:33:28[0m | [1mINFO    [0m | [36mbackend.strategies.core.market_structure[0m:[36mupdate[0m | [1mBOS fired: BULLISH | Broken level: 3109.251 | BOS count: 8 | Trend Confirmed: True[0m
[32m14:33:28[0m | [1mINFO    [0m | [36mbackend.strategies.core.market_structure[0m:[36mupdate[0m | [1mBOS fired: BULLISH | Broken level: 3109.251 | BOS count: 9 | Trend Confirmed: True[0m
[32m14:33:28[0m | [1mINFO    [0m | [36mbackend.strategies.core.market_structure[0m:[36mupdate[0m | [1mBOS fired: BULLISH | Broken level: 3109.251 | BOS count: 10 | Trend Confirmed: True[0m
[32m14:33:28[0m | [1mINFO    [0m | [36mbackend.strategies.core.market_structure[0m:[36mupdate[0m | [1mBOS fired: BULLISH | Broken level: 3109.251 | BOS count: 11 | Trend Confirmed: True[0m
[32m14:33:28[0m | [1mINFO    [0m | [36mbackend.strategies.core.market_structure[0m:[36mupdate[0m | [1mBOS fired: BULLISH | Broken level: 3109.251 | BOS count: 12 | Trend Confirmed: True[0m
[32m14:33:28[0m | [1mINFO    [0m | [36mbackend.strategies.core.market_structure[0m:[36mupdate[0m | [1mBOS fired: BULLISH | Broken level: 3109.251 | BOS count: 13 | Trend Confirmed: True[0m
[32m14:33:28[0m | [1mINFO    [0m | [36mbackend.strategies.core.market_structure[0m:[36mupdate[0m | [1mBOS fired: BULLISH | Broken level: 3109.251 | BOS count: 14 | Trend Confirmed: True[0m
[32m14:33:28[0m | [1mINFO    [0m | [36mbackend.strategies.core.market_structure[0m:[36mupdate[0m | [1mBOS fired: BULLISH | Broken level: 3109.251 | BOS count: 15 | Trend Confirmed: True[0m
[32m14:33:28[0m | [1mINFO    [0m | [36mbackend.strategies.core.market_structure[0m:[36mupdate[0m | [1mBOS fired: BULLISH | Broken level: 3109.251 | BOS count: 16 | Trend Confirmed: True[0m
[32m14:33:28[0m | [1mINFO    [0m | [36mbackend.strategies.core.market_structure[0m:[36mupdate[0m | [1mBOS fired: BULLISH | Broken level: 3109.251 | BOS count: 17 | Trend Confirmed: True[0m
[32m14:33:28[0m | [1mINFO    [0m | [36mbackend.strategies.core.market_structure[0m:[36mupdate[0m | [1mBOS fired: BULLISH | Broken level: 3109.251 | BOS count: 18 | Trend Confirmed: True[0m
[32m14:33:28[0m | [1mINFO    [0m | [36mbackend.strategies.core.market_structure[0m:[36mupdate[0m | [1mBOS fired: BULLISH | Broken level: 3109.251 | BOS count: 19 | Trend Confirmed: True[0m
[32m14:33:28[0m | [1mINFO    [0m | [36mbackend.strategies.core.market_structure[0m:[36mupdate[0m | [1mBOS fired: BULLISH | Broken level: 3109.251 | BOS count: 20 | Trend Confirmed: True[0m
[32m14:33:28[0m | [1mINFO    [0m | [36mbackend.strategies.core.market_structure[0m:[36mupdate[0m | [1mBOS fired: BULLISH | Broken level: 3109.251 | BOS count: 21 | Trend Confirmed: True[0m
[32m14:33:28[0m | [1mINFO    [0m | [36mbackend.strategies.core.market_structure[0m:[36mupdate[0m | [1mBOS fired: BULLISH | Broken level: 3109.251 | BOS count: 22 | Trend Confirmed: True[0m
[32m14:33:28[0m | [1mINFO    [0m | [36mbackend.strategies.core.market_structure[0m:[36mupdate[0m | [1mBOS fired: BULLISH | Broken level: 3109.251 | BOS count: 23 | Trend Confirmed: True[0m
[32m14:33:28[0m | [1mINFO    [0m | [36mbackend.strategies.core.market_structure[0m:[36mupdate[0m | [1mBOS fired: BULLISH | Broken level: 3109.251 | BOS count: 24 | Trend Confirmed: True[0m
[32m14:33:28[0m | [1mINFO    [0m | [36mbackend.strategies.core.market_structure[0m:[36mupdate[0m | [1mBOS fired: BULLISH | Broken level: 3109.251 | BOS count: 25 | Trend Confirmed: True[0m
[32m14:33:28[0m | [1mINFO    [0m | [36mbackend.strategies.core.market_structure[0m:[36mupdate[0m | [1mBOS fired: BULLISH | Broken level: 3109.251 | BOS count: 26 | Trend Confirmed: True[0m
[32m14:33:28[0m | [1mINFO    [0m | [36mbackend.strategies.core.market_structure[0m:[36mupdate[0m | [1mBOS fired: BULLISH | Broken level: 3128.849 | BOS count: 27 | Trend Confirmed: True[0m
[32m14:33:28[0m | [1mINFO    [0m | [36mbackend.strategies.core.market_structure[0m:[36mupdate[0m | [1mChoCH fired: BEARISH | Broken level: 3126.449 | BOS count: 1[0m
[32m14:33:28[0m | [1mINFO    [0m | [36mbackend.strategies.core.market_structure[0m:[36mupdate[0m | [1mBOS fired: BEARISH | Broken level: 3126.449 | BOS count: 2 | Trend Confirmed: True[0m
[32m14:33:28[0m | [1mINFO    [0m | [36mbackend.strategies.core.market_structure[0m:[36mupdate[0m | [1mBOS fired: BEARISH | Broken level: 3126.449 | BOS count: 3 | Trend Confirmed: True[0m
[32m14:33:28[0m | [1mINFO    [0m | [36mbackend.strategies.core.market_structure[0m:[36mupdate[0m | [1mBOS fired: BEARISH | Broken level: 3126.449 | BOS count: 4 | Trend Confirmed: True[0m
[32m14:33:28[0m | [1mINFO    [0m | [36mbackend.strategies.core.market_structure[0m:[36mupdate[0m | [1mBOS fired: BEARISH | Broken level: 3126.449 | BOS count: 5 | Trend Confirmed: True[0m
[32m14:33:29[0m | [1mINFO    [0m | [36mbackend.strategies.core.market_structure[0m:[36mupdate[0m | [1mBOS fired: BEARISH | Broken level: 3112.031 | BOS count: 6 | Trend Confirmed: True[0m
[32m14:33:29[0m | [1mINFO    [0m | [36mbackend.strategies.core.market_structure[0m:[36mupdate[0m | [1mBOS fired: BEARISH | Broken level: 3112.031 | BOS count: 7 | Trend Confirmed: True[0m
[32m14:33:29[0m | [1mINFO    [0m | [36mbackend.strategies.core.market_structure[0m:[36mupdate[0m | [1mBOS fired: BEARISH | Broken level: 3112.031 | BOS count: 8 | Trend Confirmed: True[0m
[32m14:33:29[0m | [1mINFO    [0m | [36mbackend.strategies.core.market_structure[0m:[36mupdate[0m | [1mBOS fired: BEARISH | Broken level: 3112.031 | BOS count: 9 | Trend Confirmed: True[0m
[32m14:33:29[0m | [1mINFO    [0m | [36mbackend.strategies.core.market_structure[0m:[36mupdate[0m | [1mBOS fired: BEARISH | Broken level: 3112.031 | BOS count: 10 | Trend Confirmed: True[0m
[32m14:33:29[0m | [1mINFO    [0m | [36mbackend.strategies.core.market_structure[0m:[36mupdate[0m | [1mBOS fired: BEARISH | Broken level: 3112.031 | BOS count: 11 | Trend Confirmed: True[0m
[32m14:33:29[0m | [1mINFO    [0m | [36mbackend.strategies.core.market_structure[0m:[36mupdate[0m | [1mBOS fired: BEARISH | Broken level: 3112.031 | BOS count: 12 | Trend Confirmed: True[0m
[32m14:33:29[0m | [1mINFO    [0m | [36mbackend.strategies.core.market_structure[0m:[36mupdate[0m | [1mBOS fired: BEARISH | Broken level: 3112.031 | BOS count: 13 | Trend Confirmed: True[0m
[32m14:33:29[0m | [1mINFO    [0m | [36mbackend.strategies.core.market_structure[0m:[36mupdate[0m | [1mBOS fired: BEARISH | Broken level: 3112.031 | BOS count: 14 | Trend Confirmed: True[0m
[32m14:33:29[0m | [1mINFO    [0m | [36mbackend.strategies.core.market_structure[0m:[36mupdate[0m | [1mBOS fired: BEARISH | Broken level: 3112.031 | BOS count: 15 | Trend Confirmed: True[0m
[32m14:33:29[0m | [1mINFO    [0m | [36mbackend.strategies.core.market_structure[0m:[36mupdate[0m | [1mBOS fired: BEARISH | Broken level: 3112.031 | BOS count: 16 | Trend Confirmed: True[0m
[32m14:33:29[0m | [1mINFO    [0m | [36mbackend.strategies.core.market_structure[0m:[36mupdate[0m | [1mBOS fired: BEARISH | Broken level: 3112.031 | BOS count: 17 | Trend Confirmed: True[0m
[32m14:33:29[0m | [1mINFO    [0m | [36mbackend.strategies.core.market_structure[0m:[36mupdate[0m | [1mBOS fired: BEARISH | Broken level: 3112.031 | BOS count: 18 | Trend Confirmed: True[0m
[32m14:33:29[0m | [1mINFO    [0m | [36mbackend.strategies.core.market_structure[0m:[36mupdate[0m | [1mBOS fired: BEARISH | Broken level: 3112.031 | BOS count: 19 | Trend Confirmed: True[0m
[32m14:33:29[0m | [1mINFO    [0m | [36mbackend.strategies.core.market_structure[0m:[36mupdate[0m | [1mBOS fired: BEARISH | Broken level: 3112.031 | BOS count: 20 | Trend Confirmed: True[0m
[32m14:33:29[0m | [1mINFO    [0m | [36mbackend.strategies.core.market_structure[0m:[36mupdate[0m | [1mBOS fired: BEARISH | Broken level: 3112.031 | BOS count: 21 | Trend Confirmed: True[0m
[32m14:33:29[0m | [1mINFO    [0m | [36mbackend.strategies.core.market_structure[0m:[36mupdate[0m | [1mBOS fired: BEARISH | Broken level: 3112.031 | BOS count: 22 | Trend Confirmed: True[0m
[32m14:33:29[0m | [1mINFO    [0m | [36mbackend.strategies.core.market_structure[0m:[36mupdate[0m | [1mBOS fired: BEARISH | Broken level: 3112.031 | BOS count: 23 | Trend Confirmed: True[0m
[32m14:33:29[0m | [1mINFO    [0m | [36mbackend.strategies.core.market_structure[0m:[36mupdate[0m | [1mBOS fired: BEARISH | Broken level: 3112.031 | BOS count: 24 | Trend Confirmed: True[0m
[32m14:33:29[0m | [1mINFO    [0m | [36mbackend.strategies.core.market_structure[0m:[36mupdate[0m | [1mBOS fired: BEARISH | Broken level: 3089.188 | BOS count: 25 | Trend Confirmed: True[0m
[32m14:33:29[0m | [1mINFO    [0m | [36mbackend.strategies.core.market_structure[0m:[36mupdate[0m | [1mBOS fired: BEARISH | Broken level: 3089.188 | BOS count: 26 | Trend Confirmed: True[0m
[32m14:33:29[0m | [1mINFO    [0m | [36mbackend.strategies.core.market_structure[0m:[36mupdate[0m | [1mBOS fired: BEARISH | Broken level: 3089.188 | BOS count: 27 | Trend Confirmed: True[0m
[32m14:33:29[0m | [1mINFO    [0m | [36mbackend.strategies.core.market_structure[0m:[36mupdate[0m | [1mBOS fired: BEARISH | Broken level: 3089.188 | BOS count: 28 | Trend Confirmed: True[0m
[32m14:33:29[0m | [1mINFO    [0m | [36mbackend.strategies.core.market_structure[0m:[36mupdate[0m | [1mBOS fired: BEARISH | Broken level: 3089.188 | BOS count: 29 | Trend Confirmed: True[0m
[32m14:33:29[0m | [1mINFO    [0m | [36mbackend.strategies.core.market_structure[0m:[36mupdate[0m | [1mBOS fired: BEARISH | Broken level: 3089.188 | BOS count: 30 | Trend Confirmed: True[0m
[32m14:33:29[0m | [1mINFO    [0m | [36mbackend.strategies.core.market_structure[0m:[36mupdate[0m | [1mBOS fired: BEARISH | Broken level: 3089.188 | BOS count: 31 | Trend Confirmed: True[0m
[32m14:33:29[0m | [1mINFO    [0m | [36mbackend.strategies.core.market_structure[0m:[36mupdate[0m | [1mBOS fired: BEARISH | Broken level: 3089.188 | BOS count: 32 | Trend Confirmed: True[0m
[32m14:33:29[0m | [1mINFO    [0m | [36mbackend.strategies.core.market_structure[0m:[36mupdate[0m | [1mBOS fired: BEARISH | Broken level: 3089.188 | BOS count: 33 | Trend Confirmed: True[0m
[32m14:33:29[0m | [1mINFO    [0m | [36mbackend.strategies.core.market_structure[0m:[36mupdate[0m | [1mBOS fired: BEARISH | Broken level: 3089.188 | BOS count: 34 | Trend Confirmed: True[0m
[32m14:33:29[0m | [1mINFO    [0m | [36mbackend.strategies.core.market_structure[0m:[36mupdate[0m | [1mBOS fired: BEARISH | Broken level: 3089.188 | BOS count: 35 | Trend Confirmed: True[0m
[32m14:33:29[0m | [1mINFO    [0m | [36mbackend.strategies.core.market_structure[0m:[36mupdate[0m | [1mBOS fired: BEARISH | Broken level: 3074.261 | BOS count: 36 | Trend Confirmed: True[0m
[32m14:33:29[0m | [1mINFO    [0m | [36mbackend.strategies.core.market_structure[0m:[36mupdate[0m | [1mBOS fired: BEARISH | Broken level: 3074.261 | BOS count: 37 | Trend Confirmed: True[0m
[32m14:33:30[0m | [1mINFO    [0m | [36mbackend.strategies.core.market_structure[0m:[36mupdate[0m | [1mChoCH fired: BULLISH | Broken level: 3095.245 | BOS count: 1[0m
[32m14:33:30[0m | [1mINFO    [0m | [36mbackend.strategies.core.market_structure[0m:[36mupdate[0m | [1mBOS fired: BULLISH | Broken level: 3095.245 | BOS count: 2 | Trend Confirmed: True[0m
[32m14:33:30[0m | [1mINFO    [0m | [36mbackend.strategies.core.market_structure[0m:[36mupdate[0m | [1mBOS fired: BULLISH | Broken level: 3095.245 | BOS count: 3 | Trend Confirmed: True[0m
[32m14:33:30[0m | [1mINFO    [0m | [36mbackend.strategies.core.market_structure[0m:[36mupdate[0m | [1mBOS fired: BULLISH | Broken level: 3095.245 | BOS count: 4 | Trend Confirmed: True[0m
[32m14:33:30[0m | [1mINFO    [0m | [36mbackend.strategies.core.market_structure[0m:[36mupdate[0m | [1mBOS fired: BULLISH | Broken level: 3095.245 | BOS count: 5 | Trend Confirmed: True[0m
[32m14:33:30[0m | [1mINFO    [0m | [36mbackend.strategies.core.market_structure[0m:[36mupdate[0m | [1mBOS fired: BULLISH | Broken level: 3095.245 | BOS count: 6 | Trend Confirmed: True[0m
[32m14:33:31[0m | [1mINFO    [0m | [36mbackend.strategies.core.market_structure[0m:[36mupdate[0m | [1mChoCH fired: BEARISH | Broken level: 3087.066 | BOS count: 1[0m
[32m14:33:31[0m | [1mINFO    [0m | [36mbackend.strategies.core.market_structure[0m:[36mupdate[0m | [1mBOS fired: BEARISH | Broken level: 3087.066 | BOS count: 2 | Trend Confirmed: True[0m
[32m14:33:31[0m | [1mINFO    [0m | [36mbackend.strategies.core.market_structure[0m:[36mupdate[0m | [1mBOS fired: BEARISH | Broken level: 3087.066 | BOS count: 3 | Trend Confirmed: True[0m
[32m14:33:31[0m | [1mINFO    [0m | [36mbackend.strategies.core.market_structure[0m:[36mupdate[0m | [1mBOS fired: BEARISH | Broken level: 3087.066 | BOS count: 4 | Trend Confirmed: True[0m
[32m14:33:31[0m | [1mINFO    [0m | [36mbackend.strategies.core.market_structure[0m:[36mupdate[0m | [1mBOS fired: BEARISH | Broken level: 3087.066 | BOS count: 5 | Trend Confirmed: True[0m
[32m14:33:31[0m | [1mINFO    [0m | [36mbackend.strategies.core.market_structure[0m:[36mupdate[0m | [1mBOS fired: BEARISH | Broken level: 3087.066 | BOS count: 6 | Trend Confirmed: True[0m
[32m14:33:31[0m | [1mINFO    [0m | [36mbackend.strategies.core.market_structure[0m:[36mupdate[0m | [1mBOS fired: BEARISH | Broken level: 3087.066 | BOS count: 7 | Trend Confirmed: True[0m
[32m14:33:31[0m | [1mINFO    [0m | [36mbackend.strategies.core.market_structure[0m:[36mupdate[0m | [1mBOS fired: BEARISH | Broken level: 3087.066 | BOS count: 8 | Trend Confirmed: True[0m
[32m14:33:31[0m | [1mINFO    [0m | [36mbackend.strategies.core.market_structure[0m:[36mupdate[0m | [1mBOS fired: BEARISH | Broken level: 3091.505 | BOS count: 9 | Trend Confirmed: True[0m
[32m14:33:31[0m | [1mINFO    [0m | [36mbackend.strategies.core.market_structure[0m:[36mupdate[0m | [1mBOS fired: BEARISH | Broken level: 3091.505 | BOS count: 10 | Trend Confirmed: True[0m
[32m14:33:31[0m | [1mINFO    [0m | [36mbackend.strategies.core.market_structure[0m:[36mupdate[0m | [1mBOS fired: BEARISH | Broken level: 3091.505 | BOS count: 11 | Trend Confirmed: True[0m
[32m14:33:31[0m | [1mINFO    [0m | [36mbackend.strategies.core.market_structure[0m:[36mupdate[0m | [1mBOS fired: BEARISH | Broken level: 3091.505 | BOS count: 12 | Trend Confirmed: True[0m
[32m14:33:31[0m | [1mINFO    [0m | [36mbackend.strategies.core.market_structure[0m:[36mupdate[0m | [1mBOS fired: BEARISH | Broken level: 3091.505 | BOS count: 13 | Trend Confirmed: True[0m
[32m14:33:31[0m | [1mINFO    [0m | [36mbackend.strategies.core.market_structure[0m:[36mupdate[0m | [1mBOS fired: BEARISH | Broken level: 3091.505 | BOS count: 14 | Trend Confirmed: True[0m
[32m14:33:31[0m | [1mINFO    [0m | [36mbackend.strategies.core.market_structure[0m:[36mupdate[0m | [1mBOS fired: BEARISH | Broken level: 3091.505 | BOS count: 15 | Trend Confirmed: True[0m
[32m14:33:31[0m | [1mINFO    [0m | [36mbackend.strategies.core.market_structure[0m:[36mupdate[0m | [1mBOS fired: BEARISH | Broken level: 3091.505 | BOS count: 16 | Trend Confirmed: True[0m
[32m14:33:31[0m | [1mINFO    [0m | [36mbackend.strategies.core.market_structure[0m:[36mupdate[0m | [1mBOS fired: BEARISH | Broken level: 3091.505 | BOS count: 17 | Trend Confirmed: True[0m
[32m14:33:31[0m | [1mINFO    [0m | [36mbackend.strategies.core.market_structure[0m:[36mupdate[0m | [1mBOS fired: BEARISH | Broken level: 3054.738 | BOS count: 18 | Trend Confirmed: True[0m
[32m14:33:31[0m | [1mINFO    [0m | [36mbackend.strategies.core.market_structure[0m:[36mupdate[0m | [1mBOS fired: BEARISH | Broken level: 3054.738 | BOS count: 19 | Trend Confirmed: True[0m
[32m14:33:31[0m | [1mINFO    [0m | [36mbackend.strategies.core.market_structure[0m:[36mupdate[0m | [1mBOS fired: BEARISH | Broken level: 3054.738 | BOS count: 20 | Trend Confirmed: True[0m
[32m14:33:31[0m | [1mINFO    [0m | [36mbackend.strategies.core.market_structure[0m:[36mupdate[0m | [1mBOS fired: BEARISH | Broken level: 3054.738 | BOS count: 21 | Trend Confirmed: True[0m
[32m14:33:31[0m | [1mINFO    [0m | [36mbackend.strategies.core.market_structure[0m:[36mupdate[0m | [1mBOS fired: BEARISH | Broken level: 3054.738 | BOS count: 22 | Trend Confirmed: True[0m
[32m14:33:31[0m | [1mINFO    [0m | [36mbackend.strategies.core.market_structure[0m:[36mupdate[0m | [1mBOS fired: BEARISH | Broken level: 3054.738 | BOS count: 23 | Trend Confirmed: True[0m
[32m14:33:31[0m | [1mINFO    [0m | [36mbackend.strategies.core.market_structure[0m:[36mupdate[0m | [1mBOS fired: BEARISH | Broken level: 3054.738 | BOS count: 24 | Trend Confirmed: True[0m
[32m14:33:31[0m | [1mINFO    [0m | [36mbackend.strategies.core.market_structure[0m:[36mupdate[0m | [1mBOS fired: BEARISH | Broken level: 3054.738 | BOS count: 25 | Trend Confirmed: True[0m
[32m14:33:31[0m | [1mINFO    [0m | [36mbackend.strategies.core.market_structure[0m:[36mupdate[0m | [1mBOS fired: BEARISH | Broken level: 3054.738 | BOS count: 26 | Trend Confirmed: True[0m
[32m14:33:32[0m | [1mINFO    [0m | [36mbackend.strategies.core.market_structure[0m:[36mupdate[0m | [1mBOS fired: BEARISH | Broken level: 3054.738 | BOS count: 27 | Trend Confirmed: True[0m
[32m14:33:32[0m | [1mINFO    [0m | [36mbackend.strategies.core.market_structure[0m:[36mupdate[0m | [1mBOS fired: BEARISH | Broken level: 3054.738 | BOS count: 28 | Trend Confirmed: True[0m
[32m14:33:32[0m | [1mINFO    [0m | [36mbackend.strategies.core.market_structure[0m:[36mupdate[0m | [1mBOS fired: BEARISH | Broken level: 3054.738 | BOS count: 29 | Trend Confirmed: True[0m
[32m14:33:32[0m | [1mINFO    [0m | [36mbackend.strategies.core.market_structure[0m:[36mupdate[0m | [1mBOS fired: BEARISH | Broken level: 3054.738 | BOS count: 30 | Trend Confirmed: True[0m
[32m14:33:32[0m | [1mINFO    [0m | [36mbackend.strategies.core.market_structure[0m:[36mupdate[0m | [1mBOS fired: BEARISH | Broken level: 3054.738 | BOS count: 31 | Trend Confirmed: True[0m
[32m14:33:32[0m | [1mINFO    [0m | [36mbackend.strategies.core.market_structure[0m:[36mupdate[0m | [1mBOS fired: BEARISH | Broken level: 3054.738 | BOS count: 32 | Trend Confirmed: True[0m
[32m14:33:32[0m | [1mINFO    [0m | [36mbackend.strategies.core.market_structure[0m:[36mupdate[0m | [1mBOS fired: BEARISH | Broken level: 3054.738 | BOS count: 33 | Trend Confirmed: True[0m
[32m14:33:32[0m | [1mINFO    [0m | [36mbackend.strategies.core.market_structure[0m:[36mupdate[0m | [1mBOS fired: BEARISH | Broken level: 3054.738 | BOS count: 34 | Trend Confirmed: True[0m
[32m14:33:32[0m | [1mINFO    [0m | [36mbackend.strategies.core.market_structure[0m:[36mupdate[0m | [1mBOS fired: BEARISH | Broken level: 3054.738 | BOS count: 35 | Trend Confirmed: True[0m
[32m14:33:32[0m | [1mINFO    [0m | [36mbackend.strategies.core.market_structure[0m:[36mupdate[0m | [1mChoCH fired: BULLISH | Broken level: 3049.723 | BOS count: 1[0m
[32m14:33:32[0m | [1mINFO    [0m | [36mbackend.strategies.core.market_structure[0m:[36mupdate[0m | [1mBOS fired: BULLISH | Broken level: 3049.723 | BOS count: 2 | Trend Confirmed: True[0m
[32m14:33:32[0m | [1mINFO    [0m | [36mbackend.strategies.core.market_structure[0m:[36mupdate[0m | [1mBOS fired: BULLISH | Broken level: 3049.723 | BOS count: 3 | Trend Confirmed: True[0m
[32m14:33:32[0m | [1mINFO    [0m | [36mbackend.strategies.core.market_structure[0m:[36mupdate[0m | [1mBOS fired: BULLISH | Broken level: 3049.723 | BOS count: 4 | Trend Confirmed: True[0m
[32m14:33:32[0m | [1mINFO    [0m | [36mbackend.strategies.core.market_structure[0m:[36mupdate[0m | [1mBOS fired: BULLISH | Broken level: 3049.723 | BOS count: 5 | Trend Confirmed: True[0m
[32m14:33:32[0m | [1mINFO    [0m | [36mbackend.strategies.core.market_structure[0m:[36mupdate[0m | [1mBOS fired: BULLISH | Broken level: 3049.723 | BOS count: 6 | Trend Confirmed: True[0m
[32m14:33:32[0m | [1mINFO    [0m | [36mbackend.strategies.core.market_structure[0m:[36mupdate[0m | [1mBOS fired: BULLISH | Broken level: 3049.723 | BOS count: 7 | Trend Confirmed: True[0m
[32m14:33:32[0m | [1mINFO    [0m | [36mbackend.strategies.core.market_structure[0m:[36mupdate[0m | [1mBOS fired: BULLISH | Broken level: 3049.723 | BOS count: 8 | Trend Confirmed: True[0m
[32m14:33:32[0m | [1mINFO    [0m | [36mbackend.strategies.core.market_structure[0m:[36mupdate[0m | [1mBOS fired: BULLISH | Broken level: 3049.723 | BOS count: 9 | Trend Confirmed: True[0m
[32m14:33:32[0m | [1mINFO    [0m | [36mbackend.strategies.core.market_structure[0m:[36mupdate[0m | [1mBOS fired: BULLISH | Broken level: 3049.723 | BOS count: 10 | Trend Confirmed: True[0m
[32m14:33:32[0m | [1mINFO    [0m | [36mbackend.strategies.core.market_structure[0m:[36mupdate[0m | [1mBOS fired: BULLISH | Broken level: 3057.197 | BOS count: 11 | Trend Confirmed: True[0m
[32m14:33:32[0m | [1mINFO    [0m | [36mbackend.strategies.core.market_structure[0m:[36mupdate[0m | [1mBOS fired: BULLISH | Broken level: 3057.197 | BOS count: 12 | Trend Confirmed: True[0m
[32m14:33:32[0m | [1mINFO    [0m | [36mbackend.strategies.core.market_structure[0m:[36mupdate[0m | [1mBOS fired: BULLISH | Broken level: 3057.197 | BOS count: 13 | Trend Confirmed: True[0m
[32m14:33:32[0m | [1mINFO    [0m | [36mbackend.strategies.core.market_structure[0m:[36mupdate[0m | [1mBOS fired: BULLISH | Broken level: 3057.197 | BOS count: 14 | Trend Confirmed: True[0m
[32m14:33:32[0m | [1mINFO    [0m | [36mbackend.strategies.core.market_structure[0m:[36mupdate[0m | [1mBOS fired: BULLISH | Broken level: 3057.197 | BOS count: 15 | Trend Confirmed: True[0m
[32m14:33:32[0m | [1mINFO    [0m | [36mbackend.strategies.core.market_structure[0m:[36mupdate[0m | [1mBOS fired: BULLISH | Broken level: 3057.197 | BOS count: 16 | Trend Confirmed: True[0m
[32m14:33:32[0m | [1mINFO    [0m | [36mbackend.strategies.core.market_structure[0m:[36mupdate[0m | [1mBOS fired: BULLISH | Broken level: 3057.197 | BOS count: 17 | Trend Confirmed: True[0m
[32m14:33:32[0m | [1mINFO    [0m | [36mbackend.strategies.core.market_structure[0m:[36mupdate[0m | [1mBOS fired: BULLISH | Broken level: 3063.201 | BOS count: 18 | Trend Confirmed: True[0m
[32m14:33:32[0m | [1mINFO    [0m | [36mbackend.strategies.core.market_structure[0m:[36mupdate[0m | [1mBOS fired: BULLISH | Broken level: 3063.201 | BOS count: 19 | Trend Confirmed: True[0m
[32m14:33:32[0m | [1mINFO    [0m | [36mbackend.strategies.core.market_structure[0m:[36mupdate[0m | [1mBOS fired: BULLISH | Broken level: 3063.201 | BOS count: 20 | Trend Confirmed: True[0m
[32m14:33:32[0m | [1mINFO    [0m | [36mbackend.strategies.core.market_structure[0m:[36mupdate[0m | [1mBOS fired: BULLISH | Broken level: 3063.201 | BOS count: 21 | Trend Confirmed: True[0m
[32m14:33:32[0m | [1mINFO    [0m | [36mbackend.strategies.core.market_structure[0m:[36mupdate[0m | [1mBOS fired: BULLISH | Broken level: 3063.201 | BOS count: 22 | Trend Confirmed: True[0m
[32m14:33:32[0m | [1mINFO    [0m | [36mbackend.strategies.core.market_structure[0m:[36mupdate[0m | [1mBOS fired: BULLISH | Broken level: 3063.201 | BOS count: 23 | Trend Confirmed: True[0m
[32m14:33:32[0m | [1mINFO    [0m | [36mbackend.strategies.core.market_structure[0m:[36mupdate[0m | [1mBOS fired: BULLISH | Broken level: 3063.201 | BOS count: 24 | Trend Confirmed: True[0m
[32m14:33:32[0m | [1mINFO    [0m | [36mbackend.strategies.core.market_structure[0m:[36mupdate[0m | [1mBOS fired: BULLISH | Broken level: 3063.201 | BOS count: 25 | Trend Confirmed: True[0m
[32m14:33:32[0m | [1mINFO    [0m | [36mbackend.strategies.core.market_structure[0m:[36mupdate[0m | [1mBOS fired: BULLISH | Broken level: 3063.201 | BOS count: 26 | Trend Confirmed: True[0m
[32m14:33:32[0m | [1mINFO    [0m | [36mbackend.strategies.core.market_structure[0m:[36mupdate[0m | [1mBOS fired: BULLISH | Broken level: 3063.201 | BOS count: 27 | Trend Confirmed: True[0m
[32m14:33:32[0m | [1mINFO    [0m | [36mbackend.strategies.core.market_structure[0m:[36mupdate[0m | [1mBOS fired: BULLISH | Broken level: 3063.201 | BOS count: 28 | Trend Confirmed: True[0m
[32m14:33:32[0m | [1mINFO    [0m | [36mbackend.strategies.core.market_structure[0m:[36mupdate[0m | [1mBOS fired: BULLISH | Broken level: 3063.201 | BOS count: 29 | Trend Confirmed: True[0m
[32m14:33:32[0m | [1mINFO    [0m | [36mbackend.strategies.core.market_structure[0m:[36mupdate[0m | [1mBOS fired: BULLISH | Broken level: 3063.201 | BOS count: 30 | Trend Confirmed: True[0m
[32m14:33:32[0m | [1mINFO    [0m | [36mbackend.strategies.core.market_structure[0m:[36mupdate[0m | [1mBOS fired: BULLISH | Broken level: 3063.201 | BOS count: 31 | Trend Confirmed: True[0m
[32m14:33:32[0m | [1mINFO    [0m | [36mbackend.strategies.core.market_structure[0m:[36mupdate[0m | [1mBOS fired: BULLISH | Broken level: 3063.201 | BOS count: 32 | Trend Confirmed: True[0m
[32m14:33:32[0m | [1mINFO    [0m | [36mbackend.strategies.core.market_structure[0m:[36mupdate[0m | [1mBOS fired: BULLISH | Broken level: 3063.201 | BOS count: 33 | Trend Confirmed: True[0m
[32m14:33:32[0m | [1mINFO    [0m | [36mbackend.strategies.core.market_structure[0m:[36mupdate[0m | [1mBOS fired: BULLISH | Broken level: 3063.201 | BOS count: 34 | Trend Confirmed: True[0m
[32m14:33:32[0m | [1mINFO    [0m | [36mbackend.strategies.core.market_structure[0m:[36mupdate[0m | [1mBOS fired: BULLISH | Broken level: 3063.201 | BOS count: 35 | Trend Confirmed: True[0m
[32m14:33:32[0m | [1mINFO    [0m | [36mbackend.strategies.core.market_structure[0m:[36mupdate[0m | [1mBOS fired: BULLISH | Broken level: 3063.201 | BOS count: 36 | Trend Confirmed: True[0m
[32m14:33:32[0m | [1mINFO    [0m | [36mbackend.strategies.core.market_structure[0m:[36mupdate[0m | [1mBOS fired: BULLISH | Broken level: 3063.201 | BOS count: 37 | Trend Confirmed: True[0m
[32m14:33:32[0m | [1mINFO    [0m | [36mbackend.strategies.core.market_structure[0m:[36mupdate[0m | [1mBOS fired: BULLISH | Broken level: 3063.201 | BOS count: 38 | Trend Confirmed: True[0m
[32m14:33:32[0m | [1mINFO    [0m | [36mbackend.strategies.core.market_structure[0m:[36mupdate[0m | [1mChoCH fired: BEARISH | Broken level: 3055.39 | BOS count: 1[0m
[32m14:33:32[0m | [1mINFO    [0m | [36mbackend.strategies.core.market_structure[0m:[36mupdate[0m | [1mChoCH fired: BULLISH | Broken level: 3068.571 | BOS count: 1[0m
[32m14:33:33[0m | [1mINFO    [0m | [36mbackend.strategies.core.market_structure[0m:[36mupdate[0m | [1mChoCH fired: BEARISH | Broken level: 3046.994 | BOS count: 1[0m
[32m14:33:33[0m | [1mINFO    [0m | [36mbackend.strategies.core.market_structure[0m:[36mupdate[0m | [1mBOS fired: BEARISH | Broken level: 3046.994 | BOS count: 2 | Trend Confirmed: True[0m
[32m14:33:33[0m | [1mINFO    [0m | [36mbackend.strategies.core.market_structure[0m:[36mupdate[0m | [1mBOS fired: BEARISH | Broken level: 3046.994 | BOS count: 3 | Trend Confirmed: True[0m
[32m14:33:33[0m | [1mINFO    [0m | [36mbackend.strategies.core.market_structure[0m:[36mupdate[0m | [1mBOS fired: BEARISH | Broken level: 3045.295 | BOS count: 4 | Trend Confirmed: True[0m
[32m14:33:33[0m | [1mINFO    [0m | [36mbackend.strategies.core.market_structure[0m:[36mupdate[0m | [1mBOS fired: BEARISH | Broken level: 3045.295 | BOS count: 5 | Trend Confirmed: True[0m
[32m14:33:33[0m | [1mINFO    [0m | [36mbackend.strategies.core.market_structure[0m:[36mupdate[0m | [1mBOS fired: BEARISH | Broken level: 3045.295 | BOS count: 6 | Trend Confirmed: True[0m
[32m14:33:33[0m | [1mINFO    [0m | [36mbackend.strategies.core.market_structure[0m:[36mupdate[0m | [1mBOS fired: BEARISH | Broken level: 3045.295 | BOS count: 7 | Trend Confirmed: True[0m
[32m14:33:33[0m | [1mINFO    [0m | [36mbackend.strategies.core.market_structure[0m:[36mupdate[0m | [1mBOS fired: BEARISH | Broken level: 3045.295 | BOS count: 8 | Trend Confirmed: True[0m
[32m14:33:33[0m | [1mINFO    [0m | [36mbackend.strategies.core.market_structure[0m:[36mupdate[0m | [1mBOS fired: BEARISH | Broken level: 3045.295 | BOS count: 9 | Trend Confirmed: True[0m
[32m14:33:33[0m | [1mINFO    [0m | [36mbackend.strategies.core.market_structure[0m:[36mupdate[0m | [1mBOS fired: BEARISH | Broken level: 3045.295 | BOS count: 10 | Trend Confirmed: True[0m
[32m14:33:33[0m | [1mINFO    [0m | [36mbackend.strategies.core.market_structure[0m:[36mupdate[0m | [1mBOS fired: BEARISH | Broken level: 3045.295 | BOS count: 11 | Trend Confirmed: True[0m
[32m14:33:33[0m | [1mINFO    [0m | [36mbackend.strategies.core.market_structure[0m:[36mupdate[0m | [1mBOS fired: BEARISH | Broken level: 3045.295 | BOS count: 12 | Trend Confirmed: True[0m
[32m14:33:33[0m | [1mINFO    [0m | [36mbackend.strategies.core.market_structure[0m:[36mupdate[0m | [1mBOS fired: BEARISH | Broken level: 3045.295 | BOS count: 13 | Trend Confirmed: True[0m
[32m14:33:33[0m | [1mINFO    [0m | [36mbackend.strategies.core.market_structure[0m:[36mupdate[0m | [1mBOS fired: BEARISH | Broken level: 3033.315 | BOS count: 14 | Trend Confirmed: True[0m
[32m14:33:33[0m | [1mINFO    [0m | [36mbackend.strategies.core.market_structure[0m:[36mupdate[0m | [1mBOS fired: BEARISH | Broken level: 3033.315 | BOS count: 15 | Trend Confirmed: True[0m
[32m14:33:33[0m | [1mINFO    [0m | [36mbackend.strategies.core.market_structure[0m:[36mupdate[0m | [1mBOS fired: BEARISH | Broken level: 3033.315 | BOS count: 16 | Trend Confirmed: True[0m
[32m14:33:33[0m | [1mINFO    [0m | [36mbackend.strategies.core.market_structure[0m:[36mupdate[0m | [1mBOS fired: BEARISH | Broken level: 3033.315 | BOS count: 17 | Trend Confirmed: True[0m
[32m14:33:34[0m | [1mINFO    [0m | [36mbackend.strategies.core.market_structure[0m:[36mupdate[0m | [1mBOS fired: BEARISH | Broken level: 3033.315 | BOS count: 18 | Trend Confirmed: True[0m
[32m14:33:34[0m | [1mINFO    [0m | [36mbackend.strategies.core.market_structure[0m:[36mupdate[0m | [1mChoCH fired: BULLISH | Broken level: 3041.593 | BOS count: 1[0m
[32m14:33:34[0m | [1mINFO    [0m | [36mbackend.strategies.core.market_structure[0m:[36mupdate[0m | [1mBOS fired: BULLISH | Broken level: 3041.593 | BOS count: 2 | Trend Confirmed: True[0m
[32m14:33:34[0m | [1mINFO    [0m | [36mbackend.strategies.core.market_structure[0m:[36mupdate[0m | [1mBOS fired: BULLISH | Broken level: 3041.593 | BOS count: 3 | Trend Confirmed: True[0m
[32m14:33:34[0m | [1mINFO    [0m | [36mbackend.strategies.core.market_structure[0m:[36mupdate[0m | [1mBOS fired: BULLISH | Broken level: 3041.593 | BOS count: 4 | Trend Confirmed: True[0m
[32m14:33:34[0m | [1mINFO    [0m | [36mbackend.strategies.core.market_structure[0m:[36mupdate[0m | [1mBOS fired: BULLISH | Broken level: 3041.593 | BOS count: 5 | Trend Confirmed: True[0m
[32m14:33:34[0m | [1mINFO    [0m | [36mbackend.strategies.core.market_structure[0m:[36mupdate[0m | [1mBOS fired: BULLISH | Broken level: 3041.593 | BOS count: 6 | Trend Confirmed: True[0m
[32m14:33:34[0m | [1mINFO    [0m | [36mbackend.strategies.core.market_structure[0m:[36mupdate[0m | [1mBOS fired: BULLISH | Broken level: 3041.593 | BOS count: 7 | Trend Confirmed: True[0m
[32m14:33:34[0m | [1mINFO    [0m | [36mbackend.strategies.core.market_structure[0m:[36mupdate[0m | [1mBOS fired: BULLISH | Broken level: 3041.593 | BOS count: 8 | Trend Confirmed: True[0m
[32m14:33:34[0m | [1mINFO    [0m | [36mbackend.strategies.core.market_structure[0m:[36mupdate[0m | [1mBOS fired: BULLISH | Broken level: 3041.593 | BOS count: 9 | Trend Confirmed: True[0m
[32m14:33:34[0m | [1mINFO    [0m | [36mbackend.strategies.core.market_structure[0m:[36mupdate[0m | [1mBOS fired: BULLISH | Broken level: 3041.593 | BOS count: 10 | Trend Confirmed: True[0m
[32m14:33:34[0m | [1mINFO    [0m | [36mbackend.strategies.core.market_structure[0m:[36mupdate[0m | [1mBOS fired: BULLISH | Broken level: 3041.593 | BOS count: 11 | Trend Confirmed: True[0m
[32m14:33:34[0m | [1mINFO    [0m | [36mbackend.strategies.core.market_structure[0m:[36mupdate[0m | [1mBOS fired: BULLISH | Broken level: 3041.593 | BOS count: 12 | Trend Confirmed: True[0m
[32m14:33:34[0m | [1mINFO    [0m | [36mbackend.strategies.core.market_structure[0m:[36mupdate[0m | [1mBOS fired: BULLISH | Broken level: 3041.593 | BOS count: 13 | Trend Confirmed: True[0m
[32m14:33:34[0m | [1mINFO    [0m | [36mbackend.strategies.core.market_structure[0m:[36mupdate[0m | [1mBOS fired: BULLISH | Broken level: 3041.593 | BOS count: 14 | Trend Confirmed: True[0m
[32m14:33:34[0m | [1mINFO    [0m | [36mbackend.strategies.core.market_structure[0m:[36mupdate[0m | [1mBOS fired: BULLISH | Broken level: 3025.787 | BOS count: 15 | Trend Confirmed: True[0m
[32m14:33:34[0m | [1mINFO    [0m | [36mbackend.strategies.core.market_structure[0m:[36mupdate[0m | [1mBOS fired: BULLISH | Broken level: 3025.787 | BOS count: 16 | Trend Confirmed: True[0m
[32m14:33:34[0m | [1mINFO    [0m | [36mbackend.strategies.core.market_structure[0m:[36mupdate[0m | [1mBOS fired: BULLISH | Broken level: 3025.787 | BOS count: 17 | Trend Confirmed: True[0m
[32m14:33:34[0m | [1mINFO    [0m | [36mbackend.strategies.core.market_structure[0m:[36mupdate[0m | [1mBOS fired: BULLISH | Broken level: 3025.787 | BOS count: 18 | Trend Confirmed: True[0m
[32m14:33:34[0m | [1mINFO    [0m | [36mbackend.strategies.core.market_structure[0m:[36mupdate[0m | [1mBOS fired: BULLISH | Broken level: 3025.787 | BOS count: 19 | Trend Confirmed: True[0m
[32m14:33:34[0m | [1mINFO    [0m | [36mbackend.strategies.core.market_structure[0m:[36mupdate[0m | [1mBOS fired: BULLISH | Broken level: 3025.787 | BOS count: 20 | Trend Confirmed: True[0m
[32m14:33:34[0m | [1mINFO    [0m | [36mbackend.strategies.core.market_structure[0m:[36mupdate[0m | [1mBOS fired: BULLISH | Broken level: 3025.787 | BOS count: 21 | Trend Confirmed: True[0m
[32m14:33:34[0m | [1mINFO    [0m | [36mbackend.strategies.core.market_structure[0m:[36mupdate[0m | [1mBOS fired: BULLISH | Broken level: 3025.787 | BOS count: 22 | Trend Confirmed: True[0m
[32m14:33:34[0m | [1mINFO    [0m | [36mbackend.strategies.core.market_structure[0m:[36mupdate[0m | [1mBOS fired: BULLISH | Broken level: 3025.787 | BOS count: 23 | Trend Confirmed: True[0m
[32m14:33:34[0m | [1mINFO    [0m | [36mbackend.strategies.core.market_structure[0m:[36mupdate[0m | [1mBOS fired: BULLISH | Broken level: 3025.787 | BOS count: 24 | Trend Confirmed: True[0m
[32m14:33:34[0m | [1mINFO    [0m | [36mbackend.strategies.core.market_structure[0m:[36mupdate[0m | [1mBOS fired: BULLISH | Broken level: 3025.787 | BOS count: 25 | Trend Confirmed: True[0m
[32m14:33:34[0m | [1mINFO    [0m | [36mbackend.strategies.core.market_structure[0m:[36mupdate[0m | [1mBOS fired: BULLISH | Broken level: 3025.787 | BOS count: 26 | Trend Confirmed: True[0m
[32m14:33:34[0m | [1mINFO    [0m | [36mbackend.strategies.core.market_structure[0m:[36mupdate[0m | [1mBOS fired: BULLISH | Broken level: 3025.787 | BOS count: 27 | Trend Confirmed: True[0m
[32m14:33:34[0m | [1mINFO    [0m | [36mbackend.strategies.core.market_structure[0m:[36mupdate[0m | [1mBOS fired: BULLISH | Broken level: 3025.787 | BOS count: 28 | Trend Confirmed: True[0m
[32m14:33:34[0m | [1mINFO    [0m | [36mbackend.strategies.core.market_structure[0m:[36mupdate[0m | [1mBOS fired: BULLISH | Broken level: 3025.787 | BOS count: 29 | Trend Confirmed: True[0m
[32m14:33:34[0m | [1mINFO    [0m | [36mbackend.strategies.core.market_structure[0m:[36mupdate[0m | [1mBOS fired: BULLISH | Broken level: 3025.787 | BOS count: 30 | Trend Confirmed: True[0m
[32m14:33:34[0m | [1mINFO    [0m | [36mbackend.strategies.core.market_structure[0m:[36mupdate[0m | [1mBOS fired: BULLISH | Broken level: 3025.787 | BOS count: 31 | Trend Confirmed: True[0m
[32m14:33:34[0m | [1mINFO    [0m | [36mbackend.strategies.core.market_structure[0m:[36mupdate[0m | [1mBOS fired: BULLISH | Broken level: 3025.787 | BOS count: 32 | Trend Confirmed: True[0m
[32m14:33:34[0m | [1mINFO    [0m | [36mbackend.strategies.core.market_structure[0m:[36mupdate[0m | [1mBOS fired: BULLISH | Broken level: 3025.787 | BOS count: 33 | Trend Confirmed: True[0m
[32m14:33:34[0m | [1mINFO    [0m | [36mbackend.strategies.core.market_structure[0m:[36mupdate[0m | [1mBOS fired: BULLISH | Broken level: 3025.787 | BOS count: 34 | Trend Confirmed: True[0m
[32m14:33:34[0m | [1mINFO    [0m | [36mbackend.strategies.core.market_structure[0m:[36mupdate[0m | [1mBOS fired: BULLISH | Broken level: 3025.787 | BOS count: 35 | Trend Confirmed: True[0m
[32m14:33:34[0m | [1mINFO    [0m | [36mbackend.strategies.core.market_structure[0m:[36mupdate[0m | [1mBOS fired: BULLISH | Broken level: 3025.787 | BOS count: 36 | Trend Confirmed: True[0m
[32m14:33:34[0m | [1mINFO    [0m | [36mbackend.strategies.core.market_structure[0m:[36mupdate[0m | [1mBOS fired: BULLISH | Broken level: 3025.787 | BOS count: 37 | Trend Confirmed: True[0m
[32m14:33:34[0m | [1mINFO    [0m | [36mbackend.strategies.core.market_structure[0m:[36mupdate[0m | [1mBOS fired: BULLISH | Broken level: 3025.787 | BOS count: 38 | Trend Confirmed: True[0m
[32m14:33:34[0m | [1mINFO    [0m | [36mbackend.strategies.core.market_structure[0m:[36mupdate[0m | [1mBOS fired: BULLISH | Broken level: 3025.787 | BOS count: 39 | Trend Confirmed: True[0m
[32m14:33:34[0m | [1mINFO    [0m | [36mbackend.strategies.core.market_structure[0m:[36mupdate[0m | [1mBOS fired: BULLISH | Broken level: 3025.787 | BOS count: 40 | Trend Confirmed: True[0m
[32m14:33:34[0m | [1mINFO    [0m | [36mbackend.strategies.core.market_structure[0m:[36mupdate[0m | [1mBOS fired: BULLISH | Broken level: 3025.787 | BOS count: 41 | Trend Confirmed: True[0m
[32m14:33:34[0m | [1mINFO    [0m | [36mbackend.strategies.core.market_structure[0m:[36mupdate[0m | [1mBOS fired: BULLISH | Broken level: 3025.787 | BOS count: 42 | Trend Confirmed: True[0m
[32m14:33:34[0m | [1mINFO    [0m | [36mbackend.strategies.core.market_structure[0m:[36mupdate[0m | [1mBOS fired: BULLISH | Broken level: 3025.787 | BOS count: 43 | Trend Confirmed: True[0m
[32m14:33:34[0m | [1mINFO    [0m | [36mbackend.strategies.core.market_structure[0m:[36mupdate[0m | [1mBOS fired: BULLISH | Broken level: 3025.787 | BOS count: 44 | Trend Confirmed: True[0m
[32m14:33:35[0m | [1mINFO    [0m | [36mbackend.strategies.core.market_structure[0m:[36mupdate[0m | [1mBOS fired: BULLISH | Broken level: 3071.752 | BOS count: 45 | Trend Confirmed: True[0m
[32m14:33:35[0m | [1mINFO    [0m | [36mbackend.strategies.core.market_structure[0m:[36mupdate[0m | [1mBOS fired: BULLISH | Broken level: 3071.752 | BOS count: 46 | Trend Confirmed: True[0m
[32m14:33:35[0m | [1mINFO    [0m | [36mbackend.strategies.core.market_structure[0m:[36mupdate[0m | [1mBOS fired: BULLISH | Broken level: 3044.008 | BOS count: 47 | Trend Confirmed: True[0m
[32m14:33:35[0m | [1mINFO    [0m | [36mbackend.strategies.core.market_structure[0m:[36mupdate[0m | [1mBOS fired: BULLISH | Broken level: 3044.008 | BOS count: 48 | Trend Confirmed: True[0m
[32m14:33:36[0m | [1mINFO    [0m | [36mbackend.strategies.core.market_structure[0m:[36mupdate[0m | [1mBOS fired: BULLISH | Broken level: 3044.008 | BOS count: 49 | Trend Confirmed: True[0m
[32m14:33:36[0m | [1mINFO    [0m | [36mbackend.strategies.core.market_structure[0m:[36mupdate[0m | [1mBOS fired: BULLISH | Broken level: 3044.008 | BOS count: 50 | Trend Confirmed: True[0m
[32m14:33:36[0m | [1mINFO    [0m | [36mbackend.strategies.core.market_structure[0m:[36mupdate[0m | [1mBOS fired: BULLISH | Broken level: 3079.988 | BOS count: 51 | Trend Confirmed: True[0m
[32m14:33:36[0m | [1mINFO    [0m | [36mbackend.strategies.core.market_structure[0m:[36mupdate[0m | [1mBOS fired: BULLISH | Broken level: 3079.988 | BOS count: 52 | Trend Confirmed: True[0m
[32m14:33:36[0m | [1mINFO    [0m | [36mbackend.strategies.core.market_structure[0m:[36mupdate[0m | [1mBOS fired: BULLISH | Broken level: 3079.988 | BOS count: 53 | Trend Confirmed: True[0m
[32m14:33:36[0m | [1mINFO    [0m | [36mbackend.strategies.core.market_structure[0m:[36mupdate[0m | [1mBOS fired: BULLISH | Broken level: 3079.988 | BOS count: 54 | Trend Confirmed: True[0m
[32m14:33:36[0m | [1mINFO    [0m | [36mbackend.strategies.core.market_structure[0m:[36mupdate[0m | [1mBOS fired: BULLISH | Broken level: 3079.988 | BOS count: 55 | Trend Confirmed: True[0m
[32m14:33:36[0m | [1mINFO    [0m | [36mbackend.strategies.core.market_structure[0m:[36mupdate[0m | [1mBOS fired: BULLISH | Broken level: 3133.061 | BOS count: 56 | Trend Confirmed: True[0m
[32m14:33:36[0m | [1mINFO    [0m | [36mbackend.strategies.core.market_structure[0m:[36mupdate[0m | [1mBOS fired: BULLISH | Broken level: 3133.061 | BOS count: 57 | Trend Confirmed: True[0m
[32m14:33:36[0m | [1mINFO    [0m | [36mbackend.strategies.core.market_structure[0m:[36mupdate[0m | [1mBOS fired: BULLISH | Broken level: 3133.061 | BOS count: 58 | Trend Confirmed: True[0m
[32m14:33:37[0m | [1mINFO    [0m | [36mbackend.strategies.core.market_structure[0m:[36mupdate[0m | [1mChoCH fired: BEARISH | Broken level: 3183.918 | BOS count: 1[0m
[32m14:33:37[0m | [1mINFO    [0m | [36mbackend.strategies.core.market_structure[0m:[36mupdate[0m | [1mBOS fired: BEARISH | Broken level: 3183.918 | BOS count: 2 | Trend Confirmed: True[0m
[32m14:33:37[0m | [1mINFO    [0m | [36mbackend.strategies.core.market_structure[0m:[36mupdate[0m | [1mChoCH fired: BULLISH | Broken level: 3195.358 | BOS count: 1[0m
[32m14:33:37[0m | [1mINFO    [0m | [36mbackend.strategies.core.market_structure[0m:[36mupdate[0m | [1mBOS fired: BULLISH | Broken level: 3195.358 | BOS count: 2 | Trend Confirmed: True[0m
[32m14:33:37[0m | [1mINFO    [0m | [36mbackend.strategies.core.market_structure[0m:[36mupdate[0m | [1mBOS fired: BULLISH | Broken level: 3195.358 | BOS count: 3 | Trend Confirmed: True[0m
[32m14:33:37[0m | [1mINFO    [0m | [36mbackend.strategies.core.market_structure[0m:[36mupdate[0m | [1mChoCH fired: BEARISH | Broken level: 3181.293 | BOS count: 1[0m
[32m14:33:37[0m | [1mINFO    [0m | [36mbackend.strategies.core.market_structure[0m:[36mupdate[0m | [1mBOS fired: BEARISH | Broken level: 3181.293 | BOS count: 2 | Trend Confirmed: True[0m
[32m14:33:37[0m | [1mINFO    [0m | [36mbackend.strategies.core.market_structure[0m:[36mupdate[0m | [1mBOS fired: BEARISH | Broken level: 3181.293 | BOS count: 3 | Trend Confirmed: True[0m
[32m14:33:37[0m | [1mINFO    [0m | [36mbackend.strategies.core.market_structure[0m:[36mupdate[0m | [1mBOS fired: BEARISH | Broken level: 3181.293 | BOS count: 4 | Trend Confirmed: True[0m
[32m14:33:37[0m | [1mINFO    [0m | [36mbackend.strategies.core.market_structure[0m:[36mupdate[0m | [1mBOS fired: BEARISH | Broken level: 3177.902 | BOS count: 5 | Trend Confirmed: True[0m
[32m14:33:37[0m | [1mINFO    [0m | [36mbackend.strategies.core.market_structure[0m:[36mupdate[0m | [1mBOS fired: BEARISH | Broken level: 3177.902 | BOS count: 6 | Trend Confirmed: True[0m
[32m14:33:37[0m | [1mINFO    [0m | [36mbackend.strategies.core.market_structure[0m:[36mupdate[0m | [1mBOS fired: BEARISH | Broken level: 3177.902 | BOS count: 7 | Trend Confirmed: True[0m
[32m14:33:37[0m | [1mINFO    [0m | [36mbackend.strategies.core.market_structure[0m:[36mupdate[0m | [1mBOS fired: BEARISH | Broken level: 3177.902 | BOS count: 8 | Trend Confirmed: True[0m
[32m14:33:37[0m | [1mINFO    [0m | [36mbackend.strategies.core.market_structure[0m:[36mupdate[0m | [1mBOS fired: BEARISH | Broken level: 3177.902 | BOS count: 9 | Trend Confirmed: True[0m
[32m14:33:37[0m | [1mINFO    [0m | [36mbackend.strategies.core.market_structure[0m:[36mupdate[0m | [1mBOS fired: BEARISH | Broken level: 3177.902 | BOS count: 10 | Trend Confirmed: True[0m
[32m14:33:37[0m | [1mINFO    [0m | [36mbackend.strategies.core.market_structure[0m:[36mupdate[0m | [1mBOS fired: BEARISH | Broken level: 3177.902 | BOS count: 11 | Trend Confirmed: True[0m
[32m14:33:37[0m | [1mINFO    [0m | [36mbackend.strategies.core.market_structure[0m:[36mupdate[0m | [1mBOS fired: BEARISH | Broken level: 3177.902 | BOS count: 12 | Trend Confirmed: True[0m
[32m14:33:37[0m | [1mINFO    [0m | [36mbackend.strategies.core.market_structure[0m:[36mupdate[0m | [1mBOS fired: BEARISH | Broken level: 3177.902 | BOS count: 13 | Trend Confirmed: True[0m
[32m14:33:37[0m | [1mINFO    [0m | [36mbackend.strategies.core.market_structure[0m:[36mupdate[0m | [1mBOS fired: BEARISH | Broken level: 3177.902 | BOS count: 14 | Trend Confirmed: True[0m
[32m14:33:37[0m | [1mINFO    [0m | [36mbackend.strategies.core.market_structure[0m:[36mupdate[0m | [1mBOS fired: BEARISH | Broken level: 3177.902 | BOS count: 15 | Trend Confirmed: True[0m
[32m14:33:37[0m | [1mINFO    [0m | [36mbackend.strategies.core.market_structure[0m:[36mupdate[0m | [1mBOS fired: BEARISH | Broken level: 3177.902 | BOS count: 16 | Trend Confirmed: True[0m
[32m14:33:37[0m | [1mINFO    [0m | [36mbackend.strategies.core.market_structure[0m:[36mupdate[0m | [1mBOS fired: BEARISH | Broken level: 3177.902 | BOS count: 17 | Trend Confirmed: True[0m
[32m14:33:37[0m | [1mINFO    [0m | [36mbackend.strategies.core.market_structure[0m:[36mupdate[0m | [1mBOS fired: BEARISH | Broken level: 3177.902 | BOS count: 18 | Trend Confirmed: True[0m
[32m14:33:37[0m | [1mINFO    [0m | [36mbackend.strategies.core.market_structure[0m:[36mupdate[0m | [1mBOS fired: BEARISH | Broken level: 3177.902 | BOS count: 19 | Trend Confirmed: True[0m
[32m14:33:37[0m | [1mINFO    [0m | [36mbackend.strategies.core.market_structure[0m:[36mupdate[0m | [1mBOS fired: BEARISH | Broken level: 3177.902 | BOS count: 20 | Trend Confirmed: True[0m
[32m14:33:37[0m | [1mINFO    [0m | [36mbackend.strategies.core.market_structure[0m:[36mupdate[0m | [1mBOS fired: BEARISH | Broken level: 3177.902 | BOS count: 21 | Trend Confirmed: True[0m
[32m14:33:37[0m | [1mINFO    [0m | [36mbackend.strategies.core.market_structure[0m:[36mupdate[0m | [1mBOS fired: BEARISH | Broken level: 3177.902 | BOS count: 22 | Trend Confirmed: True[0m
[32m14:33:37[0m | [1mINFO    [0m | [36mbackend.strategies.core.market_structure[0m:[36mupdate[0m | [1mBOS fired: BEARISH | Broken level: 3177.902 | BOS count: 23 | Trend Confirmed: True[0m
[32m14:33:37[0m | [1mINFO    [0m | [36mbackend.strategies.core.market_structure[0m:[36mupdate[0m | [1mBOS fired: BEARISH | Broken level: 3140.731 | BOS count: 24 | Trend Confirmed: True[0m
[32m14:33:37[0m | [1mINFO    [0m | [36mbackend.strategies.core.market_structure[0m:[36mupdate[0m | [1mBOS fired: BEARISH | Broken level: 3140.731 | BOS count: 25 | Trend Confirmed: True[0m
[32m14:33:37[0m | [1mINFO    [0m | [36mbackend.strategies.core.market_structure[0m:[36mupdate[0m | [1mBOS fired: BEARISH | Broken level: 3137.315 | BOS count: 26 | Trend Confirmed: True[0m
[32m14:33:38[0m | [1mINFO    [0m | [36mbackend.strategies.core.market_structure[0m:[36mupdate[0m | [1mChoCH fired: BULLISH | Broken level: 3152.109 | BOS count: 1[0m
[32m14:33:38[0m | [1mINFO    [0m | [36mbackend.strategies.core.market_structure[0m:[36mupdate[0m | [1mBOS fired: BULLISH | Broken level: 3152.109 | BOS count: 2 | Trend Confirmed: True[0m
[32m14:33:38[0m | [1mINFO    [0m | [36mbackend.strategies.core.market_structure[0m:[36mupdate[0m | [1mChoCH fired: BEARISH | Broken level: 3142.415 | BOS count: 1[0m
[32m14:33:38[0m | [1mINFO    [0m | [36mbackend.strategies.core.market_structure[0m:[36mupdate[0m | [1mBOS fired: BEARISH | Broken level: 3142.415 | BOS count: 2 | Trend Confirmed: True[0m
[32m14:33:38[0m | [1mINFO    [0m | [36mbackend.strategies.core.market_structure[0m:[36mupdate[0m | [1mBOS fired: BEARISH | Broken level: 3142.415 | BOS count: 3 | Trend Confirmed: True[0m
[32m14:33:38[0m | [1mINFO    [0m | [36mbackend.strategies.core.market_structure[0m:[36mupdate[0m | [1mBOS fired: BEARISH | Broken level: 3142.415 | BOS count: 4 | Trend Confirmed: True[0m
[32m14:33:38[0m | [1mINFO    [0m | [36mbackend.strategies.core.market_structure[0m:[36mupdate[0m | [1mBOS fired: BEARISH | Broken level: 3142.415 | BOS count: 5 | Trend Confirmed: True[0m
[32m14:33:38[0m | [1mINFO    [0m | [36mbackend.strategies.core.market_structure[0m:[36mupdate[0m | [1mBOS fired: BEARISH | Broken level: 3142.415 | BOS count: 6 | Trend Confirmed: True[0m
[32m14:33:38[0m | [1mINFO    [0m | [36mbackend.strategies.core.market_structure[0m:[36mupdate[0m | [1mBOS fired: BEARISH | Broken level: 3142.415 | BOS count: 7 | Trend Confirmed: True[0m
[32m14:33:38[0m | [1mINFO    [0m | [36mbackend.strategies.core.market_structure[0m:[36mupdate[0m | [1mBOS fired: BEARISH | Broken level: 3142.415 | BOS count: 8 | Trend Confirmed: True[0m
[32m14:33:38[0m | [1mINFO    [0m | [36mbackend.strategies.core.market_structure[0m:[36mupdate[0m | [1mBOS fired: BEARISH | Broken level: 3132.77 | BOS count: 9 | Trend Confirmed: True[0m
[32m14:33:38[0m | [1mINFO    [0m | [36mbackend.strategies.core.market_structure[0m:[36mupdate[0m | [1mBOS fired: BEARISH | Broken level: 3132.77 | BOS count: 10 | Trend Confirmed: True[0m
[32m14:33:38[0m | [1mINFO    [0m | [36mbackend.strategies.core.market_structure[0m:[36mupdate[0m | [1mBOS fired: BEARISH | Broken level: 3132.77 | BOS count: 11 | Trend Confirmed: True[0m
[32m14:33:38[0m | [1mINFO    [0m | [36mbackend.strategies.core.market_structure[0m:[36mupdate[0m | [1mBOS fired: BEARISH | Broken level: 3132.77 | BOS count: 12 | Trend Confirmed: True[0m
[32m14:33:38[0m | [1mINFO    [0m | [36mbackend.strategies.core.market_structure[0m:[36mupdate[0m | [1mBOS fired: BEARISH | Broken level: 3132.77 | BOS count: 13 | Trend Confirmed: True[0m
[32m14:33:38[0m | [1mINFO    [0m | [36mbackend.strategies.core.market_structure[0m:[36mupdate[0m | [1mBOS fired: BEARISH | Broken level: 3132.77 | BOS count: 14 | Trend Confirmed: True[0m
[32m14:33:38[0m | [1mINFO    [0m | [36mbackend.strategies.core.market_structure[0m:[36mupdate[0m | [1mBOS fired: BEARISH | Broken level: 3132.77 | BOS count: 15 | Trend Confirmed: True[0m
[32m14:33:38[0m | [1mINFO    [0m | [36mbackend.strategies.core.market_structure[0m:[36mupdate[0m | [1mBOS fired: BEARISH | Broken level: 3132.77 | BOS count: 16 | Trend Confirmed: True[0m
[32m14:33:38[0m | [1mINFO    [0m | [36mbackend.strategies.core.market_structure[0m:[36mupdate[0m | [1mBOS fired: BEARISH | Broken level: 3132.77 | BOS count: 17 | Trend Confirmed: True[0m
[32m14:33:38[0m | [1mINFO    [0m | [36mbackend.strategies.core.market_structure[0m:[36mupdate[0m | [1mBOS fired: BEARISH | Broken level: 3132.77 | BOS count: 18 | Trend Confirmed: True[0m
[32m14:33:38[0m | [1mINFO    [0m | [36mbackend.strategies.core.market_structure[0m:[36mupdate[0m | [1mBOS fired: BEARISH | Broken level: 3132.77 | BOS count: 19 | Trend Confirmed: True[0m
[32m14:33:38[0m | [1mINFO    [0m | [36mbackend.strategies.core.market_structure[0m:[36mupdate[0m | [1mBOS fired: BEARISH | Broken level: 3132.77 | BOS count: 20 | Trend Confirmed: True[0m
[32m14:33:38[0m | [1mINFO    [0m | [36mbackend.strategies.core.market_structure[0m:[36mupdate[0m | [1mBOS fired: BEARISH | Broken level: 3132.77 | BOS count: 21 | Trend Confirmed: True[0m
[32m14:33:38[0m | [1mINFO    [0m | [36mbackend.strategies.core.market_structure[0m:[36mupdate[0m | [1mBOS fired: BEARISH | Broken level: 3132.77 | BOS count: 22 | Trend Confirmed: True[0m
[32m14:33:38[0m | [1mINFO    [0m | [36mbackend.strategies.core.market_structure[0m:[36mupdate[0m | [1mBOS fired: BEARISH | Broken level: 3132.77 | BOS count: 23 | Trend Confirmed: True[0m
[32m14:33:38[0m | [1mINFO    [0m | [36mbackend.strategies.core.market_structure[0m:[36mupdate[0m | [1mBOS fired: BEARISH | Broken level: 3132.77 | BOS count: 24 | Trend Confirmed: True[0m
[32m14:33:38[0m | [1mINFO    [0m | [36mbackend.strategies.core.market_structure[0m:[36mupdate[0m | [1mBOS fired: BEARISH | Broken level: 3132.77 | BOS count: 25 | Trend Confirmed: True[0m
[32m14:33:38[0m | [1mINFO    [0m | [36mbackend.strategies.core.market_structure[0m:[36mupdate[0m | [1mBOS fired: BEARISH | Broken level: 3132.77 | BOS count: 26 | Trend Confirmed: True[0m
[32m14:33:38[0m | [1mINFO    [0m | [36mbackend.strategies.core.market_structure[0m:[36mupdate[0m | [1mBOS fired: BEARISH | Broken level: 3132.77 | BOS count: 27 | Trend Confirmed: True[0m
[32m14:33:38[0m | [1mINFO    [0m | [36mbackend.strategies.core.market_structure[0m:[36mupdate[0m | [1mBOS fired: BEARISH | Broken level: 3132.77 | BOS count: 28 | Trend Confirmed: True[0m
[32m14:33:38[0m | [1mINFO    [0m | [36mbackend.strategies.core.market_structure[0m:[36mupdate[0m | [1mChoCH fired: BULLISH | Broken level: 3129.804 | BOS count: 1[0m
[32m14:33:38[0m | [1mINFO    [0m | [36mbackend.strategies.core.market_structure[0m:[36mupdate[0m | [1mBOS fired: BULLISH | Broken level: 3129.804 | BOS count: 2 | Trend Confirmed: True[0m
[32m14:33:38[0m | [1mINFO    [0m | [36mbackend.strategies.core.market_structure[0m:[36mupdate[0m | [1mBOS fired: BULLISH | Broken level: 3129.804 | BOS count: 3 | Trend Confirmed: True[0m
[32m14:33:38[0m | [1mINFO    [0m | [36mbackend.strategies.core.market_structure[0m:[36mupdate[0m | [1mBOS fired: BULLISH | Broken level: 3129.804 | BOS count: 4 | Trend Confirmed: True[0m
[32m14:33:38[0m | [1mINFO    [0m | [36mbackend.strategies.core.market_structure[0m:[36mupdate[0m | [1mBOS fired: BULLISH | Broken level: 3129.804 | BOS count: 5 | Trend Confirmed: True[0m
[32m14:33:38[0m | [1mINFO    [0m | [36mbackend.strategies.core.market_structure[0m:[36mupdate[0m | [1mBOS fired: BULLISH | Broken level: 3129.804 | BOS count: 6 | Trend Confirmed: True[0m
[32m14:33:38[0m | [1mINFO    [0m | [36mbackend.strategies.core.market_structure[0m:[36mupdate[0m | [1mBOS fired: BULLISH | Broken level: 3129.804 | BOS count: 7 | Trend Confirmed: True[0m
[32m14:33:38[0m | [1mINFO    [0m | [36mbackend.strategies.core.market_structure[0m:[36mupdate[0m | [1mBOS fired: BULLISH | Broken level: 3129.804 | BOS count: 8 | Trend Confirmed: True[0m
[32m14:33:38[0m | [1mINFO    [0m | [36mbackend.strategies.core.market_structure[0m:[36mupdate[0m | [1mBOS fired: BULLISH | Broken level: 3129.804 | BOS count: 9 | Trend Confirmed: True[0m
[32m14:33:38[0m | [1mINFO    [0m | [36mbackend.strategies.core.market_structure[0m:[36mupdate[0m | [1mBOS fired: BULLISH | Broken level: 3129.804 | BOS count: 10 | Trend Confirmed: True[0m
[32m14:33:38[0m | [1mINFO    [0m | [36mbackend.strategies.core.market_structure[0m:[36mupdate[0m | [1mBOS fired: BULLISH | Broken level: 3129.804 | BOS count: 11 | Trend Confirmed: True[0m
[32m14:33:38[0m | [1mINFO    [0m | [36mbackend.strategies.core.market_structure[0m:[36mupdate[0m | [1mBOS fired: BULLISH | Broken level: 3129.804 | BOS count: 12 | Trend Confirmed: True[0m
[32m14:33:38[0m | [1mINFO    [0m | [36mbackend.strategies.core.market_structure[0m:[36mupdate[0m | [1mBOS fired: BULLISH | Broken level: 3129.804 | BOS count: 13 | Trend Confirmed: True[0m
[32m14:33:38[0m | [1mINFO    [0m | [36mbackend.strategies.core.market_structure[0m:[36mupdate[0m | [1mBOS fired: BULLISH | Broken level: 3129.804 | BOS count: 14 | Trend Confirmed: True[0m
[32m14:33:38[0m | [1mINFO    [0m | [36mbackend.strategies.core.market_structure[0m:[36mupdate[0m | [1mBOS fired: BULLISH | Broken level: 3129.804 | BOS count: 15 | Trend Confirmed: True[0m
[32m14:33:38[0m | [1mINFO    [0m | [36mbackend.strategies.core.market_structure[0m:[36mupdate[0m | [1mBOS fired: BULLISH | Broken level: 3159.1 | BOS count: 16 | Trend Confirmed: True[0m
[32m14:33:39[0m | [1mINFO    [0m | [36mbackend.strategies.core.market_structure[0m:[36mupdate[0m | [1mBOS fired: BULLISH | Broken level: 3159.1 | BOS count: 17 | Trend Confirmed: True[0m
[32m14:33:39[0m | [1mINFO    [0m | [36mbackend.strategies.core.market_structure[0m:[36mupdate[0m | [1mBOS fired: BULLISH | Broken level: 3159.1 | BOS count: 18 | Trend Confirmed: True[0m
[32m14:33:39[0m | [1mINFO    [0m | [36mbackend.strategies.core.market_structure[0m:[36mupdate[0m | [1mBOS fired: BULLISH | Broken level: 3159.1 | BOS count: 19 | Trend Confirmed: True[0m
[32m14:33:39[0m | [1mINFO    [0m | [36mbackend.strategies.core.market_structure[0m:[36mupdate[0m | [1mBOS fired: BULLISH | Broken level: 3159.1 | BOS count: 20 | Trend Confirmed: True[0m
[32m14:33:39[0m | [1mINFO    [0m | [36mbackend.strategies.core.market_structure[0m:[36mupdate[0m | [1mBOS fired: BULLISH | Broken level: 3159.1 | BOS count: 21 | Trend Confirmed: True[0m
[32m14:33:39[0m | [1mINFO    [0m | [36mbackend.strategies.core.market_structure[0m:[36mupdate[0m | [1mBOS fired: BULLISH | Broken level: 3159.1 | BOS count: 22 | Trend Confirmed: True[0m
[32m14:33:39[0m | [1mINFO    [0m | [36mbackend.strategies.core.market_structure[0m:[36mupdate[0m | [1mBOS fired: BULLISH | Broken level: 3159.1 | BOS count: 23 | Trend Confirmed: True[0m
[32m14:33:39[0m | [1mINFO    [0m | [36mbackend.strategies.core.market_structure[0m:[36mupdate[0m | [1mBOS fired: BULLISH | Broken level: 3159.1 | BOS count: 24 | Trend Confirmed: True[0m
[32m14:33:39[0m | [1mINFO    [0m | [36mbackend.strategies.core.market_structure[0m:[36mupdate[0m | [1mBOS fired: BULLISH | Broken level: 3159.1 | BOS count: 25 | Trend Confirmed: True[0m
[32m14:33:39[0m | [1mINFO    [0m | [36mbackend.strategies.core.market_structure[0m:[36mupdate[0m | [1mBOS fired: BULLISH | Broken level: 3159.1 | BOS count: 26 | Trend Confirmed: True[0m
[32m14:33:39[0m | [1mINFO    [0m | [36mbackend.strategies.core.market_structure[0m:[36mupdate[0m | [1mBOS fired: BULLISH | Broken level: 3159.1 | BOS count: 27 | Trend Confirmed: True[0m
[32m14:33:39[0m | [1mINFO    [0m | [36mbackend.strategies.core.market_structure[0m:[36mupdate[0m | [1mBOS fired: BULLISH | Broken level: 3159.1 | BOS count: 28 | Trend Confirmed: True[0m
[32m14:33:39[0m | [1mINFO    [0m | [36mbackend.strategies.core.market_structure[0m:[36mupdate[0m | [1mBOS fired: BULLISH | Broken level: 3159.1 | BOS count: 29 | Trend Confirmed: True[0m
[32m14:33:39[0m | [1mINFO    [0m | [36mbackend.strategies.core.market_structure[0m:[36mupdate[0m | [1mBOS fired: BULLISH | Broken level: 3159.1 | BOS count: 30 | Trend Confirmed: True[0m
[32m14:33:39[0m | [1mINFO    [0m | [36mbackend.strategies.core.market_structure[0m:[36mupdate[0m | [1mBOS fired: BULLISH | Broken level: 3159.1 | BOS count: 31 | Trend Confirmed: True[0m
[32m14:33:39[0m | [1mINFO    [0m | [36mbackend.strategies.core.market_structure[0m:[36mupdate[0m | [1mBOS fired: BULLISH | Broken level: 3159.1 | BOS count: 32 | Trend Confirmed: True[0m
[32m14:33:39[0m | [1mINFO    [0m | [36mbackend.strategies.core.market_structure[0m:[36mupdate[0m | [1mBOS fired: BULLISH | Broken level: 3159.1 | BOS count: 33 | Trend Confirmed: True[0m
[32m14:33:39[0m | [1mINFO    [0m | [36mbackend.strategies.core.market_structure[0m:[36mupdate[0m | [1mBOS fired: BULLISH | Broken level: 3159.1 | BOS count: 34 | Trend Confirmed: True[0m
[32m14:33:39[0m | [1mINFO    [0m | [36mbackend.strategies.core.market_structure[0m:[36mupdate[0m | [1mBOS fired: BULLISH | Broken level: 3159.1 | BOS count: 35 | Trend Confirmed: True[0m
[32m14:33:39[0m | [1mINFO    [0m | [36mbackend.strategies.core.market_structure[0m:[36mupdate[0m | [1mBOS fired: BULLISH | Broken level: 3159.1 | BOS count: 36 | Trend Confirmed: True[0m
[32m14:33:39[0m | [1mINFO    [0m | [36mbackend.strategies.core.market_structure[0m:[36mupdate[0m | [1mBOS fired: BULLISH | Broken level: 3159.1 | BOS count: 37 | Trend Confirmed: True[0m
[32m14:33:39[0m | [1mINFO    [0m | [36mbackend.strategies.core.market_structure[0m:[36mupdate[0m | [1mBOS fired: BULLISH | Broken level: 3159.1 | BOS count: 38 | Trend Confirmed: True[0m
[32m14:33:39[0m | [1mINFO    [0m | [36mbackend.strategies.core.market_structure[0m:[36mupdate[0m | [1mChoCH fired: BEARISH | Broken level: 3149.21 | BOS count: 1[0m
[32m14:33:39[0m | [1mINFO    [0m | [36mbackend.strategies.core.market_structure[0m:[36mupdate[0m | [1mBOS fired: BEARISH | Broken level: 3149.21 | BOS count: 2 | Trend Confirmed: True[0m
[32m14:33:39[0m | [1mINFO    [0m | [36mbackend.strategies.core.market_structure[0m:[36mupdate[0m | [1mBOS fired: BEARISH | Broken level: 3149.21 | BOS count: 3 | Trend Confirmed: True[0m
[32m14:33:39[0m | [1mINFO    [0m | [36mbackend.strategies.core.market_structure[0m:[36mupdate[0m | [1mBOS fired: BEARISH | Broken level: 3149.21 | BOS count: 4 | Trend Confirmed: True[0m
[32m14:33:39[0m | [1mINFO    [0m | [36mbackend.strategies.core.market_structure[0m:[36mupdate[0m | [1mBOS fired: BEARISH | Broken level: 3149.21 | BOS count: 5 | Trend Confirmed: True[0m
[32m14:33:39[0m | [1mINFO    [0m | [36mbackend.strategies.core.market_structure[0m:[36mupdate[0m | [1mBOS fired: BEARISH | Broken level: 3149.21 | BOS count: 6 | Trend Confirmed: True[0m
[32m14:33:39[0m | [1mINFO    [0m | [36mbackend.strategies.core.market_structure[0m:[36mupdate[0m | [1mBOS fired: BEARISH | Broken level: 3149.21 | BOS count: 7 | Trend Confirmed: True[0m
[32m14:33:39[0m | [1mINFO    [0m | [36mbackend.strategies.core.market_structure[0m:[36mupdate[0m | [1mBOS fired: BEARISH | Broken level: 3143.118 | BOS count: 8 | Trend Confirmed: True[0m
[32m14:33:39[0m | [1mINFO    [0m | [36mbackend.strategies.core.market_structure[0m:[36mupdate[0m | [1mBOS fired: BEARISH | Broken level: 3143.118 | BOS count: 9 | Trend Confirmed: True[0m
[32m14:33:39[0m | [1mINFO    [0m | [36mbackend.strategies.core.market_structure[0m:[36mupdate[0m | [1mBOS fired: BEARISH | Broken level: 3143.118 | BOS count: 10 | Trend Confirmed: True[0m
[32m14:33:39[0m | [1mINFO    [0m | [36mbackend.strategies.core.market_structure[0m:[36mupdate[0m | [1mBOS fired: BEARISH | Broken level: 3143.118 | BOS count: 11 | Trend Confirmed: True[0m
[32m14:33:39[0m | [1mINFO    [0m | [36mbackend.strategies.core.market_structure[0m:[36mupdate[0m | [1mBOS fired: BEARISH | Broken level: 3143.118 | BOS count: 12 | Trend Confirmed: True[0m
[32m14:33:39[0m | [1mINFO    [0m | [36mbackend.strategies.core.market_structure[0m:[36mupdate[0m | [1mBOS fired: BEARISH | Broken level: 3143.118 | BOS count: 13 | Trend Confirmed: True[0m
[32m14:33:39[0m | [1mINFO    [0m | [36mbackend.strategies.core.market_structure[0m:[36mupdate[0m | [1mBOS fired: BEARISH | Broken level: 3143.118 | BOS count: 14 | Trend Confirmed: True[0m
[32m14:33:39[0m | [1mINFO    [0m | [36mbackend.strategies.core.market_structure[0m:[36mupdate[0m | [1mBOS fired: BEARISH | Broken level: 3143.118 | BOS count: 15 | Trend Confirmed: True[0m
[32m14:33:39[0m | [1mINFO    [0m | [36mbackend.strategies.core.market_structure[0m:[36mupdate[0m | [1mBOS fired: BEARISH | Broken level: 3143.118 | BOS count: 16 | Trend Confirmed: True[0m
[32m14:33:39[0m | [1mINFO    [0m | [36mbackend.strategies.core.market_structure[0m:[36mupdate[0m | [1mBOS fired: BEARISH | Broken level: 3143.118 | BOS count: 17 | Trend Confirmed: True[0m
[32m14:33:39[0m | [1mINFO    [0m | [36mbackend.strategies.core.market_structure[0m:[36mupdate[0m | [1mBOS fired: BEARISH | Broken level: 3143.118 | BOS count: 18 | Trend Confirmed: True[0m
[32m14:33:39[0m | [1mINFO    [0m | [36mbackend.strategies.core.market_structure[0m:[36mupdate[0m | [1mBOS fired: BEARISH | Broken level: 3143.118 | BOS count: 19 | Trend Confirmed: True[0m
[32m14:33:39[0m | [1mINFO    [0m | [36mbackend.strategies.core.market_structure[0m:[36mupdate[0m | [1mBOS fired: BEARISH | Broken level: 3143.118 | BOS count: 20 | Trend Confirmed: True[0m
[32m14:33:39[0m | [1mINFO    [0m | [36mbackend.strategies.core.market_structure[0m:[36mupdate[0m | [1mBOS fired: BEARISH | Broken level: 3143.118 | BOS count: 21 | Trend Confirmed: True[0m
[32m14:33:39[0m | [1mINFO    [0m | [36mbackend.strategies.core.market_structure[0m:[36mupdate[0m | [1mBOS fired: BEARISH | Broken level: 3143.118 | BOS count: 22 | Trend Confirmed: True[0m
[32m14:33:39[0m | [1mINFO    [0m | [36mbackend.strategies.core.market_structure[0m:[36mupdate[0m | [1mBOS fired: BEARISH | Broken level: 3143.118 | BOS count: 23 | Trend Confirmed: True[0m
[32m14:33:39[0m | [1mINFO    [0m | [36mbackend.strategies.core.market_structure[0m:[36mupdate[0m | [1mBOS fired: BEARISH | Broken level: 3143.118 | BOS count: 24 | Trend Confirmed: True[0m
[32m14:33:39[0m | [1mINFO    [0m | [36mbackend.strategies.core.market_structure[0m:[36mupdate[0m | [1mBOS fired: BEARISH | Broken level: 3143.118 | BOS count: 25 | Trend Confirmed: True[0m
[32m14:33:39[0m | [1mINFO    [0m | [36mbackend.strategies.core.market_structure[0m:[36mupdate[0m | [1mBOS fired: BEARISH | Broken level: 3143.118 | BOS count: 26 | Trend Confirmed: True[0m
[32m14:33:39[0m | [1mINFO    [0m | [36mbackend.strategies.core.market_structure[0m:[36mupdate[0m | [1mBOS fired: BEARISH | Broken level: 3143.118 | BOS count: 27 | Trend Confirmed: True[0m
[32m14:33:39[0m | [1mINFO    [0m | [36mbackend.strategies.core.market_structure[0m:[36mupdate[0m | [1mBOS fired: BEARISH | Broken level: 3143.118 | BOS count: 28 | Trend Confirmed: True[0m
[32m14:33:39[0m | [1mINFO    [0m | [36mbackend.strategies.core.market_structure[0m:[36mupdate[0m | [1mBOS fired: BEARISH | Broken level: 3113.143 | BOS count: 29 | Trend Confirmed: True[0m
[32m14:33:39[0m | [1mINFO    [0m | [36mbackend.strategies.core.market_structure[0m:[36mupdate[0m | [1mBOS fired: BEARISH | Broken level: 3113.143 | BOS count: 30 | Trend Confirmed: True[0m
[32m14:33:39[0m | [1mINFO    [0m | [36mbackend.strategies.core.market_structure[0m:[36mupdate[0m | [1mBOS fired: BEARISH | Broken level: 3113.143 | BOS count: 31 | Trend Confirmed: True[0m
[32m14:33:39[0m | [1mINFO    [0m | [36mbackend.strategies.core.market_structure[0m:[36mupdate[0m | [1mBOS fired: BEARISH | Broken level: 3113.143 | BOS count: 32 | Trend Confirmed: True[0m
[32m14:33:39[0m | [1mINFO    [0m | [36mbackend.strategies.core.market_structure[0m:[36mupdate[0m | [1mBOS fired: BEARISH | Broken level: 3113.143 | BOS count: 33 | Trend Confirmed: True[0m
[32m14:33:39[0m | [1mINFO    [0m | [36mbackend.strategies.core.market_structure[0m:[36mupdate[0m | [1mBOS fired: BEARISH | Broken level: 3113.143 | BOS count: 34 | Trend Confirmed: True[0m
[32m14:33:39[0m | [1mINFO    [0m | [36mbackend.strategies.core.market_structure[0m:[36mupdate[0m | [1mBOS fired: BEARISH | Broken level: 3113.143 | BOS count: 35 | Trend Confirmed: True[0m
[32m14:33:39[0m | [1mINFO    [0m | [36mbackend.strategies.core.market_structure[0m:[36mupdate[0m | [1mBOS fired: BEARISH | Broken level: 3106.952 | BOS count: 36 | Trend Confirmed: True[0m
[32m14:33:39[0m | [1mINFO    [0m | [36mbackend.strategies.core.market_structure[0m:[36mupdate[0m | [1mBOS fired: BEARISH | Broken level: 3106.952 | BOS count: 37 | Trend Confirmed: True[0m
[32m14:33:39[0m | [1mINFO    [0m | [36mbackend.strategies.core.market_structure[0m:[36mupdate[0m | [1mBOS fired: BEARISH | Broken level: 3106.952 | BOS count: 38 | Trend Confirmed: True[0m
[32m14:33:39[0m | [1mINFO    [0m | [36mbackend.strategies.core.market_structure[0m:[36mupdate[0m | [1mBOS fired: BEARISH | Broken level: 3106.952 | BOS count: 39 | Trend Confirmed: True[0m
[32m14:33:39[0m | [1mINFO    [0m | [36mbackend.strategies.core.market_structure[0m:[36mupdate[0m | [1mBOS fired: BEARISH | Broken level: 3106.952 | BOS count: 40 | Trend Confirmed: True[0m
[32m14:33:39[0m | [1mINFO    [0m | [36mbackend.strategies.core.market_structure[0m:[36mupdate[0m | [1mChoCH fired: BULLISH | Broken level: 3120.814 | BOS count: 1[0m
[32m14:33:39[0m | [1mINFO    [0m | [36mbackend.strategies.core.market_structure[0m:[36mupdate[0m | [1mBOS fired: BULLISH | Broken level: 3120.814 | BOS count: 2 | Trend Confirmed: True[0m
[32m14:33:39[0m | [1mINFO    [0m | [36mbackend.strategies.core.market_structure[0m:[36mupdate[0m | [1mBOS fired: BULLISH | Broken level: 3120.814 | BOS count: 3 | Trend Confirmed: True[0m
[32m14:33:39[0m | [1mINFO    [0m | [36mbackend.strategies.core.market_structure[0m:[36mupdate[0m | [1mBOS fired: BULLISH | Broken level: 3120.814 | BOS count: 4 | Trend Confirmed: True[0m
[32m14:33:39[0m | [1mINFO    [0m | [36mbackend.strategies.core.market_structure[0m:[36mupdate[0m | [1mBOS fired: BULLISH | Broken level: 3120.814 | BOS count: 5 | Trend Confirmed: True[0m
[32m14:33:39[0m | [1mINFO    [0m | [36mbackend.strategies.core.market_structure[0m:[36mupdate[0m | [1mBOS fired: BULLISH | Broken level: 3120.814 | BOS count: 6 | Trend Confirmed: True[0m
[32m14:33:39[0m | [1mINFO    [0m | [36mbackend.strategies.core.market_structure[0m:[36mupdate[0m | [1mBOS fired: BULLISH | Broken level: 3120.814 | BOS count: 7 | Trend Confirmed: True[0m
[32m14:33:39[0m | [1mINFO    [0m | [36mbackend.strategies.core.market_structure[0m:[36mupdate[0m | [1mBOS fired: BULLISH | Broken level: 3120.814 | BOS count: 8 | Trend Confirmed: True[0m
[32m14:33:39[0m | [1mINFO    [0m | [36mbackend.strategies.core.market_structure[0m:[36mupdate[0m | [1mBOS fired: BULLISH | Broken level: 3120.814 | BOS count: 9 | Trend Confirmed: True[0m
[32m14:33:39[0m | [1mINFO    [0m | [36mbackend.strategies.core.market_structure[0m:[36mupdate[0m | [1mBOS fired: BULLISH | Broken level: 3120.814 | BOS count: 10 | Trend Confirmed: True[0m
[32m14:33:39[0m | [1mINFO    [0m | [36mbackend.strategies.core.market_structure[0m:[36mupdate[0m | [1mBOS fired: BULLISH | Broken level: 3120.814 | BOS count: 11 | Trend Confirmed: True[0m
[32m14:33:39[0m | [1mINFO    [0m | [36mbackend.strategies.core.market_structure[0m:[36mupdate[0m | [1mBOS fired: BULLISH | Broken level: 3120.814 | BOS count: 12 | Trend Confirmed: True[0m
[32m14:33:39[0m | [1mINFO    [0m | [36mbackend.strategies.core.market_structure[0m:[36mupdate[0m | [1mBOS fired: BULLISH | Broken level: 3120.814 | BOS count: 13 | Trend Confirmed: True[0m
[32m14:33:39[0m | [1mINFO    [0m | [36mbackend.strategies.core.market_structure[0m:[36mupdate[0m | [1mBOS fired: BULLISH | Broken level: 3120.814 | BOS count: 14 | Trend Confirmed: True[0m
[32m14:33:39[0m | [1mINFO    [0m | [36mbackend.strategies.core.market_structure[0m:[36mupdate[0m | [1mBOS fired: BULLISH | Broken level: 3120.814 | BOS count: 15 | Trend Confirmed: True[0m
[32m14:33:39[0m | [1mINFO    [0m | [36mbackend.strategies.core.market_structure[0m:[36mupdate[0m | [1mBOS fired: BULLISH | Broken level: 3120.814 | BOS count: 16 | Trend Confirmed: True[0m
[32m14:33:39[0m | [1mINFO    [0m | [36mbackend.strategies.core.market_structure[0m:[36mupdate[0m | [1mBOS fired: BULLISH | Broken level: 3120.814 | BOS count: 17 | Trend Confirmed: True[0m
[32m14:33:39[0m | [1mINFO    [0m | [36mbackend.strategies.core.market_structure[0m:[36mupdate[0m | [1mBOS fired: BULLISH | Broken level: 3120.814 | BOS count: 18 | Trend Confirmed: True[0m
[32m14:33:39[0m | [1mINFO    [0m | [36mbackend.strategies.core.market_structure[0m:[36mupdate[0m | [1mBOS fired: BULLISH | Broken level: 3120.814 | BOS count: 19 | Trend Confirmed: True[0m
[32m14:33:39[0m | [1mINFO    [0m | [36mbackend.strategies.core.market_structure[0m:[36mupdate[0m | [1mBOS fired: BULLISH | Broken level: 3120.814 | BOS count: 20 | Trend Confirmed: True[0m
[32m14:33:40[0m | [1mINFO    [0m | [36mbackend.strategies.core.market_structure[0m:[36mupdate[0m | [1mBOS fired: BULLISH | Broken level: 3120.814 | BOS count: 21 | Trend Confirmed: True[0m
[32m14:33:40[0m | [1mINFO    [0m | [36mbackend.strategies.core.market_structure[0m:[36mupdate[0m | [1mBOS fired: BULLISH | Broken level: 3120.814 | BOS count: 22 | Trend Confirmed: True[0m
[32m14:33:40[0m | [1mINFO    [0m | [36mbackend.strategies.core.market_structure[0m:[36mupdate[0m | [1mBOS fired: BULLISH | Broken level: 3120.814 | BOS count: 23 | Trend Confirmed: True[0m
[32m14:33:40[0m | [1mINFO    [0m | [36mbackend.strategies.core.market_structure[0m:[36mupdate[0m | [1mBOS fired: BULLISH | Broken level: 3120.814 | BOS count: 24 | Trend Confirmed: True[0m
[32m14:33:40[0m | [1mINFO    [0m | [36mbackend.strategies.core.market_structure[0m:[36mupdate[0m | [1mChoCH fired: BEARISH | Broken level: 3064.198 | BOS count: 1[0m
[32m14:33:40[0m | [1mINFO    [0m | [36mbackend.strategies.core.market_structure[0m:[36mupdate[0m | [1mBOS fired: BEARISH | Broken level: 3062.79 | BOS count: 2 | Trend Confirmed: True[0m
[32m14:33:40[0m | [1mINFO    [0m | [36mbackend.strategies.core.market_structure[0m:[36mupdate[0m | [1mBOS fired: BEARISH | Broken level: 3062.79 | BOS count: 3 | Trend Confirmed: True[0m
[32m14:33:40[0m | [1mINFO    [0m | [36mbackend.strategies.core.market_structure[0m:[36mupdate[0m | [1mBOS fired: BEARISH | Broken level: 3062.79 | BOS count: 4 | Trend Confirmed: True[0m
[32m14:33:40[0m | [1mINFO    [0m | [36mbackend.strategies.core.market_structure[0m:[36mupdate[0m | [1mBOS fired: BEARISH | Broken level: 3062.79 | BOS count: 5 | Trend Confirmed: True[0m
[32m14:33:40[0m | [1mINFO    [0m | [36mbackend.strategies.core.market_structure[0m:[36mupdate[0m | [1mBOS fired: BEARISH | Broken level: 3062.79 | BOS count: 6 | Trend Confirmed: True[0m
[32m14:33:40[0m | [1mINFO    [0m | [36mbackend.strategies.core.market_structure[0m:[36mupdate[0m | [1mBOS fired: BEARISH | Broken level: 3062.79 | BOS count: 7 | Trend Confirmed: True[0m
[32m14:33:40[0m | [1mINFO    [0m | [36mbackend.strategies.core.market_structure[0m:[36mupdate[0m | [1mBOS fired: BEARISH | Broken level: 3062.79 | BOS count: 8 | Trend Confirmed: True[0m
[32m14:33:40[0m | [1mINFO    [0m | [36mbackend.strategies.core.market_structure[0m:[36mupdate[0m | [1mBOS fired: BEARISH | Broken level: 3062.79 | BOS count: 9 | Trend Confirmed: True[0m
[32m14:33:40[0m | [1mINFO    [0m | [36mbackend.strategies.core.market_structure[0m:[36mupdate[0m | [1mBOS fired: BEARISH | Broken level: 3062.79 | BOS count: 10 | Trend Confirmed: True[0m
[32m14:33:40[0m | [1mINFO    [0m | [36mbackend.strategies.core.market_structure[0m:[36mupdate[0m | [1mBOS fired: BEARISH | Broken level: 3062.79 | BOS count: 11 | Trend Confirmed: True[0m
[32m14:33:40[0m | [1mINFO    [0m | [36mbackend.strategies.core.market_structure[0m:[36mupdate[0m | [1mBOS fired: BEARISH | Broken level: 3062.79 | BOS count: 12 | Trend Confirmed: True[0m
[32m14:33:40[0m | [1mINFO    [0m | [36mbackend.strategies.core.market_structure[0m:[36mupdate[0m | [1mBOS fired: BEARISH | Broken level: 3056.68 | BOS count: 13 | Trend Confirmed: True[0m
[32m14:33:40[0m | [1mINFO    [0m | [36mbackend.strategies.core.market_structure[0m:[36mupdate[0m | [1mBOS fired: BEARISH | Broken level: 3056.68 | BOS count: 14 | Trend Confirmed: True[0m
[32m14:33:40[0m | [1mINFO    [0m | [36mbackend.strategies.core.market_structure[0m:[36mupdate[0m | [1mBOS fired: BEARISH | Broken level: 3054.059 | BOS count: 15 | Trend Confirmed: True[0m
[32m14:33:40[0m | [1mINFO    [0m | [36mbackend.strategies.core.market_structure[0m:[36mupdate[0m | [1mBOS fired: BEARISH | Broken level: 3054.059 | BOS count: 16 | Trend Confirmed: True[0m
[32m14:33:40[0m | [1mINFO    [0m | [36mbackend.strategies.core.market_structure[0m:[36mupdate[0m | [1mBOS fired: BEARISH | Broken level: 3054.059 | BOS count: 17 | Trend Confirmed: True[0m
[32m14:33:40[0m | [1mINFO    [0m | [36mbackend.strategies.core.market_structure[0m:[36mupdate[0m | [1mBOS fired: BEARISH | Broken level: 3054.059 | BOS count: 18 | Trend Confirmed: True[0m
[32m14:33:40[0m | [1mINFO    [0m | [36mbackend.strategies.core.market_structure[0m:[36mupdate[0m | [1mBOS fired: BEARISH | Broken level: 3054.059 | BOS count: 19 | Trend Confirmed: True[0m
[32m14:33:40[0m | [1mINFO    [0m | [36mbackend.strategies.core.market_structure[0m:[36mupdate[0m | [1mBOS fired: BEARISH | Broken level: 3054.059 | BOS count: 20 | Trend Confirmed: True[0m
[32m14:33:40[0m | [1mINFO    [0m | [36mbackend.strategies.core.market_structure[0m:[36mupdate[0m | [1mBOS fired: BEARISH | Broken level: 3054.059 | BOS count: 21 | Trend Confirmed: True[0m
[32m14:33:40[0m | [1mINFO    [0m | [36mbackend.strategies.core.market_structure[0m:[36mupdate[0m | [1mBOS fired: BEARISH | Broken level: 3054.059 | BOS count: 22 | Trend Confirmed: True[0m
[32m14:33:40[0m | [1mINFO    [0m | [36mbackend.strategies.core.market_structure[0m:[36mupdate[0m | [1mBOS fired: BEARISH | Broken level: 3054.059 | BOS count: 23 | Trend Confirmed: True[0m
[32m14:33:40[0m | [1mINFO    [0m | [36mbackend.strategies.core.market_structure[0m:[36mupdate[0m | [1mBOS fired: BEARISH | Broken level: 3054.059 | BOS count: 24 | Trend Confirmed: True[0m
[32m14:33:40[0m | [1mINFO    [0m | [36mbackend.strategies.core.market_structure[0m:[36mupdate[0m | [1mBOS fired: BEARISH | Broken level: 3054.059 | BOS count: 25 | Trend Confirmed: True[0m
[32m14:33:40[0m | [1mINFO    [0m | [36mbackend.strategies.core.market_structure[0m:[36mupdate[0m | [1mBOS fired: BEARISH | Broken level: 3054.059 | BOS count: 26 | Trend Confirmed: True[0m
[32m14:33:41[0m | [1mINFO    [0m | [36mbackend.strategies.core.market_structure[0m:[36mupdate[0m | [1mBOS fired: BEARISH | Broken level: 3036.777 | BOS count: 27 | Trend Confirmed: True[0m
[32m14:33:41[0m | [1mINFO    [0m | [36mbackend.strategies.core.market_structure[0m:[36mupdate[0m | [1mBOS fired: BEARISH | Broken level: 3036.777 | BOS count: 28 | Trend Confirmed: True[0m
[32m14:33:41[0m | [1mINFO    [0m | [36mbackend.strategies.core.market_structure[0m:[36mupdate[0m | [1mBOS fired: BEARISH | Broken level: 3036.777 | BOS count: 29 | Trend Confirmed: True[0m
[32m14:33:41[0m | [1mINFO    [0m | [36mbackend.strategies.core.market_structure[0m:[36mupdate[0m | [1mBOS fired: BEARISH | Broken level: 3036.777 | BOS count: 30 | Trend Confirmed: True[0m
[32m14:33:41[0m | [1mINFO    [0m | [36mbackend.strategies.core.market_structure[0m:[36mupdate[0m | [1mBOS fired: BEARISH | Broken level: 3031.117 | BOS count: 31 | Trend Confirmed: True[0m
[32m14:33:41[0m | [1mINFO    [0m | [36mbackend.strategies.core.market_structure[0m:[36mupdate[0m | [1mBOS fired: BEARISH | Broken level: 3031.117 | BOS count: 32 | Trend Confirmed: True[0m
[32m14:33:41[0m | [1mINFO    [0m | [36mbackend.strategies.core.market_structure[0m:[36mupdate[0m | [1mBOS fired: BEARISH | Broken level: 3031.117 | BOS count: 33 | Trend Confirmed: True[0m
[32m14:33:41[0m | [1mINFO    [0m | [36mbackend.strategies.core.market_structure[0m:[36mupdate[0m | [1mBOS fired: BEARISH | Broken level: 3031.117 | BOS count: 34 | Trend Confirmed: True[0m
[32m14:33:41[0m | [1mINFO    [0m | [36mbackend.strategies.core.market_structure[0m:[36mupdate[0m | [1mBOS fired: BEARISH | Broken level: 3031.117 | BOS count: 35 | Trend Confirmed: True[0m
[32m14:33:41[0m | [1mINFO    [0m | [36mbackend.strategies.core.market_structure[0m:[36mupdate[0m | [1mBOS fired: BEARISH | Broken level: 3031.117 | BOS count: 36 | Trend Confirmed: True[0m
[32m14:33:41[0m | [1mINFO    [0m | [36mbackend.strategies.core.market_structure[0m:[36mupdate[0m | [1mBOS fired: BEARISH | Broken level: 3031.117 | BOS count: 37 | Trend Confirmed: True[0m
[32m14:33:41[0m | [1mINFO    [0m | [36mbackend.strategies.core.market_structure[0m:[36mupdate[0m | [1mBOS fired: BEARISH | Broken level: 3031.117 | BOS count: 38 | Trend Confirmed: True[0m
[32m14:33:41[0m | [1mINFO    [0m | [36mbackend.strategies.core.market_structure[0m:[36mupdate[0m | [1mBOS fired: BEARISH | Broken level: 3031.117 | BOS count: 39 | Trend Confirmed: True[0m
[32m14:33:41[0m | [1mINFO    [0m | [36mbackend.strategies.core.market_structure[0m:[36mupdate[0m | [1mBOS fired: BEARISH | Broken level: 3031.117 | BOS count: 40 | Trend Confirmed: True[0m
[32m14:33:41[0m | [1mINFO    [0m | [36mbackend.strategies.core.market_structure[0m:[36mupdate[0m | [1mBOS fired: BEARISH | Broken level: 3031.117 | BOS count: 41 | Trend Confirmed: True[0m
[32m14:33:41[0m | [1mINFO    [0m | [36mbackend.strategies.core.market_structure[0m:[36mupdate[0m | [1mBOS fired: BEARISH | Broken level: 3031.117 | BOS count: 42 | Trend Confirmed: True[0m
[32m14:33:41[0m | [1mINFO    [0m | [36mbackend.strategies.core.market_structure[0m:[36mupdate[0m | [1mBOS fired: BEARISH | Broken level: 3031.117 | BOS count: 43 | Trend Confirmed: True[0m
[32m14:33:41[0m | [1mINFO    [0m | [36mbackend.strategies.core.market_structure[0m:[36mupdate[0m | [1mBOS fired: BEARISH | Broken level: 3031.117 | BOS count: 44 | Trend Confirmed: True[0m
[32m14:33:41[0m | [1mINFO    [0m | [36mbackend.strategies.core.market_structure[0m:[36mupdate[0m | [1mBOS fired: BEARISH | Broken level: 3031.117 | BOS count: 45 | Trend Confirmed: True[0m
[32m14:33:41[0m | [1mINFO    [0m | [36mbackend.strategies.core.market_structure[0m:[36mupdate[0m | [1mBOS fired: BEARISH | Broken level: 3031.117 | BOS count: 46 | Trend Confirmed: True[0m
[32m14:33:41[0m | [1mINFO    [0m | [36mbackend.strategies.core.market_structure[0m:[36mupdate[0m | [1mChoCH fired: BULLISH | Broken level: 3031.053 | BOS count: 1[0m
[32m14:33:41[0m | [1mINFO    [0m | [36mbackend.strategies.core.market_structure[0m:[36mupdate[0m | [1mBOS fired: BULLISH | Broken level: 3031.053 | BOS count: 2 | Trend Confirmed: True[0m
[32m14:33:41[0m | [1mINFO    [0m | [36mbackend.strategies.core.market_structure[0m:[36mupdate[0m | [1mBOS fired: BULLISH | Broken level: 3031.053 | BOS count: 3 | Trend Confirmed: True[0m
[32m14:33:41[0m | [1mINFO    [0m | [36mbackend.strategies.core.market_structure[0m:[36mupdate[0m | [1mBOS fired: BULLISH | Broken level: 3031.053 | BOS count: 4 | Trend Confirmed: True[0m
[32m14:33:41[0m | [1mINFO    [0m | [36mbackend.strategies.core.market_structure[0m:[36mupdate[0m | [1mBOS fired: BULLISH | Broken level: 3031.053 | BOS count: 5 | Trend Confirmed: True[0m
[32m14:33:41[0m | [1mINFO    [0m | [36mbackend.strategies.core.market_structure[0m:[36mupdate[0m | [1mBOS fired: BULLISH | Broken level: 3031.053 | BOS count: 6 | Trend Confirmed: True[0m
[32m14:33:41[0m | [1mINFO    [0m | [36mbackend.strategies.core.market_structure[0m:[36mupdate[0m | [1mBOS fired: BULLISH | Broken level: 3031.053 | BOS count: 7 | Trend Confirmed: True[0m
[32m14:33:41[0m | [1mINFO    [0m | [36mbackend.strategies.core.market_structure[0m:[36mupdate[0m | [1mBOS fired: BULLISH | Broken level: 3031.053 | BOS count: 8 | Trend Confirmed: True[0m
[32m14:33:41[0m | [1mINFO    [0m | [36mbackend.strategies.core.market_structure[0m:[36mupdate[0m | [1mBOS fired: BULLISH | Broken level: 3031.053 | BOS count: 9 | Trend Confirmed: True[0m
[32m14:33:41[0m | [1mINFO    [0m | [36mbackend.strategies.core.market_structure[0m:[36mupdate[0m | [1mBOS fired: BULLISH | Broken level: 3031.053 | BOS count: 10 | Trend Confirmed: True[0m
[32m14:33:41[0m | [1mINFO    [0m | [36mbackend.strategies.core.market_structure[0m:[36mupdate[0m | [1mBOS fired: BULLISH | Broken level: 3031.053 | BOS count: 11 | Trend Confirmed: True[0m
[32m14:33:41[0m | [1mINFO    [0m | [36mbackend.strategies.core.market_structure[0m:[36mupdate[0m | [1mBOS fired: BULLISH | Broken level: 3031.053 | BOS count: 12 | Trend Confirmed: True[0m
[32m14:33:41[0m | [1mINFO    [0m | [36mbackend.strategies.core.market_structure[0m:[36mupdate[0m | [1mBOS fired: BULLISH | Broken level: 3031.053 | BOS count: 13 | Trend Confirmed: True[0m
[32m14:33:41[0m | [1mINFO    [0m | [36mbackend.strategies.core.market_structure[0m:[36mupdate[0m | [1mBOS fired: BULLISH | Broken level: 3031.053 | BOS count: 14 | Trend Confirmed: True[0m
[32m14:33:41[0m | [1mINFO    [0m | [36mbackend.strategies.core.market_structure[0m:[36mupdate[0m | [1mBOS fired: BULLISH | Broken level: 3031.053 | BOS count: 15 | Trend Confirmed: True[0m
[32m14:33:41[0m | [1mINFO    [0m | [36mbackend.strategies.core.market_structure[0m:[36mupdate[0m | [1mBOS fired: BULLISH | Broken level: 3031.053 | BOS count: 16 | Trend Confirmed: True[0m
[32m14:33:41[0m | [1mINFO    [0m | [36mbackend.strategies.core.market_structure[0m:[36mupdate[0m | [1mBOS fired: BULLISH | Broken level: 3031.053 | BOS count: 17 | Trend Confirmed: True[0m
[32m14:33:41[0m | [1mINFO    [0m | [36mbackend.strategies.core.market_structure[0m:[36mupdate[0m | [1mBOS fired: BULLISH | Broken level: 3031.053 | BOS count: 18 | Trend Confirmed: True[0m
[32m14:33:41[0m | [1mINFO    [0m | [36mbackend.strategies.core.market_structure[0m:[36mupdate[0m | [1mBOS fired: BULLISH | Broken level: 3031.053 | BOS count: 19 | Trend Confirmed: True[0m
[32m14:33:41[0m | [1mINFO    [0m | [36mbackend.strategies.core.market_structure[0m:[36mupdate[0m | [1mBOS fired: BULLISH | Broken level: 3031.053 | BOS count: 20 | Trend Confirmed: True[0m
[32m14:33:41[0m | [1mINFO    [0m | [36mbackend.strategies.core.market_structure[0m:[36mupdate[0m | [1mBOS fired: BULLISH | Broken level: 3031.053 | BOS count: 21 | Trend Confirmed: True[0m
[32m14:33:41[0m | [1mINFO    [0m | [36mbackend.strategies.core.market_structure[0m:[36mupdate[0m | [1mBOS fired: BULLISH | Broken level: 3032.514 | BOS count: 22 | Trend Confirmed: True[0m
[32m14:33:41[0m | [1mINFO    [0m | [36mbackend.strategies.core.market_structure[0m:[36mupdate[0m | [1mBOS fired: BULLISH | Broken level: 3032.514 | BOS count: 23 | Trend Confirmed: True[0m
[32m14:33:41[0m | [1mINFO    [0m | [36mbackend.strategies.core.market_structure[0m:[36mupdate[0m | [1mBOS fired: BULLISH | Broken level: 3032.514 | BOS count: 24 | Trend Confirmed: True[0m
[32m14:33:41[0m | [1mINFO    [0m | [36mbackend.strategies.core.market_structure[0m:[36mupdate[0m | [1mBOS fired: BULLISH | Broken level: 3032.514 | BOS count: 25 | Trend Confirmed: True[0m
[32m14:33:41[0m | [1mINFO    [0m | [36mbackend.strategies.core.market_structure[0m:[36mupdate[0m | [1mBOS fired: BULLISH | Broken level: 3032.514 | BOS count: 26 | Trend Confirmed: True[0m
[32m14:33:41[0m | [1mINFO    [0m | [36mbackend.strategies.core.market_structure[0m:[36mupdate[0m | [1mBOS fired: BULLISH | Broken level: 3032.514 | BOS count: 27 | Trend Confirmed: True[0m
[32m14:33:41[0m | [1mINFO    [0m | [36mbackend.strategies.core.market_structure[0m:[36mupdate[0m | [1mBOS fired: BULLISH | Broken level: 3032.514 | BOS count: 28 | Trend Confirmed: True[0m
[32m14:33:41[0m | [1mINFO    [0m | [36mbackend.strategies.core.market_structure[0m:[36mupdate[0m | [1mBOS fired: BULLISH | Broken level: 3032.514 | BOS count: 29 | Trend Confirmed: True[0m
[32m14:33:42[0m | [1mINFO    [0m | [36mbackend.strategies.core.market_structure[0m:[36mupdate[0m | [1mBOS fired: BULLISH | Broken level: 3086.692 | BOS count: 30 | Trend Confirmed: True[0m
[32m14:33:42[0m | [1mINFO    [0m | [36mbackend.strategies.core.market_structure[0m:[36mupdate[0m | [1mBOS fired: BULLISH | Broken level: 3086.692 | BOS count: 31 | Trend Confirmed: True[0m
[32m14:33:42[0m | [1mINFO    [0m | [36mbackend.strategies.core.market_structure[0m:[36mupdate[0m | [1mBOS fired: BULLISH | Broken level: 3086.692 | BOS count: 32 | Trend Confirmed: True[0m
[32m14:33:42[0m | [1mINFO    [0m | [36mbackend.strategies.core.market_structure[0m:[36mupdate[0m | [1mBOS fired: BULLISH | Broken level: 3092.983 | BOS count: 33 | Trend Confirmed: True[0m
[32m14:33:42[0m | [1mINFO    [0m | [36mbackend.strategies.core.market_structure[0m:[36mupdate[0m | [1mBOS fired: BULLISH | Broken level: 3092.983 | BOS count: 34 | Trend Confirmed: True[0m
[32m14:33:42[0m | [1mINFO    [0m | [36mbackend.strategies.core.market_structure[0m:[36mupdate[0m | [1mBOS fired: BULLISH | Broken level: 3092.983 | BOS count: 35 | Trend Confirmed: True[0m
[32m14:33:42[0m | [1mINFO    [0m | [36mbackend.strategies.core.market_structure[0m:[36mupdate[0m | [1mBOS fired: BULLISH | Broken level: 3092.983 | BOS count: 36 | Trend Confirmed: True[0m
[32m14:33:42[0m | [1mINFO    [0m | [36mbackend.strategies.core.market_structure[0m:[36mupdate[0m | [1mBOS fired: BULLISH | Broken level: 3101.006 | BOS count: 37 | Trend Confirmed: True[0m
[32m14:33:43[0m | [1mINFO    [0m | [36mbackend.strategies.core.market_structure[0m:[36mupdate[0m | [1mBOS fired: BULLISH | Broken level: 3071.82 | BOS count: 38 | Trend Confirmed: True[0m
[32m14:33:43[0m | [1mINFO    [0m | [36mbackend.strategies.core.market_structure[0m:[36mupdate[0m | [1mBOS fired: BULLISH | Broken level: 3071.82 | BOS count: 39 | Trend Confirmed: True[0m
[32m14:33:43[0m | [1mINFO    [0m | [36mbackend.strategies.core.market_structure[0m:[36mupdate[0m | [1mBOS fired: BULLISH | Broken level: 3071.82 | BOS count: 40 | Trend Confirmed: True[0m
[32m14:33:43[0m | [1mINFO    [0m | [36mbackend.strategies.core.market_structure[0m:[36mupdate[0m | [1mBOS fired: BULLISH | Broken level: 3071.82 | BOS count: 41 | Trend Confirmed: True[0m
[32m14:33:43[0m | [1mINFO    [0m | [36mbackend.strategies.core.market_structure[0m:[36mupdate[0m | [1mBOS fired: BULLISH | Broken level: 3071.82 | BOS count: 42 | Trend Confirmed: True[0m
[32m14:33:43[0m | [1mINFO    [0m | [36mbackend.strategies.core.market_structure[0m:[36mupdate[0m | [1mBOS fired: BULLISH | Broken level: 3071.82 | BOS count: 43 | Trend Confirmed: True[0m
[32m14:33:43[0m | [1mINFO    [0m | [36mbackend.strategies.core.market_structure[0m:[36mupdate[0m | [1mBOS fired: BULLISH | Broken level: 3071.82 | BOS count: 44 | Trend Confirmed: True[0m
[32m14:33:43[0m | [1mINFO    [0m | [36mbackend.strategies.core.market_structure[0m:[36mupdate[0m | [1mBOS fired: BULLISH | Broken level: 3071.82 | BOS count: 45 | Trend Confirmed: True[0m
[32m14:33:43[0m | [1mINFO    [0m | [36mbackend.strategies.core.market_structure[0m:[36mupdate[0m | [1mBOS fired: BULLISH | Broken level: 3071.82 | BOS count: 46 | Trend Confirmed: True[0m
[32m14:33:43[0m | [1mINFO    [0m | [36mbackend.strategies.core.market_structure[0m:[36mupdate[0m | [1mBOS fired: BULLISH | Broken level: 3065.935 | BOS count: 47 | Trend Confirmed: True[0m
[32m14:33:43[0m | [1mINFO    [0m | [36mbackend.strategies.core.market_structure[0m:[36mupdate[0m | [1mBOS fired: BULLISH | Broken level: 3065.935 | BOS count: 48 | Trend Confirmed: True[0m
[32m14:33:43[0m | [1mINFO    [0m | [36mbackend.strategies.core.market_structure[0m:[36mupdate[0m | [1mBOS fired: BULLISH | Broken level: 3065.935 | BOS count: 49 | Trend Confirmed: True[0m
[32m14:33:43[0m | [1mINFO    [0m | [36mbackend.strategies.core.market_structure[0m:[36mupdate[0m | [1mBOS fired: BULLISH | Broken level: 3065.935 | BOS count: 50 | Trend Confirmed: True[0m
[32m14:33:43[0m | [1mINFO    [0m | [36mbackend.strategies.core.market_structure[0m:[36mupdate[0m | [1mBOS fired: BULLISH | Broken level: 3065.935 | BOS count: 51 | Trend Confirmed: True[0m
[32m14:33:43[0m | [1mINFO    [0m | [36mbackend.strategies.core.market_structure[0m:[36mupdate[0m | [1mBOS fired: BULLISH | Broken level: 3065.935 | BOS count: 52 | Trend Confirmed: True[0m
[32m14:33:43[0m | [1mINFO    [0m | [36mbackend.strategies.core.market_structure[0m:[36mupdate[0m | [1mBOS fired: BULLISH | Broken level: 3065.935 | BOS count: 53 | Trend Confirmed: True[0m
[32m14:33:44[0m | [1mINFO    [0m | [36mbackend.strategies.core.market_structure[0m:[36mupdate[0m | [1mBOS fired: BULLISH | Broken level: 3032.121 | BOS count: 54 | Trend Confirmed: True[0m
[32m14:33:44[0m | [1mINFO    [0m | [36mbackend.strategies.core.market_structure[0m:[36mupdate[0m | [1mChoCH fired: BEARISH | Broken level: 3020.142 | BOS count: 1[0m
[32m14:33:44[0m | [1mINFO    [0m | [36mbackend.strategies.core.market_structure[0m:[36mupdate[0m | [1mBOS fired: BEARISH | Broken level: 3020.142 | BOS count: 2 | Trend Confirmed: True[0m
[32m14:33:44[0m | [1mINFO    [0m | [36mbackend.strategies.core.market_structure[0m:[36mupdate[0m | [1mBOS fired: BEARISH | Broken level: 3020.142 | BOS count: 3 | Trend Confirmed: True[0m
[32m14:33:44[0m | [1mINFO    [0m | [36mbackend.strategies.core.market_structure[0m:[36mupdate[0m | [1mBOS fired: BEARISH | Broken level: 3020.142 | BOS count: 4 | Trend Confirmed: True[0m
[32m14:33:44[0m | [1mINFO    [0m | [36mbackend.strategies.core.market_structure[0m:[36mupdate[0m | [1mBOS fired: BEARISH | Broken level: 3020.142 | BOS count: 5 | Trend Confirmed: True[0m
[32m14:33:44[0m | [1mINFO    [0m | [36mbackend.strategies.core.market_structure[0m:[36mupdate[0m | [1mBOS fired: BEARISH | Broken level: 3020.142 | BOS count: 6 | Trend Confirmed: True[0m
[32m14:33:44[0m | [1mINFO    [0m | [36mbackend.strategies.core.market_structure[0m:[36mupdate[0m | [1mBOS fired: BEARISH | Broken level: 3020.142 | BOS count: 7 | Trend Confirmed: True[0m
[32m14:33:44[0m | [1mINFO    [0m | [36mbackend.strategies.core.market_structure[0m:[36mupdate[0m | [1mBOS fired: BEARISH | Broken level: 3020.142 | BOS count: 8 | Trend Confirmed: True[0m
[32m14:33:44[0m | [1mINFO    [0m | [36mbackend.strategies.core.market_structure[0m:[36mupdate[0m | [1mBOS fired: BEARISH | Broken level: 3020.142 | BOS count: 9 | Trend Confirmed: True[0m
[32m14:33:44[0m | [1mINFO    [0m | [36mbackend.strategies.core.market_structure[0m:[36mupdate[0m | [1mBOS fired: BEARISH | Broken level: 3020.142 | BOS count: 10 | Trend Confirmed: True[0m
[32m14:33:44[0m | [1mINFO    [0m | [36mbackend.strategies.core.market_structure[0m:[36mupdate[0m | [1mBOS fired: BEARISH | Broken level: 3020.142 | BOS count: 11 | Trend Confirmed: True[0m
[32m14:33:44[0m | [1mINFO    [0m | [36mbackend.strategies.core.market_structure[0m:[36mupdate[0m | [1mBOS fired: BEARISH | Broken level: 3020.142 | BOS count: 12 | Trend Confirmed: True[0m
[32m14:33:44[0m | [1mINFO    [0m | [36mbackend.strategies.core.market_structure[0m:[36mupdate[0m | [1mBOS fired: BEARISH | Broken level: 3020.142 | BOS count: 13 | Trend Confirmed: True[0m
[32m14:33:44[0m | [1mINFO    [0m | [36mbackend.strategies.core.market_structure[0m:[36mupdate[0m | [1mBOS fired: BEARISH | Broken level: 3020.142 | BOS count: 14 | Trend Confirmed: True[0m
[32m14:33:44[0m | [1mINFO    [0m | [36mbackend.strategies.core.market_structure[0m:[36mupdate[0m | [1mBOS fired: BEARISH | Broken level: 3012.133 | BOS count: 15 | Trend Confirmed: True[0m
[32m14:33:44[0m | [1mINFO    [0m | [36mbackend.strategies.core.market_structure[0m:[36mupdate[0m | [1mBOS fired: BEARISH | Broken level: 3011.021 | BOS count: 16 | Trend Confirmed: True[0m
[32m14:33:44[0m | [1mINFO    [0m | [36mbackend.strategies.core.market_structure[0m:[36mupdate[0m | [1mChoCH fired: BULLISH | Broken level: 3024.545 | BOS count: 1[0m
[32m14:33:44[0m | [1mINFO    [0m | [36mbackend.strategies.core.market_structure[0m:[36mupdate[0m | [1mBOS fired: BULLISH | Broken level: 3024.545 | BOS count: 2 | Trend Confirmed: True[0m
[32m14:33:44[0m | [1mINFO    [0m | [36mbackend.strategies.core.market_structure[0m:[36mupdate[0m | [1mBOS fired: BULLISH | Broken level: 3024.545 | BOS count: 3 | Trend Confirmed: True[0m
[32m14:33:44[0m | [1mINFO    [0m | [36mbackend.strategies.core.market_structure[0m:[36mupdate[0m | [1mBOS fired: BULLISH | Broken level: 3024.545 | BOS count: 4 | Trend Confirmed: True[0m
[32m14:33:44[0m | [1mINFO    [0m | [36mbackend.strategies.core.market_structure[0m:[36mupdate[0m | [1mBOS fired: BULLISH | Broken level: 3024.545 | BOS count: 5 | Trend Confirmed: True[0m
[32m14:33:44[0m | [1mINFO    [0m | [36mbackend.strategies.core.market_structure[0m:[36mupdate[0m | [1mBOS fired: BULLISH | Broken level: 3024.545 | BOS count: 6 | Trend Confirmed: True[0m
[32m14:33:44[0m | [1mINFO    [0m | [36mbackend.strategies.core.market_structure[0m:[36mupdate[0m | [1mBOS fired: BULLISH | Broken level: 3024.545 | BOS count: 7 | Trend Confirmed: True[0m
[32m14:33:44[0m | [1mINFO    [0m | [36mbackend.strategies.core.market_structure[0m:[36mupdate[0m | [1mBOS fired: BULLISH | Broken level: 3024.545 | BOS count: 8 | Trend Confirmed: True[0m
[32m14:33:44[0m | [1mINFO    [0m | [36mbackend.strategies.core.market_structure[0m:[36mupdate[0m | [1mBOS fired: BULLISH | Broken level: 3024.545 | BOS count: 9 | Trend Confirmed: True[0m
[32m14:33:44[0m | [1mINFO    [0m | [36mbackend.strategies.core.market_structure[0m:[36mupdate[0m | [1mBOS fired: BULLISH | Broken level: 3024.545 | BOS count: 10 | Trend Confirmed: True[0m
[32m14:33:44[0m | [1mINFO    [0m | [36mbackend.strategies.core.market_structure[0m:[36mupdate[0m | [1mBOS fired: BULLISH | Broken level: 3024.545 | BOS count: 11 | Trend Confirmed: True[0m
[32m14:33:44[0m | [1mINFO    [0m | [36mbackend.strategies.core.market_structure[0m:[36mupdate[0m | [1mBOS fired: BULLISH | Broken level: 3024.545 | BOS count: 12 | Trend Confirmed: True[0m
[32m14:33:44[0m | [1mINFO    [0m | [36mbackend.strategies.core.market_structure[0m:[36mupdate[0m | [1mBOS fired: BULLISH | Broken level: 3024.545 | BOS count: 13 | Trend Confirmed: True[0m
[32m14:33:44[0m | [1mINFO    [0m | [36mbackend.strategies.core.market_structure[0m:[36mupdate[0m | [1mBOS fired: BULLISH | Broken level: 3024.545 | BOS count: 14 | Trend Confirmed: True[0m
[32m14:33:44[0m | [1mINFO    [0m | [36mbackend.strategies.core.market_structure[0m:[36mupdate[0m | [1mBOS fired: BULLISH | Broken level: 3024.545 | BOS count: 15 | Trend Confirmed: True[0m
[32m14:33:44[0m | [1mINFO    [0m | [36mbackend.strategies.core.market_structure[0m:[36mupdate[0m | [1mBOS fired: BULLISH | Broken level: 3024.545 | BOS count: 16 | Trend Confirmed: True[0m
[32m14:33:44[0m | [1mINFO    [0m | [36mbackend.strategies.core.market_structure[0m:[36mupdate[0m | [1mBOS fired: BULLISH | Broken level: 3024.545 | BOS count: 17 | Trend Confirmed: True[0m
[32m14:33:44[0m | [1mINFO    [0m | [36mbackend.strategies.core.market_structure[0m:[36mupdate[0m | [1mBOS fired: BULLISH | Broken level: 3024.545 | BOS count: 18 | Trend Confirmed: True[0m
[32m14:33:44[0m | [1mINFO    [0m | [36mbackend.strategies.core.market_structure[0m:[36mupdate[0m | [1mBOS fired: BULLISH | Broken level: 3024.545 | BOS count: 19 | Trend Confirmed: True[0m
[32m14:33:44[0m | [1mINFO    [0m | [36mbackend.strategies.core.market_structure[0m:[36mupdate[0m | [1mBOS fired: BULLISH | Broken level: 3024.545 | BOS count: 20 | Trend Confirmed: True[0m
[32m14:33:44[0m | [1mINFO    [0m | [36mbackend.strategies.core.market_structure[0m:[36mupdate[0m | [1mBOS fired: BULLISH | Broken level: 3024.545 | BOS count: 21 | Trend Confirmed: True[0m
[32m14:33:44[0m | [1mINFO    [0m | [36mbackend.strategies.core.market_structure[0m:[36mupdate[0m | [1mBOS fired: BULLISH | Broken level: 3024.545 | BOS count: 22 | Trend Confirmed: True[0m
[32m14:33:44[0m | [1mINFO    [0m | [36mbackend.strategies.core.market_structure[0m:[36mupdate[0m | [1mBOS fired: BULLISH | Broken level: 3024.545 | BOS count: 23 | Trend Confirmed: True[0m
[32m14:33:44[0m | [1mINFO    [0m | [36mbackend.strategies.core.market_structure[0m:[36mupdate[0m | [1mBOS fired: BULLISH | Broken level: 3024.545 | BOS count: 24 | Trend Confirmed: True[0m
[32m14:33:44[0m | [1mINFO    [0m | [36mbackend.strategies.core.market_structure[0m:[36mupdate[0m | [1mBOS fired: BULLISH | Broken level: 3024.545 | BOS count: 25 | Trend Confirmed: True[0m
[32m14:33:44[0m | [1mINFO    [0m | [36mbackend.strategies.core.market_structure[0m:[36mupdate[0m | [1mBOS fired: BULLISH | Broken level: 3024.545 | BOS count: 26 | Trend Confirmed: True[0m
[32m14:33:44[0m | [1mINFO    [0m | [36mbackend.strategies.core.market_structure[0m:[36mupdate[0m | [1mBOS fired: BULLISH | Broken level: 3024.545 | BOS count: 27 | Trend Confirmed: True[0m
[32m14:33:44[0m | [1mINFO    [0m | [36mbackend.strategies.core.market_structure[0m:[36mupdate[0m | [1mBOS fired: BULLISH | Broken level: 3024.545 | BOS count: 28 | Trend Confirmed: True[0m
[32m14:33:44[0m | [1mINFO    [0m | [36mbackend.strategies.core.market_structure[0m:[36mupdate[0m | [1mBOS fired: BULLISH | Broken level: 2959.885 | BOS count: 29 | Trend Confirmed: True[0m
[32m14:33:45[0m | [1mINFO    [0m | [36mbackend.strategies.core.market_structure[0m:[36mupdate[0m | [1mBOS fired: BULLISH | Broken level: 2959.885 | BOS count: 30 | Trend Confirmed: True[0m
[32m14:33:45[0m | [1mINFO    [0m | [36mbackend.strategies.core.market_structure[0m:[36mupdate[0m | [1mChoCH fired: BEARISH | Broken level: 2949.814 | BOS count: 1[0m
[32m14:33:45[0m | [1mINFO    [0m | [36mbackend.strategies.core.market_structure[0m:[36mupdate[0m | [1mBOS fired: BEARISH | Broken level: 2949.814 | BOS count: 2 | Trend Confirmed: True[0m
[32m14:33:45[0m | [1mINFO    [0m | [36mbackend.strategies.core.market_structure[0m:[36mupdate[0m | [1mBOS fired: BEARISH | Broken level: 2951.611 | BOS count: 3 | Trend Confirmed: True[0m
[32m14:33:45[0m | [1mINFO    [0m | [36mbackend.strategies.core.market_structure[0m:[36mupdate[0m | [1mBOS fired: BEARISH | Broken level: 2951.611 | BOS count: 4 | Trend Confirmed: True[0m
[32m14:33:45[0m | [1mINFO    [0m | [36mbackend.strategies.core.market_structure[0m:[36mupdate[0m | [1mBOS fired: BEARISH | Broken level: 2951.611 | BOS count: 5 | Trend Confirmed: True[0m
[32m14:33:45[0m | [1mINFO    [0m | [36mbackend.strategies.core.market_structure[0m:[36mupdate[0m | [1mBOS fired: BEARISH | Broken level: 2951.611 | BOS count: 6 | Trend Confirmed: True[0m
[32m14:33:45[0m | [1mINFO    [0m | [36mbackend.strategies.core.market_structure[0m:[36mupdate[0m | [1mBOS fired: BEARISH | Broken level: 2951.611 | BOS count: 7 | Trend Confirmed: True[0m
[32m14:33:45[0m | [1mINFO    [0m | [36mbackend.strategies.core.market_structure[0m:[36mupdate[0m | [1mBOS fired: BEARISH | Broken level: 2951.611 | BOS count: 8 | Trend Confirmed: True[0m
[32m14:33:45[0m | [1mINFO    [0m | [36mbackend.strategies.core.market_structure[0m:[36mupdate[0m | [1mBOS fired: BEARISH | Broken level: 2951.611 | BOS count: 9 | Trend Confirmed: True[0m
[32m14:33:45[0m | [1mINFO    [0m | [36mbackend.strategies.core.market_structure[0m:[36mupdate[0m | [1mBOS fired: BEARISH | Broken level: 2951.611 | BOS count: 10 | Trend Confirmed: True[0m
[32m14:33:45[0m | [1mINFO    [0m | [36mbackend.strategies.core.market_structure[0m:[36mupdate[0m | [1mBOS fired: BEARISH | Broken level: 2951.611 | BOS count: 11 | Trend Confirmed: True[0m
[32m14:33:45[0m | [1mINFO    [0m | [36mbackend.strategies.core.market_structure[0m:[36mupdate[0m | [1mBOS fired: BEARISH | Broken level: 2951.611 | BOS count: 12 | Trend Confirmed: True[0m
[32m14:33:45[0m | [1mINFO    [0m | [36mbackend.strategies.core.market_structure[0m:[36mupdate[0m | [1mBOS fired: BEARISH | Broken level: 2951.611 | BOS count: 13 | Trend Confirmed: True[0m
[32m14:33:45[0m | [1mINFO    [0m | [36mbackend.strategies.core.market_structure[0m:[36mupdate[0m | [1mBOS fired: BEARISH | Broken level: 2945.355 | BOS count: 14 | Trend Confirmed: True[0m
[32m14:33:45[0m | [1mINFO    [0m | [36mbackend.strategies.core.market_structure[0m:[36mupdate[0m | [1mBOS fired: BEARISH | Broken level: 2944.653 | BOS count: 15 | Trend Confirmed: True[0m
[32m14:33:45[0m | [1mINFO    [0m | [36mbackend.strategies.core.market_structure[0m:[36mupdate[0m | [1mBOS fired: BEARISH | Broken level: 2944.653 | BOS count: 16 | Trend Confirmed: True[0m
[32m14:33:45[0m | [1mINFO    [0m | [36mbackend.strategies.core.market_structure[0m:[36mupdate[0m | [1mBOS fired: BEARISH | Broken level: 2944.653 | BOS count: 17 | Trend Confirmed: True[0m
[32m14:33:45[0m | [1mINFO    [0m | [36mbackend.strategies.core.market_structure[0m:[36mupdate[0m | [1mBOS fired: BEARISH | Broken level: 2944.653 | BOS count: 18 | Trend Confirmed: True[0m
[32m14:33:45[0m | [1mINFO    [0m | [36mbackend.strategies.core.market_structure[0m:[36mupdate[0m | [1mBOS fired: BEARISH | Broken level: 2944.653 | BOS count: 19 | Trend Confirmed: True[0m
[32m14:33:45[0m | [1mINFO    [0m | [36mbackend.strategies.core.market_structure[0m:[36mupdate[0m | [1mBOS fired: BEARISH | Broken level: 2944.653 | BOS count: 20 | Trend Confirmed: True[0m
[32m14:33:45[0m | [1mINFO    [0m | [36mbackend.strategies.core.market_structure[0m:[36mupdate[0m | [1mChoCH fired: BULLISH | Broken level: 2949.037 | BOS count: 1[0m
[32m14:33:45[0m | [1mINFO    [0m | [36mbackend.strategies.core.market_structure[0m:[36mupdate[0m | [1mChoCH fired: BEARISH | Broken level: 2940.359 | BOS count: 1[0m
[32m14:33:45[0m | [1mINFO    [0m | [36mbackend.strategies.core.market_structure[0m:[36mupdate[0m | [1mBOS fired: BEARISH | Broken level: 2940.359 | BOS count: 2 | Trend Confirmed: True[0m
[32m14:33:45[0m | [1mINFO    [0m | [36mbackend.strategies.core.market_structure[0m:[36mupdate[0m | [1mChoCH fired: BULLISH | Broken level: 2951.693 | BOS count: 1[0m
[32m14:33:45[0m | [1mINFO    [0m | [36mbackend.strategies.core.market_structure[0m:[36mupdate[0m | [1mBOS fired: BULLISH | Broken level: 2951.693 | BOS count: 2 | Trend Confirmed: True[0m
[32m14:33:45[0m | [1mINFO    [0m | [36mbackend.strategies.core.market_structure[0m:[36mupdate[0m | [1mBOS fired: BULLISH | Broken level: 2951.693 | BOS count: 3 | Trend Confirmed: True[0m
[32m14:33:45[0m | [1mINFO    [0m | [36mbackend.strategies.core.market_structure[0m:[36mupdate[0m | [1mBOS fired: BULLISH | Broken level: 2951.693 | BOS count: 4 | Trend Confirmed: True[0m
[32m14:33:45[0m | [1mINFO    [0m | [36mbackend.strategies.core.market_structure[0m:[36mupdate[0m | [1mBOS fired: BULLISH | Broken level: 2951.693 | BOS count: 5 | Trend Confirmed: True[0m
[32m14:33:45[0m | [1mINFO    [0m | [36mbackend.strategies.core.market_structure[0m:[36mupdate[0m | [1mBOS fired: BULLISH | Broken level: 2951.693 | BOS count: 6 | Trend Confirmed: True[0m
[32m14:33:45[0m | [1mINFO    [0m | [36mbackend.strategies.core.market_structure[0m:[36mupdate[0m | [1mBOS fired: BULLISH | Broken level: 2951.693 | BOS count: 7 | Trend Confirmed: True[0m
[32m14:33:45[0m | [1mINFO    [0m | [36mbackend.strategies.core.market_structure[0m:[36mupdate[0m | [1mBOS fired: BULLISH | Broken level: 2951.693 | BOS count: 8 | Trend Confirmed: True[0m
[32m14:33:45[0m | [1mINFO    [0m | [36mbackend.strategies.core.market_structure[0m:[36mupdate[0m | [1mBOS fired: BULLISH | Broken level: 2951.693 | BOS count: 9 | Trend Confirmed: True[0m
[32m14:33:46[0m | [1mINFO    [0m | [36mbackend.strategies.core.market_structure[0m:[36mupdate[0m | [1mBOS fired: BULLISH | Broken level: 2951.693 | BOS count: 10 | Trend Confirmed: True[0m
[32m14:33:46[0m | [1mINFO    [0m | [36mbackend.strategies.core.market_structure[0m:[36mupdate[0m | [1mBOS fired: BULLISH | Broken level: 2951.693 | BOS count: 11 | Trend Confirmed: True[0m
[32m14:33:46[0m | [1mINFO    [0m | [36mbackend.strategies.core.market_structure[0m:[36mupdate[0m | [1mBOS fired: BULLISH | Broken level: 2951.693 | BOS count: 12 | Trend Confirmed: True[0m
[32m14:33:46[0m | [1mINFO    [0m | [36mbackend.strategies.core.market_structure[0m:[36mupdate[0m | [1mBOS fired: BULLISH | Broken level: 2951.693 | BOS count: 13 | Trend Confirmed: True[0m
[32m14:33:46[0m | [1mINFO    [0m | [36mbackend.strategies.core.market_structure[0m:[36mupdate[0m | [1mBOS fired: BULLISH | Broken level: 2951.693 | BOS count: 14 | Trend Confirmed: True[0m
[32m14:33:46[0m | [1mINFO    [0m | [36mbackend.strategies.core.market_structure[0m:[36mupdate[0m | [1mBOS fired: BULLISH | Broken level: 2951.693 | BOS count: 15 | Trend Confirmed: True[0m
[32m14:33:46[0m | [1mINFO    [0m | [36mbackend.strategies.core.market_structure[0m:[36mupdate[0m | [1mBOS fired: BULLISH | Broken level: 2951.693 | BOS count: 16 | Trend Confirmed: True[0m
[32m14:33:46[0m | [1mINFO    [0m | [36mbackend.strategies.core.market_structure[0m:[36mupdate[0m | [1mBOS fired: BULLISH | Broken level: 2951.693 | BOS count: 17 | Trend Confirmed: True[0m
[32m14:33:46[0m | [1mINFO    [0m | [36mbackend.strategies.core.market_structure[0m:[36mupdate[0m | [1mBOS fired: BULLISH | Broken level: 2951.693 | BOS count: 18 | Trend Confirmed: True[0m
[32m14:33:46[0m | [1mINFO    [0m | [36mbackend.strategies.core.market_structure[0m:[36mupdate[0m | [1mBOS fired: BULLISH | Broken level: 2951.693 | BOS count: 19 | Trend Confirmed: True[0m
[32m14:33:46[0m | [1mINFO    [0m | [36mbackend.strategies.core.market_structure[0m:[36mupdate[0m | [1mBOS fired: BULLISH | Broken level: 2951.693 | BOS count: 20 | Trend Confirmed: True[0m
[32m14:33:46[0m | [1mINFO    [0m | [36mbackend.strategies.core.market_structure[0m:[36mupdate[0m | [1mBOS fired: BULLISH | Broken level: 2951.693 | BOS count: 21 | Trend Confirmed: True[0m
[32m14:33:46[0m | [1mINFO    [0m | [36mbackend.strategies.core.market_structure[0m:[36mupdate[0m | [1mBOS fired: BULLISH | Broken level: 2951.693 | BOS count: 22 | Trend Confirmed: True[0m
[32m14:33:46[0m | [1mINFO    [0m | [36mbackend.strategies.core.market_structure[0m:[36mupdate[0m | [1mBOS fired: BULLISH | Broken level: 2951.693 | BOS count: 23 | Trend Confirmed: True[0m
[32m14:33:46[0m | [1mINFO    [0m | [36mbackend.strategies.core.market_structure[0m:[36mupdate[0m | [1mBOS fired: BULLISH | Broken level: 2951.693 | BOS count: 24 | Trend Confirmed: True[0m
[32m14:33:46[0m | [1mINFO    [0m | [36mbackend.strategies.core.market_structure[0m:[36mupdate[0m | [1mBOS fired: BULLISH | Broken level: 2951.693 | BOS count: 25 | Trend Confirmed: True[0m
[32m14:33:46[0m | [1mINFO    [0m | [36mbackend.strategies.core.market_structure[0m:[36mupdate[0m | [1mBOS fired: BULLISH | Broken level: 2951.693 | BOS count: 26 | Trend Confirmed: True[0m
[32m14:33:46[0m | [1mINFO    [0m | [36mbackend.strategies.core.market_structure[0m:[36mupdate[0m | [1mBOS fired: BULLISH | Broken level: 2951.693 | BOS count: 27 | Trend Confirmed: True[0m
[32m14:33:46[0m | [1mINFO    [0m | [36mbackend.strategies.core.market_structure[0m:[36mupdate[0m | [1mBOS fired: BULLISH | Broken level: 2989.37 | BOS count: 28 | Trend Confirmed: True[0m
[32m14:33:46[0m | [1mINFO    [0m | [36mbackend.strategies.core.market_structure[0m:[36mupdate[0m | [1mBOS fired: BULLISH | Broken level: 2989.37 | BOS count: 29 | Trend Confirmed: True[0m
[32m14:33:46[0m | [1mINFO    [0m | [36mbackend.strategies.core.market_structure[0m:[36mupdate[0m | [1mBOS fired: BULLISH | Broken level: 2989.37 | BOS count: 30 | Trend Confirmed: True[0m
[32m14:33:46[0m | [1mINFO    [0m | [36mbackend.strategies.core.market_structure[0m:[36mupdate[0m | [1mBOS fired: BULLISH | Broken level: 2989.37 | BOS count: 31 | Trend Confirmed: True[0m
[32m14:33:46[0m | [1mINFO    [0m | [36mbackend.strategies.core.market_structure[0m:[36mupdate[0m | [1mBOS fired: BULLISH | Broken level: 2989.37 | BOS count: 32 | Trend Confirmed: True[0m
[32m14:33:46[0m | [1mINFO    [0m | [36mbackend.strategies.core.market_structure[0m:[36mupdate[0m | [1mBOS fired: BULLISH | Broken level: 2989.37 | BOS count: 33 | Trend Confirmed: True[0m
[32m14:33:46[0m | [1mINFO    [0m | [36mbackend.strategies.core.market_structure[0m:[36mupdate[0m | [1mBOS fired: BULLISH | Broken level: 2989.37 | BOS count: 34 | Trend Confirmed: True[0m
[32m14:33:46[0m | [1mINFO    [0m | [36mbackend.strategies.core.market_structure[0m:[36mupdate[0m | [1mBOS fired: BULLISH | Broken level: 2989.37 | BOS count: 35 | Trend Confirmed: True[0m
[32m14:33:46[0m | [1mINFO    [0m | [36mbackend.strategies.core.market_structure[0m:[36mupdate[0m | [1mBOS fired: BULLISH | Broken level: 2989.37 | BOS count: 36 | Trend Confirmed: True[0m
[32m14:33:46[0m | [1mINFO    [0m | [36mbackend.strategies.core.market_structure[0m:[36mupdate[0m | [1mBOS fired: BULLISH | Broken level: 2989.37 | BOS count: 37 | Trend Confirmed: True[0m
[32m14:33:46[0m | [1mINFO    [0m | [36mbackend.strategies.core.market_structure[0m:[36mupdate[0m | [1mBOS fired: BULLISH | Broken level: 2989.37 | BOS count: 38 | Trend Confirmed: True[0m
[32m14:33:46[0m | [1mINFO    [0m | [36mbackend.strategies.core.market_structure[0m:[36mupdate[0m | [1mBOS fired: BULLISH | Broken level: 2989.37 | BOS count: 39 | Trend Confirmed: True[0m
[32m14:33:46[0m | [1mINFO    [0m | [36mbackend.strategies.core.market_structure[0m:[36mupdate[0m | [1mBOS fired: BULLISH | Broken level: 2989.37 | BOS count: 40 | Trend Confirmed: True[0m
[32m14:33:46[0m | [1mINFO    [0m | [36mbackend.strategies.core.market_structure[0m:[36mupdate[0m | [1mBOS fired: BULLISH | Broken level: 2989.37 | BOS count: 41 | Trend Confirmed: True[0m
[32m14:33:46[0m | [1mINFO    [0m | [36mbackend.strategies.core.market_structure[0m:[36mupdate[0m | [1mBOS fired: BULLISH | Broken level: 3000.486 | BOS count: 42 | Trend Confirmed: True[0m
[32m14:33:46[0m | [1mINFO    [0m | [36mbackend.strategies.core.market_structure[0m:[36mupdate[0m | [1mBOS fired: BULLISH | Broken level: 3000.486 | BOS count: 43 | Trend Confirmed: True[0m
[32m14:33:46[0m | [1mINFO    [0m | [36mbackend.strategies.core.market_structure[0m:[36mupdate[0m | [1mBOS fired: BULLISH | Broken level: 3000.486 | BOS count: 44 | Trend Confirmed: True[0m
[32m14:33:46[0m | [1mINFO    [0m | [36mbackend.strategies.core.market_structure[0m:[36mupdate[0m | [1mBOS fired: BULLISH | Broken level: 3000.486 | BOS count: 45 | Trend Confirmed: True[0m
[32m14:33:46[0m | [1mINFO    [0m | [36mbackend.strategies.core.market_structure[0m:[36mupdate[0m | [1mBOS fired: BULLISH | Broken level: 3000.486 | BOS count: 46 | Trend Confirmed: True[0m
[32m14:33:46[0m | [1mINFO    [0m | [36mbackend.strategies.core.market_structure[0m:[36mupdate[0m | [1mBOS fired: BULLISH | Broken level: 3000.486 | BOS count: 47 | Trend Confirmed: True[0m
[32m14:33:46[0m | [1mINFO    [0m | [36mbackend.strategies.core.market_structure[0m:[36mupdate[0m | [1mBOS fired: BULLISH | Broken level: 3000.036 | BOS count: 48 | Trend Confirmed: True[0m
[32m14:33:46[0m | [1mINFO    [0m | [36mbackend.strategies.core.market_structure[0m:[36mupdate[0m | [1mBOS fired: BULLISH | Broken level: 2960.852 | BOS count: 49 | Trend Confirmed: True[0m
[32m14:33:46[0m | [1mINFO    [0m | [36mbackend.strategies.core.market_structure[0m:[36mupdate[0m | [1mBOS fired: BULLISH | Broken level: 2960.852 | BOS count: 50 | Trend Confirmed: True[0m
[32m14:33:46[0m | [1mINFO    [0m | [36mbackend.strategies.core.market_structure[0m:[36mupdate[0m | [1mBOS fired: BULLISH | Broken level: 2960.852 | BOS count: 51 | Trend Confirmed: True[0m
[32m14:33:46[0m | [1mINFO    [0m | [36mbackend.strategies.core.market_structure[0m:[36mupdate[0m | [1mChoCH fired: BEARISH | Broken level: 2953.083 | BOS count: 1[0m
[32m14:33:46[0m | [1mINFO    [0m | [36mbackend.strategies.core.market_structure[0m:[36mupdate[0m | [1mBOS fired: BEARISH | Broken level: 2953.083 | BOS count: 2 | Trend Confirmed: True[0m
[32m14:33:46[0m | [1mINFO    [0m | [36mbackend.strategies.core.market_structure[0m:[36mupdate[0m | [1mBOS fired: BEARISH | Broken level: 2953.083 | BOS count: 3 | Trend Confirmed: True[0m
[32m14:33:47[0m | [1mINFO    [0m | [36mbackend.strategies.core.market_structure[0m:[36mupdate[0m | [1mChoCH fired: BULLISH | Broken level: 2963.402 | BOS count: 1[0m
[32m14:33:47[0m | [1mINFO    [0m | [36mbackend.strategies.core.market_structure[0m:[36mupdate[0m | [1mBOS fired: BULLISH | Broken level: 2963.402 | BOS count: 2 | Trend Confirmed: True[0m
[32m14:33:47[0m | [1mINFO    [0m | [36mbackend.strategies.core.market_structure[0m:[36mupdate[0m | [1mBOS fired: BULLISH | Broken level: 2932.336 | BOS count: 3 | Trend Confirmed: True[0m
[32m14:33:47[0m | [1mINFO    [0m | [36mbackend.strategies.core.market_structure[0m:[36mupdate[0m | [1mBOS fired: BULLISH | Broken level: 2932.336 | BOS count: 4 | Trend Confirmed: True[0m
[32m14:33:47[0m | [1mINFO    [0m | [36mbackend.strategies.core.market_structure[0m:[36mupdate[0m | [1mBOS fired: BULLISH | Broken level: 2932.336 | BOS count: 5 | Trend Confirmed: True[0m
[32m14:33:47[0m | [1mINFO    [0m | [36mbackend.strategies.core.market_structure[0m:[36mupdate[0m | [1mBOS fired: BULLISH | Broken level: 2932.336 | BOS count: 6 | Trend Confirmed: True[0m
[32m14:33:47[0m | [1mINFO    [0m | [36mbackend.strategies.core.market_structure[0m:[36mupdate[0m | [1mBOS fired: BULLISH | Broken level: 2932.336 | BOS count: 7 | Trend Confirmed: True[0m
[32m14:33:47[0m | [1mINFO    [0m | [36mbackend.strategies.core.market_structure[0m:[36mupdate[0m | [1mBOS fired: BULLISH | Broken level: 2932.336 | BOS count: 8 | Trend Confirmed: True[0m
[32m14:33:47[0m | [1mINFO    [0m | [36mbackend.strategies.core.market_structure[0m:[36mupdate[0m | [1mBOS fired: BULLISH | Broken level: 2932.336 | BOS count: 9 | Trend Confirmed: True[0m
[32m14:33:47[0m | [1mINFO    [0m | [36mbackend.strategies.core.market_structure[0m:[36mupdate[0m | [1mBOS fired: BULLISH | Broken level: 2932.336 | BOS count: 10 | Trend Confirmed: True[0m
[32m14:33:47[0m | [1mINFO    [0m | [36mbackend.strategies.core.market_structure[0m:[36mupdate[0m | [1mBOS fired: BULLISH | Broken level: 2932.336 | BOS count: 11 | Trend Confirmed: True[0m
[32m14:33:47[0m | [1mINFO    [0m | [36mbackend.strategies.core.market_structure[0m:[36mupdate[0m | [1mBOS fired: BULLISH | Broken level: 2932.336 | BOS count: 12 | Trend Confirmed: True[0m
[32m14:33:47[0m | [1mINFO    [0m | [36mbackend.strategies.core.market_structure[0m:[36mupdate[0m | [1mBOS fired: BULLISH | Broken level: 2932.336 | BOS count: 13 | Trend Confirmed: True[0m
[32m14:33:47[0m | [1mINFO    [0m | [36mbackend.strategies.core.market_structure[0m:[36mupdate[0m | [1mBOS fired: BULLISH | Broken level: 2932.336 | BOS count: 14 | Trend Confirmed: True[0m
[32m14:33:47[0m | [1mINFO    [0m | [36mbackend.strategies.core.market_structure[0m:[36mupdate[0m | [1mBOS fired: BULLISH | Broken level: 2932.336 | BOS count: 15 | Trend Confirmed: True[0m
[32m14:33:47[0m | [1mINFO    [0m | [36mbackend.strategies.core.market_structure[0m:[36mupdate[0m | [1mBOS fired: BULLISH | Broken level: 2932.336 | BOS count: 16 | Trend Confirmed: True[0m
[32m14:33:47[0m | [1mINFO    [0m | [36mbackend.strategies.core.market_structure[0m:[36mupdate[0m | [1mBOS fired: BULLISH | Broken level: 2932.336 | BOS count: 17 | Trend Confirmed: True[0m
[32m14:33:47[0m | [1mINFO    [0m | [36mbackend.strategies.core.market_structure[0m:[36mupdate[0m | [1mBOS fired: BULLISH | Broken level: 2932.336 | BOS count: 18 | Trend Confirmed: True[0m
[32m14:33:47[0m | [1mINFO    [0m | [36mbackend.strategies.core.market_structure[0m:[36mupdate[0m | [1mBOS fired: BULLISH | Broken level: 2932.336 | BOS count: 19 | Trend Confirmed: True[0m
[32m14:33:47[0m | [1mINFO    [0m | [36mbackend.strategies.core.market_structure[0m:[36mupdate[0m | [1mBOS fired: BULLISH | Broken level: 2932.336 | BOS count: 20 | Trend Confirmed: True[0m
[32m14:33:47[0m | [1mINFO    [0m | [36mbackend.strategies.core.market_structure[0m:[36mupdate[0m | [1mBOS fired: BULLISH | Broken level: 2932.336 | BOS count: 21 | Trend Confirmed: True[0m
[32m14:33:47[0m | [1mINFO    [0m | [36mbackend.strategies.core.market_structure[0m:[36mupdate[0m | [1mBOS fired: BULLISH | Broken level: 2932.336 | BOS count: 22 | Trend Confirmed: True[0m
[32m14:33:47[0m | [1mINFO    [0m | [36mbackend.strategies.core.market_structure[0m:[36mupdate[0m | [1mBOS fired: BULLISH | Broken level: 2932.336 | BOS count: 23 | Trend Confirmed: True[0m
[32m14:33:47[0m | [1mINFO    [0m | [36mbackend.strategies.core.market_structure[0m:[36mupdate[0m | [1mBOS fired: BULLISH | Broken level: 2932.336 | BOS count: 24 | Trend Confirmed: True[0m
[32m14:33:47[0m | [1mINFO    [0m | [36mbackend.strategies.core.market_structure[0m:[36mupdate[0m | [1mBOS fired: BULLISH | Broken level: 2932.336 | BOS count: 25 | Trend Confirmed: True[0m
[32m14:33:47[0m | [1mINFO    [0m | [36mbackend.strategies.core.market_structure[0m:[36mupdate[0m | [1mBOS fired: BULLISH | Broken level: 2932.336 | BOS count: 26 | Trend Confirmed: True[0m
[32m14:33:47[0m | [1mINFO    [0m | [36mbackend.strategies.core.market_structure[0m:[36mupdate[0m | [1mBOS fired: BULLISH | Broken level: 2971.108 | BOS count: 27 | Trend Confirmed: True[0m
[32m14:33:47[0m | [1mINFO    [0m | [36mbackend.strategies.core.market_structure[0m:[36mupdate[0m | [1mBOS fired: BULLISH | Broken level: 2971.108 | BOS count: 28 | Trend Confirmed: True[0m
[32m14:33:47[0m | [1mINFO    [0m | [36mbackend.strategies.core.market_structure[0m:[36mupdate[0m | [1mBOS fired: BULLISH | Broken level: 2971.108 | BOS count: 29 | Trend Confirmed: True[0m
[32m14:33:47[0m | [1mINFO    [0m | [36mbackend.strategies.core.market_structure[0m:[36mupdate[0m | [1mBOS fired: BULLISH | Broken level: 2971.108 | BOS count: 30 | Trend Confirmed: True[0m
[32m14:33:47[0m | [1mINFO    [0m | [36mbackend.strategies.core.market_structure[0m:[36mupdate[0m | [1mBOS fired: BULLISH | Broken level: 2971.108 | BOS count: 31 | Trend Confirmed: True[0m
[32m14:33:47[0m | [1mINFO    [0m | [36mbackend.strategies.core.market_structure[0m:[36mupdate[0m | [1mBOS fired: BULLISH | Broken level: 2971.108 | BOS count: 32 | Trend Confirmed: True[0m
[32m14:33:47[0m | [1mINFO    [0m | [36mbackend.strategies.core.market_structure[0m:[36mupdate[0m | [1mBOS fired: BULLISH | Broken level: 2971.108 | BOS count: 33 | Trend Confirmed: True[0m
[32m14:33:47[0m | [1mINFO    [0m | [36mbackend.strategies.core.market_structure[0m:[36mupdate[0m | [1mBOS fired: BULLISH | Broken level: 2971.108 | BOS count: 34 | Trend Confirmed: True[0m
[32m14:33:47[0m | [1mINFO    [0m | [36mbackend.strategies.core.market_structure[0m:[36mupdate[0m | [1mBOS fired: BULLISH | Broken level: 2971.108 | BOS count: 35 | Trend Confirmed: True[0m
[32m14:33:47[0m | [1mINFO    [0m | [36mbackend.strategies.core.market_structure[0m:[36mupdate[0m | [1mBOS fired: BULLISH | Broken level: 2969.228 | BOS count: 36 | Trend Confirmed: True[0m
[32m14:33:47[0m | [1mINFO    [0m | [36mbackend.strategies.core.market_structure[0m:[36mupdate[0m | [1mBOS fired: BULLISH | Broken level: 2969.228 | BOS count: 37 | Trend Confirmed: True[0m
[32m14:33:47[0m | [1mINFO    [0m | [36mbackend.strategies.core.market_structure[0m:[36mupdate[0m | [1mBOS fired: BULLISH | Broken level: 2969.228 | BOS count: 38 | Trend Confirmed: True[0m
[32m14:33:47[0m | [1mINFO    [0m | [36mbackend.strategies.core.market_structure[0m:[36mupdate[0m | [1mBOS fired: BULLISH | Broken level: 2969.228 | BOS count: 39 | Trend Confirmed: True[0m
[32m14:33:47[0m | [1mINFO    [0m | [36mbackend.strategies.core.market_structure[0m:[36mupdate[0m | [1mBOS fired: BULLISH | Broken level: 2969.228 | BOS count: 40 | Trend Confirmed: True[0m
[32m14:33:47[0m | [1mINFO    [0m | [36mbackend.strategies.core.market_structure[0m:[36mupdate[0m | [1mBOS fired: BULLISH | Broken level: 2969.228 | BOS count: 41 | Trend Confirmed: True[0m
[32m14:33:47[0m | [1mINFO    [0m | [36mbackend.strategies.core.market_structure[0m:[36mupdate[0m | [1mBOS fired: BULLISH | Broken level: 2969.228 | BOS count: 42 | Trend Confirmed: True[0m
[32m14:33:47[0m | [1mINFO    [0m | [36mbackend.strategies.core.market_structure[0m:[36mupdate[0m | [1mBOS fired: BULLISH | Broken level: 2969.228 | BOS count: 43 | Trend Confirmed: True[0m
[32m14:33:47[0m | [1mINFO    [0m | [36mbackend.strategies.core.market_structure[0m:[36mupdate[0m | [1mBOS fired: BULLISH | Broken level: 2969.228 | BOS count: 44 | Trend Confirmed: True[0m
[32m14:33:47[0m | [1mINFO    [0m | [36mbackend.strategies.core.market_structure[0m:[36mupdate[0m | [1mChoCH fired: BEARISH | Broken level: 2962.166 | BOS count: 1[0m
[32m14:33:47[0m | [1mINFO    [0m | [36mbackend.strategies.core.market_structure[0m:[36mupdate[0m | [1mBOS fired: BEARISH | Broken level: 2962.166 | BOS count: 2 | Trend Confirmed: True[0m
[32m14:33:47[0m | [1mINFO    [0m | [36mbackend.strategies.core.market_structure[0m:[36mupdate[0m | [1mBOS fired: BEARISH | Broken level: 2962.166 | BOS count: 3 | Trend Confirmed: True[0m
[32m14:33:47[0m | [1mINFO    [0m | [36mbackend.strategies.core.market_structure[0m:[36mupdate[0m | [1mBOS fired: BEARISH | Broken level: 2962.166 | BOS count: 4 | Trend Confirmed: True[0m
[32m14:33:48[0m | [1mINFO    [0m | [36mbackend.strategies.core.market_structure[0m:[36mupdate[0m | [1mBOS fired: BEARISH | Broken level: 2958.551 | BOS count: 5 | Trend Confirmed: True[0m
[32m14:33:48[0m | [1mINFO    [0m | [36mbackend.strategies.core.market_structure[0m:[36mupdate[0m | [1mBOS fired: BEARISH | Broken level: 2958.551 | BOS count: 6 | Trend Confirmed: True[0m
[32m14:33:48[0m | [1mINFO    [0m | [36mbackend.strategies.core.market_structure[0m:[36mupdate[0m | [1mBOS fired: BEARISH | Broken level: 2958.551 | BOS count: 7 | Trend Confirmed: True[0m
[32m14:33:48[0m | [1mINFO    [0m | [36mbackend.strategies.core.market_structure[0m:[36mupdate[0m | [1mBOS fired: BEARISH | Broken level: 2958.551 | BOS count: 8 | Trend Confirmed: True[0m
[32m14:33:48[0m | [1mINFO    [0m | [36mbackend.strategies.core.market_structure[0m:[36mupdate[0m | [1mBOS fired: BEARISH | Broken level: 2958.551 | BOS count: 9 | Trend Confirmed: True[0m
[32m14:33:48[0m | [1mINFO    [0m | [36mbackend.strategies.core.market_structure[0m:[36mupdate[0m | [1mBOS fired: BEARISH | Broken level: 2958.551 | BOS count: 10 | Trend Confirmed: True[0m
[32m14:33:48[0m | [1mINFO    [0m | [36mbackend.strategies.core.market_structure[0m:[36mupdate[0m | [1mBOS fired: BEARISH | Broken level: 2958.551 | BOS count: 11 | Trend Confirmed: True[0m
[32m14:33:48[0m | [1mINFO    [0m | [36mbackend.strategies.core.market_structure[0m:[36mupdate[0m | [1mBOS fired: BEARISH | Broken level: 2958.551 | BOS count: 12 | Trend Confirmed: True[0m
[32m14:33:48[0m | [1mINFO    [0m | [36mbackend.strategies.core.market_structure[0m:[36mupdate[0m | [1mBOS fired: BEARISH | Broken level: 2958.551 | BOS count: 13 | Trend Confirmed: True[0m
[32m14:33:48[0m | [1mINFO    [0m | [36mbackend.strategies.core.market_structure[0m:[36mupdate[0m | [1mBOS fired: BEARISH | Broken level: 2958.551 | BOS count: 14 | Trend Confirmed: True[0m
[32m14:33:48[0m | [1mINFO    [0m | [36mbackend.strategies.core.market_structure[0m:[36mupdate[0m | [1mBOS fired: BEARISH | Broken level: 2958.551 | BOS count: 15 | Trend Confirmed: True[0m
[32m14:33:48[0m | [1mINFO    [0m | [36mbackend.strategies.core.market_structure[0m:[36mupdate[0m | [1mBOS fired: BEARISH | Broken level: 2958.551 | BOS count: 16 | Trend Confirmed: True[0m
[32m14:33:48[0m | [1mINFO    [0m | [36mbackend.strategies.core.market_structure[0m:[36mupdate[0m | [1mBOS fired: BEARISH | Broken level: 2958.551 | BOS count: 17 | Trend Confirmed: True[0m
[32m14:33:48[0m | [1mINFO    [0m | [36mbackend.strategies.core.market_structure[0m:[36mupdate[0m | [1mBOS fired: BEARISH | Broken level: 2958.551 | BOS count: 18 | Trend Confirmed: True[0m
[32m14:33:48[0m | [1mINFO    [0m | [36mbackend.strategies.core.market_structure[0m:[36mupdate[0m | [1mBOS fired: BEARISH | Broken level: 2958.551 | BOS count: 19 | Trend Confirmed: True[0m
[32m14:33:48[0m | [1mINFO    [0m | [36mbackend.strategies.core.market_structure[0m:[36mupdate[0m | [1mBOS fired: BEARISH | Broken level: 2958.551 | BOS count: 20 | Trend Confirmed: True[0m
[32m14:33:48[0m | [1mINFO    [0m | [36mbackend.strategies.core.market_structure[0m:[36mupdate[0m | [1mBOS fired: BEARISH | Broken level: 2951.81 | BOS count: 21 | Trend Confirmed: True[0m
[32m14:33:49[0m | [1mINFO    [0m | [36mbackend.strategies.core.market_structure[0m:[36mupdate[0m | [1mBOS fired: BEARISH | Broken level: 2951.349 | BOS count: 22 | Trend Confirmed: True[0m
[32m14:33:49[0m | [1mINFO    [0m | [36mbackend.strategies.core.market_structure[0m:[36mupdate[0m | [1mBOS fired: BEARISH | Broken level: 2951.349 | BOS count: 23 | Trend Confirmed: True[0m
[32m14:33:49[0m | [1mINFO    [0m | [36mbackend.strategies.core.market_structure[0m:[36mupdate[0m | [1mBOS fired: BEARISH | Broken level: 2951.349 | BOS count: 24 | Trend Confirmed: True[0m
[32m14:33:49[0m | [1mINFO    [0m | [36mbackend.strategies.core.market_structure[0m:[36mupdate[0m | [1mBOS fired: BEARISH | Broken level: 2951.349 | BOS count: 25 | Trend Confirmed: True[0m
[32m14:33:49[0m | [1mINFO    [0m | [36mbackend.strategies.core.market_structure[0m:[36mupdate[0m | [1mChoCH fired: BULLISH | Broken level: 2962.952 | BOS count: 1[0m
[32m14:33:49[0m | [1mINFO    [0m | [36mbackend.strategies.core.market_structure[0m:[36mupdate[0m | [1mBOS fired: BULLISH | Broken level: 2962.952 | BOS count: 2 | Trend Confirmed: True[0m
[32m14:33:49[0m | [1mINFO    [0m | [36mbackend.strategies.core.market_structure[0m:[36mupdate[0m | [1mBOS fired: BULLISH | Broken level: 2962.952 | BOS count: 3 | Trend Confirmed: True[0m
[32m14:33:49[0m | [1mINFO    [0m | [36mbackend.strategies.core.market_structure[0m:[36mupdate[0m | [1mBOS fired: BULLISH | Broken level: 2962.952 | BOS count: 4 | Trend Confirmed: True[0m
[32m14:33:49[0m | [1mINFO    [0m | [36mbackend.strategies.core.market_structure[0m:[36mupdate[0m | [1mBOS fired: BULLISH | Broken level: 2962.952 | BOS count: 5 | Trend Confirmed: True[0m
[32m14:33:49[0m | [1mINFO    [0m | [36mbackend.strategies.core.market_structure[0m:[36mupdate[0m | [1mBOS fired: BULLISH | Broken level: 2962.952 | BOS count: 6 | Trend Confirmed: True[0m
[32m14:33:49[0m | [1mINFO    [0m | [36mbackend.strategies.core.market_structure[0m:[36mupdate[0m | [1mBOS fired: BULLISH | Broken level: 2962.952 | BOS count: 7 | Trend Confirmed: True[0m
[32m14:33:49[0m | [1mINFO    [0m | [36mbackend.strategies.core.market_structure[0m:[36mupdate[0m | [1mBOS fired: BULLISH | Broken level: 2962.952 | BOS count: 8 | Trend Confirmed: True[0m
[32m14:33:49[0m | [1mINFO    [0m | [36mbackend.strategies.core.market_structure[0m:[36mupdate[0m | [1mBOS fired: BULLISH | Broken level: 2962.952 | BOS count: 9 | Trend Confirmed: True[0m
[32m14:33:49[0m | [1mINFO    [0m | [36mbackend.strategies.core.market_structure[0m:[36mupdate[0m | [1mBOS fired: BULLISH | Broken level: 2962.952 | BOS count: 10 | Trend Confirmed: True[0m
[32m14:33:49[0m | [1mINFO    [0m | [36mbackend.strategies.core.market_structure[0m:[36mupdate[0m | [1mBOS fired: BULLISH | Broken level: 2962.952 | BOS count: 11 | Trend Confirmed: True[0m
[32m14:33:49[0m | [1mINFO    [0m | [36mbackend.strategies.core.market_structure[0m:[36mupdate[0m | [1mBOS fired: BULLISH | Broken level: 2962.952 | BOS count: 12 | Trend Confirmed: True[0m
[32m14:33:49[0m | [1mINFO    [0m | [36mbackend.strategies.core.market_structure[0m:[36mupdate[0m | [1mBOS fired: BULLISH | Broken level: 2962.952 | BOS count: 13 | Trend Confirmed: True[0m
[32m14:33:49[0m | [1mINFO    [0m | [36mbackend.strategies.core.market_structure[0m:[36mupdate[0m | [1mBOS fired: BULLISH | Broken level: 2962.952 | BOS count: 14 | Trend Confirmed: True[0m
[32m14:33:49[0m | [1mINFO    [0m | [36mbackend.strategies.core.market_structure[0m:[36mupdate[0m | [1mBOS fired: BULLISH | Broken level: 2962.952 | BOS count: 15 | Trend Confirmed: True[0m
[32m14:33:49[0m | [1mINFO    [0m | [36mbackend.strategies.core.market_structure[0m:[36mupdate[0m | [1mBOS fired: BULLISH | Broken level: 2962.952 | BOS count: 16 | Trend Confirmed: True[0m
[32m14:33:49[0m | [1mINFO    [0m | [36mbackend.strategies.core.market_structure[0m:[36mupdate[0m | [1mBOS fired: BULLISH | Broken level: 2957.539 | BOS count: 17 | Trend Confirmed: True[0m
[32m14:33:49[0m | [1mINFO    [0m | [36mbackend.strategies.core.market_structure[0m:[36mupdate[0m | [1mBOS fired: BULLISH | Broken level: 2957.539 | BOS count: 18 | Trend Confirmed: True[0m
[32m14:33:49[0m | [1mINFO    [0m | [36mbackend.strategies.core.market_structure[0m:[36mupdate[0m | [1mBOS fired: BULLISH | Broken level: 2957.539 | BOS count: 19 | Trend Confirmed: True[0m
[32m14:33:49[0m | [1mINFO    [0m | [36mbackend.strategies.core.market_structure[0m:[36mupdate[0m | [1mBOS fired: BULLISH | Broken level: 2957.539 | BOS count: 20 | Trend Confirmed: True[0m
[32m14:33:49[0m | [1mINFO    [0m | [36mbackend.strategies.core.market_structure[0m:[36mupdate[0m | [1mBOS fired: BULLISH | Broken level: 2957.539 | BOS count: 21 | Trend Confirmed: True[0m
[32m14:33:49[0m | [1mINFO    [0m | [36mbackend.strategies.core.market_structure[0m:[36mupdate[0m | [1mBOS fired: BULLISH | Broken level: 2957.539 | BOS count: 22 | Trend Confirmed: True[0m
[32m14:33:49[0m | [1mINFO    [0m | [36mbackend.strategies.core.market_structure[0m:[36mupdate[0m | [1mBOS fired: BULLISH | Broken level: 2957.539 | BOS count: 23 | Trend Confirmed: True[0m
[32m14:33:49[0m | [1mINFO    [0m | [36mbackend.strategies.core.market_structure[0m:[36mupdate[0m | [1mBOS fired: BULLISH | Broken level: 2957.539 | BOS count: 24 | Trend Confirmed: True[0m
[32m14:33:49[0m | [1mINFO    [0m | [36mbackend.strategies.core.market_structure[0m:[36mupdate[0m | [1mBOS fired: BULLISH | Broken level: 2957.539 | BOS count: 25 | Trend Confirmed: True[0m
[32m14:33:49[0m | [1mINFO    [0m | [36mbackend.strategies.core.market_structure[0m:[36mupdate[0m | [1mBOS fired: BULLISH | Broken level: 2957.539 | BOS count: 26 | Trend Confirmed: True[0m
[32m14:33:49[0m | [1mINFO    [0m | [36mbackend.strategies.core.market_structure[0m:[36mupdate[0m | [1mBOS fired: BULLISH | Broken level: 2957.539 | BOS count: 27 | Trend Confirmed: True[0m
[32m14:33:50[0m | [1mINFO    [0m | [36mbackend.strategies.core.market_structure[0m:[36mupdate[0m | [1mBOS fired: BULLISH | Broken level: 3003.861 | BOS count: 28 | Trend Confirmed: True[0m
[32m14:33:50[0m | [1mINFO    [0m | [36mbackend.strategies.core.market_structure[0m:[36mupdate[0m | [1mChoCH fired: BEARISH | Broken level: 2993.081 | BOS count: 1[0m
[32m14:33:50[0m | [1mINFO    [0m | [36mbackend.strategies.core.market_structure[0m:[36mupdate[0m | [1mBOS fired: BEARISH | Broken level: 2993.081 | BOS count: 2 | Trend Confirmed: True[0m
[32m14:33:50[0m | [1mINFO    [0m | [36mbackend.strategies.core.market_structure[0m:[36mupdate[0m | [1mBOS fired: BEARISH | Broken level: 2993.081 | BOS count: 3 | Trend Confirmed: True[0m
[32m14:33:50[0m | [1mINFO    [0m | [36mbackend.strategies.core.market_structure[0m:[36mupdate[0m | [1mBOS fired: BEARISH | Broken level: 2993.081 | BOS count: 4 | Trend Confirmed: True[0m
[32m14:33:50[0m | [1mINFO    [0m | [36mbackend.strategies.core.market_structure[0m:[36mupdate[0m | [1mBOS fired: BEARISH | Broken level: 2993.081 | BOS count: 5 | Trend Confirmed: True[0m
[32m14:33:50[0m | [1mINFO    [0m | [36mbackend.strategies.core.market_structure[0m:[36mupdate[0m | [1mBOS fired: BEARISH | Broken level: 2993.081 | BOS count: 6 | Trend Confirmed: True[0m
[32m14:33:50[0m | [1mINFO    [0m | [36mbackend.strategies.core.market_structure[0m:[36mupdate[0m | [1mBOS fired: BEARISH | Broken level: 2993.081 | BOS count: 7 | Trend Confirmed: True[0m
[32m14:33:50[0m | [1mINFO    [0m | [36mbackend.strategies.core.market_structure[0m:[36mupdate[0m | [1mBOS fired: BEARISH | Broken level: 2993.081 | BOS count: 8 | Trend Confirmed: True[0m
[32m14:33:50[0m | [1mINFO    [0m | [36mbackend.strategies.core.market_structure[0m:[36mupdate[0m | [1mBOS fired: BEARISH | Broken level: 2993.081 | BOS count: 9 | Trend Confirmed: True[0m
[32m14:33:50[0m | [1mINFO    [0m | [36mbackend.strategies.core.market_structure[0m:[36mupdate[0m | [1mBOS fired: BEARISH | Broken level: 2993.081 | BOS count: 10 | Trend Confirmed: True[0m
[32m14:33:50[0m | [1mINFO    [0m | [36mbackend.strategies.core.market_structure[0m:[36mupdate[0m | [1mBOS fired: BEARISH | Broken level: 2993.081 | BOS count: 11 | Trend Confirmed: True[0m
[32m14:33:50[0m | [1mINFO    [0m | [36mbackend.strategies.core.market_structure[0m:[36mupdate[0m | [1mBOS fired: BEARISH | Broken level: 2993.081 | BOS count: 12 | Trend Confirmed: True[0m
[32m14:33:50[0m | [1mINFO    [0m | [36mbackend.strategies.core.market_structure[0m:[36mupdate[0m | [1mChoCH fired: BULLISH | Broken level: 3004.834 | BOS count: 1[0m
[32m14:33:50[0m | [1mINFO    [0m | [36mbackend.strategies.core.market_structure[0m:[36mupdate[0m | [1mBOS fired: BULLISH | Broken level: 3004.834 | BOS count: 2 | Trend Confirmed: True[0m
[32m14:33:50[0m | [1mINFO    [0m | [36mbackend.strategies.core.market_structure[0m:[36mupdate[0m | [1mBOS fired: BULLISH | Broken level: 3042.9 | BOS count: 3 | Trend Confirmed: True[0m
[32m14:33:50[0m | [1mINFO    [0m | [36mbackend.strategies.core.market_structure[0m:[36mupdate[0m | [1mBOS fired: BULLISH | Broken level: 3042.9 | BOS count: 4 | Trend Confirmed: True[0m
[32m14:33:50[0m | [1mINFO    [0m | [36mbackend.strategies.core.market_structure[0m:[36mupdate[0m | [1mBOS fired: BULLISH | Broken level: 3042.9 | BOS count: 5 | Trend Confirmed: True[0m
[32m14:33:50[0m | [1mINFO    [0m | [36mbackend.strategies.core.market_structure[0m:[36mupdate[0m | [1mBOS fired: BULLISH | Broken level: 3042.9 | BOS count: 6 | Trend Confirmed: True[0m
[32m14:33:50[0m | [1mINFO    [0m | [36mbackend.strategies.core.market_structure[0m:[36mupdate[0m | [1mBOS fired: BULLISH | Broken level: 3042.9 | BOS count: 7 | Trend Confirmed: True[0m
[32m14:33:50[0m | [1mINFO    [0m | [36mbackend.strategies.core.market_structure[0m:[36mupdate[0m | [1mBOS fired: BULLISH | Broken level: 3042.9 | BOS count: 8 | Trend Confirmed: True[0m
[32m14:33:50[0m | [1mINFO    [0m | [36mbackend.strategies.core.market_structure[0m:[36mupdate[0m | [1mBOS fired: BULLISH | Broken level: 3042.9 | BOS count: 9 | Trend Confirmed: True[0m
[32m14:33:50[0m | [1mINFO    [0m | [36mbackend.strategies.core.market_structure[0m:[36mupdate[0m | [1mBOS fired: BULLISH | Broken level: 3042.9 | BOS count: 10 | Trend Confirmed: True[0m
[32m14:33:50[0m | [1mINFO    [0m | [36mbackend.strategies.core.market_structure[0m:[36mupdate[0m | [1mBOS fired: BULLISH | Broken level: 3042.9 | BOS count: 11 | Trend Confirmed: True[0m
[32m14:33:50[0m | [1mINFO    [0m | [36mbackend.strategies.core.market_structure[0m:[36mupdate[0m | [1mBOS fired: BULLISH | Broken level: 3042.9 | BOS count: 12 | Trend Confirmed: True[0m
[32m14:33:50[0m | [1mINFO    [0m | [36mbackend.strategies.core.market_structure[0m:[36mupdate[0m | [1mBOS fired: BULLISH | Broken level: 3042.9 | BOS count: 13 | Trend Confirmed: True[0m
[32m14:33:50[0m | [1mINFO    [0m | [36mbackend.strategies.core.market_structure[0m:[36mupdate[0m | [1mBOS fired: BULLISH | Broken level: 3042.9 | BOS count: 14 | Trend Confirmed: True[0m
[32m14:33:50[0m | [1mINFO    [0m | [36mbackend.strategies.core.market_structure[0m:[36mupdate[0m | [1mBOS fired: BULLISH | Broken level: 3042.9 | BOS count: 15 | Trend Confirmed: True[0m
[32m14:33:50[0m | [1mINFO    [0m | [36mbackend.strategies.core.market_structure[0m:[36mupdate[0m | [1mBOS fired: BULLISH | Broken level: 3042.9 | BOS count: 16 | Trend Confirmed: True[0m
[32m14:33:50[0m | [1mINFO    [0m | [36mbackend.strategies.core.market_structure[0m:[36mupdate[0m | [1mBOS fired: BULLISH | Broken level: 3042.9 | BOS count: 17 | Trend Confirmed: True[0m
[32m14:33:50[0m | [1mINFO    [0m | [36mbackend.strategies.core.market_structure[0m:[36mupdate[0m | [1mBOS fired: BULLISH | Broken level: 3042.9 | BOS count: 18 | Trend Confirmed: True[0m
[32m14:33:50[0m | [1mINFO    [0m | [36mbackend.strategies.core.market_structure[0m:[36mupdate[0m | [1mBOS fired: BULLISH | Broken level: 3042.9 | BOS count: 19 | Trend Confirmed: True[0m
[32m14:33:50[0m | [1mINFO    [0m | [36mbackend.strategies.core.market_structure[0m:[36mupdate[0m | [1mBOS fired: BULLISH | Broken level: 3042.9 | BOS count: 20 | Trend Confirmed: True[0m
[32m14:33:50[0m | [1mINFO    [0m | [36mbackend.strategies.core.market_structure[0m:[36mupdate[0m | [1mBOS fired: BULLISH | Broken level: 3042.9 | BOS count: 21 | Trend Confirmed: True[0m
[32m14:33:50[0m | [1mINFO    [0m | [36mbackend.strategies.core.market_structure[0m:[36mupdate[0m | [1mBOS fired: BULLISH | Broken level: 3042.9 | BOS count: 22 | Trend Confirmed: True[0m
[32m14:33:50[0m | [1mINFO    [0m | [36mbackend.strategies.core.market_structure[0m:[36mupdate[0m | [1mBOS fired: BULLISH | Broken level: 3042.9 | BOS count: 23 | Trend Confirmed: True[0m
[32m14:33:50[0m | [1mINFO    [0m | [36mbackend.strategies.core.market_structure[0m:[36mupdate[0m | [1mBOS fired: BULLISH | Broken level: 3042.9 | BOS count: 24 | Trend Confirmed: True[0m
[32m14:33:50[0m | [1mINFO    [0m | [36mbackend.strategies.core.market_structure[0m:[36mupdate[0m | [1mChoCH fired: BEARISH | Broken level: 3039.82 | BOS count: 1[0m
[32m14:33:50[0m | [1mINFO    [0m | [36mbackend.strategies.core.market_structure[0m:[36mupdate[0m | [1mBOS fired: BEARISH | Broken level: 3039.82 | BOS count: 2 | Trend Confirmed: True[0m
[32m14:33:50[0m | [1mINFO    [0m | [36mbackend.strategies.core.market_structure[0m:[36mupdate[0m | [1mBOS fired: BEARISH | Broken level: 3039.82 | BOS count: 3 | Trend Confirmed: True[0m
[32m14:33:50[0m | [1mINFO    [0m | [36mbackend.strategies.core.market_structure[0m:[36mupdate[0m | [1mBOS fired: BEARISH | Broken level: 3039.82 | BOS count: 4 | Trend Confirmed: True[0m
[32m14:33:50[0m | [1mINFO    [0m | [36mbackend.strategies.core.market_structure[0m:[36mupdate[0m | [1mBOS fired: BEARISH | Broken level: 3039.82 | BOS count: 5 | Trend Confirmed: True[0m
[32m14:33:50[0m | [1mINFO    [0m | [36mbackend.strategies.core.market_structure[0m:[36mupdate[0m | [1mBOS fired: BEARISH | Broken level: 3039.82 | BOS count: 6 | Trend Confirmed: True[0m
[32m14:33:50[0m | [1mINFO    [0m | [36mbackend.strategies.core.market_structure[0m:[36mupdate[0m | [1mBOS fired: BEARISH | Broken level: 3039.82 | BOS count: 7 | Trend Confirmed: True[0m
[32m14:33:50[0m | [1mINFO    [0m | [36mbackend.strategies.core.market_structure[0m:[36mupdate[0m | [1mBOS fired: BEARISH | Broken level: 3039.82 | BOS count: 8 | Trend Confirmed: True[0m
[32m14:33:50[0m | [1mINFO    [0m | [36mbackend.strategies.core.market_structure[0m:[36mupdate[0m | [1mBOS fired: BEARISH | Broken level: 3039.82 | BOS count: 9 | Trend Confirmed: True[0m
[32m14:33:51[0m | [1mINFO    [0m | [36mbackend.strategies.core.market_structure[0m:[36mupdate[0m | [1mBOS fired: BEARISH | Broken level: 3039.82 | BOS count: 10 | Trend Confirmed: True[0m
[32m14:33:51[0m | [1mINFO    [0m | [36mbackend.strategies.core.market_structure[0m:[36mupdate[0m | [1mBOS fired: BEARISH | Broken level: 3039.82 | BOS count: 11 | Trend Confirmed: True[0m
[32m14:33:51[0m | [1mINFO    [0m | [36mbackend.strategies.core.market_structure[0m:[36mupdate[0m | [1mChoCH fired: BULLISH | Broken level: 3047.392 | BOS count: 1[0m
[32m14:33:51[0m | [1mINFO    [0m | [36mbackend.strategies.core.market_structure[0m:[36mupdate[0m | [1mBOS fired: BULLISH | Broken level: 2980.452 | BOS count: 2 | Trend Confirmed: True[0m
[32m14:33:51[0m | [1mINFO    [0m | [36mbackend.strategies.core.market_structure[0m:[36mupdate[0m | [1mChoCH fired: BEARISH | Broken level: 2973.351 | BOS count: 1[0m
[32m14:33:51[0m | [1mINFO    [0m | [36mbackend.strategies.core.market_structure[0m:[36mupdate[0m | [1mBOS fired: BEARISH | Broken level: 2973.351 | BOS count: 2 | Trend Confirmed: True[0m
[32m14:33:51[0m | [1mINFO    [0m | [36mbackend.strategies.core.market_structure[0m:[36mupdate[0m | [1mBOS fired: BEARISH | Broken level: 2973.351 | BOS count: 3 | Trend Confirmed: True[0m
[32m14:33:51[0m | [1mINFO    [0m | [36mbackend.strategies.core.market_structure[0m:[36mupdate[0m | [1mBOS fired: BEARISH | Broken level: 2973.351 | BOS count: 4 | Trend Confirmed: True[0m
[32m14:33:51[0m | [1mINFO    [0m | [36mbackend.strategies.core.market_structure[0m:[36mupdate[0m | [1mBOS fired: BEARISH | Broken level: 2973.351 | BOS count: 5 | Trend Confirmed: True[0m
[32m14:33:51[0m | [1mINFO    [0m | [36mbackend.strategies.core.market_structure[0m:[36mupdate[0m | [1mBOS fired: BEARISH | Broken level: 2973.351 | BOS count: 6 | Trend Confirmed: True[0m
[32m14:33:51[0m | [1mINFO    [0m | [36mbackend.strategies.core.market_structure[0m:[36mupdate[0m | [1mBOS fired: BEARISH | Broken level: 2966.158 | BOS count: 7 | Trend Confirmed: True[0m
[32m14:33:51[0m | [1mINFO    [0m | [36mbackend.strategies.core.market_structure[0m:[36mupdate[0m | [1mBOS fired: BEARISH | Broken level: 2966.158 | BOS count: 8 | Trend Confirmed: True[0m
[32m14:33:51[0m | [1mINFO    [0m | [36mbackend.strategies.core.market_structure[0m:[36mupdate[0m | [1mBOS fired: BEARISH | Broken level: 2966.158 | BOS count: 9 | Trend Confirmed: True[0m
[32m14:33:51[0m | [1mINFO    [0m | [36mbackend.strategies.core.market_structure[0m:[36mupdate[0m | [1mBOS fired: BEARISH | Broken level: 2966.158 | BOS count: 10 | Trend Confirmed: True[0m
[32m14:33:51[0m | [1mINFO    [0m | [36mbackend.strategies.core.market_structure[0m:[36mupdate[0m | [1mBOS fired: BEARISH | Broken level: 2966.158 | BOS count: 11 | Trend Confirmed: True[0m
[32m14:33:51[0m | [1mINFO    [0m | [36mbackend.strategies.core.market_structure[0m:[36mupdate[0m | [1mBOS fired: BEARISH | Broken level: 2966.158 | BOS count: 12 | Trend Confirmed: True[0m
[32m14:33:51[0m | [1mINFO    [0m | [36mbackend.strategies.core.market_structure[0m:[36mupdate[0m | [1mBOS fired: BEARISH | Broken level: 2966.158 | BOS count: 13 | Trend Confirmed: True[0m
[32m14:33:51[0m | [1mINFO    [0m | [36mbackend.strategies.core.market_structure[0m:[36mupdate[0m | [1mBOS fired: BEARISH | Broken level: 2961.57 | BOS count: 14 | Trend Confirmed: True[0m
[32m14:33:51[0m | [1mINFO    [0m | [36mbackend.strategies.core.market_structure[0m:[36mupdate[0m | [1mBOS fired: BEARISH | Broken level: 2961.57 | BOS count: 15 | Trend Confirmed: True[0m
[32m14:33:51[0m | [1mINFO    [0m | [36mbackend.strategies.core.market_structure[0m:[36mupdate[0m | [1mBOS fired: BEARISH | Broken level: 2961.57 | BOS count: 16 | Trend Confirmed: True[0m
[32m14:33:51[0m | [1mINFO    [0m | [36mbackend.strategies.core.market_structure[0m:[36mupdate[0m | [1mBOS fired: BEARISH | Broken level: 2961.57 | BOS count: 17 | Trend Confirmed: True[0m
[32m14:33:51[0m | [1mINFO    [0m | [36mbackend.strategies.core.market_structure[0m:[36mupdate[0m | [1mBOS fired: BEARISH | Broken level: 2961.57 | BOS count: 18 | Trend Confirmed: True[0m
[32m14:33:51[0m | [1mINFO    [0m | [36mbackend.strategies.core.market_structure[0m:[36mupdate[0m | [1mBOS fired: BEARISH | Broken level: 2961.57 | BOS count: 19 | Trend Confirmed: True[0m
[32m14:33:51[0m | [1mINFO    [0m | [36mbackend.strategies.core.market_structure[0m:[36mupdate[0m | [1mBOS fired: BEARISH | Broken level: 2961.57 | BOS count: 20 | Trend Confirmed: True[0m
[32m14:33:52[0m | [1mINFO    [0m | [36mbackend.strategies.core.market_structure[0m:[36mupdate[0m | [1mChoCH fired: BULLISH | Broken level: 2967.141 | BOS count: 1[0m
[32m14:33:52[0m | [1mINFO    [0m | [36mbackend.strategies.core.market_structure[0m:[36mupdate[0m | [1mBOS fired: BULLISH | Broken level: 2967.141 | BOS count: 2 | Trend Confirmed: True[0m
[32m14:33:52[0m | [1mINFO    [0m | [36mbackend.strategies.core.market_structure[0m:[36mupdate[0m | [1mChoCH fired: BEARISH | Broken level: 2959.731 | BOS count: 1[0m
[32m14:33:52[0m | [1mINFO    [0m | [36mbackend.strategies.core.market_structure[0m:[36mupdate[0m | [1mBOS fired: BEARISH | Broken level: 2959.731 | BOS count: 2 | Trend Confirmed: True[0m
[32m14:33:52[0m | [1mINFO    [0m | [36mbackend.strategies.core.market_structure[0m:[36mupdate[0m | [1mBOS fired: BEARISH | Broken level: 2959.731 | BOS count: 3 | Trend Confirmed: True[0m
[32m14:33:52[0m | [1mINFO    [0m | [36mbackend.strategies.core.market_structure[0m:[36mupdate[0m | [1mChoCH fired: BULLISH | Broken level: 2973.387 | BOS count: 1[0m
[32m14:33:52[0m | [1mINFO    [0m | [36mbackend.strategies.core.market_structure[0m:[36mupdate[0m | [1mBOS fired: BULLISH | Broken level: 2973.387 | BOS count: 2 | Trend Confirmed: True[0m
[32m14:33:52[0m | [1mINFO    [0m | [36mbackend.strategies.core.market_structure[0m:[36mupdate[0m | [1mBOS fired: BULLISH | Broken level: 2975.799 | BOS count: 3 | Trend Confirmed: True[0m
[32m14:33:52[0m | [1mINFO    [0m | [36mbackend.strategies.core.market_structure[0m:[36mupdate[0m | [1mBOS fired: BULLISH | Broken level: 2940.825 | BOS count: 4 | Trend Confirmed: True[0m
[32m14:33:52[0m | [1mINFO    [0m | [36mbackend.strategies.core.market_structure[0m:[36mupdate[0m | [1mBOS fired: BULLISH | Broken level: 2940.825 | BOS count: 5 | Trend Confirmed: True[0m
[32m14:33:52[0m | [1mINFO    [0m | [36mbackend.strategies.core.market_structure[0m:[36mupdate[0m | [1mBOS fired: BULLISH | Broken level: 2940.825 | BOS count: 6 | Trend Confirmed: True[0m
[32m14:33:52[0m | [1mINFO    [0m | [36mbackend.strategies.core.market_structure[0m:[36mupdate[0m | [1mBOS fired: BULLISH | Broken level: 2940.825 | BOS count: 7 | Trend Confirmed: True[0m
[32m14:33:52[0m | [1mINFO    [0m | [36mbackend.strategies.core.market_structure[0m:[36mupdate[0m | [1mBOS fired: BULLISH | Broken level: 2940.825 | BOS count: 8 | Trend Confirmed: True[0m
[32m14:33:52[0m | [1mINFO    [0m | [36mbackend.strategies.core.market_structure[0m:[36mupdate[0m | [1mBOS fired: BULLISH | Broken level: 2940.825 | BOS count: 9 | Trend Confirmed: True[0m
[32m14:33:52[0m | [1mINFO    [0m | [36mbackend.strategies.core.market_structure[0m:[36mupdate[0m | [1mBOS fired: BULLISH | Broken level: 2940.825 | BOS count: 10 | Trend Confirmed: True[0m
[32m14:33:52[0m | [1mINFO    [0m | [36mbackend.strategies.core.market_structure[0m:[36mupdate[0m | [1mBOS fired: BULLISH | Broken level: 2940.825 | BOS count: 11 | Trend Confirmed: True[0m
[32m14:33:52[0m | [1mINFO    [0m | [36mbackend.strategies.core.market_structure[0m:[36mupdate[0m | [1mBOS fired: BULLISH | Broken level: 2940.825 | BOS count: 12 | Trend Confirmed: True[0m
[32m14:33:52[0m | [1mINFO    [0m | [36mbackend.strategies.core.market_structure[0m:[36mupdate[0m | [1mBOS fired: BULLISH | Broken level: 2940.825 | BOS count: 13 | Trend Confirmed: True[0m
[32m14:33:52[0m | [1mINFO    [0m | [36mbackend.strategies.core.market_structure[0m:[36mupdate[0m | [1mBOS fired: BULLISH | Broken level: 2940.825 | BOS count: 14 | Trend Confirmed: True[0m
[32m14:33:52[0m | [1mINFO    [0m | [36mbackend.strategies.core.market_structure[0m:[36mupdate[0m | [1mBOS fired: BULLISH | Broken level: 2940.825 | BOS count: 15 | Trend Confirmed: True[0m
[32m14:33:52[0m | [1mINFO    [0m | [36mbackend.strategies.core.market_structure[0m:[36mupdate[0m | [1mBOS fired: BULLISH | Broken level: 2940.825 | BOS count: 16 | Trend Confirmed: True[0m
[32m14:33:52[0m | [1mINFO    [0m | [36mbackend.strategies.core.market_structure[0m:[36mupdate[0m | [1mBOS fired: BULLISH | Broken level: 2940.825 | BOS count: 17 | Trend Confirmed: True[0m
[32m14:33:52[0m | [1mINFO    [0m | [36mbackend.strategies.core.market_structure[0m:[36mupdate[0m | [1mBOS fired: BULLISH | Broken level: 2940.825 | BOS count: 18 | Trend Confirmed: True[0m
[32m14:33:52[0m | [1mINFO    [0m | [36mbackend.strategies.core.market_structure[0m:[36mupdate[0m | [1mBOS fired: BULLISH | Broken level: 2940.825 | BOS count: 19 | Trend Confirmed: True[0m
[32m14:33:52[0m | [1mINFO    [0m | [36mbackend.strategies.core.market_structure[0m:[36mupdate[0m | [1mBOS fired: BULLISH | Broken level: 2940.825 | BOS count: 20 | Trend Confirmed: True[0m
[32m14:33:52[0m | [1mINFO    [0m | [36mbackend.strategies.core.market_structure[0m:[36mupdate[0m | [1mBOS fired: BULLISH | Broken level: 2940.825 | BOS count: 21 | Trend Confirmed: True[0m
[32m14:33:52[0m | [1mINFO    [0m | [36mbackend.strategies.core.market_structure[0m:[36mupdate[0m | [1mBOS fired: BULLISH | Broken level: 2940.825 | BOS count: 22 | Trend Confirmed: True[0m
[32m14:33:52[0m | [1mINFO    [0m | [36mbackend.strategies.core.market_structure[0m:[36mupdate[0m | [1mBOS fired: BULLISH | Broken level: 2940.825 | BOS count: 23 | Trend Confirmed: True[0m
[32m14:33:52[0m | [1mINFO    [0m | [36mbackend.strategies.core.market_structure[0m:[36mupdate[0m | [1mBOS fired: BULLISH | Broken level: 2940.825 | BOS count: 24 | Trend Confirmed: True[0m
[32m14:33:52[0m | [1mINFO    [0m | [36mbackend.strategies.core.market_structure[0m:[36mupdate[0m | [1mBOS fired: BULLISH | Broken level: 2940.825 | BOS count: 25 | Trend Confirmed: True[0m
[32m14:33:52[0m | [1mINFO    [0m | [36mbackend.strategies.core.market_structure[0m:[36mupdate[0m | [1mBOS fired: BULLISH | Broken level: 2940.825 | BOS count: 26 | Trend Confirmed: True[0m
[32m14:33:52[0m | [1mINFO    [0m | [36mbackend.strategies.core.market_structure[0m:[36mupdate[0m | [1mBOS fired: BULLISH | Broken level: 2940.825 | BOS count: 27 | Trend Confirmed: True[0m
[32m14:33:52[0m | [1mINFO    [0m | [36mbackend.strategies.core.market_structure[0m:[36mupdate[0m | [1mChoCH fired: BEARISH | Broken level: 2937.186 | BOS count: 1[0m
[32m14:33:53[0m | [1mINFO    [0m | [36mbackend.strategies.core.market_structure[0m:[36mupdate[0m | [1mBOS fired: BEARISH | Broken level: 2937.186 | BOS count: 2 | Trend Confirmed: True[0m
[32m14:33:53[0m | [1mINFO    [0m | [36mbackend.strategies.core.market_structure[0m:[36mupdate[0m | [1mBOS fired: BEARISH | Broken level: 2937.186 | BOS count: 3 | Trend Confirmed: True[0m
[32m14:33:53[0m | [1mINFO    [0m | [36mbackend.strategies.core.market_structure[0m:[36mupdate[0m | [1mBOS fired: BEARISH | Broken level: 2937.186 | BOS count: 4 | Trend Confirmed: True[0m
[32m14:33:53[0m | [1mINFO    [0m | [36mbackend.strategies.core.market_structure[0m:[36mupdate[0m | [1mBOS fired: BEARISH | Broken level: 2937.186 | BOS count: 5 | Trend Confirmed: True[0m
[32m14:33:53[0m | [1mINFO    [0m | [36mbackend.strategies.core.market_structure[0m:[36mupdate[0m | [1mBOS fired: BEARISH | Broken level: 2931.19 | BOS count: 6 | Trend Confirmed: True[0m
[32m14:33:53[0m | [1mINFO    [0m | [36mbackend.strategies.core.market_structure[0m:[36mupdate[0m | [1mBOS fired: BEARISH | Broken level: 2931.19 | BOS count: 7 | Trend Confirmed: True[0m
[32m14:33:53[0m | [1mINFO    [0m | [36mbackend.strategies.core.market_structure[0m:[36mupdate[0m | [1mBOS fired: BEARISH | Broken level: 2931.19 | BOS count: 8 | Trend Confirmed: True[0m
[32m14:33:53[0m | [1mINFO    [0m | [36mbackend.strategies.core.market_structure[0m:[36mupdate[0m | [1mBOS fired: BEARISH | Broken level: 2931.19 | BOS count: 9 | Trend Confirmed: True[0m
[32m14:33:53[0m | [1mINFO    [0m | [36mbackend.strategies.core.market_structure[0m:[36mupdate[0m | [1mBOS fired: BEARISH | Broken level: 2931.19 | BOS count: 10 | Trend Confirmed: True[0m
[32m14:33:53[0m | [1mINFO    [0m | [36mbackend.strategies.core.market_structure[0m:[36mupdate[0m | [1mChoCH fired: BULLISH | Broken level: 2938.787 | BOS count: 1[0m
[32m14:33:53[0m | [1mINFO    [0m | [36mbackend.strategies.core.market_structure[0m:[36mupdate[0m | [1mBOS fired: BULLISH | Broken level: 2938.787 | BOS count: 2 | Trend Confirmed: True[0m
[32m14:33:53[0m | [1mINFO    [0m | [36mbackend.strategies.core.market_structure[0m:[36mupdate[0m | [1mBOS fired: BULLISH | Broken level: 2938.787 | BOS count: 3 | Trend Confirmed: True[0m
[32m14:33:53[0m | [1mINFO    [0m | [36mbackend.strategies.core.market_structure[0m:[36mupdate[0m | [1mBOS fired: BULLISH | Broken level: 2938.787 | BOS count: 4 | Trend Confirmed: True[0m
[32m14:33:53[0m | [1mINFO    [0m | [36mbackend.strategies.core.market_structure[0m:[36mupdate[0m | [1mBOS fired: BULLISH | Broken level: 2938.787 | BOS count: 5 | Trend Confirmed: True[0m
[32m14:33:53[0m | [1mINFO    [0m | [36mbackend.strategies.core.market_structure[0m:[36mupdate[0m | [1mBOS fired: BULLISH | Broken level: 2938.787 | BOS count: 6 | Trend Confirmed: True[0m
[32m14:33:53[0m | [1mINFO    [0m | [36mbackend.strategies.core.market_structure[0m:[36mupdate[0m | [1mBOS fired: BULLISH | Broken level: 2938.787 | BOS count: 7 | Trend Confirmed: True[0m
[32m14:33:53[0m | [1mINFO    [0m | [36mbackend.strategies.core.market_structure[0m:[36mupdate[0m | [1mBOS fired: BULLISH | Broken level: 2938.787 | BOS count: 8 | Trend Confirmed: True[0m
[32m14:33:53[0m | [1mINFO    [0m | [36mbackend.strategies.core.market_structure[0m:[36mupdate[0m | [1mBOS fired: BULLISH | Broken level: 2938.787 | BOS count: 9 | Trend Confirmed: True[0m
[32m14:33:53[0m | [1mINFO    [0m | [36mbackend.strategies.core.market_structure[0m:[36mupdate[0m | [1mBOS fired: BULLISH | Broken level: 2938.787 | BOS count: 10 | Trend Confirmed: True[0m
[32m14:33:53[0m | [1mINFO    [0m | [36mbackend.strategies.core.market_structure[0m:[36mupdate[0m | [1mBOS fired: BULLISH | Broken level: 2938.787 | BOS count: 11 | Trend Confirmed: True[0m
[32m14:33:53[0m | [1mINFO    [0m | [36mbackend.strategies.core.market_structure[0m:[36mupdate[0m | [1mBOS fired: BULLISH | Broken level: 2938.787 | BOS count: 12 | Trend Confirmed: True[0m
[32m14:33:53[0m | [1mINFO    [0m | [36mbackend.strategies.core.market_structure[0m:[36mupdate[0m | [1mBOS fired: BULLISH | Broken level: 2938.787 | BOS count: 13 | Trend Confirmed: True[0m
[32m14:33:53[0m | [1mINFO    [0m | [36mbackend.strategies.core.market_structure[0m:[36mupdate[0m | [1mBOS fired: BULLISH | Broken level: 2938.787 | BOS count: 14 | Trend Confirmed: True[0m
[32m14:33:53[0m | [1mINFO    [0m | [36mbackend.strategies.core.market_structure[0m:[36mupdate[0m | [1mBOS fired: BULLISH | Broken level: 2947.482 | BOS count: 15 | Trend Confirmed: True[0m
[32m14:33:53[0m | [1mINFO    [0m | [36mbackend.strategies.core.market_structure[0m:[36mupdate[0m | [1mBOS fired: BULLISH | Broken level: 2947.482 | BOS count: 16 | Trend Confirmed: True[0m
[32m14:33:53[0m | [1mINFO    [0m | [36mbackend.strategies.core.market_structure[0m:[36mupdate[0m | [1mBOS fired: BULLISH | Broken level: 2947.482 | BOS count: 17 | Trend Confirmed: True[0m
[32m14:33:53[0m | [1mINFO    [0m | [36mbackend.strategies.core.market_structure[0m:[36mupdate[0m | [1mBOS fired: BULLISH | Broken level: 2947.482 | BOS count: 18 | Trend Confirmed: True[0m
[32m14:33:53[0m | [1mINFO    [0m | [36mbackend.strategies.core.market_structure[0m:[36mupdate[0m | [1mBOS fired: BULLISH | Broken level: 2947.482 | BOS count: 19 | Trend Confirmed: True[0m
[32m14:33:53[0m | [1mINFO    [0m | [36mbackend.strategies.core.market_structure[0m:[36mupdate[0m | [1mBOS fired: BULLISH | Broken level: 2947.482 | BOS count: 20 | Trend Confirmed: True[0m
[32m14:33:53[0m | [1mINFO    [0m | [36mbackend.strategies.core.market_structure[0m:[36mupdate[0m | [1mBOS fired: BULLISH | Broken level: 2947.482 | BOS count: 21 | Trend Confirmed: True[0m
[32m14:33:53[0m | [1mINFO    [0m | [36mbackend.strategies.core.market_structure[0m:[36mupdate[0m | [1mChoCH fired: BEARISH | Broken level: 2936.548 | BOS count: 1[0m
[32m14:33:53[0m | [1mINFO    [0m | [36mbackend.strategies.core.market_structure[0m:[36mupdate[0m | [1mBOS fired: BEARISH | Broken level: 2936.548 | BOS count: 2 | Trend Confirmed: True[0m
[32m14:33:53[0m | [1mINFO    [0m | [36mbackend.strategies.core.market_structure[0m:[36mupdate[0m | [1mBOS fired: BEARISH | Broken level: 2936.548 | BOS count: 3 | Trend Confirmed: True[0m
[32m14:33:53[0m | [1mINFO    [0m | [36mbackend.strategies.core.market_structure[0m:[36mupdate[0m | [1mBOS fired: BEARISH | Broken level: 2936.548 | BOS count: 4 | Trend Confirmed: True[0m
[32m14:33:53[0m | [1mINFO    [0m | [36mbackend.strategies.core.market_structure[0m:[36mupdate[0m | [1mBOS fired: BEARISH | Broken level: 2936.548 | BOS count: 5 | Trend Confirmed: True[0m
[32m14:33:53[0m | [1mINFO    [0m | [36mbackend.strategies.core.market_structure[0m:[36mupdate[0m | [1mBOS fired: BEARISH | Broken level: 2936.548 | BOS count: 6 | Trend Confirmed: True[0m
[32m14:33:53[0m | [1mINFO    [0m | [36mbackend.strategies.core.market_structure[0m:[36mupdate[0m | [1mBOS fired: BEARISH | Broken level: 2936.548 | BOS count: 7 | Trend Confirmed: True[0m
[32m14:33:53[0m | [1mINFO    [0m | [36mbackend.strategies.core.market_structure[0m:[36mupdate[0m | [1mBOS fired: BEARISH | Broken level: 2930.406 | BOS count: 8 | Trend Confirmed: True[0m
[32m14:33:53[0m | [1mINFO    [0m | [36mbackend.strategies.core.market_structure[0m:[36mupdate[0m | [1mBOS fired: BEARISH | Broken level: 2930.406 | BOS count: 9 | Trend Confirmed: True[0m
[32m14:33:53[0m | [1mINFO    [0m | [36mbackend.strategies.core.market_structure[0m:[36mupdate[0m | [1mBOS fired: BEARISH | Broken level: 2930.406 | BOS count: 10 | Trend Confirmed: True[0m
[32m14:33:53[0m | [1mINFO    [0m | [36mbackend.strategies.core.market_structure[0m:[36mupdate[0m | [1mBOS fired: BEARISH | Broken level: 2930.406 | BOS count: 11 | Trend Confirmed: True[0m
[32m14:33:53[0m | [1mINFO    [0m | [36mbackend.strategies.core.market_structure[0m:[36mupdate[0m | [1mBOS fired: BEARISH | Broken level: 2926.189 | BOS count: 12 | Trend Confirmed: True[0m
[32m14:33:53[0m | [1mINFO    [0m | [36mbackend.strategies.core.market_structure[0m:[36mupdate[0m | [1mBOS fired: BEARISH | Broken level: 2926.189 | BOS count: 13 | Trend Confirmed: True[0m
[32m14:33:53[0m | [1mINFO    [0m | [36mbackend.strategies.core.market_structure[0m:[36mupdate[0m | [1mBOS fired: BEARISH | Broken level: 2926.189 | BOS count: 14 | Trend Confirmed: True[0m
[32m14:33:53[0m | [1mINFO    [0m | [36mbackend.strategies.core.market_structure[0m:[36mupdate[0m | [1mBOS fired: BEARISH | Broken level: 2926.189 | BOS count: 15 | Trend Confirmed: True[0m
[32m14:33:53[0m | [1mINFO    [0m | [36mbackend.strategies.core.market_structure[0m:[36mupdate[0m | [1mBOS fired: BEARISH | Broken level: 2926.189 | BOS count: 16 | Trend Confirmed: True[0m
[32m14:33:53[0m | [1mINFO    [0m | [36mbackend.strategies.core.market_structure[0m:[36mupdate[0m | [1mBOS fired: BEARISH | Broken level: 2926.189 | BOS count: 17 | Trend Confirmed: True[0m
[32m14:33:53[0m | [1mINFO    [0m | [36mbackend.strategies.core.market_structure[0m:[36mupdate[0m | [1mBOS fired: BEARISH | Broken level: 2926.189 | BOS count: 18 | Trend Confirmed: True[0m
[32m14:33:53[0m | [1mINFO    [0m | [36mbackend.strategies.core.market_structure[0m:[36mupdate[0m | [1mBOS fired: BEARISH | Broken level: 2926.189 | BOS count: 19 | Trend Confirmed: True[0m
[32m14:33:53[0m | [1mINFO    [0m | [36mbackend.strategies.core.market_structure[0m:[36mupdate[0m | [1mBOS fired: BEARISH | Broken level: 2926.189 | BOS count: 20 | Trend Confirmed: True[0m
[32m14:33:53[0m | [1mINFO    [0m | [36mbackend.strategies.core.market_structure[0m:[36mupdate[0m | [1mBOS fired: BEARISH | Broken level: 2926.189 | BOS count: 21 | Trend Confirmed: True[0m
[32m14:33:53[0m | [1mINFO    [0m | [36mbackend.strategies.core.market_structure[0m:[36mupdate[0m | [1mBOS fired: BEARISH | Broken level: 2926.189 | BOS count: 22 | Trend Confirmed: True[0m
[32m14:33:53[0m | [1mINFO    [0m | [36mbackend.strategies.core.market_structure[0m:[36mupdate[0m | [1mBOS fired: BEARISH | Broken level: 2926.189 | BOS count: 23 | Trend Confirmed: True[0m
[32m14:33:53[0m | [1mINFO    [0m | [36mbackend.strategies.core.market_structure[0m:[36mupdate[0m | [1mBOS fired: BEARISH | Broken level: 2926.189 | BOS count: 24 | Trend Confirmed: True[0m
[32m14:33:53[0m | [1mINFO    [0m | [36mbackend.strategies.core.market_structure[0m:[36mupdate[0m | [1mBOS fired: BEARISH | Broken level: 2926.189 | BOS count: 25 | Trend Confirmed: True[0m
[32m14:33:53[0m | [1mINFO    [0m | [36mbackend.strategies.core.market_structure[0m:[36mupdate[0m | [1mBOS fired: BEARISH | Broken level: 2926.189 | BOS count: 26 | Trend Confirmed: True[0m
[32m14:33:53[0m | [1mINFO    [0m | [36mbackend.strategies.core.market_structure[0m:[36mupdate[0m | [1mBOS fired: BEARISH | Broken level: 2926.189 | BOS count: 27 | Trend Confirmed: True[0m
[32m14:33:53[0m | [1mINFO    [0m | [36mbackend.strategies.core.market_structure[0m:[36mupdate[0m | [1mBOS fired: BEARISH | Broken level: 2926.189 | BOS count: 28 | Trend Confirmed: True[0m
[32m14:33:53[0m | [1mINFO    [0m | [36mbackend.strategies.core.market_structure[0m:[36mupdate[0m | [1mBOS fired: BEARISH | Broken level: 2926.189 | BOS count: 29 | Trend Confirmed: True[0m
[32m14:33:53[0m | [1mINFO    [0m | [36mbackend.strategies.core.market_structure[0m:[36mupdate[0m | [1mBOS fired: BEARISH | Broken level: 2926.189 | BOS count: 30 | Trend Confirmed: True[0m
[32m14:33:53[0m | [1mINFO    [0m | [36mbackend.strategies.core.market_structure[0m:[36mupdate[0m | [1mBOS fired: BEARISH | Broken level: 2926.189 | BOS count: 31 | Trend Confirmed: True[0m
[32m14:33:53[0m | [1mINFO    [0m | [36mbackend.strategies.core.market_structure[0m:[36mupdate[0m | [1mBOS fired: BEARISH | Broken level: 2926.189 | BOS count: 32 | Trend Confirmed: True[0m
[32m14:33:53[0m | [1mINFO    [0m | [36mbackend.strategies.core.market_structure[0m:[36mupdate[0m | [1mBOS fired: BEARISH | Broken level: 2926.189 | BOS count: 33 | Trend Confirmed: True[0m
[32m14:33:53[0m | [1mINFO    [0m | [36mbackend.strategies.core.market_structure[0m:[36mupdate[0m | [1mBOS fired: BEARISH | Broken level: 2926.189 | BOS count: 34 | Trend Confirmed: True[0m
[32m14:33:53[0m | [1mINFO    [0m | [36mbackend.strategies.core.market_structure[0m:[36mupdate[0m | [1mBOS fired: BEARISH | Broken level: 2926.189 | BOS count: 35 | Trend Confirmed: True[0m
[32m14:33:54[0m | [1mINFO    [0m | [36mbackend.strategies.core.market_structure[0m:[36mupdate[0m | [1mBOS fired: BEARISH | Broken level: 2911.586 | BOS count: 36 | Trend Confirmed: True[0m
[32m14:33:54[0m | [1mINFO    [0m | [36mbackend.strategies.core.market_structure[0m:[36mupdate[0m | [1mBOS fired: BEARISH | Broken level: 2911.586 | BOS count: 37 | Trend Confirmed: True[0m
[32m14:33:54[0m | [1mINFO    [0m | [36mbackend.strategies.core.market_structure[0m:[36mupdate[0m | [1mBOS fired: BEARISH | Broken level: 2911.586 | BOS count: 38 | Trend Confirmed: True[0m
[32m14:33:54[0m | [1mINFO    [0m | [36mbackend.strategies.core.market_structure[0m:[36mupdate[0m | [1mBOS fired: BEARISH | Broken level: 2911.586 | BOS count: 39 | Trend Confirmed: True[0m
[32m14:33:54[0m | [1mINFO    [0m | [36mbackend.strategies.core.market_structure[0m:[36mupdate[0m | [1mBOS fired: BEARISH | Broken level: 2911.586 | BOS count: 40 | Trend Confirmed: True[0m
[32m14:33:54[0m | [1mINFO    [0m | [36mbackend.strategies.core.market_structure[0m:[36mupdate[0m | [1mBOS fired: BEARISH | Broken level: 2911.586 | BOS count: 41 | Trend Confirmed: True[0m
[32m14:33:54[0m | [1mINFO    [0m | [36mbackend.strategies.core.market_structure[0m:[36mupdate[0m | [1mBOS fired: BEARISH | Broken level: 2911.586 | BOS count: 42 | Trend Confirmed: True[0m
[32m14:33:54[0m | [1mINFO    [0m | [36mbackend.strategies.core.market_structure[0m:[36mupdate[0m | [1mBOS fired: BEARISH | Broken level: 2911.586 | BOS count: 43 | Trend Confirmed: True[0m
[32m14:33:54[0m | [1mINFO    [0m | [36mbackend.strategies.core.market_structure[0m:[36mupdate[0m | [1mBOS fired: BEARISH | Broken level: 2911.586 | BOS count: 44 | Trend Confirmed: True[0m
[32m14:33:54[0m | [1mINFO    [0m | [36mbackend.strategies.core.market_structure[0m:[36mupdate[0m | [1mBOS fired: BEARISH | Broken level: 2911.586 | BOS count: 45 | Trend Confirmed: True[0m
[32m14:33:54[0m | [1mINFO    [0m | [36mbackend.strategies.core.market_structure[0m:[36mupdate[0m | [1mBOS fired: BEARISH | Broken level: 2911.586 | BOS count: 46 | Trend Confirmed: True[0m
[32m14:33:54[0m | [1mINFO    [0m | [36mbackend.strategies.core.market_structure[0m:[36mupdate[0m | [1mBOS fired: BEARISH | Broken level: 2911.586 | BOS count: 47 | Trend Confirmed: True[0m
[32m14:33:54[0m | [1mINFO    [0m | [36mbackend.strategies.core.market_structure[0m:[36mupdate[0m | [1mBOS fired: BEARISH | Broken level: 2911.586 | BOS count: 48 | Trend Confirmed: True[0m
[32m14:33:54[0m | [1mINFO    [0m | [36mbackend.strategies.core.market_structure[0m:[36mupdate[0m | [1mBOS fired: BEARISH | Broken level: 2901.225 | BOS count: 49 | Trend Confirmed: True[0m
[32m14:33:54[0m | [1mINFO    [0m | [36mbackend.strategies.core.market_structure[0m:[36mupdate[0m | [1mBOS fired: BEARISH | Broken level: 2901.225 | BOS count: 50 | Trend Confirmed: True[0m
[32m14:33:54[0m | [1mINFO    [0m | [36mbackend.strategies.core.market_structure[0m:[36mupdate[0m | [1mBOS fired: BEARISH | Broken level: 2901.225 | BOS count: 51 | Trend Confirmed: True[0m
[32m14:33:54[0m | [1mINFO    [0m | [36mbackend.strategies.core.market_structure[0m:[36mupdate[0m | [1mBOS fired: BEARISH | Broken level: 2901.225 | BOS count: 52 | Trend Confirmed: True[0m
[32m14:33:54[0m | [1mINFO    [0m | [36mbackend.strategies.core.market_structure[0m:[36mupdate[0m | [1mBOS fired: BEARISH | Broken level: 2901.225 | BOS count: 53 | Trend Confirmed: True[0m
[32m14:33:54[0m | [1mINFO    [0m | [36mbackend.strategies.core.market_structure[0m:[36mupdate[0m | [1mBOS fired: BEARISH | Broken level: 2901.225 | BOS count: 54 | Trend Confirmed: True[0m
[32m14:33:54[0m | [1mINFO    [0m | [36mbackend.strategies.core.market_structure[0m:[36mupdate[0m | [1mBOS fired: BEARISH | Broken level: 2901.225 | BOS count: 55 | Trend Confirmed: True[0m
[32m14:33:54[0m | [1mINFO    [0m | [36mbackend.strategies.core.market_structure[0m:[36mupdate[0m | [1mBOS fired: BEARISH | Broken level: 2901.225 | BOS count: 56 | Trend Confirmed: True[0m
[32m14:33:54[0m | [1mINFO    [0m | [36mbackend.strategies.core.market_structure[0m:[36mupdate[0m | [1mBOS fired: BEARISH | Broken level: 2901.225 | BOS count: 57 | Trend Confirmed: True[0m
[32m14:33:54[0m | [1mINFO    [0m | [36mbackend.strategies.core.market_structure[0m:[36mupdate[0m | [1mBOS fired: BEARISH | Broken level: 2895.295 | BOS count: 58 | Trend Confirmed: True[0m
[32m14:33:54[0m | [1mINFO    [0m | [36mbackend.strategies.core.market_structure[0m:[36mupdate[0m | [1mBOS fired: BEARISH | Broken level: 2895.295 | BOS count: 59 | Trend Confirmed: True[0m
[32m14:33:54[0m | [1mINFO    [0m | [36mbackend.strategies.core.market_structure[0m:[36mupdate[0m | [1mBOS fired: BEARISH | Broken level: 2895.295 | BOS count: 60 | Trend Confirmed: True[0m
[32m14:33:55[0m | [1mINFO    [0m | [36mbackend.strategies.core.market_structure[0m:[36mupdate[0m | [1mChoCH fired: BULLISH | Broken level: 2904.413 | BOS count: 1[0m
[32m14:33:55[0m | [1mINFO    [0m | [36mbackend.strategies.core.market_structure[0m:[36mupdate[0m | [1mBOS fired: BULLISH | Broken level: 2904.413 | BOS count: 2 | Trend Confirmed: True[0m
[32m14:33:55[0m | [1mINFO    [0m | [36mbackend.strategies.core.market_structure[0m:[36mupdate[0m | [1mBOS fired: BULLISH | Broken level: 2904.413 | BOS count: 3 | Trend Confirmed: True[0m
[32m14:33:55[0m | [1mINFO    [0m | [36mbackend.risk.position_sizer[0m:[36mfreeze_symbol_info[0m | [1m[SIZER] Symbol info FROZEN for this run — sizing and PnL will use identical values.[0m
[32m14:33:55[0m | [1mINFO    [0m | [36mbackend.backtester.engine[0m:[36mrun[0m | [1m[ENGINE] \u2550\u2550\u2550 Starting backtest engine \u2550\u2550\u2550[0m
[32m14:33:55[0m | [1mINFO    [0m | [36mbackend.backtester.engine[0m:[36mrun[0m | [1m[ENGINE] Balance: $10000.0 | Signals: 406 | Candles: 20000[0m
[32m14:33:55[0m | [1mINFO    [0m | [36mbackend.backtester.engine[0m:[36mrun[0m | [1m[ENGINE] Risk config: risk_pct=1.0% | min_rr=None | tp_count=1[0m
[32m14:33:55[0m | [1mINFO    [0m | [36mbackend.backtester.engine[0m:[36m_costs_for[0m | [1m[COSTS] Crash 500 Index | spread=2.00p slippage=1.00p commission=$0.00/lot swap_long=0.0000/lot/day swap_short=0.0000/lot/day stops_level=2.00p | broker_source=ASSET_CLASS_DEFAULT | per-field={'slippage_pips': 'ASSET_CLASS_DEFAULT', 'commission_per_lot': 'ASSET_CLASS_DEFAULT', 'spread_pips': 'ASSET_CLASS_DEFAULT', 'swap_long_per_lot_per_day': 'ASSET_CLASS_DEFAULT', 'swap_short_per_lot_per_day': 'ASSET_CLASS_DEFAULT', 'stops_level_pips': 'ASSET_CLASS_DEFAULT', 'exit_slippage_pips': 'DEFAULT_EQUALS_SLIPPAGE_PIPS'}[0m
C:\Users\ikchr\Documents\AlgoEdge\backend\backtester\engine.py:754: FutureWarning: The behavior of DatetimeProperties.to_pydatetime is deprecated, in a future version this will return a Series containing python datetime objects instead of an ndarray. To retain the old behavior, call `np.array` on the result
  dt_arr = dt_series.dt.to_pydatetime()
[32m14:34:00[0m | [1mINFO    [0m | [36mbackend.risk.position_sizer[0m:[36mcalculate_lot_size[0m | [1m[SIZER] Crash 500 Index: lot=9.701 | risk=$99.97 (1.00%) | source=InstrumentProfile[0m
[32m14:34:00[0m | [1mINFO    [0m | [36mbackend.risk.engine[0m:[36mevaluate_signal[0m | [1m{"event": "trade_approved", "direction": "BUY", "symbol": "Crash 500 Index", "entry": 2767.557, "sl": 2757.252357142857, "risk_dollars": 99.96534035714309, "lots": 9.701, "tp_count": 1, "last_tp_rr": 5.0, "binding_constraint": "none"}[0m
[32m14:34:00[0m | [1mINFO    [0m | [36mbackend.risk.breakeven_manager[0m:[36mcheck_breakeven[0m | [1mBreak-even triggered: SL 2757.25336 -> 2767.56300[0m
[32m14:34:00[0m | [1mINFO    [0m | [36mbackend.risk.position_sizer[0m:[36mcalculate_lot_size[0m | [1m[SIZER] Crash 500 Index: lot=10.0 | risk=$87.86 (0.88%) | source=InstrumentProfile[0m
[32m14:34:00[0m | [1mINFO    [0m | [36mbackend.risk.engine[0m:[36mevaluate_signal[0m | [1m{"event": "trade_approved", "direction": "BUY", "symbol": "Crash 500 Index", "entry": 2793.78, "sl": 2784.993892857143, "risk_dollars": 87.86107142857418, "lots": 10.0, "tp_count": 1, "last_tp_rr": 5.0, "binding_constraint": "lot_max"}[0m
[32m14:34:00[0m | [1mINFO    [0m | [36mbackend.risk.breakeven_manager[0m:[36mcheck_breakeven[0m | [1mBreak-even triggered: SL 2784.99889 -> 2793.79000[0m
[32m14:34:00[0m | [1mINFO    [0m | [36mbackend.risk.position_sizer[0m:[36mcalculate_lot_size[0m | [1m[SIZER] Crash 500 Index: lot=5.709 | risk=$99.97 (1.00%) | source=InstrumentProfile[0m
[32m14:34:00[0m | [1mINFO    [0m | [36mbackend.risk.engine[0m:[36mevaluate_signal[0m | [1m{"event": "trade_approved", "direction": "BUY", "symbol": "Crash 500 Index", "entry": 2868.542, "sl": 2851.030357142857, "risk_dollars": 99.95645742857089, "lots": 5.709, "tp_count": 1, "last_tp_rr": 5.0, "binding_constraint": "lot_max"}[0m
[32m14:34:00[0m | [1mINFO    [0m | [36mbackend.risk.position_sizer[0m:[36mcalculate_lot_size[0m | [1m[SIZER] Crash 500 Index: lot=3.49 | risk=$99.98 (1.00%) | source=InstrumentProfile[0m
[32m14:34:00[0m | [1mINFO    [0m | [36mbackend.risk.engine[0m:[36mevaluate_signal[0m | [1m{"event": "trade_approved", "direction": "BUY", "symbol": "Crash 500 Index", "entry": 2863.981, "sl": 2835.3330714285717, "risk_dollars": 99.9812707142857, "lots": 3.49, "tp_count": 1, "last_tp_rr": 5.0, "binding_constraint": "none"}[0m
[32m14:34:00[0m | [1mINFO    [0m | [36mbackend.risk.position_sizer[0m:[36mcalculate_lot_size[0m | [1m[SIZER] Crash 500 Index: lot=0.576 | risk=$9.99 (0.10%) | source=InstrumentProfile[0m
[32m14:34:00[0m | [1mINFO    [0m | [36mbackend.risk.engine[0m:[36mevaluate_signal[0m | [1m{"event": "trade_approved", "direction": "BUY", "symbol": "Crash 500 Index", "entry": 2877.521, "sl": 2860.17125, "risk_dollars": 9.99345600000018, "lots": 0.576, "tp_count": 1, "last_tp_rr": 5.0, "binding_constraint": "none"}[0m
[32m14:34:00[0m | [1mINFO    [0m | [36mbackend.risk.position_sizer[0m:[36mcalculate_lot_size[0m | [1m[SIZER] Crash 500 Index: lot=0.911 | risk=$9.99 (0.10%) | source=InstrumentProfile[0m
[32m14:34:00[0m | [1mINFO    [0m | [36mbackend.risk.engine[0m:[36mevaluate_signal[0m | [1m{"event": "trade_approved", "direction": "BUY", "symbol": "Crash 500 Index", "entry": 2860.864, "sl": 2849.900607142857, "risk_dollars": 9.987650892857214, "lots": 0.911, "tp_count": 1, "last_tp_rr": 5.0, "binding_constraint": "none"}[0m
[32m14:34:00[0m | [33m[1mWARNING [0m | [36mbackend.strategies.base_strategy[0m:[36mlog_event[0m | [33m[1m[DJA] [Crash 500 Index] Max consecutive losses (4) reached. Cooldown until 2026-08-31T01:34:00.886332+00:00[0m
[32m14:34:00[0m | [33m[1mWARNING [0m | [36mbackend.services.bot_service[0m:[36m_log_event[0m | [33m[1m[BT-DJA] [Crash 500 Index] Max consecutive losses (4) reached. Cooldown until 2026-08-31T01:34:00.886332+00:00[0m
[32m14:34:00[0m | [1mINFO    [0m | [36mbackend.risk.position_sizer[0m:[36mcalculate_lot_size[0m | [1m[SIZER] Crash 500 Index: lot=9.218 | risk=$99.97 (1.00%) | source=InstrumentProfile[0m
[32m14:34:00[0m | [1mINFO    [0m | [36mbackend.risk.engine[0m:[36mevaluate_signal[0m | [1m{"event": "trade_approved", "direction": "BUY", "symbol": "Crash 500 Index", "entry": 2800.452, "sl": 2789.6072142857142, "risk_dollars": 99.96723471428825, "lots": 9.218, "tp_count": 1, "last_tp_rr": 5.0, "binding_constraint": "none"}[0m
[32m14:34:00[0m | [1mINFO    [0m | [36mbackend.risk.breakeven_manager[0m:[36mcheck_breakeven[0m | [1mBreak-even triggered: SL 2789.62121 -> 2800.47100[0m
[32m14:34:00[0m | [1mINFO    [0m | [36mbackend.risk.position_sizer[0m:[36mcalculate_lot_size[0m | [1m[SIZER] Crash 500 Index: lot=3.466 | risk=$21.99 (0.22%) | source=InstrumentProfile[0m
[32m14:34:00[0m | [1mINFO    [0m | [36mbackend.risk.engine[0m:[36mevaluate_signal[0m | [1m{"event": "trade_approved", "direction": "BUY", "symbol": "Crash 500 Index", "entry": 2819.112, "sl": 2812.768357142857, "risk_dollars": 21.98706614285797, "lots": 3.466, "tp_count": 1, "last_tp_rr": 5.0, "binding_constraint": "none"}[0m
[32m14:34:00[0m | [1mINFO    [0m | [36mbackend.risk.breakeven_manager[0m:[36mcheck_breakeven[0m | [1mBreak-even triggered: SL 2812.77036 -> 2819.11900[0m
[32m14:34:00[0m | [1mINFO    [0m | [36mbackend.risk.position_sizer[0m:[36mcalculate_lot_size[0m | [1m[SIZER] Crash 500 Index: lot=9.754 | risk=$99.96 (1.00%) | source=InstrumentProfile[0m
[32m14:34:00[0m | [1mINFO    [0m | [36mbackend.risk.engine[0m:[36mevaluate_signal[0m | [1m{"event": "trade_approved", "direction": "BUY", "symbol": "Crash 500 Index", "entry": 2858.559, "sl": 2848.310428571429, "risk_dollars": 99.96456571428413, "lots": 9.754, "tp_count": 1, "last_tp_rr": 5.0, "binding_constraint": "none"}[0m
[32m14:34:00[0m | [1mINFO    [0m | [36mbackend.risk.position_sizer[0m:[36mcalculate_lot_size[0m | [1m[SIZER] Crash 500 Index: lot=10.0 | risk=$49.10 (0.49%) | source=InstrumentProfile[0m
[32m14:34:00[0m | [1mINFO    [0m | [36mbackend.risk.engine[0m:[36mevaluate_signal[0m | [1m{"event": "trade_approved", "direction": "BUY", "symbol": "Crash 500 Index", "entry": 2852.624, "sl": 2847.7139642857146, "risk_dollars": 49.10035714285186, "lots": 10.0, "tp_count": 1, "last_tp_rr": 5.0, "binding_constraint": "lot_max"}[0m
[32m14:34:00[0m | [1mINFO    [0m | [36mbackend.risk.breakeven_manager[0m:[36mcheck_breakeven[0m | [1mBreak-even triggered: SL 2847.72196 -> 2852.63700[0m
[32m14:34:00[0m | [1mINFO    [0m | [36mbackend.risk.position_sizer[0m:[36mcalculate_lot_size[0m | [1m[SIZER] Crash 500 Index: lot=6.85 | risk=$99.98 (1.00%) | source=InstrumentProfile[0m
[32m14:34:00[0m | [1mINFO    [0m | [36mbackend.risk.engine[0m:[36mevaluate_signal[0m | [1m{"event": "trade_approved", "direction": "BUY", "symbol": "Crash 500 Index", "entry": 2861.555, "sl": 2846.9599285714285, "risk_dollars": 99.96164421428534, "lots": 6.85, "tp_count": 1, "last_tp_rr": 5.0, "binding_constraint": "lot_max"}[0m
[32m14:34:00[0m | [1mINFO    [0m | [36mbackend.risk.position_sizer[0m:[36mcalculate_lot_size[0m | [1m[SIZER] Crash 500 Index: lot=3.768 | risk=$99.96 (1.00%) | source=InstrumentProfile[0m
[32m14:34:00[0m | [1mINFO    [0m | [36mbackend.risk.engine[0m:[36mevaluate_signal[0m | [1m{"event": "trade_approved", "direction": "BUY", "symbol": "Crash 500 Index", "entry": 2832.354, "sl": 2805.824678571428, "risk_dollars": 99.9359538214293, "lots": 3.768, "tp_count": 1, "last_tp_rr": 5.0, "binding_constraint": "lot_max"}[0m
[32m14:34:00[0m | [1mINFO    [0m | [36mbackend.risk.breakeven_manager[0m:[36mcheck_breakeven[0m | [1mBreak-even triggered: SL 2805.82668 -> 2832.36100[0m
[32m14:34:01[0m | [1mINFO    [0m | [36mbackend.risk.position_sizer[0m:[36mcalculate_lot_size[0m | [1m[SIZER] Crash 500 Index: lot=6.879 | risk=$99.98 (1.00%) | source=InstrumentProfile[0m
[32m14:34:01[0m | [1mINFO    [0m | [36mbackend.risk.engine[0m:[36mevaluate_signal[0m | [1m{"event": "trade_approved", "direction": "BUY", "symbol": "Crash 500 Index", "entry": 2800.066, "sl": 2785.5321785714286, "risk_dollars": 99.96362378571253, "lots": 6.879, "tp_count": 1, "last_tp_rr": 5.0, "binding_constraint": "lot_max"}[0m
[32m14:34:01[0m | [1mINFO    [0m | [36mbackend.risk.position_sizer[0m:[36mcalculate_lot_size[0m | [1m[SIZER] Crash 500 Index: lot=4.789 | risk=$99.98 (1.00%) | source=InstrumentProfile[0m
[32m14:34:01[0m | [1mINFO    [0m | [36mbackend.risk.engine[0m:[36mevaluate_signal[0m | [1m{"event": "trade_approved", "direction": "BUY", "symbol": "Crash 500 Index", "entry": 2797.496, "sl": 2776.618785714286, "risk_dollars": 99.98097921428538, "lots": 4.789, "tp_count": 1, "last_tp_rr": 5.0, "binding_constraint": "none"}[0m
[32m14:34:01[0m | [1mINFO    [0m | [36mbackend.risk.breakeven_manager[0m:[36mcheck_breakeven[0m | [1mBreak-even triggered: SL 2776.61879 -> 2797.50100[0m
[32m14:34:01[0m | [1mINFO    [0m | [36mbackend.risk.position_sizer[0m:[36mcalculate_lot_size[0m | [1m[SIZER] Crash 500 Index: lot=8.375 | risk=$99.97 (1.00%) | source=InstrumentProfile[0m
[32m14:34:01[0m | [1mINFO    [0m | [36mbackend.risk.engine[0m:[36mevaluate_signal[0m | [1m{"event": "trade_approved", "direction": "BUY", "symbol": "Crash 500 Index", "entry": 2793.543, "sl": 2781.6062857142856, "risk_dollars": 99.96998214285907, "lots": 8.375, "tp_count": 1, "last_tp_rr": 5.0, "binding_constraint": "none"}[0m
[32m14:34:01[0m | [1mINFO    [0m | [36mbackend.risk.breakeven_manager[0m:[36mcheck_breakeven[0m | [1mBreak-even triggered: SL 2781.61029 -> 2793.55200[0m
[32m14:34:01[0m | [1mINFO    [0m | [36mbackend.risk.position_sizer[0m:[36mcalculate_lot_size[0m | [1m[SIZER] Crash 500 Index: lot=3.755 | risk=$99.98 (1.00%) | source=InstrumentProfile[0m
[32m14:34:01[0m | [1mINFO    [0m | [36mbackend.risk.engine[0m:[36mevaluate_signal[0m | [1m{"event": "trade_approved", "direction": "BUY", "symbol": "Crash 500 Index", "entry": 2769.012, "sl": 2742.3867142857143, "risk_dollars": 99.97794785714332, "lots": 3.755, "tp_count": 1, "last_tp_rr": 5.0, "binding_constraint": "none"}[0m
[32m14:34:01[0m | [1mINFO    [0m | [36mbackend.risk.breakeven_manager[0m:[36mcheck_breakeven[0m | [1mBreak-even triggered: SL 2742.39171 -> 2769.02200[0m
[32m14:34:01[0m | [1mINFO    [0m | [36mbackend.risk.position_sizer[0m:[36mcalculate_lot_size[0m | [1m[SIZER] Crash 500 Index: lot=0.991 | risk=$9.99 (0.10%) | source=InstrumentProfile[0m
[32m14:34:01[0m | [1mINFO    [0m | [36mbackend.risk.engine[0m:[36mevaluate_signal[0m | [1m{"event": "trade_approved", "direction": "BUY", "symbol": "Crash 500 Index", "entry": 2848.46, "sl": 2838.3767142857146, "risk_dollars": 9.992536142856897, "lots": 0.991, "tp_count": 1, "last_tp_rr": 5.0, "binding_constraint": "none"}[0m
[32m14:34:01[0m | [1mINFO    [0m | [36mbackend.risk.position_sizer[0m:[36mcalculate_lot_size[0m | [1m[SIZER] Crash 500 Index: lot=7.097 | risk=$99.98 (1.00%) | source=InstrumentProfile[0m
[32m14:34:01[0m | [1mINFO    [0m | [36mbackend.risk.engine[0m:[36mevaluate_signal[0m | [1m{"event": "trade_approved", "direction": "BUY", "symbol": "Crash 500 Index", "entry": 2851.69, "sl": 2837.6028928571427, "risk_dollars": 99.9761993928586, "lots": 7.097, "tp_count": 1, "last_tp_rr": 5.0, "binding_constraint": "none"}[0m
[32m14:34:01[0m | [1mINFO    [0m | [36mbackend.risk.position_sizer[0m:[36mcalculate_lot_size[0m | [1m[SIZER] Crash 500 Index: lot=7.2 | risk=$99.98 (1.00%) | source=InstrumentProfile[0m
[32m14:34:01[0m | [1mINFO    [0m | [36mbackend.risk.engine[0m:[36mevaluate_signal[0m | [1m{"event": "trade_approved", "direction": "BUY", "symbol": "Crash 500 Index", "entry": 2851.368, "sl": 2837.482357142857, "risk_dollars": 99.97662857142969, "lots": 7.2, "tp_count": 1, "last_tp_rr": 5.0, "binding_constraint": "none"}[0m
[32m14:34:01[0m | [1mINFO    [0m | [36mbackend.risk.breakeven_manager[0m:[36mcheck_breakeven[0m | [1mBreak-even triggered: SL 2837.48936 -> 2851.38000[0m
[32m14:34:01[0m | [1mINFO    [0m | [36mbackend.risk.position_sizer[0m:[36mcalculate_lot_size[0m | [1m[SIZER] Crash 500 Index: lot=7.654 | risk=$99.97 (1.00%) | source=InstrumentProfile[0m
[32m14:34:01[0m | [1mINFO    [0m | [36mbackend.risk.engine[0m:[36mevaluate_signal[0m | [1m{"event": "trade_approved", "direction": "BUY", "symbol": "Crash 500 Index", "entry": 2871.275, "sl": 2858.214107142857, "risk_dollars": 99.96807392857438, "lots": 7.654, "tp_count": 1, "last_tp_rr": 5.0, "binding_constraint": "none"}[0m
[32m14:34:01[0m | [1mINFO    [0m | [36mbackend.risk.position_sizer[0m:[36mcalculate_lot_size[0m | [1m[SIZER] Crash 500 Index: lot=5.156 | risk=$99.98 (1.00%) | source=InstrumentProfile[0m
[32m14:34:01[0m | [1mINFO    [0m | [36mbackend.risk.engine[0m:[36mevaluate_signal[0m | [1m{"event": "trade_approved", "direction": "BUY", "symbol": "Crash 500 Index", "entry": 2872.795, "sl": 2853.404785714286, "risk_dollars": 99.97594485714208, "lots": 5.156, "tp_count": 1, "last_tp_rr": 5.0, "binding_constraint": "none"}[0m
[32m14:34:01[0m | [1mINFO    [0m | [36mbackend.risk.position_sizer[0m:[36mcalculate_lot_size[0m | [1m[SIZER] Crash 500 Index: lot=2.164 | risk=$99.95 (1.00%) | source=InstrumentProfile[0m
[32m14:34:01[0m | [1mINFO    [0m | [36mbackend.risk.engine[0m:[36mevaluate_signal[0m | [1m{"event": "trade_approved", "direction": "BUY", "symbol": "Crash 500 Index", "entry": 2938.409, "sl": 2892.220214285714, "risk_dollars": 99.952532285715, "lots": 2.164, "tp_count": 1, "last_tp_rr": 5.0, "binding_constraint": "none"}[0m
[32m14:34:01[0m | [1mINFO    [0m | [36mbackend.risk.position_sizer[0m:[36mcalculate_lot_size[0m | [1m[SIZER] Crash 500 Index: lot=5.037 | risk=$99.98 (1.00%) | source=InstrumentProfile[0m
[32m14:34:01[0m | [1mINFO    [0m | [36mbackend.risk.engine[0m:[36mevaluate_signal[0m | [1m{"event": "trade_approved", "direction": "BUY", "symbol": "Crash 500 Index", "entry": 2928.951, "sl": 2909.1022857142857, "risk_dollars": 99.97797385714304, "lots": 5.037, "tp_count": 1, "last_tp_rr": 5.0, "binding_constraint": "none"}[0m
[32m14:34:01[0m | [33m[1mWARNING [0m | [36mbackend.strategies.base_strategy[0m:[36mlog_event[0m | [33m[1m[DJA] [Crash 500 Index] Max consecutive losses (4) reached. Cooldown until 2026-08-31T01:34:01.270835+00:00[0m
[32m14:34:01[0m | [33m[1mWARNING [0m | [36mbackend.services.bot_service[0m:[36m_log_event[0m | [33m[1m[BT-DJA] [Crash 500 Index] Max consecutive losses (4) reached. Cooldown until 2026-08-31T01:34:01.270835+00:00[0m
[32m14:34:01[0m | [1mINFO    [0m | [36mbackend.risk.position_sizer[0m:[36mcalculate_lot_size[0m | [1m[SIZER] Crash 500 Index: lot=9.254 | risk=$99.97 (1.00%) | source=InstrumentProfile[0m
[32m14:34:01[0m | [1mINFO    [0m | [36mbackend.risk.engine[0m:[36mevaluate_signal[0m | [1m{"event": "trade_approved", "direction": "BUY", "symbol": "Crash 500 Index", "entry": 2861.691, "sl": 2850.888428571429, "risk_dollars": 99.9669959999951, "lots": 9.254, "tp_count": 1, "last_tp_rr": 5.0, "binding_constraint": "none"}[0m
[32m14:34:01[0m | [1mINFO    [0m | [36mbackend.risk.breakeven_manager[0m:[36mcheck_breakeven[0m | [1mBreak-even triggered: SL 2850.89643 -> 2861.70400[0m
[32m14:34:01[0m | [1mINFO    [0m | [36mbackend.risk.position_sizer[0m:[36mcalculate_lot_size[0m | [1m[SIZER] Crash 500 Index: lot=4.733 | risk=$99.97 (1.00%) | source=InstrumentProfile[0m
[32m14:34:01[0m | [1mINFO    [0m | [36mbackend.risk.engine[0m:[36mevaluate_signal[0m | [1m{"event": "trade_approved", "direction": "BUY", "symbol": "Crash 500 Index", "entry": 2904.085, "sl": 2882.963285714286, "risk_dollars": 99.96907371428438, "lots": 4.733, "tp_count": 1, "last_tp_rr": 5.0, "binding_constraint": "none"}[0m
[32m14:34:01[0m | [1mINFO    [0m | [36mbackend.risk.breakeven_manager[0m:[36mcheck_breakeven[0m | [1mBreak-even triggered: SL 2882.97129 -> 2904.09800[0m
[32m14:34:01[0m | [1mINFO    [0m | [36mbackend.risk.position_sizer[0m:[36mcalculate_lot_size[0m | [1m[SIZER] Crash 500 Index: lot=5.825 | risk=$99.97 (1.00%) | source=InstrumentProfile[0m
[32m14:34:01[0m | [1mINFO    [0m | [36mbackend.risk.engine[0m:[36mevaluate_signal[0m | [1m{"event": "trade_approved", "direction": "BUY", "symbol": "Crash 500 Index", "entry": 3000.581, "sl": 2983.419428571429, "risk_dollars": 99.9661535714277, "lots": 5.825, "tp_count": 1, "last_tp_rr": 5.0, "binding_constraint": "none"}[0m
[32m14:34:01[0m | [1mINFO    [0m | [36mbackend.risk.breakeven_manager[0m:[36mcheck_breakeven[0m | [1mBreak-even triggered: SL 2983.42743 -> 3000.59400[0m
[32m14:34:01[0m | [1mINFO    [0m | [36mbackend.risk.position_sizer[0m:[36mcalculate_lot_size[0m | [1m[SIZER] Crash 500 Index: lot=7.739 | risk=$99.97 (1.00%) | source=InstrumentProfile[0m
[32m14:34:01[0m | [1mINFO    [0m | [36mbackend.risk.engine[0m:[36mevaluate_signal[0m | [1m{"event": "trade_approved", "direction": "BUY", "symbol": "Crash 500 Index", "entry": 3038.659, "sl": 3025.741642857143, "risk_dollars": 99.96742692857285, "lots": 7.739, "tp_count": 1, "last_tp_rr": 5.0, "binding_constraint": "none"}[0m
[32m14:34:01[0m | [1mINFO    [0m | [36mbackend.risk.position_sizer[0m:[36mcalculate_lot_size[0m | [1m[SIZER] Crash 500 Index: lot=4.677 | risk=$99.98 (1.00%) | source=InstrumentProfile[0m
[32m14:34:01[0m | [1mINFO    [0m | [36mbackend.risk.engine[0m:[36mevaluate_signal[0m | [1m{"event": "trade_approved", "direction": "BUY", "symbol": "Crash 500 Index", "entry": 3017.231, "sl": 2995.8548214285715, "risk_dollars": 99.95501100000052, "lots": 4.677, "tp_count": 1, "last_tp_rr": 5.0, "binding_constraint": "lot_max"}[0m
[32m14:34:01[0m | [1mINFO    [0m | [36mbackend.risk.position_sizer[0m:[36mcalculate_lot_size[0m | [1m[SIZER] Crash 500 Index: lot=3.409 | risk=$99.99 (1.00%) | source=InstrumentProfile[0m
[32m14:34:01[0m | [1mINFO    [0m | [36mbackend.risk.engine[0m:[36mevaluate_signal[0m | [1m{"event": "trade_approved", "direction": "BUY", "symbol": "Crash 500 Index", "entry": 2979.96, "sl": 2950.6300714285717, "risk_dollars": 99.95639657142783, "lots": 3.409, "tp_count": 1, "last_tp_rr": 5.0, "binding_constraint": "lot_max"}[0m
[32m14:34:01[0m | [1mINFO    [0m | [36mbackend.risk.position_sizer[0m:[36mcalculate_lot_size[0m | [1m[SIZER] Crash 500 Index: lot=9.221 | risk=$99.96 (1.00%) | source=InstrumentProfile[0m
[32m14:34:01[0m | [1mINFO    [0m | [36mbackend.risk.engine[0m:[36mevaluate_signal[0m | [1m{"event": "trade_approved", "direction": "BUY", "symbol": "Crash 500 Index", "entry": 2968.077, "sl": 2957.23625, "risk_dollars": 99.96255575000275, "lots": 9.221, "tp_count": 1, "last_tp_rr": 5.0, "binding_constraint": "none"}[0m
[32m14:34:01[0m | [33m[1mWARNING [0m | [36mbackend.strategies.base_strategy[0m:[36mlog_event[0m | [33m[1m[DJA] [Crash 500 Index] Max consecutive losses (4) reached. Cooldown until 2026-08-31T01:34:01.472514+00:00[0m
[32m14:34:01[0m | [33m[1mWARNING [0m | [36mbackend.services.bot_service[0m:[36m_log_event[0m | [33m[1m[BT-DJA] [Crash 500 Index] Max consecutive losses (4) reached. Cooldown until 2026-08-31T01:34:01.472514+00:00[0m
[32m14:34:01[0m | [1mINFO    [0m | [36mbackend.risk.position_sizer[0m:[36mcalculate_lot_size[0m | [1m[SIZER] Crash 500 Index: lot=4.217 | risk=$99.98 (1.00%) | source=InstrumentProfile[0m
[32m14:34:01[0m | [1mINFO    [0m | [36mbackend.risk.engine[0m:[36mevaluate_signal[0m | [1m{"event": "trade_approved", "direction": "BUY", "symbol": "Crash 500 Index", "entry": 2965.359, "sl": 2941.650285714286, "risk_dollars": 99.97964814285591, "lots": 4.217, "tp_count": 1, "last_tp_rr": 5.0, "binding_constraint": "none"}[0m
[32m14:34:01[0m | [1mINFO    [0m | [36mbackend.risk.breakeven_manager[0m:[36mcheck_breakeven[0m | [1mBreak-even triggered: SL 2941.65129 -> 2965.36500[0m
[32m14:34:01[0m | [1mINFO    [0m | [36mbackend.risk.position_sizer[0m:[36mcalculate_lot_size[0m | [1m[SIZER] Crash 500 Index: lot=0.877 | risk=$13.98 (0.14%) | source=InstrumentProfile[0m
[32m14:34:01[0m | [1mINFO    [0m | [36mbackend.risk.engine[0m:[36mevaluate_signal[0m | [1m{"event": "trade_approved", "direction": "BUY", "symbol": "Crash 500 Index", "entry": 3064.06, "sl": 3048.1154285714288, "risk_dollars": 13.983389142856925, "lots": 0.877, "tp_count": 1, "last_tp_rr": 5.0, "binding_constraint": "none"}[0m
[32m14:34:01[0m | [1mINFO    [0m | [36mbackend.risk.position_sizer[0m:[36mcalculate_lot_size[0m | [1m[SIZER] Crash 500 Index: lot=7.463 | risk=$99.98 (1.00%) | source=InstrumentProfile[0m
[32m14:34:01[0m | [1mINFO    [0m | [36mbackend.risk.engine[0m:[36mevaluate_signal[0m | [1m{"event": "trade_approved", "direction": "BUY", "symbol": "Crash 500 Index", "entry": 3047.677, "sl": 3034.280642857143, "risk_dollars": 99.97701335714285, "lots": 7.463, "tp_count": 1, "last_tp_rr": 5.0, "binding_constraint": "none"}[0m
[32m14:34:01[0m | [1mINFO    [0m | [36mbackend.risk.breakeven_manager[0m:[36mcheck_breakeven[0m | [1mBreak-even triggered: SL 3034.29464 -> 3047.69600[0m
[32m14:34:01[0m | [1mINFO    [0m | [36mbackend.risk.position_sizer[0m:[36mcalculate_lot_size[0m | [1m[SIZER] Crash 500 Index: lot=2.957 | risk=$99.98 (1.00%) | source=InstrumentProfile[0m
[32m14:34:01[0m | [1mINFO    [0m | [36mbackend.risk.engine[0m:[36mevaluate_signal[0m | [1m{"event": "trade_approved", "direction": "BUY", "symbol": "Crash 500 Index", "entry": 3090.352, "sl": 3056.540785714286, "risk_dollars": 99.97976064285618, "lots": 2.957, "tp_count": 1, "last_tp_rr": 5.0, "binding_constraint": "none"}[0m
[32m14:34:01[0m | [1mINFO    [0m | [36mbackend.risk.breakeven_manager[0m:[36mcheck_breakeven[0m | [1mBreak-even triggered: SL 3056.54579 -> 3090.36200[0m
[32m14:34:01[0m | [1mINFO    [0m | [36mbackend.risk.position_sizer[0m:[36mcalculate_lot_size[0m | [1m[SIZER] Crash 500 Index: lot=2.405 | risk=$99.97 (1.00%) | source=InstrumentProfile[0m
[32m14:34:01[0m | [1mINFO    [0m | [36mbackend.risk.engine[0m:[36mevaluate_signal[0m | [1m{"event": "trade_approved", "direction": "BUY", "symbol": "Crash 500 Index", "entry": 3126.027, "sl": 3084.4599285714285, "risk_dollars": 99.92723971428607, "lots": 2.405, "tp_count": 1, "last_tp_rr": 5.0, "binding_constraint": "lot_max"}[0m
[32m14:34:01[0m | [1mINFO    [0m | [36mbackend.risk.position_sizer[0m:[36mcalculate_lot_size[0m | [1m[SIZER] Crash 500 Index: lot=3.331 | risk=$99.98 (1.00%) | source=InstrumentProfile[0m
[32m14:34:01[0m | [1mINFO    [0m | [36mbackend.risk.engine[0m:[36mevaluate_signal[0m | [1m{"event": "trade_approved", "direction": "BUY", "symbol": "Crash 500 Index", "entry": 3096.864, "sl": 3066.84975, "risk_dollars": 99.97746675000059, "lots": 3.331, "tp_count": 1, "last_tp_rr": 5.0, "binding_constraint": "none"}[0m
[32m14:34:01[0m | [1mINFO    [0m | [36mbackend.risk.position_sizer[0m:[36mcalculate_lot_size[0m | [1m[SIZER] Crash 500 Index: lot=10.0 | risk=$66.06 (0.66%) | source=InstrumentProfile[0m
[32m14:34:01[0m | [1mINFO    [0m | [36mbackend.risk.engine[0m:[36mevaluate_signal[0m | [1m{"event": "trade_approved", "direction": "BUY", "symbol": "Crash 500 Index", "entry": 3089.568, "sl": 3082.9622142857143, "risk_dollars": 66.05785714285958, "lots": 10.0, "tp_count": 1, "last_tp_rr": 5.0, "binding_constraint": "lot_max"}[0m
[32m14:34:01[0m | [1mINFO    [0m | [36mbackend.risk.position_sizer[0m:[36mcalculate_lot_size[0m | [1m[SIZER] Crash 500 Index: lot=2.857 | risk=$99.96 (1.00%) | source=InstrumentProfile[0m
[32m14:34:01[0m | [1mINFO    [0m | [36mbackend.risk.engine[0m:[36mevaluate_signal[0m | [1m{"event": "trade_approved", "direction": "BUY", "symbol": "Crash 500 Index", "entry": 3086.178, "sl": 3051.189107142857, "risk_dollars": 99.96326689285662, "lots": 2.857, "tp_count": 1, "last_tp_rr": 5.0, "binding_constraint": "none"}[0m
[32m14:34:01[0m | [33m[1mWARNING [0m | [36mbackend.strategies.base_strategy[0m:[36mlog_event[0m | [33m[1m[DJA] [Crash 500 Index] Max consecutive losses (4) reached. Cooldown until 2026-08-31T01:34:01.899002+00:00[0m
[32m14:34:01[0m | [33m[1mWARNING [0m | [36mbackend.services.bot_service[0m:[36m_log_event[0m | [33m[1m[BT-DJA] [Crash 500 Index] Max consecutive losses (4) reached. Cooldown until 2026-08-31T01:34:01.899002+00:00[0m
[32m14:34:01[0m | [1mINFO    [0m | [36mbackend.risk.position_sizer[0m:[36mcalculate_lot_size[0m | [1m[SIZER] Crash 500 Index: lot=0.892 | risk=$15.99 (0.16%) | source=InstrumentProfile[0m
[32m14:34:01[0m | [1mINFO    [0m | [36mbackend.risk.engine[0m:[36mevaluate_signal[0m | [1m{"event": "trade_approved", "direction": "BUY", "symbol": "Crash 500 Index", "entry": 3058.259, "sl": 3040.3325, "risk_dollars": 15.99043800000003, "lots": 0.892, "tp_count": 1, "last_tp_rr": 5.0, "binding_constraint": "none"}[0m
[32m14:34:01[0m | [1mINFO    [0m | [36mbackend.risk.breakeven_manager[0m:[36mcheck_breakeven[0m | [1mBreak-even triggered: SL 3040.33250 -> 3058.26400[0m
[32m14:34:01[0m | [1mINFO    [0m | [36mbackend.risk.position_sizer[0m:[36mcalculate_lot_size[0m | [1m[SIZER] Crash 500 Index: lot=1.215 | risk=$18.99 (0.19%) | source=InstrumentProfile[0m
[32m14:34:01[0m | [1mINFO    [0m | [36mbackend.risk.engine[0m:[36mevaluate_signal[0m | [1m{"event": "trade_approved", "direction": "BUY", "symbol": "Crash 500 Index", "entry": 3065.335, "sl": 3049.701607142857, "risk_dollars": 18.994572321428755, "lots": 1.215, "tp_count": 1, "last_tp_rr": 5.0, "binding_constraint": "none"}[0m
[32m14:34:01[0m | [1mINFO    [0m | [36mbackend.risk.breakeven_manager[0m:[36mcheck_breakeven[0m | [1mBreak-even triggered: SL 3049.70961 -> 3065.34800[0m
[32m14:34:01[0m | [1mINFO    [0m | [36mbackend.risk.position_sizer[0m:[36mcalculate_lot_size[0m | [1m[SIZER] Crash 500 Index: lot=0.821 | risk=$9.99 (0.10%) | source=InstrumentProfile[0m
[32m14:34:01[0m | [1mINFO    [0m | [36mbackend.risk.engine[0m:[36mevaluate_signal[0m | [1m{"event": "trade_approved", "direction": "BUY", "symbol": "Crash 500 Index", "entry": 3052.993, "sl": 3040.8287857142855, "risk_dollars": 9.974655714285872, "lots": 0.821, "tp_count": 1, "last_tp_rr": 5.0, "binding_constraint": "lot_max"}[0m
[32m14:34:01[0m | [1mINFO    [0m | [36mbackend.risk.position_sizer[0m:[36mcalculate_lot_size[0m | [1m[SIZER] Crash 500 Index: lot=4.329 | risk=$99.98 (1.00%) | source=InstrumentProfile[0m
[32m14:34:01[0m | [1mINFO    [0m | [36mbackend.risk.engine[0m:[36mevaluate_signal[0m | [1m{"event": "trade_approved", "direction": "BUY", "symbol": "Crash 500 Index", "entry": 3047.837, "sl": 3024.7410357142858, "risk_dollars": 99.98242939285684, "lots": 4.329, "tp_count": 1, "last_tp_rr": 5.0, "binding_constraint": "none"}[0m
[32m14:34:01[0m | [1mINFO    [0m | [36mbackend.risk.breakeven_manager[0m:[36mcheck_breakeven[0m | [1mBreak-even triggered: SL 3024.74804 -> 3047.84900[0m
[32m14:34:01[0m | [1mINFO    [0m | [36mbackend.risk.position_sizer[0m:[36mcalculate_lot_size[0m | [1m[SIZER] Crash 500 Index: lot=2.238 | risk=$99.98 (1.00%) | source=InstrumentProfile[0m
[32m14:34:01[0m | [1mINFO    [0m | [36mbackend.risk.engine[0m:[36mevaluate_signal[0m | [1m{"event": "trade_approved", "direction": "BUY", "symbol": "Crash 500 Index", "entry": 3036.096, "sl": 2991.421392857143, "risk_dollars": 99.98177078571393, "lots": 2.238, "tp_count": 1, "last_tp_rr": 5.0, "binding_constraint": "none"}[0m
[32m14:34:01[0m | [1mINFO    [0m | [36mbackend.risk.breakeven_manager[0m:[36mcheck_breakeven[0m | [1mBreak-even triggered: SL 2991.42939 -> 3036.10900[0m
[32m14:34:02[0m | [1mINFO    [0m | [36mbackend.risk.position_sizer[0m:[36mcalculate_lot_size[0m | [1m[SIZER] Crash 500 Index: lot=3.692 | risk=$99.98 (1.00%) | source=InstrumentProfile[0m
[32m14:34:02[0m | [1mINFO    [0m | [36mbackend.risk.engine[0m:[36mevaluate_signal[0m | [1m{"event": "trade_approved", "direction": "BUY", "symbol": "Crash 500 Index", "entry": 3030.951, "sl": 3003.8720000000003, "risk_dollars": 99.97566799999899, "lots": 3.692, "tp_count": 1, "last_tp_rr": 5.0, "binding_constraint": "none"}[0m
[32m14:34:02[0m | [1mINFO    [0m | [36mbackend.risk.breakeven_manager[0m:[36mcheck_breakeven[0m | [1mBreak-even triggered: SL 3003.87800 -> 3030.96200[0m
[32m14:34:02[0m | [1mINFO    [0m | [36mbackend.risk.position_sizer[0m:[36mcalculate_lot_size[0m | [1m[SIZER] Crash 500 Index: lot=0.819 | risk=$9.99 (0.10%) | source=InstrumentProfile[0m
[32m14:34:02[0m | [1mINFO    [0m | [36mbackend.risk.engine[0m:[36mevaluate_signal[0m | [1m{"event": "trade_approved", "direction": "BUY", "symbol": "Crash 500 Index", "entry": 3041.267, "sl": 3029.0667857142853, "risk_dollars": 9.97977528571449, "lots": 0.819, "tp_count": 1, "last_tp_rr": 5.0, "binding_constraint": "lot_max"}[0m
[32m14:34:02[0m | [1mINFO    [0m | [36mbackend.risk.position_sizer[0m:[36mcalculate_lot_size[0m | [1m[SIZER] Crash 500 Index: lot=6.09 | risk=$99.98 (1.00%) | source=InstrumentProfile[0m
[32m14:34:02[0m | [1mINFO    [0m | [36mbackend.risk.engine[0m:[36mevaluate_signal[0m | [1m{"event": "trade_approved", "direction": "BUY", "symbol": "Crash 500 Index", "entry": 3079.54, "sl": 3063.1228214285716, "risk_dollars": 99.98061749999891, "lots": 6.09, "tp_count": 1, "last_tp_rr": 5.0, "binding_constraint": "none"}[0m
[32m14:34:02[0m | [1mINFO    [0m | [36mbackend.risk.breakeven_manager[0m:[36mcheck_breakeven[0m | [1mBreak-even triggered: SL 3063.12482 -> 3079.54700[0m
[32m14:34:02[0m | [1mINFO    [0m | [36mbackend.risk.position_sizer[0m:[36mcalculate_lot_size[0m | [1m[SIZER] Crash 500 Index: lot=3.694 | risk=$99.98 (1.00%) | source=InstrumentProfile[0m
[32m14:34:02[0m | [1mINFO    [0m | [36mbackend.risk.engine[0m:[36mevaluate_signal[0m | [1m{"event": "trade_approved", "direction": "BUY", "symbol": "Crash 500 Index", "entry": 3148.837, "sl": 3121.7721785714284, "risk_dollars": 99.9774503571434, "lots": 3.694, "tp_count": 1, "last_tp_rr": 5.0, "binding_constraint": "none"}[0m
[32m14:34:02[0m | [1mINFO    [0m | [36mbackend.risk.breakeven_manager[0m:[36mcheck_breakeven[0m | [1mBreak-even triggered: SL 3121.77818 -> 3148.84800[0m
[32m14:34:02[0m | [1mINFO    [0m | [36mbackend.risk.position_sizer[0m:[36mcalculate_lot_size[0m | [1m[SIZER] Crash 500 Index: lot=4.237 | risk=$99.97 (1.00%) | source=InstrumentProfile[0m
[32m14:34:02[0m | [1mINFO    [0m | [36mbackend.risk.engine[0m:[36mevaluate_signal[0m | [1m{"event": "trade_approved", "direction": "BUY", "symbol": "Crash 500 Index", "entry": 3138.722, "sl": 3115.1279285714286, "risk_dollars": 99.96808064285797, "lots": 4.237, "tp_count": 1, "last_tp_rr": 5.0, "binding_constraint": "none"}[0m
[32m14:34:02[0m | [1mINFO    [0m | [36mbackend.risk.breakeven_manager[0m:[36mcheck_breakeven[0m | [1mBreak-even triggered: SL 3115.13493 -> 3138.73400[0m
[32m14:34:02[0m | [1mINFO    [0m | [36mbackend.risk.position_sizer[0m:[36mcalculate_lot_size[0m | [1m[SIZER] Crash 500 Index: lot=3.307 | risk=$99.99 (1.00%) | source=InstrumentProfile[0m
[32m14:34:02[0m | [1mINFO    [0m | [36mbackend.risk.engine[0m:[36mevaluate_signal[0m | [1m{"event": "trade_approved", "direction": "BUY", "symbol": "Crash 500 Index", "entry": 3126.44, "sl": 3096.205571428571, "risk_dollars": 99.9852552857154, "lots": 3.307, "tp_count": 1, "last_tp_rr": 5.0, "binding_constraint": "none"}[0m
[32m14:34:02[0m | [1mINFO    [0m | [36mbackend.risk.position_sizer[0m:[36mcalculate_lot_size[0m | [1m[SIZER] Crash 500 Index: lot=5.37 | risk=$99.97 (1.00%) | source=InstrumentProfile[0m
[32m14:34:02[0m | [1mINFO    [0m | [36mbackend.risk.engine[0m:[36mevaluate_signal[0m | [1m{"event": "trade_approved", "direction": "BUY", "symbol": "Crash 500 Index", "entry": 3041.314, "sl": 3022.697535714286, "risk_dollars": 99.97041321428335, "lots": 5.37, "tp_count": 1, "last_tp_rr": 5.0, "binding_constraint": "none"}[0m
[32m14:34:02[0m | [1mINFO    [0m | [36mbackend.risk.position_sizer[0m:[36mcalculate_lot_size[0m | [1m[SIZER] Crash 500 Index: lot=2.932 | risk=$99.96 (1.00%) | source=InstrumentProfile[0m
[32m14:34:02[0m | [1mINFO    [0m | [36mbackend.risk.engine[0m:[36mevaluate_signal[0m | [1m{"event": "trade_approved", "direction": "BUY", "symbol": "Crash 500 Index", "entry": 3041.63, "sl": 3007.5362142857143, "risk_dollars": 99.96297971428592, "lots": 2.932, "tp_count": 1, "last_tp_rr": 5.0, "binding_constraint": "none"}[0m
[32m14:34:02[0m | [1mINFO    [0m | [36mbackend.risk.breakeven_manager[0m:[36mcheck_breakeven[0m | [1mBreak-even triggered: SL 3007.54021 -> 3041.63900[0m
[32m14:34:02[0m | [1mINFO    [0m | [36mbackend.risk.position_sizer[0m:[36mcalculate_lot_size[0m | [1m[SIZER] Crash 500 Index: lot=2.158 | risk=$99.98 (1.00%) | source=InstrumentProfile[0m
[32m14:34:02[0m | [1mINFO    [0m | [36mbackend.risk.engine[0m:[36mevaluate_signal[0m | [1m{"event": "trade_approved", "direction": "BUY", "symbol": "Crash 500 Index", "entry": 3030.936, "sl": 2984.6040714285714, "risk_dollars": 99.98430185714327, "lots": 2.158, "tp_count": 1, "last_tp_rr": 5.0, "binding_constraint": "none"}[0m
[32m14:34:02[0m | [1mINFO    [0m | [36mbackend.risk.breakeven_manager[0m:[36mcheck_breakeven[0m | [1mBreak-even triggered: SL 2984.61207 -> 3030.94900[0m
[32m14:34:02[0m | [1mINFO    [0m | [36mbackend.risk.position_sizer[0m:[36mcalculate_lot_size[0m | [1m[SIZER] Crash 500 Index: lot=5.313 | risk=$99.98 (1.00%) | source=InstrumentProfile[0m
[32m14:34:02[0m | [1mINFO    [0m | [36mbackend.risk.engine[0m:[36mevaluate_signal[0m | [1m{"event": "trade_approved", "direction": "BUY", "symbol": "Crash 500 Index", "entry": 3100.177, "sl": 3081.359357142857, "risk_dollars": 99.97813650000211, "lots": 5.313, "tp_count": 1, "last_tp_rr": 5.0, "binding_constraint": "none"}[0m
[32m14:34:02[0m | [1mINFO    [0m | [36mbackend.risk.breakeven_manager[0m:[36mcheck_breakeven[0m | [1mBreak-even triggered: SL 3081.36136 -> 3100.18400[0m
[32m14:34:02[0m | [1mINFO    [0m | [36mbackend.risk.position_sizer[0m:[36mcalculate_lot_size[0m | [1m[SIZER] Crash 500 Index: lot=8.175 | risk=$99.97 (1.00%) | source=InstrumentProfile[0m
[32m14:34:02[0m | [1mINFO    [0m | [36mbackend.risk.engine[0m:[36mevaluate_signal[0m | [1m{"event": "trade_approved", "direction": "BUY", "symbol": "Crash 500 Index", "entry": 3072.575, "sl": 3060.3466071428575, "risk_dollars": 99.96711160713875, "lots": 8.175, "tp_count": 1, "last_tp_rr": 5.0, "binding_constraint": "none"}[0m
[32m14:34:02[0m | [1mINFO    [0m | [36mbackend.risk.breakeven_manager[0m:[36mcheck_breakeven[0m | [1mBreak-even triggered: SL 3060.35161 -> 3072.58500[0m
[32m14:34:02[0m | [1mINFO    [0m | [36mbackend.risk.position_sizer[0m:[36mcalculate_lot_size[0m | [1m[SIZER] Crash 500 Index: lot=1.816 | risk=$9.99 (0.10%) | source=InstrumentProfile[0m
[32m14:34:02[0m | [1mINFO    [0m | [36mbackend.risk.engine[0m:[36mevaluate_signal[0m | [1m{"event": "trade_approved", "direction": "BUY", "symbol": "Crash 500 Index", "entry": 3056.108, "sl": 3050.6054642857143, "risk_dollars": 9.992604857143087, "lots": 1.816, "tp_count": 1, "last_tp_rr": 5.0, "binding_constraint": "none"}[0m
[32m14:34:02[0m | [1mINFO    [0m | [36mbackend.risk.breakeven_manager[0m:[36mcheck_breakeven[0m | [1mBreak-even triggered: SL 3050.60646 -> 3056.11400[0m
[32m14:34:02[0m | [1mINFO    [0m | [36mbackend.risk.position_sizer[0m:[36mcalculate_lot_size[0m | [1m[SIZER] Crash 500 Index: lot=8.383 | risk=$99.97 (1.00%) | source=InstrumentProfile[0m
[32m14:34:02[0m | [1mINFO    [0m | [36mbackend.risk.engine[0m:[36mevaluate_signal[0m | [1m{"event": "trade_approved", "direction": "BUY", "symbol": "Crash 500 Index", "entry": 3029.458, "sl": 3017.532535714285, "risk_dollars": 99.95924164286272, "lots": 8.383, "tp_count": 1, "last_tp_rr": 5.0, "binding_constraint": "lot_max"}[0m
[32m14:34:02[0m | [1mINFO    [0m | [36mbackend.risk.position_sizer[0m:[36mcalculate_lot_size[0m | [1m[SIZER] Crash 500 Index: lot=4.885 | risk=$99.97 (1.00%) | source=InstrumentProfile[0m
[32m14:34:02[0m | [1mINFO    [0m | [36mbackend.risk.engine[0m:[36mevaluate_signal[0m | [1m{"event": "trade_approved", "direction": "BUY", "symbol": "Crash 500 Index", "entry": 3026.361, "sl": 3005.8966785714283, "risk_dollars": 99.9682101785721, "lots": 4.885, "tp_count": 1, "last_tp_rr": 5.0, "binding_constraint": "none"}[0m
[32m14:34:02[0m | [1mINFO    [0m | [36mbackend.risk.breakeven_manager[0m:[36mcheck_breakeven[0m | [1mBreak-even triggered: SL 3005.89968 -> 3026.36900[0m
[32m14:34:02[0m | [1mINFO    [0m | [36mbackend.risk.position_sizer[0m:[36mcalculate_lot_size[0m | [1m[SIZER] Crash 500 Index: lot=4.554 | risk=$99.97 (1.00%) | source=InstrumentProfile[0m
[32m14:34:02[0m | [1mINFO    [0m | [36mbackend.risk.engine[0m:[36mevaluate_signal[0m | [1m{"event": "trade_approved", "direction": "BUY", "symbol": "Crash 500 Index", "entry": 3025.831, "sl": 3003.878642857143, "risk_dollars": 99.97103442857161, "lots": 4.554, "tp_count": 1, "last_tp_rr": 5.0, "binding_constraint": "none"}[0m
[32m14:34:02[0m | [1mINFO    [0m | [36mbackend.risk.position_sizer[0m:[36mcalculate_lot_size[0m | [1m[SIZER] Crash 500 Index: lot=0.749 | risk=$13.99 (0.14%) | source=InstrumentProfile[0m
[32m14:34:02[0m | [1mINFO    [0m | [36mbackend.risk.engine[0m:[36mevaluate_signal[0m | [1m{"event": "trade_approved", "direction": "BUY", "symbol": "Crash 500 Index", "entry": 2952.551, "sl": 2933.8726785714284, "risk_dollars": 13.990062750000059, "lots": 0.749, "tp_count": 1, "last_tp_rr": 5.0, "binding_constraint": "none"}[0m
[32m14:34:02[0m | [1mINFO    [0m | [36mbackend.risk.breakeven_manager[0m:[36mcheck_breakeven[0m | [1mBreak-even triggered: SL 2933.87268 -> 2952.55600[0m
[32m14:34:02[0m | [1mINFO    [0m | [36mbackend.risk.position_sizer[0m:[36mcalculate_lot_size[0m | [1m[SIZER] Crash 500 Index: lot=6.077 | risk=$99.98 (1.00%) | source=InstrumentProfile[0m
[32m14:34:02[0m | [1mINFO    [0m | [36mbackend.risk.engine[0m:[36mevaluate_signal[0m | [1m{"event": "trade_approved", "direction": "BUY", "symbol": "Crash 500 Index", "entry": 2960.897, "sl": 2944.4453214285713, "risk_dollars": 99.97685067857161, "lots": 6.077, "tp_count": 1, "last_tp_rr": 5.0, "binding_constraint": "none"}[0m
[32m14:34:02[0m | [1mINFO    [0m | [36mbackend.risk.position_sizer[0m:[36mcalculate_lot_size[0m | [1m[SIZER] Crash 500 Index: lot=2.789 | risk=$99.97 (1.00%) | source=InstrumentProfile[0m
[32m14:34:02[0m | [1mINFO    [0m | [36mbackend.risk.engine[0m:[36mevaluate_signal[0m | [1m{"event": "trade_approved", "direction": "BUY", "symbol": "Crash 500 Index", "entry": 2955.258, "sl": 2919.4143571428567, "risk_dollars": 99.9679199285721, "lots": 2.789, "tp_count": 1, "last_tp_rr": 5.0, "binding_constraint": "none"}[0m
[32m14:34:02[0m | [1mINFO    [0m | [36mbackend.risk.position_sizer[0m:[36mcalculate_lot_size[0m | [1m[SIZER] Crash 500 Index: lot=6.532 | risk=$99.97 (1.00%) | source=InstrumentProfile[0m
[32m14:34:02[0m | [1mINFO    [0m | [36mbackend.risk.engine[0m:[36mevaluate_signal[0m | [1m{"event": "trade_approved", "direction": "BUY", "symbol": "Crash 500 Index", "entry": 2974.36, "sl": 2959.0560714285716, "risk_dollars": 99.96526142857105, "lots": 6.532, "tp_count": 1, "last_tp_rr": 5.0, "binding_constraint": "none"}[0m
[32m14:34:02[0m | [1mINFO    [0m | [36mbackend.risk.position_sizer[0m:[36mcalculate_lot_size[0m | [1m[SIZER] Crash 500 Index: lot=3.813 | risk=$99.99 (1.00%) | source=InstrumentProfile[0m
[32m14:34:02[0m | [1mINFO    [0m | [36mbackend.risk.engine[0m:[36mevaluate_signal[0m | [1m{"event": "trade_approved", "direction": "BUY", "symbol": "Crash 500 Index", "entry": 2969.645, "sl": 2943.4221785714285, "risk_dollars": 99.98761810714305, "lots": 3.813, "tp_count": 1, "last_tp_rr": 5.0, "binding_constraint": "none"}[0m
[32m14:34:02[0m | [1mINFO    [0m | [36mbackend.risk.breakeven_manager[0m:[36mcheck_breakeven[0m | [1mBreak-even triggered: SL 2943.42518 -> 2969.65300[0m
[32m14:34:02[0m | [1mINFO    [0m | [36mbackend.risk.position_sizer[0m:[36mcalculate_lot_size[0m | [1m[SIZER] Crash 500 Index: lot=2.825 | risk=$99.97 (1.00%) | source=InstrumentProfile[0m
[32m14:34:02[0m | [1mINFO    [0m | [36mbackend.risk.engine[0m:[36mevaluate_signal[0m | [1m{"event": "trade_approved", "direction": "BUY", "symbol": "Crash 500 Index", "entry": 3061.263, "sl": 3025.8755357142854, "risk_dollars": 99.96958660714343, "lots": 2.825, "tp_count": 1, "last_tp_rr": 5.0, "binding_constraint": "none"}[0m
[32m14:34:02[0m | [1mINFO    [0m | [36mbackend.risk.position_sizer[0m:[36mcalculate_lot_size[0m | [1m[SIZER] Crash 500 Index: lot=3.747 | risk=$99.97 (1.00%) | source=InstrumentProfile[0m
[32m14:34:02[0m | [1mINFO    [0m | [36mbackend.risk.engine[0m:[36mevaluate_signal[0m | [1m{"event": "trade_approved", "direction": "BUY", "symbol": "Crash 500 Index", "entry": 3044.791, "sl": 3018.1099642857143, "risk_dollars": 99.973840821429, "lots": 3.747, "tp_count": 1, "last_tp_rr": 5.0, "binding_constraint": "none"}[0m
[32m14:34:02[0m | [1mINFO    [0m | [36mbackend.risk.position_sizer[0m:[36mcalculate_lot_size[0m | [1m[SIZER] Crash 500 Index: lot=5.388 | risk=$99.97 (1.00%) | source=InstrumentProfile[0m
[32m14:34:02[0m | [1mINFO    [0m | [36mbackend.risk.engine[0m:[36mevaluate_signal[0m | [1m{"event": "trade_approved", "direction": "BUY", "symbol": "Crash 500 Index", "entry": 2970.803, "sl": 2952.249285714286, "risk_dollars": 99.96741257142592, "lots": 5.388, "tp_count": 1, "last_tp_rr": 5.0, "binding_constraint": "none"}[0m
[32m14:34:02[0m | [1mINFO    [0m | [36mbackend.risk.position_sizer[0m:[36mcalculate_lot_size[0m | [1m[SIZER] Crash 500 Index: lot=4.068 | risk=$99.98 (1.00%) | source=InstrumentProfile[0m
[32m14:34:02[0m | [1mINFO    [0m | [36mbackend.risk.engine[0m:[36mevaluate_signal[0m | [1m{"event": "trade_approved", "direction": "BUY", "symbol": "Crash 500 Index", "entry": 2953.529, "sl": 2928.952392857143, "risk_dollars": 99.95306124999954, "lots": 4.068, "tp_count": 1, "last_tp_rr": 5.0, "binding_constraint": "lot_max"}[0m
[32m14:34:02[0m | [33m[1mWARNING [0m | [36mbackend.strategies.base_strategy[0m:[36mlog_event[0m | [33m[1m[DJA] [Crash 500 Index] Max consecutive losses (4) reached. Cooldown until 2026-08-31T01:34:02.628245+00:00[0m
[32m14:34:02[0m | [33m[1mWARNING [0m | [36mbackend.services.bot_service[0m:[36m_log_event[0m | [33m[1m[BT-DJA] [Crash 500 Index] Max consecutive losses (4) reached. Cooldown until 2026-08-31T01:34:02.628245+00:00[0m
[32m14:34:02[0m | [1mINFO    [0m | [36mbackend.risk.position_sizer[0m:[36mcalculate_lot_size[0m | [1m[SIZER] Crash 500 Index: lot=4.81 | risk=$99.98 (1.00%) | source=InstrumentProfile[0m
[32m14:34:02[0m | [1mINFO    [0m | [36mbackend.risk.engine[0m:[36mevaluate_signal[0m | [1m{"event": "trade_approved", "direction": "BUY", "symbol": "Crash 500 Index", "entry": 2945.024, "sl": 2924.237357142857, "risk_dollars": 99.96296549999998, "lots": 4.81, "tp_count": 1, "last_tp_rr": 5.0, "binding_constraint": "lot_max"}[0m
[32m14:34:02[0m | [1mINFO    [0m | [36mbackend.risk.breakeven_manager[0m:[36mcheck_breakeven[0m | [1mBreak-even triggered: SL 2924.24036 -> 2945.03200[0m
[32m14:34:02[0m | [1mINFO    [0m | [36mbackend.risk.position_sizer[0m:[36mcalculate_lot_size[0m | [1m[SIZER] Crash 500 Index: lot=4.45 | risk=$99.98 (1.00%) | source=InstrumentProfile[0m
[32m14:34:02[0m | [1mINFO    [0m | [36mbackend.risk.engine[0m:[36mevaluate_signal[0m | [1m{"event": "trade_approved", "direction": "BUY", "symbol": "Crash 500 Index", "entry": 2955.516, "sl": 2933.0481785714283, "risk_dollars": 99.98180535714462, "lots": 4.45, "tp_count": 1, "last_tp_rr": 5.0, "binding_constraint": "none"}[0m
[32m14:34:03[0m | [1mINFO    [0m | [36mbackend.backtester.engine[0m:[36mrun[0m | [1m[ENGINE] Gate telemetry: 19700 candidates, 19294 blocked. Top blockers: [('daily_trade_cap', 15247), ('drift_regime_active', 2985), ('pullback_within_atr', 509)][0m
[32m14:34:03[0m | [1mINFO    [0m | [36mbackend.backtester.report[0m:[36mapply_bar_level_drawdown[0m | [1m[REPORT] max_drawdown_pct corrected from closed-trade basis 10.86% -> bar-level basis 12.01% (abs $1,201.07, 20002 equity points)[0m
[32m14:34:03[0m | [1mINFO    [0m | [36mbackend.backtester.engine[0m:[36mrun[0m | [1m[ENGINE] \u2550\u2550\u2550 Backtest engine complete \u2550\u2550\u2550[0m
[32m14:34:03[0m | [1mINFO    [0m | [36mbackend.backtester.engine[0m:[36mrun[0m | [1m[ENGINE] Trades: 69 (34W / 35L) | Invalid: 0[0m
[32m14:34:03[0m | [1mINFO    [0m | [36mbackend.backtester.engine[0m:[36mrun[0m | [1m[ENGINE] P&L: $-696.34 | Final balance: $9303.66[0m
[32m14:34:03[0m | [1mINFO    [0m | [36mbackend.backtester.engine[0m:[36mrun[0m | [1m[ENGINE] Best trade: $499.86 | Worst trade: $-105.79[0m
[32m14:34:03[0m | [1mINFO    [0m | [36mbackend.backtester.engine[0m:[36mrun[0m | [1m[ENGINE] Leg-level hit rates: TP1=1.4% TP2=0.0% TP3=0.0% SL=49.3% BE=36.2% TRAIL=0.0% | max_dd=12.01% (bar-level)[0m
[32m14:34:03[0m | [1mINFO    [0m | [36mbackend.backtester.engine[0m:[36mrun[0m | [1m[ENGINE] Cost model applied: {'CRASH 500 INDEX': {'slippage_pips': 1.0, 'commission_per_lot': 0.0, 'spread_pips': 2.0, 'swap_long_per_lot_per_day': 0.0, 'swap_short_per_lot_per_day': 0.0, 'stops_level_pips': 2.0, 'exit_slippage_pips': 1.0, 'sources': {'slippage_pips': 'ASSET_CLASS_DEFAULT', 'commission_per_lot': 'ASSET_CLASS_DEFAULT', 'spread_pips': 'ASSET_CLASS_DEFAULT', 'swap_long_per_lot_per_day': 'ASSET_CLASS_DEFAULT', 'swap_short_per_lot_per_day': 'ASSET_CLASS_DEFAULT', 'stops_level_pips': 'ASSET_CLASS_DEFAULT', 'exit_slippage_pips': 'DEFAULT_EQUALS_SLIPPAGE_PIPS'}, 'broker_source': 'ASSET_CLASS_DEFAULT'}}[0m
  signals=406  trades=69  P&L=$-696.34
  --- gate telemetry (B7) ---
  candidates evaluated: 19700
    crash_symbol_only          eval= 19700 pass= 19700 (100%)
    daily_risk_cap             eval=  4453 pass=  4453 (100%)
    daily_trade_cap            eval= 19700 pass=  4453 (23%)
    drift_regime_active        eval=  4413 pass=  1428 (32%)
    jump_cooldown              eval=  4445 pass=  4413 (99%)
    min_rrr_drift              eval=   513 pass=   406 (79%)
    post_jump_ema_reclaim      eval=    10 pass=     8 (80%)
    pullback_within_atr        eval=  1426 pass=   917 (64%)
  blocked by: {'daily_trade_cap': 15247, 'drift_regime_active': 2985, 'pullback_within_atr': 509, 'min_rrr_drift': 107, 'jump_cooldown': 32, 'post_jump_ema_reclaim': 2}

==============================================================
DriftJumpAlpha_v1 x Jump 100 Index
[32m14:34:05[0m | [1mINFO    [0m | [36mbackend.backtester.engine[0m:[36mrun[0m | [1m[ENGINE] \u2550\u2550\u2550 Starting backtest engine \u2550\u2550\u2550[0m
[32m14:34:05[0m | [1mINFO    [0m | [36mbackend.backtester.engine[0m:[36mrun[0m | [1m[ENGINE] Balance: $10000.0 | Signals: 0 | Candles: 20000[0m
[32m14:34:05[0m | [1mINFO    [0m | [36mbackend.backtester.engine[0m:[36mrun[0m | [1m[ENGINE] Risk config: risk_pct=1.0% | min_rr=None | tp_count=1[0m
[32m14:34:05[0m | [1mINFO    [0m | [36mbackend.backtester.engine[0m:[36m_costs_for[0m | [1m[COSTS] <none> | spread=2.00p slippage=0.70p commission=$7.00/lot swap_long=-3.0000/lot/day swap_short=-2.0000/lot/day stops_level=0.50p | broker_source=ASSET_CLASS_DEFAULT | per-field={'slippage_pips': 'ASSET_CLASS_DEFAULT', 'commission_per_lot': 'ASSET_CLASS_DEFAULT', 'spread_pips': 'ASSET_CLASS_DEFAULT', 'swap_long_per_lot_per_day': 'ASSET_CLASS_DEFAULT', 'swap_short_per_lot_per_day': 'ASSET_CLASS_DEFAULT', 'stops_level_pips': 'ASSET_CLASS_DEFAULT', 'exit_slippage_pips': 'DEFAULT_EQUALS_SLIPPAGE_PIPS'}[0m
C:\Users\ikchr\Documents\AlgoEdge\backend\backtester\engine.py:754: FutureWarning: The behavior of DatetimeProperties.to_pydatetime is deprecated, in a future version this will return a Series containing python datetime objects instead of an ndarray. To retain the old behavior, call `np.array` on the result
  dt_arr = dt_series.dt.to_pydatetime()
[32m14:34:09[0m | [1mINFO    [0m | [36mbackend.backtester.engine[0m:[36mrun[0m | [1m[ENGINE] Gate telemetry: 19700 candidates, 19700 blocked. Top blockers: [('crash_symbol_only', 19700)][0m
[32m14:34:09[0m | [1mINFO    [0m | [36mbackend.backtester.engine[0m:[36mrun[0m | [1m[ENGINE] \u2550\u2550\u2550 Backtest engine complete \u2550\u2550\u2550[0m
[32m14:34:09[0m | [1mINFO    [0m | [36mbackend.backtester.engine[0m:[36mrun[0m | [1m[ENGINE] Trades: 0 (0W / 0L) | Invalid: 0[0m
[32m14:34:09[0m | [1mINFO    [0m | [36mbackend.backtester.engine[0m:[36mrun[0m | [1m[ENGINE] P&L: $0.00 | Final balance: $10000.00[0m
[32m14:34:09[0m | [1mINFO    [0m | [36mbackend.backtester.engine[0m:[36mrun[0m | [1m[ENGINE] Leg-level hit rates: TP1=0.0% TP2=0.0% TP3=0.0% SL=0.0% BE=0.0% TRAIL=0.0% | max_dd=0.00% (bar-level)[0m
[32m14:34:09[0m | [1mINFO    [0m | [36mbackend.backtester.engine[0m:[36mrun[0m | [1m[ENGINE] Cost model applied: {'<default>': {'slippage_pips': 0.7, 'commission_per_lot': 7.0, 'spread_pips': 2.0, 'swap_long_per_lot_per_day': -3.0, 'swap_short_per_lot_per_day': -2.0, 'stops_level_pips': 0.5, 'exit_slippage_pips': 0.7, 'sources': {'slippage_pips': 'ASSET_CLASS_DEFAULT', 'commission_per_lot': 'ASSET_CLASS_DEFAULT', 'spread_pips': 'ASSET_CLASS_DEFAULT', 'swap_long_per_lot_per_day': 'ASSET_CLASS_DEFAULT', 'swap_short_per_lot_per_day': 'ASSET_CLASS_DEFAULT', 'stops_level_pips': 'ASSET_CLASS_DEFAULT', 'exit_slippage_pips': 'DEFAULT_EQUALS_SLIPPAGE_PIPS'}, 'broker_source': 'ASSET_CLASS_DEFAULT'}}[0m
  signals=0  trades=0  P&L=$+0.00
  --- gate telemetry (B7) ---
  candidates evaluated: 19700
    crash_symbol_only          eval= 19700 pass=     0 (0%)
  blocked by: {'crash_symbol_only': 19700}

==============================================================
DriftJumpAlpha_v1 x Crash 1000 Index
[32m14:34:10[0m | [1mINFO    [0m | [36mbackend.strategies.core.market_structure[0m:[36mupdate[0m | [1mChoCH fired: BEARISH | Broken level: 6129.202 | BOS count: 1[0m
[32m14:34:10[0m | [1mINFO    [0m | [36mbackend.strategies.core.market_structure[0m:[36mupdate[0m | [1mBOS fired: BEARISH | Broken level: 6096.992 | BOS count: 2 | Trend Confirmed: True[0m
[32m14:34:10[0m | [1mINFO    [0m | [36mbackend.strategies.core.market_structure[0m:[36mupdate[0m | [1mBOS fired: BEARISH | Broken level: 6079.047 | BOS count: 3 | Trend Confirmed: True[0m
[32m14:34:10[0m | [1mINFO    [0m | [36mbackend.strategies.core.market_structure[0m:[36mupdate[0m | [1mBOS fired: BEARISH | Broken level: 6048.616 | BOS count: 4 | Trend Confirmed: True[0m
[32m14:34:10[0m | [1mINFO    [0m | [36mbackend.strategies.core.market_structure[0m:[36mupdate[0m | [1mBOS fired: BEARISH | Broken level: 6041.815 | BOS count: 5 | Trend Confirmed: True[0m
[32m14:34:10[0m | [1mINFO    [0m | [36mbackend.strategies.core.market_structure[0m:[36mupdate[0m | [1mChoCH fired: BULLISH | Broken level: 6048.686 | BOS count: 1[0m
[32m14:34:11[0m | [1mINFO    [0m | [36mbackend.strategies.core.market_structure[0m:[36mupdate[0m | [1mBOS fired: BULLISH | Broken level: 6016.774 | BOS count: 2 | Trend Confirmed: True[0m
[32m14:34:11[0m | [1mINFO    [0m | [36mbackend.strategies.core.market_structure[0m:[36mupdate[0m | [1mBOS fired: BULLISH | Broken level: 6016.774 | BOS count: 3 | Trend Confirmed: True[0m
[32m14:34:11[0m | [1mINFO    [0m | [36mbackend.strategies.core.market_structure[0m:[36mupdate[0m | [1mBOS fired: BULLISH | Broken level: 6016.774 | BOS count: 4 | Trend Confirmed: True[0m
[32m14:34:11[0m | [1mINFO    [0m | [36mbackend.strategies.core.market_structure[0m:[36mupdate[0m | [1mBOS fired: BULLISH | Broken level: 6016.774 | BOS count: 5 | Trend Confirmed: True[0m
[32m14:34:11[0m | [1mINFO    [0m | [36mbackend.strategies.core.market_structure[0m:[36mupdate[0m | [1mBOS fired: BULLISH | Broken level: 6016.774 | BOS count: 6 | Trend Confirmed: True[0m
[32m14:34:11[0m | [1mINFO    [0m | [36mbackend.strategies.core.market_structure[0m:[36mupdate[0m | [1mBOS fired: BULLISH | Broken level: 6016.774 | BOS count: 7 | Trend Confirmed: True[0m
[32m14:34:11[0m | [1mINFO    [0m | [36mbackend.strategies.core.market_structure[0m:[36mupdate[0m | [1mBOS fired: BULLISH | Broken level: 6016.774 | BOS count: 8 | Trend Confirmed: True[0m
[32m14:34:11[0m | [1mINFO    [0m | [36mbackend.strategies.core.market_structure[0m:[36mupdate[0m | [1mBOS fired: BULLISH | Broken level: 6016.774 | BOS count: 9 | Trend Confirmed: True[0m
[32m14:34:11[0m | [1mINFO    [0m | [36mbackend.strategies.core.market_structure[0m:[36mupdate[0m | [1mBOS fired: BULLISH | Broken level: 6016.774 | BOS count: 10 | Trend Confirmed: True[0m
[32m14:34:11[0m | [1mINFO    [0m | [36mbackend.strategies.core.market_structure[0m:[36mupdate[0m | [1mBOS fired: BULLISH | Broken level: 6016.774 | BOS count: 11 | Trend Confirmed: True[0m
[32m14:34:11[0m | [1mINFO    [0m | [36mbackend.strategies.core.market_structure[0m:[36mupdate[0m | [1mBOS fired: BULLISH | Broken level: 6016.774 | BOS count: 12 | Trend Confirmed: True[0m
[32m14:34:11[0m | [1mINFO    [0m | [36mbackend.strategies.core.market_structure[0m:[36mupdate[0m | [1mChoCH fired: BEARISH | Broken level: 6012.609 | BOS count: 1[0m
[32m14:34:11[0m | [1mINFO    [0m | [36mbackend.strategies.core.market_structure[0m:[36mupdate[0m | [1mBOS fired: BEARISH | Broken level: 6012.609 | BOS count: 2 | Trend Confirmed: True[0m
[32m14:34:11[0m | [1mINFO    [0m | [36mbackend.strategies.core.market_structure[0m:[36mupdate[0m | [1mBOS fired: BEARISH | Broken level: 6012.609 | BOS count: 3 | Trend Confirmed: True[0m
[32m14:34:11[0m | [1mINFO    [0m | [36mbackend.strategies.core.market_structure[0m:[36mupdate[0m | [1mBOS fired: BEARISH | Broken level: 6012.609 | BOS count: 4 | Trend Confirmed: True[0m
[32m14:34:11[0m | [1mINFO    [0m | [36mbackend.strategies.core.market_structure[0m:[36mupdate[0m | [1mBOS fired: BEARISH | Broken level: 6012.609 | BOS count: 5 | Trend Confirmed: True[0m
[32m14:34:11[0m | [1mINFO    [0m | [36mbackend.strategies.core.market_structure[0m:[36mupdate[0m | [1mBOS fired: BEARISH | Broken level: 6005.093 | BOS count: 6 | Trend Confirmed: True[0m
[32m14:34:11[0m | [1mINFO    [0m | [36mbackend.strategies.core.market_structure[0m:[36mupdate[0m | [1mChoCH fired: BULLISH | Broken level: 6017.226 | BOS count: 1[0m
[32m14:34:11[0m | [1mINFO    [0m | [36mbackend.strategies.core.market_structure[0m:[36mupdate[0m | [1mBOS fired: BULLISH | Broken level: 6017.226 | BOS count: 2 | Trend Confirmed: True[0m
[32m14:34:11[0m | [1mINFO    [0m | [36mbackend.strategies.core.market_structure[0m:[36mupdate[0m | [1mBOS fired: BULLISH | Broken level: 6017.226 | BOS count: 3 | Trend Confirmed: True[0m
[32m14:34:11[0m | [1mINFO    [0m | [36mbackend.strategies.core.market_structure[0m:[36mupdate[0m | [1mBOS fired: BULLISH | Broken level: 6017.226 | BOS count: 4 | Trend Confirmed: True[0m
[32m14:34:11[0m | [1mINFO    [0m | [36mbackend.strategies.core.market_structure[0m:[36mupdate[0m | [1mBOS fired: BULLISH | Broken level: 6017.226 | BOS count: 5 | Trend Confirmed: True[0m
[32m14:34:11[0m | [1mINFO    [0m | [36mbackend.strategies.core.market_structure[0m:[36mupdate[0m | [1mBOS fired: BULLISH | Broken level: 6017.226 | BOS count: 6 | Trend Confirmed: True[0m
[32m14:34:11[0m | [1mINFO    [0m | [36mbackend.strategies.core.market_structure[0m:[36mupdate[0m | [1mBOS fired: BULLISH | Broken level: 6017.226 | BOS count: 7 | Trend Confirmed: True[0m
[32m14:34:11[0m | [1mINFO    [0m | [36mbackend.strategies.core.market_structure[0m:[36mupdate[0m | [1mBOS fired: BULLISH | Broken level: 6017.226 | BOS count: 8 | Trend Confirmed: True[0m
[32m14:34:11[0m | [1mINFO    [0m | [36mbackend.strategies.core.market_structure[0m:[36mupdate[0m | [1mBOS fired: BULLISH | Broken level: 6017.226 | BOS count: 9 | Trend Confirmed: True[0m
[32m14:34:11[0m | [1mINFO    [0m | [36mbackend.strategies.core.market_structure[0m:[36mupdate[0m | [1mBOS fired: BULLISH | Broken level: 6017.226 | BOS count: 10 | Trend Confirmed: True[0m
[32m14:34:11[0m | [1mINFO    [0m | [36mbackend.strategies.core.market_structure[0m:[36mupdate[0m | [1mBOS fired: BULLISH | Broken level: 6017.226 | BOS count: 11 | Trend Confirmed: True[0m
[32m14:34:11[0m | [1mINFO    [0m | [36mbackend.strategies.core.market_structure[0m:[36mupdate[0m | [1mBOS fired: BULLISH | Broken level: 6017.226 | BOS count: 12 | Trend Confirmed: True[0m
[32m14:34:11[0m | [1mINFO    [0m | [36mbackend.strategies.core.market_structure[0m:[36mupdate[0m | [1mBOS fired: BULLISH | Broken level: 6017.226 | BOS count: 13 | Trend Confirmed: True[0m
[32m14:34:11[0m | [1mINFO    [0m | [36mbackend.strategies.core.market_structure[0m:[36mupdate[0m | [1mBOS fired: BULLISH | Broken level: 6017.226 | BOS count: 14 | Trend Confirmed: True[0m
[32m14:34:11[0m | [1mINFO    [0m | [36mbackend.strategies.core.market_structure[0m:[36mupdate[0m | [1mBOS fired: BULLISH | Broken level: 6017.226 | BOS count: 15 | Trend Confirmed: True[0m
[32m14:34:11[0m | [1mINFO    [0m | [36mbackend.strategies.core.market_structure[0m:[36mupdate[0m | [1mBOS fired: BULLISH | Broken level: 6017.226 | BOS count: 16 | Trend Confirmed: True[0m
[32m14:34:11[0m | [1mINFO    [0m | [36mbackend.strategies.core.market_structure[0m:[36mupdate[0m | [1mBOS fired: BULLISH | Broken level: 6017.226 | BOS count: 17 | Trend Confirmed: True[0m
[32m14:34:11[0m | [1mINFO    [0m | [36mbackend.strategies.core.market_structure[0m:[36mupdate[0m | [1mBOS fired: BULLISH | Broken level: 6017.226 | BOS count: 18 | Trend Confirmed: True[0m
[32m14:34:11[0m | [1mINFO    [0m | [36mbackend.strategies.core.market_structure[0m:[36mupdate[0m | [1mBOS fired: BULLISH | Broken level: 6017.226 | BOS count: 19 | Trend Confirmed: True[0m
[32m14:34:12[0m | [1mINFO    [0m | [36mbackend.strategies.core.market_structure[0m:[36mupdate[0m | [1mChoCH fired: BEARISH | Broken level: 5975.09 | BOS count: 1[0m
[32m14:34:12[0m | [1mINFO    [0m | [36mbackend.strategies.core.market_structure[0m:[36mupdate[0m | [1mBOS fired: BEARISH | Broken level: 5975.09 | BOS count: 2 | Trend Confirmed: True[0m
[32m14:34:13[0m | [1mINFO    [0m | [36mbackend.strategies.core.market_structure[0m:[36mupdate[0m | [1mChoCH fired: BULLISH | Broken level: 5986.683 | BOS count: 1[0m
[32m14:34:13[0m | [1mINFO    [0m | [36mbackend.strategies.core.market_structure[0m:[36mupdate[0m | [1mBOS fired: BULLISH | Broken level: 5986.683 | BOS count: 2 | Trend Confirmed: True[0m
[32m14:34:13[0m | [1mINFO    [0m | [36mbackend.strategies.core.market_structure[0m:[36mupdate[0m | [1mBOS fired: BULLISH | Broken level: 5985.384 | BOS count: 3 | Trend Confirmed: True[0m
[32m14:34:13[0m | [1mINFO    [0m | [36mbackend.strategies.core.market_structure[0m:[36mupdate[0m | [1mBOS fired: BULLISH | Broken level: 5985.384 | BOS count: 4 | Trend Confirmed: True[0m
[32m14:34:13[0m | [1mINFO    [0m | [36mbackend.strategies.core.market_structure[0m:[36mupdate[0m | [1mBOS fired: BULLISH | Broken level: 5985.384 | BOS count: 5 | Trend Confirmed: True[0m
[32m14:34:13[0m | [1mINFO    [0m | [36mbackend.strategies.core.market_structure[0m:[36mupdate[0m | [1mBOS fired: BULLISH | Broken level: 5985.384 | BOS count: 6 | Trend Confirmed: True[0m
[32m14:34:13[0m | [1mINFO    [0m | [36mbackend.strategies.core.market_structure[0m:[36mupdate[0m | [1mBOS fired: BULLISH | Broken level: 5985.384 | BOS count: 7 | Trend Confirmed: True[0m
[32m14:34:13[0m | [1mINFO    [0m | [36mbackend.strategies.core.market_structure[0m:[36mupdate[0m | [1mBOS fired: BULLISH | Broken level: 5985.384 | BOS count: 8 | Trend Confirmed: True[0m
[32m14:34:13[0m | [1mINFO    [0m | [36mbackend.strategies.core.market_structure[0m:[36mupdate[0m | [1mBOS fired: BULLISH | Broken level: 5985.384 | BOS count: 9 | Trend Confirmed: True[0m
[32m14:34:13[0m | [1mINFO    [0m | [36mbackend.strategies.core.market_structure[0m:[36mupdate[0m | [1mBOS fired: BULLISH | Broken level: 5985.384 | BOS count: 10 | Trend Confirmed: True[0m
[32m14:34:13[0m | [1mINFO    [0m | [36mbackend.strategies.core.market_structure[0m:[36mupdate[0m | [1mBOS fired: BULLISH | Broken level: 5985.384 | BOS count: 11 | Trend Confirmed: True[0m
[32m14:34:13[0m | [1mINFO    [0m | [36mbackend.strategies.core.market_structure[0m:[36mupdate[0m | [1mBOS fired: BULLISH | Broken level: 5985.384 | BOS count: 12 | Trend Confirmed: True[0m
[32m14:34:13[0m | [1mINFO    [0m | [36mbackend.strategies.core.market_structure[0m:[36mupdate[0m | [1mBOS fired: BULLISH | Broken level: 5985.384 | BOS count: 13 | Trend Confirmed: True[0m
[32m14:34:13[0m | [1mINFO    [0m | [36mbackend.strategies.core.market_structure[0m:[36mupdate[0m | [1mBOS fired: BULLISH | Broken level: 5985.384 | BOS count: 14 | Trend Confirmed: True[0m
[32m14:34:13[0m | [1mINFO    [0m | [36mbackend.strategies.core.market_structure[0m:[36mupdate[0m | [1mBOS fired: BULLISH | Broken level: 5985.384 | BOS count: 15 | Trend Confirmed: True[0m
[32m14:34:13[0m | [1mINFO    [0m | [36mbackend.strategies.core.market_structure[0m:[36mupdate[0m | [1mBOS fired: BULLISH | Broken level: 5985.384 | BOS count: 16 | Trend Confirmed: True[0m
[32m14:34:13[0m | [1mINFO    [0m | [36mbackend.strategies.core.market_structure[0m:[36mupdate[0m | [1mBOS fired: BULLISH | Broken level: 5985.384 | BOS count: 17 | Trend Confirmed: True[0m
[32m14:34:13[0m | [1mINFO    [0m | [36mbackend.strategies.core.market_structure[0m:[36mupdate[0m | [1mBOS fired: BULLISH | Broken level: 5985.384 | BOS count: 18 | Trend Confirmed: True[0m
[32m14:34:13[0m | [1mINFO    [0m | [36mbackend.strategies.core.market_structure[0m:[36mupdate[0m | [1mBOS fired: BULLISH | Broken level: 5985.384 | BOS count: 19 | Trend Confirmed: True[0m
[32m14:34:13[0m | [1mINFO    [0m | [36mbackend.strategies.core.market_structure[0m:[36mupdate[0m | [1mBOS fired: BULLISH | Broken level: 5985.384 | BOS count: 20 | Trend Confirmed: True[0m
[32m14:34:13[0m | [1mINFO    [0m | [36mbackend.strategies.core.market_structure[0m:[36mupdate[0m | [1mBOS fired: BULLISH | Broken level: 5985.384 | BOS count: 21 | Trend Confirmed: True[0m
[32m14:34:13[0m | [1mINFO    [0m | [36mbackend.strategies.core.market_structure[0m:[36mupdate[0m | [1mBOS fired: BULLISH | Broken level: 5985.384 | BOS count: 22 | Trend Confirmed: True[0m
[32m14:34:13[0m | [1mINFO    [0m | [36mbackend.strategies.core.market_structure[0m:[36mupdate[0m | [1mBOS fired: BULLISH | Broken level: 5985.384 | BOS count: 23 | Trend Confirmed: True[0m
[32m14:34:13[0m | [1mINFO    [0m | [36mbackend.strategies.core.market_structure[0m:[36mupdate[0m | [1mBOS fired: BULLISH | Broken level: 5985.384 | BOS count: 24 | Trend Confirmed: True[0m
[32m14:34:13[0m | [1mINFO    [0m | [36mbackend.strategies.core.market_structure[0m:[36mupdate[0m | [1mBOS fired: BULLISH | Broken level: 5985.384 | BOS count: 25 | Trend Confirmed: True[0m
[32m14:34:13[0m | [1mINFO    [0m | [36mbackend.strategies.core.market_structure[0m:[36mupdate[0m | [1mBOS fired: BULLISH | Broken level: 5985.384 | BOS count: 26 | Trend Confirmed: True[0m
[32m14:34:13[0m | [1mINFO    [0m | [36mbackend.strategies.core.market_structure[0m:[36mupdate[0m | [1mBOS fired: BULLISH | Broken level: 5985.384 | BOS count: 27 | Trend Confirmed: True[0m
[32m14:34:13[0m | [1mINFO    [0m | [36mbackend.strategies.core.market_structure[0m:[36mupdate[0m | [1mBOS fired: BULLISH | Broken level: 5985.384 | BOS count: 28 | Trend Confirmed: True[0m
[32m14:34:13[0m | [1mINFO    [0m | [36mbackend.strategies.core.market_structure[0m:[36mupdate[0m | [1mBOS fired: BULLISH | Broken level: 5985.384 | BOS count: 29 | Trend Confirmed: True[0m
[32m14:34:14[0m | [1mINFO    [0m | [36mbackend.strategies.core.market_structure[0m:[36mupdate[0m | [1mBOS fired: BULLISH | Broken level: 5985.384 | BOS count: 30 | Trend Confirmed: True[0m
[32m14:34:14[0m | [1mINFO    [0m | [36mbackend.strategies.core.market_structure[0m:[36mupdate[0m | [1mBOS fired: BULLISH | Broken level: 5985.384 | BOS count: 31 | Trend Confirmed: True[0m
[32m14:34:14[0m | [1mINFO    [0m | [36mbackend.strategies.core.market_structure[0m:[36mupdate[0m | [1mBOS fired: BULLISH | Broken level: 5987.178 | BOS count: 32 | Trend Confirmed: True[0m
[32m14:34:14[0m | [1mINFO    [0m | [36mbackend.strategies.core.market_structure[0m:[36mupdate[0m | [1mBOS fired: BULLISH | Broken level: 5987.178 | BOS count: 33 | Trend Confirmed: True[0m
[32m14:34:14[0m | [1mINFO    [0m | [36mbackend.strategies.core.market_structure[0m:[36mupdate[0m | [1mBOS fired: BULLISH | Broken level: 5990.95 | BOS count: 34 | Trend Confirmed: True[0m
[32m14:34:14[0m | [1mINFO    [0m | [36mbackend.strategies.core.market_structure[0m:[36mupdate[0m | [1mBOS fired: BULLISH | Broken level: 5990.95 | BOS count: 35 | Trend Confirmed: True[0m
[32m14:34:14[0m | [1mINFO    [0m | [36mbackend.strategies.core.market_structure[0m:[36mupdate[0m | [1mBOS fired: BULLISH | Broken level: 5990.95 | BOS count: 36 | Trend Confirmed: True[0m
[32m14:34:14[0m | [1mINFO    [0m | [36mbackend.strategies.core.market_structure[0m:[36mupdate[0m | [1mBOS fired: BULLISH | Broken level: 5990.95 | BOS count: 37 | Trend Confirmed: True[0m
[32m14:34:14[0m | [1mINFO    [0m | [36mbackend.strategies.core.market_structure[0m:[36mupdate[0m | [1mBOS fired: BULLISH | Broken level: 5990.95 | BOS count: 38 | Trend Confirmed: True[0m
[32m14:34:14[0m | [1mINFO    [0m | [36mbackend.strategies.core.market_structure[0m:[36mupdate[0m | [1mBOS fired: BULLISH | Broken level: 5990.95 | BOS count: 39 | Trend Confirmed: True[0m
[32m14:34:14[0m | [1mINFO    [0m | [36mbackend.strategies.core.market_structure[0m:[36mupdate[0m | [1mBOS fired: BULLISH | Broken level: 5990.95 | BOS count: 40 | Trend Confirmed: True[0m
[32m14:34:14[0m | [1mINFO    [0m | [36mbackend.strategies.core.market_structure[0m:[36mupdate[0m | [1mBOS fired: BULLISH | Broken level: 5990.95 | BOS count: 41 | Trend Confirmed: True[0m
[32m14:34:14[0m | [1mINFO    [0m | [36mbackend.strategies.core.market_structure[0m:[36mupdate[0m | [1mBOS fired: BULLISH | Broken level: 5990.95 | BOS count: 42 | Trend Confirmed: True[0m
[32m14:34:14[0m | [1mINFO    [0m | [36mbackend.strategies.core.market_structure[0m:[36mupdate[0m | [1mChoCH fired: BEARISH | Broken level: 5950.954 | BOS count: 1[0m
[32m14:34:14[0m | [1mINFO    [0m | [36mbackend.strategies.core.market_structure[0m:[36mupdate[0m | [1mBOS fired: BEARISH | Broken level: 5950.954 | BOS count: 2 | Trend Confirmed: True[0m
[32m14:34:14[0m | [1mINFO    [0m | [36mbackend.strategies.core.market_structure[0m:[36mupdate[0m | [1mBOS fired: BEARISH | Broken level: 5950.954 | BOS count: 3 | Trend Confirmed: True[0m
[32m14:34:14[0m | [1mINFO    [0m | [36mbackend.strategies.core.market_structure[0m:[36mupdate[0m | [1mBOS fired: BEARISH | Broken level: 5950.954 | BOS count: 4 | Trend Confirmed: True[0m
[32m14:34:14[0m | [1mINFO    [0m | [36mbackend.strategies.core.market_structure[0m:[36mupdate[0m | [1mBOS fired: BEARISH | Broken level: 5950.954 | BOS count: 5 | Trend Confirmed: True[0m
[32m14:34:14[0m | [1mINFO    [0m | [36mbackend.strategies.core.market_structure[0m:[36mupdate[0m | [1mBOS fired: BEARISH | Broken level: 5950.954 | BOS count: 6 | Trend Confirmed: True[0m
[32m14:34:14[0m | [1mINFO    [0m | [36mbackend.strategies.core.market_structure[0m:[36mupdate[0m | [1mBOS fired: BEARISH | Broken level: 5950.954 | BOS count: 7 | Trend Confirmed: True[0m
[32m14:34:14[0m | [1mINFO    [0m | [36mbackend.strategies.core.market_structure[0m:[36mupdate[0m | [1mBOS fired: BEARISH | Broken level: 5950.954 | BOS count: 8 | Trend Confirmed: True[0m
[32m14:34:14[0m | [1mINFO    [0m | [36mbackend.strategies.core.market_structure[0m:[36mupdate[0m | [1mBOS fired: BEARISH | Broken level: 5950.954 | BOS count: 9 | Trend Confirmed: True[0m
[32m14:34:14[0m | [1mINFO    [0m | [36mbackend.strategies.core.market_structure[0m:[36mupdate[0m | [1mBOS fired: BEARISH | Broken level: 5940.599 | BOS count: 10 | Trend Confirmed: True[0m
[32m14:34:14[0m | [1mINFO    [0m | [36mbackend.strategies.core.market_structure[0m:[36mupdate[0m | [1mBOS fired: BEARISH | Broken level: 5940.599 | BOS count: 11 | Trend Confirmed: True[0m
[32m14:34:14[0m | [1mINFO    [0m | [36mbackend.strategies.core.market_structure[0m:[36mupdate[0m | [1mBOS fired: BEARISH | Broken level: 5940.599 | BOS count: 12 | Trend Confirmed: True[0m
[32m14:34:14[0m | [1mINFO    [0m | [36mbackend.strategies.core.market_structure[0m:[36mupdate[0m | [1mBOS fired: BEARISH | Broken level: 5940.599 | BOS count: 13 | Trend Confirmed: True[0m
[32m14:34:14[0m | [1mINFO    [0m | [36mbackend.strategies.core.market_structure[0m:[36mupdate[0m | [1mBOS fired: BEARISH | Broken level: 5940.599 | BOS count: 14 | Trend Confirmed: True[0m
[32m14:34:14[0m | [1mINFO    [0m | [36mbackend.strategies.core.market_structure[0m:[36mupdate[0m | [1mBOS fired: BEARISH | Broken level: 5940.599 | BOS count: 15 | Trend Confirmed: True[0m
[32m14:34:14[0m | [1mINFO    [0m | [36mbackend.strategies.core.market_structure[0m:[36mupdate[0m | [1mBOS fired: BEARISH | Broken level: 5940.599 | BOS count: 16 | Trend Confirmed: True[0m
[32m14:34:14[0m | [1mINFO    [0m | [36mbackend.strategies.core.market_structure[0m:[36mupdate[0m | [1mBOS fired: BEARISH | Broken level: 5940.599 | BOS count: 17 | Trend Confirmed: True[0m
[32m14:34:14[0m | [1mINFO    [0m | [36mbackend.strategies.core.market_structure[0m:[36mupdate[0m | [1mBOS fired: BEARISH | Broken level: 5927.219 | BOS count: 18 | Trend Confirmed: True[0m
[32m14:34:14[0m | [1mINFO    [0m | [36mbackend.strategies.core.market_structure[0m:[36mupdate[0m | [1mBOS fired: BEARISH | Broken level: 5927.219 | BOS count: 19 | Trend Confirmed: True[0m
[32m14:34:14[0m | [1mINFO    [0m | [36mbackend.strategies.core.market_structure[0m:[36mupdate[0m | [1mBOS fired: BEARISH | Broken level: 5927.219 | BOS count: 20 | Trend Confirmed: True[0m
[32m14:34:14[0m | [1mINFO    [0m | [36mbackend.strategies.core.market_structure[0m:[36mupdate[0m | [1mBOS fired: BEARISH | Broken level: 5927.219 | BOS count: 21 | Trend Confirmed: True[0m
[32m14:34:15[0m | [1mINFO    [0m | [36mbackend.strategies.core.market_structure[0m:[36mupdate[0m | [1mBOS fired: BEARISH | Broken level: 5920.786 | BOS count: 22 | Trend Confirmed: True[0m
[32m14:34:15[0m | [1mINFO    [0m | [36mbackend.strategies.core.market_structure[0m:[36mupdate[0m | [1mBOS fired: BEARISH | Broken level: 5920.786 | BOS count: 23 | Trend Confirmed: True[0m
[32m14:34:15[0m | [1mINFO    [0m | [36mbackend.strategies.core.market_structure[0m:[36mupdate[0m | [1mBOS fired: BEARISH | Broken level: 5920.786 | BOS count: 24 | Trend Confirmed: True[0m
[32m14:34:15[0m | [1mINFO    [0m | [36mbackend.strategies.core.market_structure[0m:[36mupdate[0m | [1mBOS fired: BEARISH | Broken level: 5920.786 | BOS count: 25 | Trend Confirmed: True[0m
[32m14:34:15[0m | [1mINFO    [0m | [36mbackend.strategies.core.market_structure[0m:[36mupdate[0m | [1mChoCH fired: BULLISH | Broken level: 5936.288 | BOS count: 1[0m
[32m14:34:15[0m | [1mINFO    [0m | [36mbackend.strategies.core.market_structure[0m:[36mupdate[0m | [1mChoCH fired: BEARISH | Broken level: 5916.631 | BOS count: 1[0m
[32m14:34:15[0m | [1mINFO    [0m | [36mbackend.strategies.core.market_structure[0m:[36mupdate[0m | [1mBOS fired: BEARISH | Broken level: 5916.631 | BOS count: 2 | Trend Confirmed: True[0m
[32m14:34:15[0m | [1mINFO    [0m | [36mbackend.strategies.core.market_structure[0m:[36mupdate[0m | [1mBOS fired: BEARISH | Broken level: 5916.631 | BOS count: 3 | Trend Confirmed: True[0m
[32m14:34:15[0m | [1mINFO    [0m | [36mbackend.strategies.core.market_structure[0m:[36mupdate[0m | [1mBOS fired: BEARISH | Broken level: 5916.631 | BOS count: 4 | Trend Confirmed: True[0m
[32m14:34:15[0m | [1mINFO    [0m | [36mbackend.strategies.core.market_structure[0m:[36mupdate[0m | [1mBOS fired: BEARISH | Broken level: 5916.631 | BOS count: 5 | Trend Confirmed: True[0m
[32m14:34:15[0m | [1mINFO    [0m | [36mbackend.strategies.core.market_structure[0m:[36mupdate[0m | [1mBOS fired: BEARISH | Broken level: 5916.631 | BOS count: 6 | Trend Confirmed: True[0m
[32m14:34:15[0m | [1mINFO    [0m | [36mbackend.strategies.core.market_structure[0m:[36mupdate[0m | [1mBOS fired: BEARISH | Broken level: 5916.631 | BOS count: 7 | Trend Confirmed: True[0m
[32m14:34:15[0m | [1mINFO    [0m | [36mbackend.strategies.core.market_structure[0m:[36mupdate[0m | [1mBOS fired: BEARISH | Broken level: 5916.631 | BOS count: 8 | Trend Confirmed: True[0m
[32m14:34:15[0m | [1mINFO    [0m | [36mbackend.strategies.core.market_structure[0m:[36mupdate[0m | [1mBOS fired: BEARISH | Broken level: 5916.631 | BOS count: 9 | Trend Confirmed: True[0m
[32m14:34:15[0m | [1mINFO    [0m | [36mbackend.strategies.core.market_structure[0m:[36mupdate[0m | [1mBOS fired: BEARISH | Broken level: 5890.146 | BOS count: 10 | Trend Confirmed: True[0m
[32m14:34:15[0m | [1mINFO    [0m | [36mbackend.strategies.core.market_structure[0m:[36mupdate[0m | [1mBOS fired: BEARISH | Broken level: 5890.146 | BOS count: 11 | Trend Confirmed: True[0m
[32m14:34:15[0m | [1mINFO    [0m | [36mbackend.strategies.core.market_structure[0m:[36mupdate[0m | [1mBOS fired: BEARISH | Broken level: 5890.146 | BOS count: 12 | Trend Confirmed: True[0m
[32m14:34:15[0m | [1mINFO    [0m | [36mbackend.strategies.core.market_structure[0m:[36mupdate[0m | [1mBOS fired: BEARISH | Broken level: 5890.146 | BOS count: 13 | Trend Confirmed: True[0m
[32m14:34:15[0m | [1mINFO    [0m | [36mbackend.strategies.core.market_structure[0m:[36mupdate[0m | [1mBOS fired: BEARISH | Broken level: 5890.146 | BOS count: 14 | Trend Confirmed: True[0m
[32m14:34:15[0m | [1mINFO    [0m | [36mbackend.strategies.core.market_structure[0m:[36mupdate[0m | [1mBOS fired: BEARISH | Broken level: 5890.146 | BOS count: 15 | Trend Confirmed: True[0m
[32m14:34:15[0m | [1mINFO    [0m | [36mbackend.strategies.core.market_structure[0m:[36mupdate[0m | [1mBOS fired: BEARISH | Broken level: 5890.146 | BOS count: 16 | Trend Confirmed: True[0m
[32m14:34:15[0m | [1mINFO    [0m | [36mbackend.strategies.core.market_structure[0m:[36mupdate[0m | [1mBOS fired: BEARISH | Broken level: 5890.146 | BOS count: 17 | Trend Confirmed: True[0m
[32m14:34:15[0m | [1mINFO    [0m | [36mbackend.strategies.core.market_structure[0m:[36mupdate[0m | [1mBOS fired: BEARISH | Broken level: 5890.146 | BOS count: 18 | Trend Confirmed: True[0m
[32m14:34:15[0m | [1mINFO    [0m | [36mbackend.strategies.core.market_structure[0m:[36mupdate[0m | [1mBOS fired: BEARISH | Broken level: 5880.759 | BOS count: 19 | Trend Confirmed: True[0m
[32m14:34:15[0m | [1mINFO    [0m | [36mbackend.strategies.core.market_structure[0m:[36mupdate[0m | [1mBOS fired: BEARISH | Broken level: 5880.759 | BOS count: 20 | Trend Confirmed: True[0m
[32m14:34:15[0m | [1mINFO    [0m | [36mbackend.strategies.core.market_structure[0m:[36mupdate[0m | [1mBOS fired: BEARISH | Broken level: 5880.759 | BOS count: 21 | Trend Confirmed: True[0m
[32m14:34:15[0m | [1mINFO    [0m | [36mbackend.strategies.core.market_structure[0m:[36mupdate[0m | [1mBOS fired: BEARISH | Broken level: 5880.759 | BOS count: 22 | Trend Confirmed: True[0m
[32m14:34:15[0m | [1mINFO    [0m | [36mbackend.strategies.core.market_structure[0m:[36mupdate[0m | [1mBOS fired: BEARISH | Broken level: 5880.759 | BOS count: 23 | Trend Confirmed: True[0m
[32m14:34:15[0m | [1mINFO    [0m | [36mbackend.strategies.core.market_structure[0m:[36mupdate[0m | [1mBOS fired: BEARISH | Broken level: 5880.759 | BOS count: 24 | Trend Confirmed: True[0m
[32m14:34:15[0m | [1mINFO    [0m | [36mbackend.strategies.core.market_structure[0m:[36mupdate[0m | [1mBOS fired: BEARISH | Broken level: 5880.759 | BOS count: 25 | Trend Confirmed: True[0m
[32m14:34:15[0m | [1mINFO    [0m | [36mbackend.strategies.core.market_structure[0m:[36mupdate[0m | [1mBOS fired: BEARISH | Broken level: 5880.759 | BOS count: 26 | Trend Confirmed: True[0m
[32m14:34:15[0m | [1mINFO    [0m | [36mbackend.strategies.core.market_structure[0m:[36mupdate[0m | [1mBOS fired: BEARISH | Broken level: 5880.759 | BOS count: 27 | Trend Confirmed: True[0m
[32m14:34:15[0m | [1mINFO    [0m | [36mbackend.strategies.core.market_structure[0m:[36mupdate[0m | [1mBOS fired: BEARISH | Broken level: 5880.759 | BOS count: 28 | Trend Confirmed: True[0m
[32m14:34:15[0m | [1mINFO    [0m | [36mbackend.strategies.core.market_structure[0m:[36mupdate[0m | [1mBOS fired: BEARISH | Broken level: 5880.759 | BOS count: 29 | Trend Confirmed: True[0m
[32m14:34:15[0m | [1mINFO    [0m | [36mbackend.strategies.core.market_structure[0m:[36mupdate[0m | [1mBOS fired: BEARISH | Broken level: 5880.759 | BOS count: 30 | Trend Confirmed: True[0m
[32m14:34:15[0m | [1mINFO    [0m | [36mbackend.strategies.core.market_structure[0m:[36mupdate[0m | [1mBOS fired: BEARISH | Broken level: 5880.759 | BOS count: 31 | Trend Confirmed: True[0m
[32m14:34:15[0m | [1mINFO    [0m | [36mbackend.strategies.core.market_structure[0m:[36mupdate[0m | [1mBOS fired: BEARISH | Broken level: 5880.759 | BOS count: 32 | Trend Confirmed: True[0m
[32m14:34:15[0m | [1mINFO    [0m | [36mbackend.strategies.core.market_structure[0m:[36mupdate[0m | [1mBOS fired: BEARISH | Broken level: 5880.759 | BOS count: 33 | Trend Confirmed: True[0m
[32m14:34:15[0m | [1mINFO    [0m | [36mbackend.strategies.core.market_structure[0m:[36mupdate[0m | [1mBOS fired: BEARISH | Broken level: 5880.759 | BOS count: 34 | Trend Confirmed: True[0m
[32m14:34:16[0m | [1mINFO    [0m | [36mbackend.strategies.core.market_structure[0m:[36mupdate[0m | [1mBOS fired: BEARISH | Broken level: 5846.826 | BOS count: 35 | Trend Confirmed: True[0m
[32m14:34:16[0m | [1mINFO    [0m | [36mbackend.strategies.core.market_structure[0m:[36mupdate[0m | [1mChoCH fired: BULLISH | Broken level: 5874.429 | BOS count: 1[0m
[32m14:34:16[0m | [1mINFO    [0m | [36mbackend.strategies.core.market_structure[0m:[36mupdate[0m | [1mBOS fired: BULLISH | Broken level: 5874.429 | BOS count: 2 | Trend Confirmed: True[0m
[32m14:34:16[0m | [1mINFO    [0m | [36mbackend.strategies.core.market_structure[0m:[36mupdate[0m | [1mBOS fired: BULLISH | Broken level: 5874.429 | BOS count: 3 | Trend Confirmed: True[0m
[32m14:34:16[0m | [1mINFO    [0m | [36mbackend.strategies.core.market_structure[0m:[36mupdate[0m | [1mBOS fired: BULLISH | Broken level: 5874.429 | BOS count: 4 | Trend Confirmed: True[0m
[32m14:34:16[0m | [1mINFO    [0m | [36mbackend.strategies.core.market_structure[0m:[36mupdate[0m | [1mBOS fired: BULLISH | Broken level: 5874.429 | BOS count: 5 | Trend Confirmed: True[0m
[32m14:34:16[0m | [1mINFO    [0m | [36mbackend.strategies.core.market_structure[0m:[36mupdate[0m | [1mBOS fired: BULLISH | Broken level: 5874.429 | BOS count: 6 | Trend Confirmed: True[0m
[32m14:34:16[0m | [1mINFO    [0m | [36mbackend.strategies.core.market_structure[0m:[36mupdate[0m | [1mBOS fired: BULLISH | Broken level: 5874.429 | BOS count: 7 | Trend Confirmed: True[0m
[32m14:34:16[0m | [1mINFO    [0m | [36mbackend.strategies.core.market_structure[0m:[36mupdate[0m | [1mBOS fired: BULLISH | Broken level: 5874.429 | BOS count: 8 | Trend Confirmed: True[0m
[32m14:34:16[0m | [1mINFO    [0m | [36mbackend.strategies.core.market_structure[0m:[36mupdate[0m | [1mBOS fired: BULLISH | Broken level: 5874.429 | BOS count: 9 | Trend Confirmed: True[0m
[32m14:34:16[0m | [1mINFO    [0m | [36mbackend.strategies.core.market_structure[0m:[36mupdate[0m | [1mBOS fired: BULLISH | Broken level: 5874.429 | BOS count: 10 | Trend Confirmed: True[0m
[32m14:34:16[0m | [1mINFO    [0m | [36mbackend.strategies.core.market_structure[0m:[36mupdate[0m | [1mBOS fired: BULLISH | Broken level: 5871.104 | BOS count: 11 | Trend Confirmed: True[0m
[32m14:34:16[0m | [1mINFO    [0m | [36mbackend.strategies.core.market_structure[0m:[36mupdate[0m | [1mBOS fired: BULLISH | Broken level: 5871.104 | BOS count: 12 | Trend Confirmed: True[0m
[32m14:34:16[0m | [1mINFO    [0m | [36mbackend.strategies.core.market_structure[0m:[36mupdate[0m | [1mBOS fired: BULLISH | Broken level: 5871.104 | BOS count: 13 | Trend Confirmed: True[0m
[32m14:34:16[0m | [1mINFO    [0m | [36mbackend.strategies.core.market_structure[0m:[36mupdate[0m | [1mBOS fired: BULLISH | Broken level: 5871.104 | BOS count: 14 | Trend Confirmed: True[0m
[32m14:34:16[0m | [1mINFO    [0m | [36mbackend.strategies.core.market_structure[0m:[36mupdate[0m | [1mBOS fired: BULLISH | Broken level: 5871.104 | BOS count: 15 | Trend Confirmed: True[0m
[32m14:34:16[0m | [1mINFO    [0m | [36mbackend.strategies.core.market_structure[0m:[36mupdate[0m | [1mBOS fired: BULLISH | Broken level: 5871.104 | BOS count: 16 | Trend Confirmed: True[0m
[32m14:34:16[0m | [1mINFO    [0m | [36mbackend.strategies.core.market_structure[0m:[36mupdate[0m | [1mBOS fired: BULLISH | Broken level: 5871.104 | BOS count: 17 | Trend Confirmed: True[0m
[32m14:34:16[0m | [1mINFO    [0m | [36mbackend.strategies.core.market_structure[0m:[36mupdate[0m | [1mBOS fired: BULLISH | Broken level: 5871.104 | BOS count: 18 | Trend Confirmed: True[0m
[32m14:34:16[0m | [1mINFO    [0m | [36mbackend.strategies.core.market_structure[0m:[36mupdate[0m | [1mBOS fired: BULLISH | Broken level: 5871.104 | BOS count: 19 | Trend Confirmed: True[0m
[32m14:34:16[0m | [1mINFO    [0m | [36mbackend.strategies.core.market_structure[0m:[36mupdate[0m | [1mBOS fired: BULLISH | Broken level: 5871.104 | BOS count: 20 | Trend Confirmed: True[0m
[32m14:34:16[0m | [1mINFO    [0m | [36mbackend.strategies.core.market_structure[0m:[36mupdate[0m | [1mBOS fired: BULLISH | Broken level: 5871.104 | BOS count: 21 | Trend Confirmed: True[0m
[32m14:34:16[0m | [1mINFO    [0m | [36mbackend.strategies.core.market_structure[0m:[36mupdate[0m | [1mBOS fired: BULLISH | Broken level: 5871.104 | BOS count: 22 | Trend Confirmed: True[0m
[32m14:34:16[0m | [1mINFO    [0m | [36mbackend.strategies.core.market_structure[0m:[36mupdate[0m | [1mBOS fired: BULLISH | Broken level: 5871.104 | BOS count: 23 | Trend Confirmed: True[0m
[32m14:34:16[0m | [1mINFO    [0m | [36mbackend.strategies.core.market_structure[0m:[36mupdate[0m | [1mBOS fired: BULLISH | Broken level: 5871.104 | BOS count: 24 | Trend Confirmed: True[0m
[32m14:34:16[0m | [1mINFO    [0m | [36mbackend.strategies.core.market_structure[0m:[36mupdate[0m | [1mBOS fired: BULLISH | Broken level: 5871.104 | BOS count: 25 | Trend Confirmed: True[0m
[32m14:34:16[0m | [1mINFO    [0m | [36mbackend.strategies.core.market_structure[0m:[36mupdate[0m | [1mBOS fired: BULLISH | Broken level: 5871.104 | BOS count: 26 | Trend Confirmed: True[0m
[32m14:34:16[0m | [1mINFO    [0m | [36mbackend.strategies.core.market_structure[0m:[36mupdate[0m | [1mBOS fired: BULLISH | Broken level: 5871.104 | BOS count: 27 | Trend Confirmed: True[0m
[32m14:34:16[0m | [1mINFO    [0m | [36mbackend.strategies.core.market_structure[0m:[36mupdate[0m | [1mBOS fired: BULLISH | Broken level: 5871.104 | BOS count: 28 | Trend Confirmed: True[0m
[32m14:34:16[0m | [1mINFO    [0m | [36mbackend.strategies.core.market_structure[0m:[36mupdate[0m | [1mBOS fired: BULLISH | Broken level: 5871.104 | BOS count: 29 | Trend Confirmed: True[0m
[32m14:34:16[0m | [1mINFO    [0m | [36mbackend.strategies.core.market_structure[0m:[36mupdate[0m | [1mBOS fired: BULLISH | Broken level: 5871.104 | BOS count: 30 | Trend Confirmed: True[0m
[32m14:34:16[0m | [1mINFO    [0m | [36mbackend.strategies.core.market_structure[0m:[36mupdate[0m | [1mBOS fired: BULLISH | Broken level: 5871.104 | BOS count: 31 | Trend Confirmed: True[0m
[32m14:34:16[0m | [1mINFO    [0m | [36mbackend.strategies.core.market_structure[0m:[36mupdate[0m | [1mBOS fired: BULLISH | Broken level: 5871.104 | BOS count: 32 | Trend Confirmed: True[0m
[32m14:34:16[0m | [1mINFO    [0m | [36mbackend.strategies.core.market_structure[0m:[36mupdate[0m | [1mBOS fired: BULLISH | Broken level: 5871.104 | BOS count: 33 | Trend Confirmed: True[0m
[32m14:34:16[0m | [1mINFO    [0m | [36mbackend.strategies.core.market_structure[0m:[36mupdate[0m | [1mBOS fired: BULLISH | Broken level: 5871.104 | BOS count: 34 | Trend Confirmed: True[0m
[32m14:34:16[0m | [1mINFO    [0m | [36mbackend.strategies.core.market_structure[0m:[36mupdate[0m | [1mBOS fired: BULLISH | Broken level: 5871.104 | BOS count: 35 | Trend Confirmed: True[0m
[32m14:34:16[0m | [1mINFO    [0m | [36mbackend.strategies.core.market_structure[0m:[36mupdate[0m | [1mBOS fired: BULLISH | Broken level: 5871.104 | BOS count: 36 | Trend Confirmed: True[0m
[32m14:34:16[0m | [1mINFO    [0m | [36mbackend.strategies.core.market_structure[0m:[36mupdate[0m | [1mBOS fired: BULLISH | Broken level: 5871.104 | BOS count: 37 | Trend Confirmed: True[0m
[32m14:34:16[0m | [1mINFO    [0m | [36mbackend.strategies.core.market_structure[0m:[36mupdate[0m | [1mBOS fired: BULLISH | Broken level: 5871.104 | BOS count: 38 | Trend Confirmed: True[0m
[32m14:34:16[0m | [1mINFO    [0m | [36mbackend.strategies.core.market_structure[0m:[36mupdate[0m | [1mBOS fired: BULLISH | Broken level: 5871.104 | BOS count: 39 | Trend Confirmed: True[0m
[32m14:34:16[0m | [1mINFO    [0m | [36mbackend.strategies.core.market_structure[0m:[36mupdate[0m | [1mBOS fired: BULLISH | Broken level: 5871.104 | BOS count: 40 | Trend Confirmed: True[0m
[32m14:34:16[0m | [1mINFO    [0m | [36mbackend.strategies.core.market_structure[0m:[36mupdate[0m | [1mBOS fired: BULLISH | Broken level: 5871.104 | BOS count: 41 | Trend Confirmed: True[0m
[32m14:34:16[0m | [1mINFO    [0m | [36mbackend.strategies.core.market_structure[0m:[36mupdate[0m | [1mBOS fired: BULLISH | Broken level: 5871.104 | BOS count: 42 | Trend Confirmed: True[0m
[32m14:34:16[0m | [1mINFO    [0m | [36mbackend.strategies.core.market_structure[0m:[36mupdate[0m | [1mBOS fired: BULLISH | Broken level: 5871.104 | BOS count: 43 | Trend Confirmed: True[0m
[32m14:34:16[0m | [1mINFO    [0m | [36mbackend.strategies.core.market_structure[0m:[36mupdate[0m | [1mBOS fired: BULLISH | Broken level: 5871.104 | BOS count: 44 | Trend Confirmed: True[0m
[32m14:34:16[0m | [1mINFO    [0m | [36mbackend.strategies.core.market_structure[0m:[36mupdate[0m | [1mBOS fired: BULLISH | Broken level: 5871.104 | BOS count: 45 | Trend Confirmed: True[0m
[32m14:34:16[0m | [1mINFO    [0m | [36mbackend.strategies.core.market_structure[0m:[36mupdate[0m | [1mBOS fired: BULLISH | Broken level: 5871.104 | BOS count: 46 | Trend Confirmed: True[0m
[32m14:34:16[0m | [1mINFO    [0m | [36mbackend.strategies.core.market_structure[0m:[36mupdate[0m | [1mBOS fired: BULLISH | Broken level: 5995.438 | BOS count: 47 | Trend Confirmed: True[0m
[32m14:34:16[0m | [1mINFO    [0m | [36mbackend.strategies.core.market_structure[0m:[36mupdate[0m | [1mBOS fired: BULLISH | Broken level: 5995.438 | BOS count: 48 | Trend Confirmed: True[0m
[32m14:34:16[0m | [1mINFO    [0m | [36mbackend.strategies.core.market_structure[0m:[36mupdate[0m | [1mBOS fired: BULLISH | Broken level: 5995.438 | BOS count: 49 | Trend Confirmed: True[0m
[32m14:34:16[0m | [1mINFO    [0m | [36mbackend.strategies.core.market_structure[0m:[36mupdate[0m | [1mBOS fired: BULLISH | Broken level: 5995.438 | BOS count: 50 | Trend Confirmed: True[0m
[32m14:34:16[0m | [1mINFO    [0m | [36mbackend.strategies.core.market_structure[0m:[36mupdate[0m | [1mBOS fired: BULLISH | Broken level: 5995.438 | BOS count: 51 | Trend Confirmed: True[0m
[32m14:34:17[0m | [1mINFO    [0m | [36mbackend.strategies.core.market_structure[0m:[36mupdate[0m | [1mBOS fired: BULLISH | Broken level: 6017.237 | BOS count: 52 | Trend Confirmed: True[0m
[32m14:34:17[0m | [1mINFO    [0m | [36mbackend.strategies.core.market_structure[0m:[36mupdate[0m | [1mBOS fired: BULLISH | Broken level: 6017.237 | BOS count: 53 | Trend Confirmed: True[0m
[32m14:34:17[0m | [1mINFO    [0m | [36mbackend.strategies.core.market_structure[0m:[36mupdate[0m | [1mBOS fired: BULLISH | Broken level: 6017.237 | BOS count: 54 | Trend Confirmed: True[0m
[32m14:34:17[0m | [1mINFO    [0m | [36mbackend.strategies.core.market_structure[0m:[36mupdate[0m | [1mBOS fired: BULLISH | Broken level: 6017.237 | BOS count: 55 | Trend Confirmed: True[0m
[32m14:34:17[0m | [1mINFO    [0m | [36mbackend.strategies.core.market_structure[0m:[36mupdate[0m | [1mBOS fired: BULLISH | Broken level: 6017.237 | BOS count: 56 | Trend Confirmed: True[0m
[32m14:34:17[0m | [1mINFO    [0m | [36mbackend.strategies.core.market_structure[0m:[36mupdate[0m | [1mBOS fired: BULLISH | Broken level: 6017.237 | BOS count: 57 | Trend Confirmed: True[0m
[32m14:34:17[0m | [1mINFO    [0m | [36mbackend.strategies.core.market_structure[0m:[36mupdate[0m | [1mBOS fired: BULLISH | Broken level: 6017.237 | BOS count: 58 | Trend Confirmed: True[0m
[32m14:34:17[0m | [1mINFO    [0m | [36mbackend.strategies.core.market_structure[0m:[36mupdate[0m | [1mBOS fired: BULLISH | Broken level: 6017.237 | BOS count: 59 | Trend Confirmed: True[0m
[32m14:34:17[0m | [1mINFO    [0m | [36mbackend.strategies.core.market_structure[0m:[36mupdate[0m | [1mBOS fired: BULLISH | Broken level: 6017.237 | BOS count: 60 | Trend Confirmed: True[0m
[32m14:34:17[0m | [1mINFO    [0m | [36mbackend.strategies.core.market_structure[0m:[36mupdate[0m | [1mBOS fired: BULLISH | Broken level: 6017.237 | BOS count: 61 | Trend Confirmed: True[0m
[32m14:34:17[0m | [1mINFO    [0m | [36mbackend.strategies.core.market_structure[0m:[36mupdate[0m | [1mBOS fired: BULLISH | Broken level: 6017.237 | BOS count: 62 | Trend Confirmed: True[0m
[32m14:34:17[0m | [1mINFO    [0m | [36mbackend.strategies.core.market_structure[0m:[36mupdate[0m | [1mBOS fired: BULLISH | Broken level: 6017.237 | BOS count: 63 | Trend Confirmed: True[0m
[32m14:34:17[0m | [1mINFO    [0m | [36mbackend.strategies.core.market_structure[0m:[36mupdate[0m | [1mBOS fired: BULLISH | Broken level: 6017.237 | BOS count: 64 | Trend Confirmed: True[0m
[32m14:34:17[0m | [1mINFO    [0m | [36mbackend.strategies.core.market_structure[0m:[36mupdate[0m | [1mBOS fired: BULLISH | Broken level: 6017.237 | BOS count: 65 | Trend Confirmed: True[0m
[32m14:34:17[0m | [1mINFO    [0m | [36mbackend.strategies.core.market_structure[0m:[36mupdate[0m | [1mChoCH fired: BEARISH | Broken level: 6019.253 | BOS count: 1[0m
[32m14:34:17[0m | [1mINFO    [0m | [36mbackend.strategies.core.market_structure[0m:[36mupdate[0m | [1mBOS fired: BEARISH | Broken level: 6019.253 | BOS count: 2 | Trend Confirmed: True[0m
[32m14:34:17[0m | [1mINFO    [0m | [36mbackend.strategies.core.market_structure[0m:[36mupdate[0m | [1mBOS fired: BEARISH | Broken level: 6014.776 | BOS count: 3 | Trend Confirmed: True[0m
[32m14:34:17[0m | [1mINFO    [0m | [36mbackend.strategies.core.market_structure[0m:[36mupdate[0m | [1mBOS fired: BEARISH | Broken level: 6014.776 | BOS count: 4 | Trend Confirmed: True[0m
[32m14:34:17[0m | [1mINFO    [0m | [36mbackend.strategies.core.market_structure[0m:[36mupdate[0m | [1mBOS fired: BEARISH | Broken level: 6014.776 | BOS count: 5 | Trend Confirmed: True[0m
[32m14:34:17[0m | [1mINFO    [0m | [36mbackend.strategies.core.market_structure[0m:[36mupdate[0m | [1mBOS fired: BEARISH | Broken level: 6014.776 | BOS count: 6 | Trend Confirmed: True[0m
[32m14:34:17[0m | [1mINFO    [0m | [36mbackend.strategies.core.market_structure[0m:[36mupdate[0m | [1mBOS fired: BEARISH | Broken level: 6014.776 | BOS count: 7 | Trend Confirmed: True[0m
[32m14:34:17[0m | [1mINFO    [0m | [36mbackend.strategies.core.market_structure[0m:[36mupdate[0m | [1mBOS fired: BEARISH | Broken level: 6014.776 | BOS count: 8 | Trend Confirmed: True[0m
[32m14:34:17[0m | [1mINFO    [0m | [36mbackend.strategies.core.market_structure[0m:[36mupdate[0m | [1mBOS fired: BEARISH | Broken level: 6006.974 | BOS count: 9 | Trend Confirmed: True[0m
[32m14:34:17[0m | [1mINFO    [0m | [36mbackend.strategies.core.market_structure[0m:[36mupdate[0m | [1mBOS fired: BEARISH | Broken level: 6006.974 | BOS count: 10 | Trend Confirmed: True[0m
[32m14:34:17[0m | [1mINFO    [0m | [36mbackend.strategies.core.market_structure[0m:[36mupdate[0m | [1mBOS fired: BEARISH | Broken level: 6006.974 | BOS count: 11 | Trend Confirmed: True[0m
[32m14:34:17[0m | [1mINFO    [0m | [36mbackend.strategies.core.market_structure[0m:[36mupdate[0m | [1mBOS fired: BEARISH | Broken level: 6006.974 | BOS count: 12 | Trend Confirmed: True[0m
[32m14:34:17[0m | [1mINFO    [0m | [36mbackend.strategies.core.market_structure[0m:[36mupdate[0m | [1mBOS fired: BEARISH | Broken level: 6006.974 | BOS count: 13 | Trend Confirmed: True[0m
[32m14:34:17[0m | [1mINFO    [0m | [36mbackend.strategies.core.market_structure[0m:[36mupdate[0m | [1mBOS fired: BEARISH | Broken level: 6006.974 | BOS count: 14 | Trend Confirmed: True[0m
[32m14:34:17[0m | [1mINFO    [0m | [36mbackend.strategies.core.market_structure[0m:[36mupdate[0m | [1mBOS fired: BEARISH | Broken level: 6006.974 | BOS count: 15 | Trend Confirmed: True[0m
[32m14:34:17[0m | [1mINFO    [0m | [36mbackend.strategies.core.market_structure[0m:[36mupdate[0m | [1mBOS fired: BEARISH | Broken level: 6006.974 | BOS count: 16 | Trend Confirmed: True[0m
[32m14:34:17[0m | [1mINFO    [0m | [36mbackend.strategies.core.market_structure[0m:[36mupdate[0m | [1mBOS fired: BEARISH | Broken level: 6006.974 | BOS count: 17 | Trend Confirmed: True[0m
[32m14:34:17[0m | [1mINFO    [0m | [36mbackend.strategies.core.market_structure[0m:[36mupdate[0m | [1mBOS fired: BEARISH | Broken level: 5999.143 | BOS count: 18 | Trend Confirmed: True[0m
[32m14:34:17[0m | [1mINFO    [0m | [36mbackend.strategies.core.market_structure[0m:[36mupdate[0m | [1mBOS fired: BEARISH | Broken level: 5999.143 | BOS count: 19 | Trend Confirmed: True[0m
[32m14:34:17[0m | [1mINFO    [0m | [36mbackend.strategies.core.market_structure[0m:[36mupdate[0m | [1mBOS fired: BEARISH | Broken level: 5999.143 | BOS count: 20 | Trend Confirmed: True[0m
[32m14:34:17[0m | [1mINFO    [0m | [36mbackend.strategies.core.market_structure[0m:[36mupdate[0m | [1mBOS fired: BEARISH | Broken level: 5999.143 | BOS count: 21 | Trend Confirmed: True[0m
[32m14:34:17[0m | [1mINFO    [0m | [36mbackend.strategies.core.market_structure[0m:[36mupdate[0m | [1mBOS fired: BEARISH | Broken level: 5999.143 | BOS count: 22 | Trend Confirmed: True[0m
[32m14:34:17[0m | [1mINFO    [0m | [36mbackend.strategies.core.market_structure[0m:[36mupdate[0m | [1mBOS fired: BEARISH | Broken level: 5999.143 | BOS count: 23 | Trend Confirmed: True[0m
[32m14:34:17[0m | [1mINFO    [0m | [36mbackend.strategies.core.market_structure[0m:[36mupdate[0m | [1mBOS fired: BEARISH | Broken level: 5999.143 | BOS count: 24 | Trend Confirmed: True[0m
[32m14:34:17[0m | [1mINFO    [0m | [36mbackend.strategies.core.market_structure[0m:[36mupdate[0m | [1mBOS fired: BEARISH | Broken level: 5999.143 | BOS count: 25 | Trend Confirmed: True[0m
[32m14:34:17[0m | [1mINFO    [0m | [36mbackend.strategies.core.market_structure[0m:[36mupdate[0m | [1mBOS fired: BEARISH | Broken level: 5999.143 | BOS count: 26 | Trend Confirmed: True[0m
[32m14:34:18[0m | [1mINFO    [0m | [36mbackend.strategies.core.market_structure[0m:[36mupdate[0m | [1mBOS fired: BEARISH | Broken level: 5989.314 | BOS count: 27 | Trend Confirmed: True[0m
[32m14:34:18[0m | [1mINFO    [0m | [36mbackend.strategies.core.market_structure[0m:[36mupdate[0m | [1mChoCH fired: BULLISH | Broken level: 6012.141 | BOS count: 1[0m
[32m14:34:18[0m | [1mINFO    [0m | [36mbackend.strategies.core.market_structure[0m:[36mupdate[0m | [1mBOS fired: BULLISH | Broken level: 6012.141 | BOS count: 2 | Trend Confirmed: True[0m
[32m14:34:18[0m | [1mINFO    [0m | [36mbackend.strategies.core.market_structure[0m:[36mupdate[0m | [1mBOS fired: BULLISH | Broken level: 6012.141 | BOS count: 3 | Trend Confirmed: True[0m
[32m14:34:18[0m | [1mINFO    [0m | [36mbackend.strategies.core.market_structure[0m:[36mupdate[0m | [1mChoCH fired: BEARISH | Broken level: 6003.546 | BOS count: 1[0m
[32m14:34:18[0m | [1mINFO    [0m | [36mbackend.strategies.core.market_structure[0m:[36mupdate[0m | [1mBOS fired: BEARISH | Broken level: 6003.546 | BOS count: 2 | Trend Confirmed: True[0m
[32m14:34:18[0m | [1mINFO    [0m | [36mbackend.strategies.core.market_structure[0m:[36mupdate[0m | [1mBOS fired: BEARISH | Broken level: 6003.546 | BOS count: 3 | Trend Confirmed: True[0m
[32m14:34:18[0m | [1mINFO    [0m | [36mbackend.strategies.core.market_structure[0m:[36mupdate[0m | [1mBOS fired: BEARISH | Broken level: 6003.546 | BOS count: 4 | Trend Confirmed: True[0m
[32m14:34:18[0m | [1mINFO    [0m | [36mbackend.strategies.core.market_structure[0m:[36mupdate[0m | [1mBOS fired: BEARISH | Broken level: 6003.546 | BOS count: 5 | Trend Confirmed: True[0m
[32m14:34:19[0m | [1mINFO    [0m | [36mbackend.strategies.core.market_structure[0m:[36mupdate[0m | [1mChoCH fired: BULLISH | Broken level: 6006.583 | BOS count: 1[0m
[32m14:34:19[0m | [1mINFO    [0m | [36mbackend.strategies.core.market_structure[0m:[36mupdate[0m | [1mBOS fired: BULLISH | Broken level: 6006.583 | BOS count: 2 | Trend Confirmed: True[0m
[32m14:34:19[0m | [1mINFO    [0m | [36mbackend.strategies.core.market_structure[0m:[36mupdate[0m | [1mBOS fired: BULLISH | Broken level: 6006.583 | BOS count: 3 | Trend Confirmed: True[0m
[32m14:34:19[0m | [1mINFO    [0m | [36mbackend.strategies.core.market_structure[0m:[36mupdate[0m | [1mBOS fired: BULLISH | Broken level: 6006.583 | BOS count: 4 | Trend Confirmed: True[0m
[32m14:34:19[0m | [1mINFO    [0m | [36mbackend.strategies.core.market_structure[0m:[36mupdate[0m | [1mChoCH fired: BEARISH | Broken level: 5994.515 | BOS count: 1[0m
[32m14:34:19[0m | [1mINFO    [0m | [36mbackend.strategies.core.market_structure[0m:[36mupdate[0m | [1mBOS fired: BEARISH | Broken level: 5992.542 | BOS count: 2 | Trend Confirmed: True[0m
[32m14:34:19[0m | [1mINFO    [0m | [36mbackend.strategies.core.market_structure[0m:[36mupdate[0m | [1mBOS fired: BEARISH | Broken level: 5992.542 | BOS count: 3 | Trend Confirmed: True[0m
[32m14:34:19[0m | [1mINFO    [0m | [36mbackend.strategies.core.market_structure[0m:[36mupdate[0m | [1mBOS fired: BEARISH | Broken level: 5992.542 | BOS count: 4 | Trend Confirmed: True[0m
[32m14:34:19[0m | [1mINFO    [0m | [36mbackend.strategies.core.market_structure[0m:[36mupdate[0m | [1mBOS fired: BEARISH | Broken level: 5992.542 | BOS count: 5 | Trend Confirmed: True[0m
[32m14:34:19[0m | [1mINFO    [0m | [36mbackend.strategies.core.market_structure[0m:[36mupdate[0m | [1mBOS fired: BEARISH | Broken level: 5992.542 | BOS count: 6 | Trend Confirmed: True[0m
[32m14:34:19[0m | [1mINFO    [0m | [36mbackend.strategies.core.market_structure[0m:[36mupdate[0m | [1mBOS fired: BEARISH | Broken level: 5992.542 | BOS count: 7 | Trend Confirmed: True[0m
[32m14:34:19[0m | [1mINFO    [0m | [36mbackend.strategies.core.market_structure[0m:[36mupdate[0m | [1mBOS fired: BEARISH | Broken level: 5992.542 | BOS count: 8 | Trend Confirmed: True[0m
[32m14:34:19[0m | [1mINFO    [0m | [36mbackend.strategies.core.market_structure[0m:[36mupdate[0m | [1mBOS fired: BEARISH | Broken level: 5992.542 | BOS count: 9 | Trend Confirmed: True[0m
[32m14:34:19[0m | [1mINFO    [0m | [36mbackend.strategies.core.market_structure[0m:[36mupdate[0m | [1mBOS fired: BEARISH | Broken level: 5992.542 | BOS count: 10 | Trend Confirmed: True[0m
[32m14:34:19[0m | [1mINFO    [0m | [36mbackend.strategies.core.market_structure[0m:[36mupdate[0m | [1mBOS fired: BEARISH | Broken level: 5975.495 | BOS count: 11 | Trend Confirmed: True[0m
[32m14:34:19[0m | [1mINFO    [0m | [36mbackend.strategies.core.market_structure[0m:[36mupdate[0m | [1mBOS fired: BEARISH | Broken level: 5975.495 | BOS count: 12 | Trend Confirmed: True[0m
[32m14:34:19[0m | [1mINFO    [0m | [36mbackend.strategies.core.market_structure[0m:[36mupdate[0m | [1mBOS fired: BEARISH | Broken level: 5975.495 | BOS count: 13 | Trend Confirmed: True[0m
[32m14:34:19[0m | [1mINFO    [0m | [36mbackend.strategies.core.market_structure[0m:[36mupdate[0m | [1mBOS fired: BEARISH | Broken level: 5975.495 | BOS count: 14 | Trend Confirmed: True[0m
[32m14:34:19[0m | [1mINFO    [0m | [36mbackend.strategies.core.market_structure[0m:[36mupdate[0m | [1mBOS fired: BEARISH | Broken level: 5975.495 | BOS count: 15 | Trend Confirmed: True[0m
[32m14:34:19[0m | [1mINFO    [0m | [36mbackend.strategies.core.market_structure[0m:[36mupdate[0m | [1mBOS fired: BEARISH | Broken level: 5975.495 | BOS count: 16 | Trend Confirmed: True[0m
[32m14:34:19[0m | [1mINFO    [0m | [36mbackend.strategies.core.market_structure[0m:[36mupdate[0m | [1mBOS fired: BEARISH | Broken level: 5975.495 | BOS count: 17 | Trend Confirmed: True[0m
[32m14:34:19[0m | [1mINFO    [0m | [36mbackend.strategies.core.market_structure[0m:[36mupdate[0m | [1mBOS fired: BEARISH | Broken level: 5975.495 | BOS count: 18 | Trend Confirmed: True[0m
[32m14:34:19[0m | [1mINFO    [0m | [36mbackend.strategies.core.market_structure[0m:[36mupdate[0m | [1mBOS fired: BEARISH | Broken level: 5975.495 | BOS count: 19 | Trend Confirmed: True[0m
[32m14:34:19[0m | [1mINFO    [0m | [36mbackend.strategies.core.market_structure[0m:[36mupdate[0m | [1mBOS fired: BEARISH | Broken level: 5959.853 | BOS count: 20 | Trend Confirmed: True[0m
[32m14:34:19[0m | [1mINFO    [0m | [36mbackend.strategies.core.market_structure[0m:[36mupdate[0m | [1mBOS fired: BEARISH | Broken level: 5959.853 | BOS count: 21 | Trend Confirmed: True[0m
[32m14:34:19[0m | [1mINFO    [0m | [36mbackend.strategies.core.market_structure[0m:[36mupdate[0m | [1mBOS fired: BEARISH | Broken level: 5959.853 | BOS count: 22 | Trend Confirmed: True[0m
[32m14:34:19[0m | [1mINFO    [0m | [36mbackend.strategies.core.market_structure[0m:[36mupdate[0m | [1mBOS fired: BEARISH | Broken level: 5959.853 | BOS count: 23 | Trend Confirmed: True[0m
[32m14:34:19[0m | [1mINFO    [0m | [36mbackend.strategies.core.market_structure[0m:[36mupdate[0m | [1mBOS fired: BEARISH | Broken level: 5959.853 | BOS count: 24 | Trend Confirmed: True[0m
[32m14:34:19[0m | [1mINFO    [0m | [36mbackend.strategies.core.market_structure[0m:[36mupdate[0m | [1mBOS fired: BEARISH | Broken level: 5959.853 | BOS count: 25 | Trend Confirmed: True[0m
[32m14:34:19[0m | [1mINFO    [0m | [36mbackend.strategies.core.market_structure[0m:[36mupdate[0m | [1mBOS fired: BEARISH | Broken level: 5959.853 | BOS count: 26 | Trend Confirmed: True[0m
[32m14:34:19[0m | [1mINFO    [0m | [36mbackend.strategies.core.market_structure[0m:[36mupdate[0m | [1mBOS fired: BEARISH | Broken level: 5959.853 | BOS count: 27 | Trend Confirmed: True[0m
[32m14:34:19[0m | [1mINFO    [0m | [36mbackend.strategies.core.market_structure[0m:[36mupdate[0m | [1mBOS fired: BEARISH | Broken level: 5959.853 | BOS count: 28 | Trend Confirmed: True[0m
[32m14:34:19[0m | [1mINFO    [0m | [36mbackend.strategies.core.market_structure[0m:[36mupdate[0m | [1mBOS fired: BEARISH | Broken level: 5959.853 | BOS count: 29 | Trend Confirmed: True[0m
[32m14:34:19[0m | [1mINFO    [0m | [36mbackend.strategies.core.market_structure[0m:[36mupdate[0m | [1mBOS fired: BEARISH | Broken level: 5930.532 | BOS count: 30 | Trend Confirmed: True[0m
[32m14:34:19[0m | [1mINFO    [0m | [36mbackend.strategies.core.market_structure[0m:[36mupdate[0m | [1mBOS fired: BEARISH | Broken level: 5930.532 | BOS count: 31 | Trend Confirmed: True[0m
[32m14:34:19[0m | [1mINFO    [0m | [36mbackend.strategies.core.market_structure[0m:[36mupdate[0m | [1mBOS fired: BEARISH | Broken level: 5930.532 | BOS count: 32 | Trend Confirmed: True[0m
[32m14:34:19[0m | [1mINFO    [0m | [36mbackend.strategies.core.market_structure[0m:[36mupdate[0m | [1mBOS fired: BEARISH | Broken level: 5930.532 | BOS count: 33 | Trend Confirmed: True[0m
[32m14:34:19[0m | [1mINFO    [0m | [36mbackend.strategies.core.market_structure[0m:[36mupdate[0m | [1mBOS fired: BEARISH | Broken level: 5930.532 | BOS count: 34 | Trend Confirmed: True[0m
[32m14:34:19[0m | [1mINFO    [0m | [36mbackend.strategies.core.market_structure[0m:[36mupdate[0m | [1mBOS fired: BEARISH | Broken level: 5924.338 | BOS count: 35 | Trend Confirmed: True[0m
[32m14:34:19[0m | [1mINFO    [0m | [36mbackend.strategies.core.market_structure[0m:[36mupdate[0m | [1mBOS fired: BEARISH | Broken level: 5924.338 | BOS count: 36 | Trend Confirmed: True[0m
[32m14:34:19[0m | [1mINFO    [0m | [36mbackend.strategies.core.market_structure[0m:[36mupdate[0m | [1mBOS fired: BEARISH | Broken level: 5924.338 | BOS count: 37 | Trend Confirmed: True[0m
[32m14:34:19[0m | [1mINFO    [0m | [36mbackend.strategies.core.market_structure[0m:[36mupdate[0m | [1mBOS fired: BEARISH | Broken level: 5924.338 | BOS count: 38 | Trend Confirmed: True[0m
[32m14:34:19[0m | [1mINFO    [0m | [36mbackend.strategies.core.market_structure[0m:[36mupdate[0m | [1mBOS fired: BEARISH | Broken level: 5924.338 | BOS count: 39 | Trend Confirmed: True[0m
[32m14:34:19[0m | [1mINFO    [0m | [36mbackend.strategies.core.market_structure[0m:[36mupdate[0m | [1mBOS fired: BEARISH | Broken level: 5924.338 | BOS count: 40 | Trend Confirmed: True[0m
[32m14:34:19[0m | [1mINFO    [0m | [36mbackend.strategies.core.market_structure[0m:[36mupdate[0m | [1mBOS fired: BEARISH | Broken level: 5918.937 | BOS count: 41 | Trend Confirmed: True[0m
[32m14:34:19[0m | [1mINFO    [0m | [36mbackend.strategies.core.market_structure[0m:[36mupdate[0m | [1mBOS fired: BEARISH | Broken level: 5918.937 | BOS count: 42 | Trend Confirmed: True[0m
[32m14:34:20[0m | [1mINFO    [0m | [36mbackend.strategies.core.market_structure[0m:[36mupdate[0m | [1mBOS fired: BEARISH | Broken level: 5915.635 | BOS count: 43 | Trend Confirmed: True[0m
[32m14:34:20[0m | [1mINFO    [0m | [36mbackend.strategies.core.market_structure[0m:[36mupdate[0m | [1mChoCH fired: BULLISH | Broken level: 5925.954 | BOS count: 1[0m
[32m14:34:20[0m | [1mINFO    [0m | [36mbackend.strategies.core.market_structure[0m:[36mupdate[0m | [1mBOS fired: BULLISH | Broken level: 5925.954 | BOS count: 2 | Trend Confirmed: True[0m
[32m14:34:20[0m | [1mINFO    [0m | [36mbackend.strategies.core.market_structure[0m:[36mupdate[0m | [1mBOS fired: BULLISH | Broken level: 5925.954 | BOS count: 3 | Trend Confirmed: True[0m
[32m14:34:20[0m | [1mINFO    [0m | [36mbackend.strategies.core.market_structure[0m:[36mupdate[0m | [1mChoCH fired: BEARISH | Broken level: 5918.535 | BOS count: 1[0m
[32m14:34:20[0m | [1mINFO    [0m | [36mbackend.strategies.core.market_structure[0m:[36mupdate[0m | [1mBOS fired: BEARISH | Broken level: 5918.535 | BOS count: 2 | Trend Confirmed: True[0m
[32m14:34:20[0m | [1mINFO    [0m | [36mbackend.strategies.core.market_structure[0m:[36mupdate[0m | [1mBOS fired: BEARISH | Broken level: 5918.535 | BOS count: 3 | Trend Confirmed: True[0m
[32m14:34:20[0m | [1mINFO    [0m | [36mbackend.strategies.core.market_structure[0m:[36mupdate[0m | [1mBOS fired: BEARISH | Broken level: 5918.535 | BOS count: 4 | Trend Confirmed: True[0m
[32m14:34:20[0m | [1mINFO    [0m | [36mbackend.strategies.core.market_structure[0m:[36mupdate[0m | [1mBOS fired: BEARISH | Broken level: 5918.535 | BOS count: 5 | Trend Confirmed: True[0m
[32m14:34:20[0m | [1mINFO    [0m | [36mbackend.strategies.core.market_structure[0m:[36mupdate[0m | [1mBOS fired: BEARISH | Broken level: 5918.535 | BOS count: 6 | Trend Confirmed: True[0m
[32m14:34:20[0m | [1mINFO    [0m | [36mbackend.strategies.core.market_structure[0m:[36mupdate[0m | [1mBOS fired: BEARISH | Broken level: 5918.535 | BOS count: 7 | Trend Confirmed: True[0m
[32m14:34:20[0m | [1mINFO    [0m | [36mbackend.strategies.core.market_structure[0m:[36mupdate[0m | [1mBOS fired: BEARISH | Broken level: 5918.535 | BOS count: 8 | Trend Confirmed: True[0m
[32m14:34:20[0m | [1mINFO    [0m | [36mbackend.strategies.core.market_structure[0m:[36mupdate[0m | [1mBOS fired: BEARISH | Broken level: 5918.535 | BOS count: 9 | Trend Confirmed: True[0m
[32m14:34:20[0m | [1mINFO    [0m | [36mbackend.strategies.core.market_structure[0m:[36mupdate[0m | [1mBOS fired: BEARISH | Broken level: 5918.535 | BOS count: 10 | Trend Confirmed: True[0m
[32m14:34:20[0m | [1mINFO    [0m | [36mbackend.strategies.core.market_structure[0m:[36mupdate[0m | [1mBOS fired: BEARISH | Broken level: 5918.535 | BOS count: 11 | Trend Confirmed: True[0m
[32m14:34:20[0m | [1mINFO    [0m | [36mbackend.strategies.core.market_structure[0m:[36mupdate[0m | [1mBOS fired: BEARISH | Broken level: 5880.541 | BOS count: 12 | Trend Confirmed: True[0m
[32m14:34:20[0m | [1mINFO    [0m | [36mbackend.strategies.core.market_structure[0m:[36mupdate[0m | [1mBOS fired: BEARISH | Broken level: 5880.541 | BOS count: 13 | Trend Confirmed: True[0m
[32m14:34:20[0m | [1mINFO    [0m | [36mbackend.strategies.core.market_structure[0m:[36mupdate[0m | [1mBOS fired: BEARISH | Broken level: 5880.541 | BOS count: 14 | Trend Confirmed: True[0m
[32m14:34:20[0m | [1mINFO    [0m | [36mbackend.strategies.core.market_structure[0m:[36mupdate[0m | [1mBOS fired: BEARISH | Broken level: 5876.473 | BOS count: 15 | Trend Confirmed: True[0m
[32m14:34:20[0m | [1mINFO    [0m | [36mbackend.strategies.core.market_structure[0m:[36mupdate[0m | [1mChoCH fired: BULLISH | Broken level: 5891.882 | BOS count: 1[0m
[32m14:34:20[0m | [1mINFO    [0m | [36mbackend.strategies.core.market_structure[0m:[36mupdate[0m | [1mBOS fired: BULLISH | Broken level: 5891.882 | BOS count: 2 | Trend Confirmed: True[0m
[32m14:34:20[0m | [1mINFO    [0m | [36mbackend.strategies.core.market_structure[0m:[36mupdate[0m | [1mBOS fired: BULLISH | Broken level: 5891.882 | BOS count: 3 | Trend Confirmed: True[0m
[32m14:34:20[0m | [1mINFO    [0m | [36mbackend.strategies.core.market_structure[0m:[36mupdate[0m | [1mBOS fired: BULLISH | Broken level: 5891.882 | BOS count: 4 | Trend Confirmed: True[0m
[32m14:34:20[0m | [1mINFO    [0m | [36mbackend.strategies.core.market_structure[0m:[36mupdate[0m | [1mBOS fired: BULLISH | Broken level: 5891.882 | BOS count: 5 | Trend Confirmed: True[0m
[32m14:34:20[0m | [1mINFO    [0m | [36mbackend.strategies.core.market_structure[0m:[36mupdate[0m | [1mBOS fired: BULLISH | Broken level: 5891.882 | BOS count: 6 | Trend Confirmed: True[0m
[32m14:34:20[0m | [1mINFO    [0m | [36mbackend.strategies.core.market_structure[0m:[36mupdate[0m | [1mBOS fired: BULLISH | Broken level: 5891.882 | BOS count: 7 | Trend Confirmed: True[0m
[32m14:34:20[0m | [1mINFO    [0m | [36mbackend.strategies.core.market_structure[0m:[36mupdate[0m | [1mBOS fired: BULLISH | Broken level: 5891.882 | BOS count: 8 | Trend Confirmed: True[0m
[32m14:34:20[0m | [1mINFO    [0m | [36mbackend.strategies.core.market_structure[0m:[36mupdate[0m | [1mBOS fired: BULLISH | Broken level: 5891.882 | BOS count: 9 | Trend Confirmed: True[0m
[32m14:34:20[0m | [1mINFO    [0m | [36mbackend.strategies.core.market_structure[0m:[36mupdate[0m | [1mBOS fired: BULLISH | Broken level: 5891.882 | BOS count: 10 | Trend Confirmed: True[0m
[32m14:34:20[0m | [1mINFO    [0m | [36mbackend.strategies.core.market_structure[0m:[36mupdate[0m | [1mBOS fired: BULLISH | Broken level: 5891.882 | BOS count: 11 | Trend Confirmed: True[0m
[32m14:34:21[0m | [1mINFO    [0m | [36mbackend.strategies.core.market_structure[0m:[36mupdate[0m | [1mBOS fired: BULLISH | Broken level: 5958.071 | BOS count: 12 | Trend Confirmed: True[0m
[32m14:34:21[0m | [1mINFO    [0m | [36mbackend.strategies.core.market_structure[0m:[36mupdate[0m | [1mBOS fired: BULLISH | Broken level: 5958.071 | BOS count: 13 | Trend Confirmed: True[0m
[32m14:34:21[0m | [1mINFO    [0m | [36mbackend.strategies.core.market_structure[0m:[36mupdate[0m | [1mBOS fired: BULLISH | Broken level: 5958.071 | BOS count: 14 | Trend Confirmed: True[0m
[32m14:34:21[0m | [1mINFO    [0m | [36mbackend.strategies.core.market_structure[0m:[36mupdate[0m | [1mBOS fired: BULLISH | Broken level: 5958.071 | BOS count: 15 | Trend Confirmed: True[0m
[32m14:34:21[0m | [1mINFO    [0m | [36mbackend.strategies.core.market_structure[0m:[36mupdate[0m | [1mBOS fired: BULLISH | Broken level: 5958.071 | BOS count: 16 | Trend Confirmed: True[0m
[32m14:34:21[0m | [1mINFO    [0m | [36mbackend.strategies.core.market_structure[0m:[36mupdate[0m | [1mBOS fired: BULLISH | Broken level: 5958.071 | BOS count: 17 | Trend Confirmed: True[0m
[32m14:34:21[0m | [1mINFO    [0m | [36mbackend.strategies.core.market_structure[0m:[36mupdate[0m | [1mBOS fired: BULLISH | Broken level: 5958.071 | BOS count: 18 | Trend Confirmed: True[0m
[32m14:34:21[0m | [1mINFO    [0m | [36mbackend.strategies.core.market_structure[0m:[36mupdate[0m | [1mBOS fired: BULLISH | Broken level: 5958.071 | BOS count: 19 | Trend Confirmed: True[0m
[32m14:34:21[0m | [1mINFO    [0m | [36mbackend.strategies.core.market_structure[0m:[36mupdate[0m | [1mBOS fired: BULLISH | Broken level: 5958.071 | BOS count: 20 | Trend Confirmed: True[0m
[32m14:34:21[0m | [1mINFO    [0m | [36mbackend.strategies.core.market_structure[0m:[36mupdate[0m | [1mBOS fired: BULLISH | Broken level: 5958.071 | BOS count: 21 | Trend Confirmed: True[0m
[32m14:34:21[0m | [1mINFO    [0m | [36mbackend.strategies.core.market_structure[0m:[36mupdate[0m | [1mBOS fired: BULLISH | Broken level: 5958.071 | BOS count: 22 | Trend Confirmed: True[0m
[32m14:34:21[0m | [1mINFO    [0m | [36mbackend.strategies.core.market_structure[0m:[36mupdate[0m | [1mBOS fired: BULLISH | Broken level: 5958.071 | BOS count: 23 | Trend Confirmed: True[0m
[32m14:34:21[0m | [1mINFO    [0m | [36mbackend.strategies.core.market_structure[0m:[36mupdate[0m | [1mBOS fired: BULLISH | Broken level: 5958.071 | BOS count: 24 | Trend Confirmed: True[0m
[32m14:34:21[0m | [1mINFO    [0m | [36mbackend.strategies.core.market_structure[0m:[36mupdate[0m | [1mBOS fired: BULLISH | Broken level: 5962.028 | BOS count: 25 | Trend Confirmed: True[0m
[32m14:34:21[0m | [1mINFO    [0m | [36mbackend.strategies.core.market_structure[0m:[36mupdate[0m | [1mBOS fired: BULLISH | Broken level: 5962.028 | BOS count: 26 | Trend Confirmed: True[0m
[32m14:34:21[0m | [1mINFO    [0m | [36mbackend.strategies.core.market_structure[0m:[36mupdate[0m | [1mBOS fired: BULLISH | Broken level: 5962.028 | BOS count: 27 | Trend Confirmed: True[0m
[32m14:34:21[0m | [1mINFO    [0m | [36mbackend.strategies.core.market_structure[0m:[36mupdate[0m | [1mBOS fired: BULLISH | Broken level: 5962.028 | BOS count: 28 | Trend Confirmed: True[0m
[32m14:34:21[0m | [1mINFO    [0m | [36mbackend.strategies.core.market_structure[0m:[36mupdate[0m | [1mBOS fired: BULLISH | Broken level: 5962.028 | BOS count: 29 | Trend Confirmed: True[0m
[32m14:34:21[0m | [1mINFO    [0m | [36mbackend.strategies.core.market_structure[0m:[36mupdate[0m | [1mBOS fired: BULLISH | Broken level: 5962.028 | BOS count: 30 | Trend Confirmed: True[0m
[32m14:34:21[0m | [1mINFO    [0m | [36mbackend.strategies.core.market_structure[0m:[36mupdate[0m | [1mBOS fired: BULLISH | Broken level: 5962.028 | BOS count: 31 | Trend Confirmed: True[0m
[32m14:34:21[0m | [1mINFO    [0m | [36mbackend.strategies.core.market_structure[0m:[36mupdate[0m | [1mBOS fired: BULLISH | Broken level: 5962.028 | BOS count: 32 | Trend Confirmed: True[0m
[32m14:34:21[0m | [1mINFO    [0m | [36mbackend.strategies.core.market_structure[0m:[36mupdate[0m | [1mBOS fired: BULLISH | Broken level: 5962.028 | BOS count: 33 | Trend Confirmed: True[0m
[32m14:34:21[0m | [1mINFO    [0m | [36mbackend.strategies.core.market_structure[0m:[36mupdate[0m | [1mBOS fired: BULLISH | Broken level: 5962.028 | BOS count: 34 | Trend Confirmed: True[0m
[32m14:34:21[0m | [1mINFO    [0m | [36mbackend.strategies.core.market_structure[0m:[36mupdate[0m | [1mBOS fired: BULLISH | Broken level: 5962.028 | BOS count: 35 | Trend Confirmed: True[0m
[32m14:34:21[0m | [1mINFO    [0m | [36mbackend.strategies.core.market_structure[0m:[36mupdate[0m | [1mBOS fired: BULLISH | Broken level: 5962.028 | BOS count: 36 | Trend Confirmed: True[0m
[32m14:34:23[0m | [1mINFO    [0m | [36mbackend.strategies.core.market_structure[0m:[36mupdate[0m | [1mChoCH fired: BEARISH | Broken level: 6009.927 | BOS count: 1[0m
[32m14:34:23[0m | [1mINFO    [0m | [36mbackend.strategies.core.market_structure[0m:[36mupdate[0m | [1mBOS fired: BEARISH | Broken level: 6009.927 | BOS count: 2 | Trend Confirmed: True[0m
[32m14:34:23[0m | [1mINFO    [0m | [36mbackend.strategies.core.market_structure[0m:[36mupdate[0m | [1mBOS fired: BEARISH | Broken level: 6009.927 | BOS count: 3 | Trend Confirmed: True[0m
[32m14:34:23[0m | [1mINFO    [0m | [36mbackend.strategies.core.market_structure[0m:[36mupdate[0m | [1mChoCH fired: BULLISH | Broken level: 6019.03 | BOS count: 1[0m
[32m14:34:23[0m | [1mINFO    [0m | [36mbackend.strategies.core.market_structure[0m:[36mupdate[0m | [1mBOS fired: BULLISH | Broken level: 6019.03 | BOS count: 2 | Trend Confirmed: True[0m
[32m14:34:23[0m | [1mINFO    [0m | [36mbackend.strategies.core.market_structure[0m:[36mupdate[0m | [1mBOS fired: BULLISH | Broken level: 6019.03 | BOS count: 3 | Trend Confirmed: True[0m
[32m14:34:23[0m | [1mINFO    [0m | [36mbackend.strategies.core.market_structure[0m:[36mupdate[0m | [1mBOS fired: BULLISH | Broken level: 6019.03 | BOS count: 4 | Trend Confirmed: True[0m
[32m14:34:23[0m | [1mINFO    [0m | [36mbackend.strategies.core.market_structure[0m:[36mupdate[0m | [1mBOS fired: BULLISH | Broken level: 6019.03 | BOS count: 5 | Trend Confirmed: True[0m
[32m14:34:24[0m | [1mINFO    [0m | [36mbackend.strategies.core.market_structure[0m:[36mupdate[0m | [1mChoCH fired: BEARISH | Broken level: 5960.14 | BOS count: 1[0m
[32m14:34:24[0m | [1mINFO    [0m | [36mbackend.strategies.core.market_structure[0m:[36mupdate[0m | [1mBOS fired: BEARISH | Broken level: 5960.14 | BOS count: 2 | Trend Confirmed: True[0m
[32m14:34:24[0m | [1mINFO    [0m | [36mbackend.strategies.core.market_structure[0m:[36mupdate[0m | [1mBOS fired: BEARISH | Broken level: 5960.14 | BOS count: 3 | Trend Confirmed: True[0m
[32m14:34:24[0m | [1mINFO    [0m | [36mbackend.strategies.core.market_structure[0m:[36mupdate[0m | [1mBOS fired: BEARISH | Broken level: 5960.14 | BOS count: 4 | Trend Confirmed: True[0m
[32m14:34:24[0m | [1mINFO    [0m | [36mbackend.strategies.core.market_structure[0m:[36mupdate[0m | [1mBOS fired: BEARISH | Broken level: 5931.147 | BOS count: 5 | Trend Confirmed: True[0m
[32m14:34:24[0m | [1mINFO    [0m | [36mbackend.strategies.core.market_structure[0m:[36mupdate[0m | [1mBOS fired: BEARISH | Broken level: 5931.147 | BOS count: 6 | Trend Confirmed: True[0m
[32m14:34:24[0m | [1mINFO    [0m | [36mbackend.strategies.core.market_structure[0m:[36mupdate[0m | [1mBOS fired: BEARISH | Broken level: 5931.147 | BOS count: 7 | Trend Confirmed: True[0m
[32m14:34:24[0m | [1mINFO    [0m | [36mbackend.strategies.core.market_structure[0m:[36mupdate[0m | [1mBOS fired: BEARISH | Broken level: 5931.147 | BOS count: 8 | Trend Confirmed: True[0m
[32m14:34:24[0m | [1mINFO    [0m | [36mbackend.strategies.core.market_structure[0m:[36mupdate[0m | [1mBOS fired: BEARISH | Broken level: 5931.147 | BOS count: 9 | Trend Confirmed: True[0m
[32m14:34:24[0m | [1mINFO    [0m | [36mbackend.strategies.core.market_structure[0m:[36mupdate[0m | [1mBOS fired: BEARISH | Broken level: 5931.147 | BOS count: 10 | Trend Confirmed: True[0m
[32m14:34:24[0m | [1mINFO    [0m | [36mbackend.strategies.core.market_structure[0m:[36mupdate[0m | [1mBOS fired: BEARISH | Broken level: 5931.147 | BOS count: 11 | Trend Confirmed: True[0m
[32m14:34:24[0m | [1mINFO    [0m | [36mbackend.strategies.core.market_structure[0m:[36mupdate[0m | [1mBOS fired: BEARISH | Broken level: 5931.147 | BOS count: 12 | Trend Confirmed: True[0m
[32m14:34:24[0m | [1mINFO    [0m | [36mbackend.strategies.core.market_structure[0m:[36mupdate[0m | [1mBOS fired: BEARISH | Broken level: 5931.147 | BOS count: 13 | Trend Confirmed: True[0m
[32m14:34:24[0m | [1mINFO    [0m | [36mbackend.strategies.core.market_structure[0m:[36mupdate[0m | [1mBOS fired: BEARISH | Broken level: 5931.147 | BOS count: 14 | Trend Confirmed: True[0m
[32m14:34:24[0m | [1mINFO    [0m | [36mbackend.strategies.core.market_structure[0m:[36mupdate[0m | [1mBOS fired: BEARISH | Broken level: 5931.147 | BOS count: 15 | Trend Confirmed: True[0m
[32m14:34:24[0m | [1mINFO    [0m | [36mbackend.strategies.core.market_structure[0m:[36mupdate[0m | [1mBOS fired: BEARISH | Broken level: 5931.147 | BOS count: 16 | Trend Confirmed: True[0m
[32m14:34:24[0m | [1mINFO    [0m | [36mbackend.strategies.core.market_structure[0m:[36mupdate[0m | [1mBOS fired: BEARISH | Broken level: 5931.147 | BOS count: 17 | Trend Confirmed: True[0m
[32m14:34:24[0m | [1mINFO    [0m | [36mbackend.strategies.core.market_structure[0m:[36mupdate[0m | [1mBOS fired: BEARISH | Broken level: 5931.147 | BOS count: 18 | Trend Confirmed: True[0m
[32m14:34:24[0m | [1mINFO    [0m | [36mbackend.strategies.core.market_structure[0m:[36mupdate[0m | [1mBOS fired: BEARISH | Broken level: 5931.147 | BOS count: 19 | Trend Confirmed: True[0m
[32m14:34:25[0m | [1mINFO    [0m | [36mbackend.strategies.core.market_structure[0m:[36mupdate[0m | [1mBOS fired: BEARISH | Broken level: 5881.093 | BOS count: 20 | Trend Confirmed: True[0m
[32m14:34:25[0m | [1mINFO    [0m | [36mbackend.strategies.core.market_structure[0m:[36mupdate[0m | [1mBOS fired: BEARISH | Broken level: 5881.093 | BOS count: 21 | Trend Confirmed: True[0m
[32m14:34:25[0m | [1mINFO    [0m | [36mbackend.strategies.core.market_structure[0m:[36mupdate[0m | [1mBOS fired: BEARISH | Broken level: 5881.093 | BOS count: 22 | Trend Confirmed: True[0m
[32m14:34:25[0m | [1mINFO    [0m | [36mbackend.strategies.core.market_structure[0m:[36mupdate[0m | [1mBOS fired: BEARISH | Broken level: 5881.093 | BOS count: 23 | Trend Confirmed: True[0m
[32m14:34:25[0m | [1mINFO    [0m | [36mbackend.strategies.core.market_structure[0m:[36mupdate[0m | [1mBOS fired: BEARISH | Broken level: 5881.093 | BOS count: 24 | Trend Confirmed: True[0m
[32m14:34:25[0m | [1mINFO    [0m | [36mbackend.strategies.core.market_structure[0m:[36mupdate[0m | [1mChoCH fired: BULLISH | Broken level: 5903.313 | BOS count: 1[0m
[32m14:34:25[0m | [1mINFO    [0m | [36mbackend.strategies.core.market_structure[0m:[36mupdate[0m | [1mBOS fired: BULLISH | Broken level: 5903.313 | BOS count: 2 | Trend Confirmed: True[0m
[32m14:34:25[0m | [1mINFO    [0m | [36mbackend.strategies.core.market_structure[0m:[36mupdate[0m | [1mBOS fired: BULLISH | Broken level: 5903.313 | BOS count: 3 | Trend Confirmed: True[0m
[32m14:34:25[0m | [1mINFO    [0m | [36mbackend.strategies.core.market_structure[0m:[36mupdate[0m | [1mBOS fired: BULLISH | Broken level: 5903.313 | BOS count: 4 | Trend Confirmed: True[0m
[32m14:34:25[0m | [1mINFO    [0m | [36mbackend.strategies.core.market_structure[0m:[36mupdate[0m | [1mChoCH fired: BEARISH | Broken level: 5882.655 | BOS count: 1[0m
[32m14:34:25[0m | [1mINFO    [0m | [36mbackend.strategies.core.market_structure[0m:[36mupdate[0m | [1mBOS fired: BEARISH | Broken level: 5882.655 | BOS count: 2 | Trend Confirmed: True[0m
[32m14:34:25[0m | [1mINFO    [0m | [36mbackend.strategies.core.market_structure[0m:[36mupdate[0m | [1mBOS fired: BEARISH | Broken level: 5882.655 | BOS count: 3 | Trend Confirmed: True[0m
[32m14:34:25[0m | [1mINFO    [0m | [36mbackend.strategies.core.market_structure[0m:[36mupdate[0m | [1mBOS fired: BEARISH | Broken level: 5882.655 | BOS count: 4 | Trend Confirmed: True[0m
[32m14:34:25[0m | [1mINFO    [0m | [36mbackend.strategies.core.market_structure[0m:[36mupdate[0m | [1mBOS fired: BEARISH | Broken level: 5882.655 | BOS count: 5 | Trend Confirmed: True[0m
[32m14:34:25[0m | [1mINFO    [0m | [36mbackend.strategies.core.market_structure[0m:[36mupdate[0m | [1mBOS fired: BEARISH | Broken level: 5882.655 | BOS count: 6 | Trend Confirmed: True[0m
[32m14:34:25[0m | [1mINFO    [0m | [36mbackend.strategies.core.market_structure[0m:[36mupdate[0m | [1mBOS fired: BEARISH | Broken level: 5882.655 | BOS count: 7 | Trend Confirmed: True[0m
[32m14:34:25[0m | [1mINFO    [0m | [36mbackend.strategies.core.market_structure[0m:[36mupdate[0m | [1mBOS fired: BEARISH | Broken level: 5882.655 | BOS count: 8 | Trend Confirmed: True[0m
[32m14:34:25[0m | [1mINFO    [0m | [36mbackend.strategies.core.market_structure[0m:[36mupdate[0m | [1mBOS fired: BEARISH | Broken level: 5882.655 | BOS count: 9 | Trend Confirmed: True[0m
[32m14:34:25[0m | [1mINFO    [0m | [36mbackend.strategies.core.market_structure[0m:[36mupdate[0m | [1mBOS fired: BEARISH | Broken level: 5885.092 | BOS count: 10 | Trend Confirmed: True[0m
[32m14:34:25[0m | [1mINFO    [0m | [36mbackend.strategies.core.market_structure[0m:[36mupdate[0m | [1mBOS fired: BEARISH | Broken level: 5885.092 | BOS count: 11 | Trend Confirmed: True[0m
[32m14:34:25[0m | [1mINFO    [0m | [36mbackend.strategies.core.market_structure[0m:[36mupdate[0m | [1mBOS fired: BEARISH | Broken level: 5885.092 | BOS count: 12 | Trend Confirmed: True[0m
[32m14:34:25[0m | [1mINFO    [0m | [36mbackend.strategies.core.market_structure[0m:[36mupdate[0m | [1mBOS fired: BEARISH | Broken level: 5885.092 | BOS count: 13 | Trend Confirmed: True[0m
[32m14:34:25[0m | [1mINFO    [0m | [36mbackend.strategies.core.market_structure[0m:[36mupdate[0m | [1mBOS fired: BEARISH | Broken level: 5885.092 | BOS count: 14 | Trend Confirmed: True[0m
[32m14:34:25[0m | [1mINFO    [0m | [36mbackend.strategies.core.market_structure[0m:[36mupdate[0m | [1mBOS fired: BEARISH | Broken level: 5893.819 | BOS count: 15 | Trend Confirmed: True[0m
[32m14:34:25[0m | [1mINFO    [0m | [36mbackend.strategies.core.market_structure[0m:[36mupdate[0m | [1mBOS fired: BEARISH | Broken level: 5893.819 | BOS count: 16 | Trend Confirmed: True[0m
[32m14:34:25[0m | [1mINFO    [0m | [36mbackend.strategies.core.market_structure[0m:[36mupdate[0m | [1mBOS fired: BEARISH | Broken level: 5893.819 | BOS count: 17 | Trend Confirmed: True[0m
[32m14:34:25[0m | [1mINFO    [0m | [36mbackend.strategies.core.market_structure[0m:[36mupdate[0m | [1mBOS fired: BEARISH | Broken level: 5893.819 | BOS count: 18 | Trend Confirmed: True[0m
[32m14:34:25[0m | [1mINFO    [0m | [36mbackend.strategies.core.market_structure[0m:[36mupdate[0m | [1mBOS fired: BEARISH | Broken level: 5893.819 | BOS count: 19 | Trend Confirmed: True[0m
[32m14:34:25[0m | [1mINFO    [0m | [36mbackend.strategies.core.market_structure[0m:[36mupdate[0m | [1mBOS fired: BEARISH | Broken level: 5893.819 | BOS count: 20 | Trend Confirmed: True[0m
[32m14:34:26[0m | [1mINFO    [0m | [36mbackend.strategies.core.market_structure[0m:[36mupdate[0m | [1mBOS fired: BEARISH | Broken level: 5893.819 | BOS count: 21 | Trend Confirmed: True[0m
[32m14:34:26[0m | [1mINFO    [0m | [36mbackend.strategies.core.market_structure[0m:[36mupdate[0m | [1mBOS fired: BEARISH | Broken level: 5893.819 | BOS count: 22 | Trend Confirmed: True[0m
[32m14:34:26[0m | [1mINFO    [0m | [36mbackend.strategies.core.market_structure[0m:[36mupdate[0m | [1mBOS fired: BEARISH | Broken level: 5893.819 | BOS count: 23 | Trend Confirmed: True[0m
[32m14:34:26[0m | [1mINFO    [0m | [36mbackend.strategies.core.market_structure[0m:[36mupdate[0m | [1mBOS fired: BEARISH | Broken level: 5893.819 | BOS count: 24 | Trend Confirmed: True[0m
[32m14:34:26[0m | [1mINFO    [0m | [36mbackend.strategies.core.market_structure[0m:[36mupdate[0m | [1mBOS fired: BEARISH | Broken level: 5855.175 | BOS count: 25 | Trend Confirmed: True[0m
[32m14:34:26[0m | [1mINFO    [0m | [36mbackend.strategies.core.market_structure[0m:[36mupdate[0m | [1mBOS fired: BEARISH | Broken level: 5855.175 | BOS count: 26 | Trend Confirmed: True[0m
[32m14:34:26[0m | [1mINFO    [0m | [36mbackend.strategies.core.market_structure[0m:[36mupdate[0m | [1mBOS fired: BEARISH | Broken level: 5855.175 | BOS count: 27 | Trend Confirmed: True[0m
[32m14:34:26[0m | [1mINFO    [0m | [36mbackend.strategies.core.market_structure[0m:[36mupdate[0m | [1mBOS fired: BEARISH | Broken level: 5855.175 | BOS count: 28 | Trend Confirmed: True[0m
[32m14:34:26[0m | [1mINFO    [0m | [36mbackend.strategies.core.market_structure[0m:[36mupdate[0m | [1mBOS fired: BEARISH | Broken level: 5855.175 | BOS count: 29 | Trend Confirmed: True[0m
[32m14:34:26[0m | [1mINFO    [0m | [36mbackend.strategies.core.market_structure[0m:[36mupdate[0m | [1mBOS fired: BEARISH | Broken level: 5855.175 | BOS count: 30 | Trend Confirmed: True[0m
[32m14:34:26[0m | [1mINFO    [0m | [36mbackend.strategies.core.market_structure[0m:[36mupdate[0m | [1mBOS fired: BEARISH | Broken level: 5855.175 | BOS count: 31 | Trend Confirmed: True[0m
[32m14:34:26[0m | [1mINFO    [0m | [36mbackend.strategies.core.market_structure[0m:[36mupdate[0m | [1mBOS fired: BEARISH | Broken level: 5879.121 | BOS count: 32 | Trend Confirmed: True[0m
[32m14:34:26[0m | [1mINFO    [0m | [36mbackend.strategies.core.market_structure[0m:[36mupdate[0m | [1mBOS fired: BEARISH | Broken level: 5879.121 | BOS count: 33 | Trend Confirmed: True[0m
[32m14:34:26[0m | [1mINFO    [0m | [36mbackend.strategies.core.market_structure[0m:[36mupdate[0m | [1mBOS fired: BEARISH | Broken level: 5879.121 | BOS count: 34 | Trend Confirmed: True[0m
[32m14:34:26[0m | [1mINFO    [0m | [36mbackend.strategies.core.market_structure[0m:[36mupdate[0m | [1mBOS fired: BEARISH | Broken level: 5879.121 | BOS count: 35 | Trend Confirmed: True[0m
[32m14:34:26[0m | [1mINFO    [0m | [36mbackend.strategies.core.market_structure[0m:[36mupdate[0m | [1mBOS fired: BEARISH | Broken level: 5879.121 | BOS count: 36 | Trend Confirmed: True[0m
[32m14:34:26[0m | [1mINFO    [0m | [36mbackend.strategies.core.market_structure[0m:[36mupdate[0m | [1mBOS fired: BEARISH | Broken level: 5851.797 | BOS count: 37 | Trend Confirmed: True[0m
[32m14:34:26[0m | [1mINFO    [0m | [36mbackend.strategies.core.market_structure[0m:[36mupdate[0m | [1mChoCH fired: BULLISH | Broken level: 5859.29 | BOS count: 1[0m
[32m14:34:26[0m | [1mINFO    [0m | [36mbackend.strategies.core.market_structure[0m:[36mupdate[0m | [1mBOS fired: BULLISH | Broken level: 5859.29 | BOS count: 2 | Trend Confirmed: True[0m
[32m14:34:26[0m | [1mINFO    [0m | [36mbackend.strategies.core.market_structure[0m:[36mupdate[0m | [1mBOS fired: BULLISH | Broken level: 5859.29 | BOS count: 3 | Trend Confirmed: True[0m
[32m14:34:26[0m | [1mINFO    [0m | [36mbackend.strategies.core.market_structure[0m:[36mupdate[0m | [1mBOS fired: BULLISH | Broken level: 5859.29 | BOS count: 4 | Trend Confirmed: True[0m
[32m14:34:26[0m | [1mINFO    [0m | [36mbackend.strategies.core.market_structure[0m:[36mupdate[0m | [1mBOS fired: BULLISH | Broken level: 5859.29 | BOS count: 5 | Trend Confirmed: True[0m
[32m14:34:26[0m | [1mINFO    [0m | [36mbackend.strategies.core.market_structure[0m:[36mupdate[0m | [1mBOS fired: BULLISH | Broken level: 5859.29 | BOS count: 6 | Trend Confirmed: True[0m
[32m14:34:26[0m | [1mINFO    [0m | [36mbackend.strategies.core.market_structure[0m:[36mupdate[0m | [1mBOS fired: BULLISH | Broken level: 5859.29 | BOS count: 7 | Trend Confirmed: True[0m
[32m14:34:26[0m | [1mINFO    [0m | [36mbackend.strategies.core.market_structure[0m:[36mupdate[0m | [1mBOS fired: BULLISH | Broken level: 5859.29 | BOS count: 8 | Trend Confirmed: True[0m
[32m14:34:26[0m | [1mINFO    [0m | [36mbackend.strategies.core.market_structure[0m:[36mupdate[0m | [1mBOS fired: BULLISH | Broken level: 5859.29 | BOS count: 9 | Trend Confirmed: True[0m
[32m14:34:26[0m | [1mINFO    [0m | [36mbackend.strategies.core.market_structure[0m:[36mupdate[0m | [1mBOS fired: BULLISH | Broken level: 5859.29 | BOS count: 10 | Trend Confirmed: True[0m
[32m14:34:26[0m | [1mINFO    [0m | [36mbackend.strategies.core.market_structure[0m:[36mupdate[0m | [1mBOS fired: BULLISH | Broken level: 5859.29 | BOS count: 11 | Trend Confirmed: True[0m
[32m14:34:27[0m | [1mINFO    [0m | [36mbackend.strategies.core.market_structure[0m:[36mupdate[0m | [1mBOS fired: BULLISH | Broken level: 5869.545 | BOS count: 12 | Trend Confirmed: True[0m
[32m14:34:27[0m | [1mINFO    [0m | [36mbackend.strategies.core.market_structure[0m:[36mupdate[0m | [1mBOS fired: BULLISH | Broken level: 5869.545 | BOS count: 13 | Trend Confirmed: True[0m
[32m14:34:27[0m | [1mINFO    [0m | [36mbackend.strategies.core.market_structure[0m:[36mupdate[0m | [1mBOS fired: BULLISH | Broken level: 5869.545 | BOS count: 14 | Trend Confirmed: True[0m
[32m14:34:27[0m | [1mINFO    [0m | [36mbackend.strategies.core.market_structure[0m:[36mupdate[0m | [1mBOS fired: BULLISH | Broken level: 5869.545 | BOS count: 15 | Trend Confirmed: True[0m
[32m14:34:27[0m | [1mINFO    [0m | [36mbackend.strategies.core.market_structure[0m:[36mupdate[0m | [1mBOS fired: BULLISH | Broken level: 5869.545 | BOS count: 16 | Trend Confirmed: True[0m
[32m14:34:27[0m | [1mINFO    [0m | [36mbackend.strategies.core.market_structure[0m:[36mupdate[0m | [1mBOS fired: BULLISH | Broken level: 5869.545 | BOS count: 17 | Trend Confirmed: True[0m
[32m14:34:27[0m | [1mINFO    [0m | [36mbackend.strategies.core.market_structure[0m:[36mupdate[0m | [1mBOS fired: BULLISH | Broken level: 5869.545 | BOS count: 18 | Trend Confirmed: True[0m
[32m14:34:27[0m | [1mINFO    [0m | [36mbackend.strategies.core.market_structure[0m:[36mupdate[0m | [1mBOS fired: BULLISH | Broken level: 5869.545 | BOS count: 19 | Trend Confirmed: True[0m
[32m14:34:27[0m | [1mINFO    [0m | [36mbackend.strategies.core.market_structure[0m:[36mupdate[0m | [1mBOS fired: BULLISH | Broken level: 5869.545 | BOS count: 20 | Trend Confirmed: True[0m
[32m14:34:27[0m | [1mINFO    [0m | [36mbackend.strategies.core.market_structure[0m:[36mupdate[0m | [1mBOS fired: BULLISH | Broken level: 5869.545 | BOS count: 21 | Trend Confirmed: True[0m
[32m14:34:27[0m | [1mINFO    [0m | [36mbackend.strategies.core.market_structure[0m:[36mupdate[0m | [1mBOS fired: BULLISH | Broken level: 5869.545 | BOS count: 22 | Trend Confirmed: True[0m
[32m14:34:27[0m | [1mINFO    [0m | [36mbackend.strategies.core.market_structure[0m:[36mupdate[0m | [1mBOS fired: BULLISH | Broken level: 5869.545 | BOS count: 23 | Trend Confirmed: True[0m
[32m14:34:27[0m | [1mINFO    [0m | [36mbackend.strategies.core.market_structure[0m:[36mupdate[0m | [1mBOS fired: BULLISH | Broken level: 5869.545 | BOS count: 24 | Trend Confirmed: True[0m
[32m14:34:27[0m | [1mINFO    [0m | [36mbackend.strategies.core.market_structure[0m:[36mupdate[0m | [1mBOS fired: BULLISH | Broken level: 5869.545 | BOS count: 25 | Trend Confirmed: True[0m
[32m14:34:27[0m | [1mINFO    [0m | [36mbackend.strategies.core.market_structure[0m:[36mupdate[0m | [1mBOS fired: BULLISH | Broken level: 5869.545 | BOS count: 26 | Trend Confirmed: True[0m
[32m14:34:27[0m | [1mINFO    [0m | [36mbackend.strategies.core.market_structure[0m:[36mupdate[0m | [1mBOS fired: BULLISH | Broken level: 5875.01 | BOS count: 27 | Trend Confirmed: True[0m
[32m14:34:27[0m | [1mINFO    [0m | [36mbackend.strategies.core.market_structure[0m:[36mupdate[0m | [1mBOS fired: BULLISH | Broken level: 5875.01 | BOS count: 28 | Trend Confirmed: True[0m
[32m14:34:27[0m | [1mINFO    [0m | [36mbackend.strategies.core.market_structure[0m:[36mupdate[0m | [1mBOS fired: BULLISH | Broken level: 5875.01 | BOS count: 29 | Trend Confirmed: True[0m
[32m14:34:27[0m | [1mINFO    [0m | [36mbackend.strategies.core.market_structure[0m:[36mupdate[0m | [1mBOS fired: BULLISH | Broken level: 5875.01 | BOS count: 30 | Trend Confirmed: True[0m
[32m14:34:27[0m | [1mINFO    [0m | [36mbackend.strategies.core.market_structure[0m:[36mupdate[0m | [1mBOS fired: BULLISH | Broken level: 5875.01 | BOS count: 31 | Trend Confirmed: True[0m
[32m14:34:27[0m | [1mINFO    [0m | [36mbackend.strategies.core.market_structure[0m:[36mupdate[0m | [1mBOS fired: BULLISH | Broken level: 5875.01 | BOS count: 32 | Trend Confirmed: True[0m
[32m14:34:27[0m | [1mINFO    [0m | [36mbackend.strategies.core.market_structure[0m:[36mupdate[0m | [1mBOS fired: BULLISH | Broken level: 5875.01 | BOS count: 33 | Trend Confirmed: True[0m
[32m14:34:27[0m | [1mINFO    [0m | [36mbackend.strategies.core.market_structure[0m:[36mupdate[0m | [1mBOS fired: BULLISH | Broken level: 5875.01 | BOS count: 34 | Trend Confirmed: True[0m
[32m14:34:27[0m | [1mINFO    [0m | [36mbackend.strategies.core.market_structure[0m:[36mupdate[0m | [1mBOS fired: BULLISH | Broken level: 5875.01 | BOS count: 35 | Trend Confirmed: True[0m
[32m14:34:27[0m | [1mINFO    [0m | [36mbackend.strategies.core.market_structure[0m:[36mupdate[0m | [1mBOS fired: BULLISH | Broken level: 5875.01 | BOS count: 36 | Trend Confirmed: True[0m
[32m14:34:27[0m | [1mINFO    [0m | [36mbackend.strategies.core.market_structure[0m:[36mupdate[0m | [1mBOS fired: BULLISH | Broken level: 5875.01 | BOS count: 37 | Trend Confirmed: True[0m
[32m14:34:27[0m | [1mINFO    [0m | [36mbackend.strategies.core.market_structure[0m:[36mupdate[0m | [1mBOS fired: BULLISH | Broken level: 5875.01 | BOS count: 38 | Trend Confirmed: True[0m
[32m14:34:27[0m | [1mINFO    [0m | [36mbackend.strategies.core.market_structure[0m:[36mupdate[0m | [1mBOS fired: BULLISH | Broken level: 5875.01 | BOS count: 39 | Trend Confirmed: True[0m
[32m14:34:27[0m | [1mINFO    [0m | [36mbackend.strategies.core.market_structure[0m:[36mupdate[0m | [1mBOS fired: BULLISH | Broken level: 5875.01 | BOS count: 40 | Trend Confirmed: True[0m
[32m14:34:27[0m | [1mINFO    [0m | [36mbackend.strategies.core.market_structure[0m:[36mupdate[0m | [1mBOS fired: BULLISH | Broken level: 5875.01 | BOS count: 41 | Trend Confirmed: True[0m
[32m14:34:27[0m | [1mINFO    [0m | [36mbackend.strategies.core.market_structure[0m:[36mupdate[0m | [1mBOS fired: BULLISH | Broken level: 5875.01 | BOS count: 42 | Trend Confirmed: True[0m
[32m14:34:27[0m | [1mINFO    [0m | [36mbackend.strategies.core.market_structure[0m:[36mupdate[0m | [1mBOS fired: BULLISH | Broken level: 5825.322 | BOS count: 43 | Trend Confirmed: True[0m
[32m14:34:27[0m | [1mINFO    [0m | [36mbackend.strategies.core.market_structure[0m:[36mupdate[0m | [1mBOS fired: BULLISH | Broken level: 5825.322 | BOS count: 44 | Trend Confirmed: True[0m
[32m14:34:27[0m | [1mINFO    [0m | [36mbackend.strategies.core.market_structure[0m:[36mupdate[0m | [1mChoCH fired: BEARISH | Broken level: 5815.82 | BOS count: 1[0m
[32m14:34:27[0m | [1mINFO    [0m | [36mbackend.strategies.core.market_structure[0m:[36mupdate[0m | [1mBOS fired: BEARISH | Broken level: 5815.82 | BOS count: 2 | Trend Confirmed: True[0m
[32m14:34:28[0m | [1mINFO    [0m | [36mbackend.strategies.core.market_structure[0m:[36mupdate[0m | [1mBOS fired: BEARISH | Broken level: 5815.82 | BOS count: 3 | Trend Confirmed: True[0m
[32m14:34:28[0m | [1mINFO    [0m | [36mbackend.strategies.core.market_structure[0m:[36mupdate[0m | [1mBOS fired: BEARISH | Broken level: 5815.82 | BOS count: 4 | Trend Confirmed: True[0m
[32m14:34:28[0m | [1mINFO    [0m | [36mbackend.strategies.core.market_structure[0m:[36mupdate[0m | [1mBOS fired: BEARISH | Broken level: 5815.82 | BOS count: 5 | Trend Confirmed: True[0m
[32m14:34:28[0m | [1mINFO    [0m | [36mbackend.strategies.core.market_structure[0m:[36mupdate[0m | [1mBOS fired: BEARISH | Broken level: 5815.82 | BOS count: 6 | Trend Confirmed: True[0m
[32m14:34:28[0m | [1mINFO    [0m | [36mbackend.strategies.core.market_structure[0m:[36mupdate[0m | [1mBOS fired: BEARISH | Broken level: 5815.82 | BOS count: 7 | Trend Confirmed: True[0m
[32m14:34:28[0m | [1mINFO    [0m | [36mbackend.strategies.core.market_structure[0m:[36mupdate[0m | [1mBOS fired: BEARISH | Broken level: 5815.82 | BOS count: 8 | Trend Confirmed: True[0m
[32m14:34:28[0m | [1mINFO    [0m | [36mbackend.strategies.core.market_structure[0m:[36mupdate[0m | [1mBOS fired: BEARISH | Broken level: 5815.82 | BOS count: 9 | Trend Confirmed: True[0m
[32m14:34:28[0m | [1mINFO    [0m | [36mbackend.strategies.core.market_structure[0m:[36mupdate[0m | [1mBOS fired: BEARISH | Broken level: 5815.82 | BOS count: 10 | Trend Confirmed: True[0m
[32m14:34:28[0m | [1mINFO    [0m | [36mbackend.strategies.core.market_structure[0m:[36mupdate[0m | [1mBOS fired: BEARISH | Broken level: 5815.82 | BOS count: 11 | Trend Confirmed: True[0m
[32m14:34:28[0m | [1mINFO    [0m | [36mbackend.strategies.core.market_structure[0m:[36mupdate[0m | [1mBOS fired: BEARISH | Broken level: 5815.82 | BOS count: 12 | Trend Confirmed: True[0m
[32m14:34:28[0m | [1mINFO    [0m | [36mbackend.strategies.core.market_structure[0m:[36mupdate[0m | [1mBOS fired: BEARISH | Broken level: 5815.82 | BOS count: 13 | Trend Confirmed: True[0m
[32m14:34:28[0m | [1mINFO    [0m | [36mbackend.strategies.core.market_structure[0m:[36mupdate[0m | [1mBOS fired: BEARISH | Broken level: 5815.82 | BOS count: 14 | Trend Confirmed: True[0m
[32m14:34:28[0m | [1mINFO    [0m | [36mbackend.strategies.core.market_structure[0m:[36mupdate[0m | [1mBOS fired: BEARISH | Broken level: 5815.82 | BOS count: 15 | Trend Confirmed: True[0m
[32m14:34:28[0m | [1mINFO    [0m | [36mbackend.strategies.core.market_structure[0m:[36mupdate[0m | [1mBOS fired: BEARISH | Broken level: 5815.82 | BOS count: 16 | Trend Confirmed: True[0m
[32m14:34:28[0m | [1mINFO    [0m | [36mbackend.strategies.core.market_structure[0m:[36mupdate[0m | [1mBOS fired: BEARISH | Broken level: 5815.82 | BOS count: 17 | Trend Confirmed: True[0m
[32m14:34:28[0m | [1mINFO    [0m | [36mbackend.strategies.core.market_structure[0m:[36mupdate[0m | [1mBOS fired: BEARISH | Broken level: 5792.327 | BOS count: 18 | Trend Confirmed: True[0m
[32m14:34:28[0m | [1mINFO    [0m | [36mbackend.strategies.core.market_structure[0m:[36mupdate[0m | [1mBOS fired: BEARISH | Broken level: 5792.327 | BOS count: 19 | Trend Confirmed: True[0m
[32m14:34:28[0m | [1mINFO    [0m | [36mbackend.strategies.core.market_structure[0m:[36mupdate[0m | [1mBOS fired: BEARISH | Broken level: 5792.327 | BOS count: 20 | Trend Confirmed: True[0m
[32m14:34:28[0m | [1mINFO    [0m | [36mbackend.strategies.core.market_structure[0m:[36mupdate[0m | [1mBOS fired: BEARISH | Broken level: 5792.327 | BOS count: 21 | Trend Confirmed: True[0m
[32m14:34:28[0m | [1mINFO    [0m | [36mbackend.strategies.core.market_structure[0m:[36mupdate[0m | [1mBOS fired: BEARISH | Broken level: 5792.327 | BOS count: 22 | Trend Confirmed: True[0m
[32m14:34:28[0m | [1mINFO    [0m | [36mbackend.strategies.core.market_structure[0m:[36mupdate[0m | [1mBOS fired: BEARISH | Broken level: 5792.327 | BOS count: 23 | Trend Confirmed: True[0m
[32m14:34:28[0m | [1mINFO    [0m | [36mbackend.strategies.core.market_structure[0m:[36mupdate[0m | [1mBOS fired: BEARISH | Broken level: 5792.327 | BOS count: 24 | Trend Confirmed: True[0m
[32m14:34:28[0m | [1mINFO    [0m | [36mbackend.strategies.core.market_structure[0m:[36mupdate[0m | [1mBOS fired: BEARISH | Broken level: 5792.327 | BOS count: 25 | Trend Confirmed: True[0m
[32m14:34:28[0m | [1mINFO    [0m | [36mbackend.strategies.core.market_structure[0m:[36mupdate[0m | [1mBOS fired: BEARISH | Broken level: 5792.327 | BOS count: 26 | Trend Confirmed: True[0m
[32m14:34:28[0m | [1mINFO    [0m | [36mbackend.strategies.core.market_structure[0m:[36mupdate[0m | [1mChoCH fired: BULLISH | Broken level: 5799.987 | BOS count: 1[0m
[32m14:34:28[0m | [1mINFO    [0m | [36mbackend.strategies.core.market_structure[0m:[36mupdate[0m | [1mBOS fired: BULLISH | Broken level: 5799.987 | BOS count: 2 | Trend Confirmed: True[0m
[32m14:34:28[0m | [1mINFO    [0m | [36mbackend.strategies.core.market_structure[0m:[36mupdate[0m | [1mBOS fired: BULLISH | Broken level: 5799.987 | BOS count: 3 | Trend Confirmed: True[0m
[32m14:34:28[0m | [1mINFO    [0m | [36mbackend.strategies.core.market_structure[0m:[36mupdate[0m | [1mBOS fired: BULLISH | Broken level: 5799.987 | BOS count: 4 | Trend Confirmed: True[0m
[32m14:34:28[0m | [1mINFO    [0m | [36mbackend.strategies.core.market_structure[0m:[36mupdate[0m | [1mBOS fired: BULLISH | Broken level: 5799.987 | BOS count: 5 | Trend Confirmed: True[0m
[32m14:34:28[0m | [1mINFO    [0m | [36mbackend.strategies.core.market_structure[0m:[36mupdate[0m | [1mBOS fired: BULLISH | Broken level: 5799.987 | BOS count: 6 | Trend Confirmed: True[0m
[32m14:34:28[0m | [1mINFO    [0m | [36mbackend.strategies.core.market_structure[0m:[36mupdate[0m | [1mBOS fired: BULLISH | Broken level: 5799.987 | BOS count: 7 | Trend Confirmed: True[0m
[32m14:34:28[0m | [1mINFO    [0m | [36mbackend.strategies.core.market_structure[0m:[36mupdate[0m | [1mBOS fired: BULLISH | Broken level: 5799.987 | BOS count: 8 | Trend Confirmed: True[0m
[32m14:34:28[0m | [1mINFO    [0m | [36mbackend.strategies.core.market_structure[0m:[36mupdate[0m | [1mBOS fired: BULLISH | Broken level: 5799.987 | BOS count: 9 | Trend Confirmed: True[0m
[32m14:34:28[0m | [1mINFO    [0m | [36mbackend.strategies.core.market_structure[0m:[36mupdate[0m | [1mBOS fired: BULLISH | Broken level: 5801.869 | BOS count: 10 | Trend Confirmed: True[0m
[32m14:34:28[0m | [1mINFO    [0m | [36mbackend.strategies.core.market_structure[0m:[36mupdate[0m | [1mBOS fired: BULLISH | Broken level: 5801.869 | BOS count: 11 | Trend Confirmed: True[0m
[32m14:34:28[0m | [1mINFO    [0m | [36mbackend.strategies.core.market_structure[0m:[36mupdate[0m | [1mBOS fired: BULLISH | Broken level: 5801.869 | BOS count: 12 | Trend Confirmed: True[0m
[32m14:34:28[0m | [1mINFO    [0m | [36mbackend.strategies.core.market_structure[0m:[36mupdate[0m | [1mBOS fired: BULLISH | Broken level: 5801.869 | BOS count: 13 | Trend Confirmed: True[0m
[32m14:34:28[0m | [1mINFO    [0m | [36mbackend.strategies.core.market_structure[0m:[36mupdate[0m | [1mBOS fired: BULLISH | Broken level: 5801.869 | BOS count: 14 | Trend Confirmed: True[0m
[32m14:34:29[0m | [1mINFO    [0m | [36mbackend.strategies.core.market_structure[0m:[36mupdate[0m | [1mBOS fired: BULLISH | Broken level: 5887.789 | BOS count: 15 | Trend Confirmed: True[0m
[32m14:34:29[0m | [1mINFO    [0m | [36mbackend.strategies.core.market_structure[0m:[36mupdate[0m | [1mBOS fired: BULLISH | Broken level: 5887.789 | BOS count: 16 | Trend Confirmed: True[0m
[32m14:34:29[0m | [1mINFO    [0m | [36mbackend.strategies.core.market_structure[0m:[36mupdate[0m | [1mBOS fired: BULLISH | Broken level: 5887.789 | BOS count: 17 | Trend Confirmed: True[0m
[32m14:34:29[0m | [1mINFO    [0m | [36mbackend.strategies.core.market_structure[0m:[36mupdate[0m | [1mBOS fired: BULLISH | Broken level: 5887.789 | BOS count: 18 | Trend Confirmed: True[0m
[32m14:34:29[0m | [1mINFO    [0m | [36mbackend.strategies.core.market_structure[0m:[36mupdate[0m | [1mBOS fired: BULLISH | Broken level: 5887.789 | BOS count: 19 | Trend Confirmed: True[0m
[32m14:34:29[0m | [1mINFO    [0m | [36mbackend.strategies.core.market_structure[0m:[36mupdate[0m | [1mBOS fired: BULLISH | Broken level: 5887.789 | BOS count: 20 | Trend Confirmed: True[0m
[32m14:34:29[0m | [1mINFO    [0m | [36mbackend.strategies.core.market_structure[0m:[36mupdate[0m | [1mBOS fired: BULLISH | Broken level: 5887.789 | BOS count: 21 | Trend Confirmed: True[0m
[32m14:34:29[0m | [1mINFO    [0m | [36mbackend.strategies.core.market_structure[0m:[36mupdate[0m | [1mBOS fired: BULLISH | Broken level: 5887.789 | BOS count: 22 | Trend Confirmed: True[0m
[32m14:34:29[0m | [1mINFO    [0m | [36mbackend.strategies.core.market_structure[0m:[36mupdate[0m | [1mBOS fired: BULLISH | Broken level: 5887.789 | BOS count: 23 | Trend Confirmed: True[0m
[32m14:34:29[0m | [1mINFO    [0m | [36mbackend.strategies.core.market_structure[0m:[36mupdate[0m | [1mBOS fired: BULLISH | Broken level: 5887.789 | BOS count: 24 | Trend Confirmed: True[0m
[32m14:34:29[0m | [1mINFO    [0m | [36mbackend.strategies.core.market_structure[0m:[36mupdate[0m | [1mBOS fired: BULLISH | Broken level: 5887.789 | BOS count: 25 | Trend Confirmed: True[0m
[32m14:34:29[0m | [1mINFO    [0m | [36mbackend.strategies.core.market_structure[0m:[36mupdate[0m | [1mBOS fired: BULLISH | Broken level: 5887.789 | BOS count: 26 | Trend Confirmed: True[0m
[32m14:34:29[0m | [1mINFO    [0m | [36mbackend.strategies.core.market_structure[0m:[36mupdate[0m | [1mBOS fired: BULLISH | Broken level: 5887.789 | BOS count: 27 | Trend Confirmed: True[0m
[32m14:34:29[0m | [1mINFO    [0m | [36mbackend.strategies.core.market_structure[0m:[36mupdate[0m | [1mBOS fired: BULLISH | Broken level: 5887.789 | BOS count: 28 | Trend Confirmed: True[0m
[32m14:34:29[0m | [1mINFO    [0m | [36mbackend.strategies.core.market_structure[0m:[36mupdate[0m | [1mBOS fired: BULLISH | Broken level: 5887.789 | BOS count: 29 | Trend Confirmed: True[0m
[32m14:34:29[0m | [1mINFO    [0m | [36mbackend.strategies.core.market_structure[0m:[36mupdate[0m | [1mBOS fired: BULLISH | Broken level: 5887.789 | BOS count: 30 | Trend Confirmed: True[0m
[32m14:34:29[0m | [1mINFO    [0m | [36mbackend.strategies.core.market_structure[0m:[36mupdate[0m | [1mBOS fired: BULLISH | Broken level: 5887.789 | BOS count: 31 | Trend Confirmed: True[0m
[32m14:34:29[0m | [1mINFO    [0m | [36mbackend.strategies.core.market_structure[0m:[36mupdate[0m | [1mBOS fired: BULLISH | Broken level: 5887.789 | BOS count: 32 | Trend Confirmed: True[0m
[32m14:34:29[0m | [1mINFO    [0m | [36mbackend.strategies.core.market_structure[0m:[36mupdate[0m | [1mBOS fired: BULLISH | Broken level: 5887.789 | BOS count: 33 | Trend Confirmed: True[0m
[32m14:34:29[0m | [1mINFO    [0m | [36mbackend.strategies.core.market_structure[0m:[36mupdate[0m | [1mBOS fired: BULLISH | Broken level: 5887.789 | BOS count: 34 | Trend Confirmed: True[0m
[32m14:34:29[0m | [1mINFO    [0m | [36mbackend.strategies.core.market_structure[0m:[36mupdate[0m | [1mBOS fired: BULLISH | Broken level: 5950.049 | BOS count: 35 | Trend Confirmed: True[0m
[32m14:34:29[0m | [1mINFO    [0m | [36mbackend.strategies.core.market_structure[0m:[36mupdate[0m | [1mBOS fired: BULLISH | Broken level: 5950.049 | BOS count: 36 | Trend Confirmed: True[0m
[32m14:34:29[0m | [1mINFO    [0m | [36mbackend.strategies.core.market_structure[0m:[36mupdate[0m | [1mChoCH fired: BEARISH | Broken level: 5932.226 | BOS count: 1[0m
[32m14:34:29[0m | [1mINFO    [0m | [36mbackend.strategies.core.market_structure[0m:[36mupdate[0m | [1mBOS fired: BEARISH | Broken level: 5932.226 | BOS count: 2 | Trend Confirmed: True[0m
[32m14:34:29[0m | [1mINFO    [0m | [36mbackend.strategies.core.market_structure[0m:[36mupdate[0m | [1mBOS fired: BEARISH | Broken level: 5932.226 | BOS count: 3 | Trend Confirmed: True[0m
[32m14:34:29[0m | [1mINFO    [0m | [36mbackend.strategies.core.market_structure[0m:[36mupdate[0m | [1mBOS fired: BEARISH | Broken level: 5932.226 | BOS count: 4 | Trend Confirmed: True[0m
[32m14:34:29[0m | [1mINFO    [0m | [36mbackend.strategies.core.market_structure[0m:[36mupdate[0m | [1mBOS fired: BEARISH | Broken level: 5932.226 | BOS count: 5 | Trend Confirmed: True[0m
[32m14:34:29[0m | [1mINFO    [0m | [36mbackend.strategies.core.market_structure[0m:[36mupdate[0m | [1mBOS fired: BEARISH | Broken level: 5932.226 | BOS count: 6 | Trend Confirmed: True[0m
[32m14:34:30[0m | [1mINFO    [0m | [36mbackend.strategies.core.market_structure[0m:[36mupdate[0m | [1mChoCH fired: BULLISH | Broken level: 5954.035 | BOS count: 1[0m
[32m14:34:30[0m | [1mINFO    [0m | [36mbackend.strategies.core.market_structure[0m:[36mupdate[0m | [1mBOS fired: BULLISH | Broken level: 5954.035 | BOS count: 2 | Trend Confirmed: True[0m
[32m14:34:30[0m | [1mINFO    [0m | [36mbackend.strategies.core.market_structure[0m:[36mupdate[0m | [1mBOS fired: BULLISH | Broken level: 5954.035 | BOS count: 3 | Trend Confirmed: True[0m
[32m14:34:30[0m | [1mINFO    [0m | [36mbackend.strategies.core.market_structure[0m:[36mupdate[0m | [1mBOS fired: BULLISH | Broken level: 5954.035 | BOS count: 4 | Trend Confirmed: True[0m
[32m14:34:30[0m | [1mINFO    [0m | [36mbackend.strategies.core.market_structure[0m:[36mupdate[0m | [1mBOS fired: BULLISH | Broken level: 5954.035 | BOS count: 5 | Trend Confirmed: True[0m
[32m14:34:30[0m | [1mINFO    [0m | [36mbackend.strategies.core.market_structure[0m:[36mupdate[0m | [1mBOS fired: BULLISH | Broken level: 5954.035 | BOS count: 6 | Trend Confirmed: True[0m
[32m14:34:30[0m | [1mINFO    [0m | [36mbackend.strategies.core.market_structure[0m:[36mupdate[0m | [1mBOS fired: BULLISH | Broken level: 5954.035 | BOS count: 7 | Trend Confirmed: True[0m
[32m14:34:30[0m | [1mINFO    [0m | [36mbackend.strategies.core.market_structure[0m:[36mupdate[0m | [1mBOS fired: BULLISH | Broken level: 5954.035 | BOS count: 8 | Trend Confirmed: True[0m
[32m14:34:30[0m | [1mINFO    [0m | [36mbackend.strategies.core.market_structure[0m:[36mupdate[0m | [1mBOS fired: BULLISH | Broken level: 5954.035 | BOS count: 9 | Trend Confirmed: True[0m
[32m14:34:30[0m | [1mINFO    [0m | [36mbackend.strategies.core.market_structure[0m:[36mupdate[0m | [1mBOS fired: BULLISH | Broken level: 5954.035 | BOS count: 10 | Trend Confirmed: True[0m
[32m14:34:30[0m | [1mINFO    [0m | [36mbackend.strategies.core.market_structure[0m:[36mupdate[0m | [1mBOS fired: BULLISH | Broken level: 5954.035 | BOS count: 11 | Trend Confirmed: True[0m
[32m14:34:30[0m | [1mINFO    [0m | [36mbackend.strategies.core.market_structure[0m:[36mupdate[0m | [1mBOS fired: BULLISH | Broken level: 5954.035 | BOS count: 12 | Trend Confirmed: True[0m
[32m14:34:30[0m | [1mINFO    [0m | [36mbackend.strategies.core.market_structure[0m:[36mupdate[0m | [1mBOS fired: BULLISH | Broken level: 5954.035 | BOS count: 13 | Trend Confirmed: True[0m
[32m14:34:30[0m | [1mINFO    [0m | [36mbackend.strategies.core.market_structure[0m:[36mupdate[0m | [1mBOS fired: BULLISH | Broken level: 5954.035 | BOS count: 14 | Trend Confirmed: True[0m
[32m14:34:30[0m | [1mINFO    [0m | [36mbackend.strategies.core.market_structure[0m:[36mupdate[0m | [1mBOS fired: BULLISH | Broken level: 5954.035 | BOS count: 15 | Trend Confirmed: True[0m
[32m14:34:30[0m | [1mINFO    [0m | [36mbackend.strategies.core.market_structure[0m:[36mupdate[0m | [1mBOS fired: BULLISH | Broken level: 5954.035 | BOS count: 16 | Trend Confirmed: True[0m
[32m14:34:30[0m | [1mINFO    [0m | [36mbackend.strategies.core.market_structure[0m:[36mupdate[0m | [1mBOS fired: BULLISH | Broken level: 5954.035 | BOS count: 17 | Trend Confirmed: True[0m
[32m14:34:30[0m | [1mINFO    [0m | [36mbackend.strategies.core.market_structure[0m:[36mupdate[0m | [1mBOS fired: BULLISH | Broken level: 5954.035 | BOS count: 18 | Trend Confirmed: True[0m
[32m14:34:30[0m | [1mINFO    [0m | [36mbackend.strategies.core.market_structure[0m:[36mupdate[0m | [1mBOS fired: BULLISH | Broken level: 5954.035 | BOS count: 19 | Trend Confirmed: True[0m
[32m14:34:30[0m | [1mINFO    [0m | [36mbackend.strategies.core.market_structure[0m:[36mupdate[0m | [1mBOS fired: BULLISH | Broken level: 5954.035 | BOS count: 20 | Trend Confirmed: True[0m
[32m14:34:30[0m | [1mINFO    [0m | [36mbackend.strategies.core.market_structure[0m:[36mupdate[0m | [1mBOS fired: BULLISH | Broken level: 5954.035 | BOS count: 21 | Trend Confirmed: True[0m
[32m14:34:30[0m | [1mINFO    [0m | [36mbackend.strategies.core.market_structure[0m:[36mupdate[0m | [1mBOS fired: BULLISH | Broken level: 5954.035 | BOS count: 22 | Trend Confirmed: True[0m
[32m14:34:30[0m | [1mINFO    [0m | [36mbackend.strategies.core.market_structure[0m:[36mupdate[0m | [1mBOS fired: BULLISH | Broken level: 5954.035 | BOS count: 23 | Trend Confirmed: True[0m
[32m14:34:30[0m | [1mINFO    [0m | [36mbackend.strategies.core.market_structure[0m:[36mupdate[0m | [1mBOS fired: BULLISH | Broken level: 5954.035 | BOS count: 24 | Trend Confirmed: True[0m
[32m14:34:30[0m | [1mINFO    [0m | [36mbackend.strategies.core.market_structure[0m:[36mupdate[0m | [1mBOS fired: BULLISH | Broken level: 5954.035 | BOS count: 25 | Trend Confirmed: True[0m
[32m14:34:30[0m | [1mINFO    [0m | [36mbackend.strategies.core.market_structure[0m:[36mupdate[0m | [1mBOS fired: BULLISH | Broken level: 5954.035 | BOS count: 26 | Trend Confirmed: True[0m
[32m14:34:30[0m | [1mINFO    [0m | [36mbackend.strategies.core.market_structure[0m:[36mupdate[0m | [1mBOS fired: BULLISH | Broken level: 5954.035 | BOS count: 27 | Trend Confirmed: True[0m
[32m14:34:30[0m | [1mINFO    [0m | [36mbackend.strategies.core.market_structure[0m:[36mupdate[0m | [1mChoCH fired: BEARISH | Broken level: 5902.413 | BOS count: 1[0m
[32m14:34:30[0m | [1mINFO    [0m | [36mbackend.strategies.core.market_structure[0m:[36mupdate[0m | [1mBOS fired: BEARISH | Broken level: 5902.413 | BOS count: 2 | Trend Confirmed: True[0m
[32m14:34:30[0m | [1mINFO    [0m | [36mbackend.strategies.core.market_structure[0m:[36mupdate[0m | [1mBOS fired: BEARISH | Broken level: 5902.413 | BOS count: 3 | Trend Confirmed: True[0m
[32m14:34:30[0m | [1mINFO    [0m | [36mbackend.strategies.core.market_structure[0m:[36mupdate[0m | [1mBOS fired: BEARISH | Broken level: 5902.195 | BOS count: 4 | Trend Confirmed: True[0m
[32m14:34:30[0m | [1mINFO    [0m | [36mbackend.strategies.core.market_structure[0m:[36mupdate[0m | [1mBOS fired: BEARISH | Broken level: 5902.195 | BOS count: 5 | Trend Confirmed: True[0m
[32m14:34:30[0m | [1mINFO    [0m | [36mbackend.strategies.core.market_structure[0m:[36mupdate[0m | [1mBOS fired: BEARISH | Broken level: 5902.195 | BOS count: 6 | Trend Confirmed: True[0m
[32m14:34:30[0m | [1mINFO    [0m | [36mbackend.strategies.core.market_structure[0m:[36mupdate[0m | [1mBOS fired: BEARISH | Broken level: 5902.195 | BOS count: 7 | Trend Confirmed: True[0m
[32m14:34:30[0m | [1mINFO    [0m | [36mbackend.strategies.core.market_structure[0m:[36mupdate[0m | [1mBOS fired: BEARISH | Broken level: 5902.195 | BOS count: 8 | Trend Confirmed: True[0m
[32m14:34:30[0m | [1mINFO    [0m | [36mbackend.strategies.core.market_structure[0m:[36mupdate[0m | [1mBOS fired: BEARISH | Broken level: 5902.195 | BOS count: 9 | Trend Confirmed: True[0m
[32m14:34:30[0m | [1mINFO    [0m | [36mbackend.strategies.core.market_structure[0m:[36mupdate[0m | [1mBOS fired: BEARISH | Broken level: 5902.195 | BOS count: 10 | Trend Confirmed: True[0m
[32m14:34:30[0m | [1mINFO    [0m | [36mbackend.strategies.core.market_structure[0m:[36mupdate[0m | [1mBOS fired: BEARISH | Broken level: 5902.195 | BOS count: 11 | Trend Confirmed: True[0m
[32m14:34:30[0m | [1mINFO    [0m | [36mbackend.strategies.core.market_structure[0m:[36mupdate[0m | [1mBOS fired: BEARISH | Broken level: 5902.195 | BOS count: 12 | Trend Confirmed: True[0m
[32m14:34:30[0m | [1mINFO    [0m | [36mbackend.strategies.core.market_structure[0m:[36mupdate[0m | [1mBOS fired: BEARISH | Broken level: 5902.195 | BOS count: 13 | Trend Confirmed: True[0m
[32m14:34:30[0m | [1mINFO    [0m | [36mbackend.strategies.core.market_structure[0m:[36mupdate[0m | [1mBOS fired: BEARISH | Broken level: 5902.195 | BOS count: 14 | Trend Confirmed: True[0m
[32m14:34:31[0m | [1mINFO    [0m | [36mbackend.strategies.core.market_structure[0m:[36mupdate[0m | [1mBOS fired: BEARISH | Broken level: 5876.767 | BOS count: 15 | Trend Confirmed: True[0m
[32m14:34:31[0m | [1mINFO    [0m | [36mbackend.strategies.core.market_structure[0m:[36mupdate[0m | [1mBOS fired: BEARISH | Broken level: 5876.767 | BOS count: 16 | Trend Confirmed: True[0m
[32m14:34:31[0m | [1mINFO    [0m | [36mbackend.strategies.core.market_structure[0m:[36mupdate[0m | [1mBOS fired: BEARISH | Broken level: 5876.767 | BOS count: 17 | Trend Confirmed: True[0m
[32m14:34:31[0m | [1mINFO    [0m | [36mbackend.strategies.core.market_structure[0m:[36mupdate[0m | [1mBOS fired: BEARISH | Broken level: 5876.767 | BOS count: 18 | Trend Confirmed: True[0m
[32m14:34:31[0m | [1mINFO    [0m | [36mbackend.strategies.core.market_structure[0m:[36mupdate[0m | [1mBOS fired: BEARISH | Broken level: 5876.767 | BOS count: 19 | Trend Confirmed: True[0m
[32m14:34:31[0m | [1mINFO    [0m | [36mbackend.strategies.core.market_structure[0m:[36mupdate[0m | [1mBOS fired: BEARISH | Broken level: 5876.767 | BOS count: 20 | Trend Confirmed: True[0m
[32m14:34:31[0m | [1mINFO    [0m | [36mbackend.strategies.core.market_structure[0m:[36mupdate[0m | [1mChoCH fired: BULLISH | Broken level: 5900.643 | BOS count: 1[0m
[32m14:34:31[0m | [1mINFO    [0m | [36mbackend.strategies.core.market_structure[0m:[36mupdate[0m | [1mBOS fired: BULLISH | Broken level: 5900.643 | BOS count: 2 | Trend Confirmed: True[0m
[32m14:34:31[0m | [1mINFO    [0m | [36mbackend.strategies.core.market_structure[0m:[36mupdate[0m | [1mBOS fired: BULLISH | Broken level: 5900.643 | BOS count: 3 | Trend Confirmed: True[0m
[32m14:34:31[0m | [1mINFO    [0m | [36mbackend.strategies.core.market_structure[0m:[36mupdate[0m | [1mBOS fired: BULLISH | Broken level: 5900.643 | BOS count: 4 | Trend Confirmed: True[0m
[32m14:34:31[0m | [1mINFO    [0m | [36mbackend.strategies.core.market_structure[0m:[36mupdate[0m | [1mBOS fired: BULLISH | Broken level: 5900.643 | BOS count: 5 | Trend Confirmed: True[0m
[32m14:34:31[0m | [1mINFO    [0m | [36mbackend.strategies.core.market_structure[0m:[36mupdate[0m | [1mBOS fired: BULLISH | Broken level: 5900.643 | BOS count: 6 | Trend Confirmed: True[0m
[32m14:34:31[0m | [1mINFO    [0m | [36mbackend.strategies.core.market_structure[0m:[36mupdate[0m | [1mBOS fired: BULLISH | Broken level: 5900.643 | BOS count: 7 | Trend Confirmed: True[0m
[32m14:34:31[0m | [1mINFO    [0m | [36mbackend.strategies.core.market_structure[0m:[36mupdate[0m | [1mBOS fired: BULLISH | Broken level: 5900.643 | BOS count: 8 | Trend Confirmed: True[0m
[32m14:34:31[0m | [1mINFO    [0m | [36mbackend.strategies.core.market_structure[0m:[36mupdate[0m | [1mBOS fired: BULLISH | Broken level: 5900.643 | BOS count: 9 | Trend Confirmed: True[0m
[32m14:34:31[0m | [1mINFO    [0m | [36mbackend.strategies.core.market_structure[0m:[36mupdate[0m | [1mBOS fired: BULLISH | Broken level: 5900.643 | BOS count: 10 | Trend Confirmed: True[0m
[32m14:34:31[0m | [1mINFO    [0m | [36mbackend.strategies.core.market_structure[0m:[36mupdate[0m | [1mBOS fired: BULLISH | Broken level: 5900.643 | BOS count: 11 | Trend Confirmed: True[0m
[32m14:34:31[0m | [1mINFO    [0m | [36mbackend.strategies.core.market_structure[0m:[36mupdate[0m | [1mBOS fired: BULLISH | Broken level: 5900.643 | BOS count: 12 | Trend Confirmed: True[0m
[32m14:34:31[0m | [1mINFO    [0m | [36mbackend.strategies.core.market_structure[0m:[36mupdate[0m | [1mBOS fired: BULLISH | Broken level: 5900.643 | BOS count: 13 | Trend Confirmed: True[0m
[32m14:34:31[0m | [1mINFO    [0m | [36mbackend.strategies.core.market_structure[0m:[36mupdate[0m | [1mBOS fired: BULLISH | Broken level: 5900.643 | BOS count: 14 | Trend Confirmed: True[0m
[32m14:34:31[0m | [1mINFO    [0m | [36mbackend.strategies.core.market_structure[0m:[36mupdate[0m | [1mBOS fired: BULLISH | Broken level: 5900.643 | BOS count: 15 | Trend Confirmed: True[0m
[32m14:34:31[0m | [1mINFO    [0m | [36mbackend.strategies.core.market_structure[0m:[36mupdate[0m | [1mBOS fired: BULLISH | Broken level: 5900.643 | BOS count: 16 | Trend Confirmed: True[0m
[32m14:34:31[0m | [1mINFO    [0m | [36mbackend.strategies.core.market_structure[0m:[36mupdate[0m | [1mBOS fired: BULLISH | Broken level: 5900.643 | BOS count: 17 | Trend Confirmed: True[0m
[32m14:34:31[0m | [1mINFO    [0m | [36mbackend.strategies.core.market_structure[0m:[36mupdate[0m | [1mBOS fired: BULLISH | Broken level: 5900.643 | BOS count: 18 | Trend Confirmed: True[0m
[32m14:34:31[0m | [1mINFO    [0m | [36mbackend.strategies.core.market_structure[0m:[36mupdate[0m | [1mBOS fired: BULLISH | Broken level: 5900.643 | BOS count: 19 | Trend Confirmed: True[0m
[32m14:34:31[0m | [1mINFO    [0m | [36mbackend.strategies.core.market_structure[0m:[36mupdate[0m | [1mBOS fired: BULLISH | Broken level: 5900.643 | BOS count: 20 | Trend Confirmed: True[0m
[32m14:34:31[0m | [1mINFO    [0m | [36mbackend.strategies.core.market_structure[0m:[36mupdate[0m | [1mBOS fired: BULLISH | Broken level: 5900.643 | BOS count: 21 | Trend Confirmed: True[0m
[32m14:34:31[0m | [1mINFO    [0m | [36mbackend.strategies.core.market_structure[0m:[36mupdate[0m | [1mBOS fired: BULLISH | Broken level: 5923.633 | BOS count: 22 | Trend Confirmed: True[0m
[32m14:34:31[0m | [1mINFO    [0m | [36mbackend.strategies.core.market_structure[0m:[36mupdate[0m | [1mBOS fired: BULLISH | Broken level: 5923.633 | BOS count: 23 | Trend Confirmed: True[0m
[32m14:34:31[0m | [1mINFO    [0m | [36mbackend.strategies.core.market_structure[0m:[36mupdate[0m | [1mBOS fired: BULLISH | Broken level: 5923.633 | BOS count: 24 | Trend Confirmed: True[0m
[32m14:34:31[0m | [1mINFO    [0m | [36mbackend.strategies.core.market_structure[0m:[36mupdate[0m | [1mBOS fired: BULLISH | Broken level: 5923.633 | BOS count: 25 | Trend Confirmed: True[0m
[32m14:34:31[0m | [1mINFO    [0m | [36mbackend.strategies.core.market_structure[0m:[36mupdate[0m | [1mBOS fired: BULLISH | Broken level: 5923.633 | BOS count: 26 | Trend Confirmed: True[0m
[32m14:34:31[0m | [1mINFO    [0m | [36mbackend.strategies.core.market_structure[0m:[36mupdate[0m | [1mBOS fired: BULLISH | Broken level: 5923.633 | BOS count: 27 | Trend Confirmed: True[0m
[32m14:34:31[0m | [1mINFO    [0m | [36mbackend.strategies.core.market_structure[0m:[36mupdate[0m | [1mBOS fired: BULLISH | Broken level: 5923.633 | BOS count: 28 | Trend Confirmed: True[0m
[32m14:34:31[0m | [1mINFO    [0m | [36mbackend.strategies.core.market_structure[0m:[36mupdate[0m | [1mBOS fired: BULLISH | Broken level: 5923.633 | BOS count: 29 | Trend Confirmed: True[0m
[32m14:34:31[0m | [1mINFO    [0m | [36mbackend.strategies.core.market_structure[0m:[36mupdate[0m | [1mBOS fired: BULLISH | Broken level: 5923.633 | BOS count: 30 | Trend Confirmed: True[0m
[32m14:34:31[0m | [1mINFO    [0m | [36mbackend.strategies.core.market_structure[0m:[36mupdate[0m | [1mBOS fired: BULLISH | Broken level: 5923.633 | BOS count: 31 | Trend Confirmed: True[0m
[32m14:34:31[0m | [1mINFO    [0m | [36mbackend.strategies.core.market_structure[0m:[36mupdate[0m | [1mBOS fired: BULLISH | Broken level: 5923.633 | BOS count: 32 | Trend Confirmed: True[0m
[32m14:34:31[0m | [1mINFO    [0m | [36mbackend.strategies.core.market_structure[0m:[36mupdate[0m | [1mBOS fired: BULLISH | Broken level: 5923.633 | BOS count: 33 | Trend Confirmed: True[0m
[32m14:34:31[0m | [1mINFO    [0m | [36mbackend.strategies.core.market_structure[0m:[36mupdate[0m | [1mBOS fired: BULLISH | Broken level: 5923.633 | BOS count: 34 | Trend Confirmed: True[0m
[32m14:34:31[0m | [1mINFO    [0m | [36mbackend.strategies.core.market_structure[0m:[36mupdate[0m | [1mBOS fired: BULLISH | Broken level: 5923.633 | BOS count: 35 | Trend Confirmed: True[0m
[32m14:34:31[0m | [1mINFO    [0m | [36mbackend.strategies.core.market_structure[0m:[36mupdate[0m | [1mBOS fired: BULLISH | Broken level: 5923.633 | BOS count: 36 | Trend Confirmed: True[0m
[32m14:34:31[0m | [1mINFO    [0m | [36mbackend.strategies.core.market_structure[0m:[36mupdate[0m | [1mBOS fired: BULLISH | Broken level: 5923.633 | BOS count: 37 | Trend Confirmed: True[0m
[32m14:34:31[0m | [1mINFO    [0m | [36mbackend.strategies.core.market_structure[0m:[36mupdate[0m | [1mBOS fired: BULLISH | Broken level: 5923.633 | BOS count: 38 | Trend Confirmed: True[0m
[32m14:34:31[0m | [1mINFO    [0m | [36mbackend.strategies.core.market_structure[0m:[36mupdate[0m | [1mBOS fired: BULLISH | Broken level: 5923.633 | BOS count: 39 | Trend Confirmed: True[0m
[32m14:34:31[0m | [1mINFO    [0m | [36mbackend.strategies.core.market_structure[0m:[36mupdate[0m | [1mBOS fired: BULLISH | Broken level: 5923.633 | BOS count: 40 | Trend Confirmed: True[0m
[32m14:34:31[0m | [1mINFO    [0m | [36mbackend.strategies.core.market_structure[0m:[36mupdate[0m | [1mBOS fired: BULLISH | Broken level: 5923.633 | BOS count: 41 | Trend Confirmed: True[0m
[32m14:34:31[0m | [1mINFO    [0m | [36mbackend.strategies.core.market_structure[0m:[36mupdate[0m | [1mBOS fired: BULLISH | Broken level: 5923.633 | BOS count: 42 | Trend Confirmed: True[0m
[32m14:34:31[0m | [1mINFO    [0m | [36mbackend.strategies.core.market_structure[0m:[36mupdate[0m | [1mBOS fired: BULLISH | Broken level: 5923.633 | BOS count: 43 | Trend Confirmed: True[0m
[32m14:34:31[0m | [1mINFO    [0m | [36mbackend.strategies.core.market_structure[0m:[36mupdate[0m | [1mBOS fired: BULLISH | Broken level: 5951.74 | BOS count: 44 | Trend Confirmed: True[0m
[32m14:34:31[0m | [1mINFO    [0m | [36mbackend.strategies.core.market_structure[0m:[36mupdate[0m | [1mBOS fired: BULLISH | Broken level: 5951.74 | BOS count: 45 | Trend Confirmed: True[0m
[32m14:34:31[0m | [1mINFO    [0m | [36mbackend.strategies.core.market_structure[0m:[36mupdate[0m | [1mBOS fired: BULLISH | Broken level: 5951.74 | BOS count: 46 | Trend Confirmed: True[0m
[32m14:34:31[0m | [1mINFO    [0m | [36mbackend.strategies.core.market_structure[0m:[36mupdate[0m | [1mBOS fired: BULLISH | Broken level: 5951.74 | BOS count: 47 | Trend Confirmed: True[0m
[32m14:34:31[0m | [1mINFO    [0m | [36mbackend.strategies.core.market_structure[0m:[36mupdate[0m | [1mBOS fired: BULLISH | Broken level: 5951.74 | BOS count: 48 | Trend Confirmed: True[0m
[32m14:34:31[0m | [1mINFO    [0m | [36mbackend.strategies.core.market_structure[0m:[36mupdate[0m | [1mBOS fired: BULLISH | Broken level: 5951.74 | BOS count: 49 | Trend Confirmed: True[0m
[32m14:34:31[0m | [1mINFO    [0m | [36mbackend.strategies.core.market_structure[0m:[36mupdate[0m | [1mBOS fired: BULLISH | Broken level: 5951.74 | BOS count: 50 | Trend Confirmed: True[0m
[32m14:34:31[0m | [1mINFO    [0m | [36mbackend.strategies.core.market_structure[0m:[36mupdate[0m | [1mBOS fired: BULLISH | Broken level: 6026.334 | BOS count: 51 | Trend Confirmed: True[0m
[32m14:34:31[0m | [1mINFO    [0m | [36mbackend.strategies.core.market_structure[0m:[36mupdate[0m | [1mBOS fired: BULLISH | Broken level: 6026.334 | BOS count: 52 | Trend Confirmed: True[0m
[32m14:34:31[0m | [1mINFO    [0m | [36mbackend.strategies.core.market_structure[0m:[36mupdate[0m | [1mBOS fired: BULLISH | Broken level: 6026.334 | BOS count: 53 | Trend Confirmed: True[0m
[32m14:34:31[0m | [1mINFO    [0m | [36mbackend.strategies.core.market_structure[0m:[36mupdate[0m | [1mBOS fired: BULLISH | Broken level: 6049.776 | BOS count: 54 | Trend Confirmed: True[0m
[32m14:34:31[0m | [1mINFO    [0m | [36mbackend.strategies.core.market_structure[0m:[36mupdate[0m | [1mBOS fired: BULLISH | Broken level: 6049.776 | BOS count: 55 | Trend Confirmed: True[0m
[32m14:34:31[0m | [1mINFO    [0m | [36mbackend.strategies.core.market_structure[0m:[36mupdate[0m | [1mBOS fired: BULLISH | Broken level: 6049.776 | BOS count: 56 | Trend Confirmed: True[0m
[32m14:34:32[0m | [1mINFO    [0m | [36mbackend.strategies.core.market_structure[0m:[36mupdate[0m | [1mBOS fired: BULLISH | Broken level: 6049.776 | BOS count: 57 | Trend Confirmed: True[0m
[32m14:34:32[0m | [1mINFO    [0m | [36mbackend.strategies.core.market_structure[0m:[36mupdate[0m | [1mBOS fired: BULLISH | Broken level: 6049.776 | BOS count: 58 | Trend Confirmed: True[0m
[32m14:34:32[0m | [1mINFO    [0m | [36mbackend.strategies.core.market_structure[0m:[36mupdate[0m | [1mBOS fired: BULLISH | Broken level: 6049.776 | BOS count: 59 | Trend Confirmed: True[0m
[32m14:34:32[0m | [1mINFO    [0m | [36mbackend.strategies.core.market_structure[0m:[36mupdate[0m | [1mBOS fired: BULLISH | Broken level: 6049.776 | BOS count: 60 | Trend Confirmed: True[0m
[32m14:34:32[0m | [1mINFO    [0m | [36mbackend.strategies.core.market_structure[0m:[36mupdate[0m | [1mBOS fired: BULLISH | Broken level: 6049.776 | BOS count: 61 | Trend Confirmed: True[0m
[32m14:34:32[0m | [1mINFO    [0m | [36mbackend.strategies.core.market_structure[0m:[36mupdate[0m | [1mBOS fired: BULLISH | Broken level: 6049.776 | BOS count: 62 | Trend Confirmed: True[0m
[32m14:34:32[0m | [1mINFO    [0m | [36mbackend.strategies.core.market_structure[0m:[36mupdate[0m | [1mBOS fired: BULLISH | Broken level: 6049.776 | BOS count: 63 | Trend Confirmed: True[0m
[32m14:34:32[0m | [1mINFO    [0m | [36mbackend.strategies.core.market_structure[0m:[36mupdate[0m | [1mBOS fired: BULLISH | Broken level: 6049.776 | BOS count: 64 | Trend Confirmed: True[0m
[32m14:34:32[0m | [1mINFO    [0m | [36mbackend.strategies.core.market_structure[0m:[36mupdate[0m | [1mBOS fired: BULLISH | Broken level: 6049.776 | BOS count: 65 | Trend Confirmed: True[0m
[32m14:34:32[0m | [1mINFO    [0m | [36mbackend.strategies.core.market_structure[0m:[36mupdate[0m | [1mBOS fired: BULLISH | Broken level: 6049.776 | BOS count: 66 | Trend Confirmed: True[0m
[32m14:34:32[0m | [1mINFO    [0m | [36mbackend.strategies.core.market_structure[0m:[36mupdate[0m | [1mBOS fired: BULLISH | Broken level: 6049.776 | BOS count: 67 | Trend Confirmed: True[0m
[32m14:34:32[0m | [1mINFO    [0m | [36mbackend.strategies.core.market_structure[0m:[36mupdate[0m | [1mBOS fired: BULLISH | Broken level: 6049.776 | BOS count: 68 | Trend Confirmed: True[0m
[32m14:34:32[0m | [1mINFO    [0m | [36mbackend.strategies.core.market_structure[0m:[36mupdate[0m | [1mBOS fired: BULLISH | Broken level: 6049.776 | BOS count: 69 | Trend Confirmed: True[0m
[32m14:34:32[0m | [1mINFO    [0m | [36mbackend.strategies.core.market_structure[0m:[36mupdate[0m | [1mBOS fired: BULLISH | Broken level: 6049.776 | BOS count: 70 | Trend Confirmed: True[0m
[32m14:34:32[0m | [1mINFO    [0m | [36mbackend.strategies.core.market_structure[0m:[36mupdate[0m | [1mBOS fired: BULLISH | Broken level: 6049.776 | BOS count: 71 | Trend Confirmed: True[0m
[32m14:34:32[0m | [1mINFO    [0m | [36mbackend.strategies.core.market_structure[0m:[36mupdate[0m | [1mBOS fired: BULLISH | Broken level: 6049.776 | BOS count: 72 | Trend Confirmed: True[0m
[32m14:34:32[0m | [1mINFO    [0m | [36mbackend.strategies.core.market_structure[0m:[36mupdate[0m | [1mBOS fired: BULLISH | Broken level: 6049.776 | BOS count: 73 | Trend Confirmed: True[0m
[32m14:34:32[0m | [1mINFO    [0m | [36mbackend.strategies.core.market_structure[0m:[36mupdate[0m | [1mBOS fired: BULLISH | Broken level: 6049.776 | BOS count: 74 | Trend Confirmed: True[0m
[32m14:34:32[0m | [1mINFO    [0m | [36mbackend.strategies.core.market_structure[0m:[36mupdate[0m | [1mBOS fired: BULLISH | Broken level: 6049.776 | BOS count: 75 | Trend Confirmed: True[0m
[32m14:34:32[0m | [1mINFO    [0m | [36mbackend.strategies.core.market_structure[0m:[36mupdate[0m | [1mBOS fired: BULLISH | Broken level: 6049.776 | BOS count: 76 | Trend Confirmed: True[0m
[32m14:34:32[0m | [1mINFO    [0m | [36mbackend.strategies.core.market_structure[0m:[36mupdate[0m | [1mBOS fired: BULLISH | Broken level: 6069.753 | BOS count: 77 | Trend Confirmed: True[0m
[32m14:34:32[0m | [1mINFO    [0m | [36mbackend.strategies.core.market_structure[0m:[36mupdate[0m | [1mBOS fired: BULLISH | Broken level: 6069.753 | BOS count: 78 | Trend Confirmed: True[0m
[32m14:34:32[0m | [1mINFO    [0m | [36mbackend.strategies.core.market_structure[0m:[36mupdate[0m | [1mBOS fired: BULLISH | Broken level: 6069.753 | BOS count: 79 | Trend Confirmed: True[0m
[32m14:34:32[0m | [1mINFO    [0m | [36mbackend.strategies.core.market_structure[0m:[36mupdate[0m | [1mBOS fired: BULLISH | Broken level: 6069.753 | BOS count: 80 | Trend Confirmed: True[0m
[32m14:34:32[0m | [1mINFO    [0m | [36mbackend.strategies.core.market_structure[0m:[36mupdate[0m | [1mBOS fired: BULLISH | Broken level: 6069.753 | BOS count: 81 | Trend Confirmed: True[0m
[32m14:34:32[0m | [1mINFO    [0m | [36mbackend.strategies.core.market_structure[0m:[36mupdate[0m | [1mBOS fired: BULLISH | Broken level: 6069.753 | BOS count: 82 | Trend Confirmed: True[0m
[32m14:34:32[0m | [1mINFO    [0m | [36mbackend.strategies.core.market_structure[0m:[36mupdate[0m | [1mBOS fired: BULLISH | Broken level: 6069.753 | BOS count: 83 | Trend Confirmed: True[0m
[32m14:34:32[0m | [1mINFO    [0m | [36mbackend.strategies.core.market_structure[0m:[36mupdate[0m | [1mBOS fired: BULLISH | Broken level: 6069.753 | BOS count: 84 | Trend Confirmed: True[0m
[32m14:34:32[0m | [1mINFO    [0m | [36mbackend.strategies.core.market_structure[0m:[36mupdate[0m | [1mBOS fired: BULLISH | Broken level: 6069.753 | BOS count: 85 | Trend Confirmed: True[0m
[32m14:34:32[0m | [1mINFO    [0m | [36mbackend.strategies.core.market_structure[0m:[36mupdate[0m | [1mBOS fired: BULLISH | Broken level: 6069.753 | BOS count: 86 | Trend Confirmed: True[0m
[32m14:34:32[0m | [1mINFO    [0m | [36mbackend.strategies.core.market_structure[0m:[36mupdate[0m | [1mBOS fired: BULLISH | Broken level: 6069.753 | BOS count: 87 | Trend Confirmed: True[0m
[32m14:34:32[0m | [1mINFO    [0m | [36mbackend.strategies.core.market_structure[0m:[36mupdate[0m | [1mBOS fired: BULLISH | Broken level: 6069.753 | BOS count: 88 | Trend Confirmed: True[0m
[32m14:34:32[0m | [1mINFO    [0m | [36mbackend.strategies.core.market_structure[0m:[36mupdate[0m | [1mBOS fired: BULLISH | Broken level: 6069.753 | BOS count: 89 | Trend Confirmed: True[0m
[32m14:34:32[0m | [1mINFO    [0m | [36mbackend.strategies.core.market_structure[0m:[36mupdate[0m | [1mChoCH fired: BEARISH | Broken level: 6002.185 | BOS count: 1[0m
[32m14:34:32[0m | [1mINFO    [0m | [36mbackend.strategies.core.market_structure[0m:[36mupdate[0m | [1mBOS fired: BEARISH | Broken level: 6002.185 | BOS count: 2 | Trend Confirmed: True[0m
[32m14:34:32[0m | [1mINFO    [0m | [36mbackend.strategies.core.market_structure[0m:[36mupdate[0m | [1mBOS fired: BEARISH | Broken level: 6002.185 | BOS count: 3 | Trend Confirmed: True[0m
[32m14:34:32[0m | [1mINFO    [0m | [36mbackend.strategies.core.market_structure[0m:[36mupdate[0m | [1mBOS fired: BEARISH | Broken level: 6002.185 | BOS count: 4 | Trend Confirmed: True[0m
[32m14:34:32[0m | [1mINFO    [0m | [36mbackend.strategies.core.market_structure[0m:[36mupdate[0m | [1mChoCH fired: BULLISH | Broken level: 6010.43 | BOS count: 1[0m
[32m14:34:32[0m | [1mINFO    [0m | [36mbackend.strategies.core.market_structure[0m:[36mupdate[0m | [1mBOS fired: BULLISH | Broken level: 6010.43 | BOS count: 2 | Trend Confirmed: True[0m
[32m14:34:32[0m | [1mINFO    [0m | [36mbackend.strategies.core.market_structure[0m:[36mupdate[0m | [1mBOS fired: BULLISH | Broken level: 6010.43 | BOS count: 3 | Trend Confirmed: True[0m
[32m14:34:32[0m | [1mINFO    [0m | [36mbackend.strategies.core.market_structure[0m:[36mupdate[0m | [1mChoCH fired: BEARISH | Broken level: 5869.496 | BOS count: 1[0m
[32m14:34:32[0m | [1mINFO    [0m | [36mbackend.strategies.core.market_structure[0m:[36mupdate[0m | [1mBOS fired: BEARISH | Broken level: 5869.496 | BOS count: 2 | Trend Confirmed: True[0m
[32m14:34:32[0m | [1mINFO    [0m | [36mbackend.strategies.core.market_structure[0m:[36mupdate[0m | [1mBOS fired: BEARISH | Broken level: 5869.496 | BOS count: 3 | Trend Confirmed: True[0m
[32m14:34:32[0m | [1mINFO    [0m | [36mbackend.strategies.core.market_structure[0m:[36mupdate[0m | [1mBOS fired: BEARISH | Broken level: 5869.496 | BOS count: 4 | Trend Confirmed: True[0m
[32m14:34:32[0m | [1mINFO    [0m | [36mbackend.strategies.core.market_structure[0m:[36mupdate[0m | [1mBOS fired: BEARISH | Broken level: 5869.496 | BOS count: 5 | Trend Confirmed: True[0m
[32m14:34:32[0m | [1mINFO    [0m | [36mbackend.strategies.core.market_structure[0m:[36mupdate[0m | [1mBOS fired: BEARISH | Broken level: 5869.496 | BOS count: 6 | Trend Confirmed: True[0m
[32m14:34:32[0m | [1mINFO    [0m | [36mbackend.strategies.core.market_structure[0m:[36mupdate[0m | [1mBOS fired: BEARISH | Broken level: 5869.496 | BOS count: 7 | Trend Confirmed: True[0m
[32m14:34:32[0m | [1mINFO    [0m | [36mbackend.strategies.core.market_structure[0m:[36mupdate[0m | [1mBOS fired: BEARISH | Broken level: 5869.496 | BOS count: 8 | Trend Confirmed: True[0m
[32m14:34:32[0m | [1mINFO    [0m | [36mbackend.strategies.core.market_structure[0m:[36mupdate[0m | [1mBOS fired: BEARISH | Broken level: 5869.496 | BOS count: 9 | Trend Confirmed: True[0m
[32m14:34:32[0m | [1mINFO    [0m | [36mbackend.strategies.core.market_structure[0m:[36mupdate[0m | [1mBOS fired: BEARISH | Broken level: 5869.496 | BOS count: 10 | Trend Confirmed: True[0m
[32m14:34:33[0m | [1mINFO    [0m | [36mbackend.strategies.core.market_structure[0m:[36mupdate[0m | [1mBOS fired: BEARISH | Broken level: 5832.42 | BOS count: 11 | Trend Confirmed: True[0m
[32m14:34:33[0m | [1mINFO    [0m | [36mbackend.strategies.core.market_structure[0m:[36mupdate[0m | [1mBOS fired: BEARISH | Broken level: 5832.42 | BOS count: 12 | Trend Confirmed: True[0m
[32m14:34:33[0m | [1mINFO    [0m | [36mbackend.strategies.core.market_structure[0m:[36mupdate[0m | [1mBOS fired: BEARISH | Broken level: 5832.42 | BOS count: 13 | Trend Confirmed: True[0m
[32m14:34:33[0m | [1mINFO    [0m | [36mbackend.strategies.core.market_structure[0m:[36mupdate[0m | [1mBOS fired: BEARISH | Broken level: 5832.42 | BOS count: 14 | Trend Confirmed: True[0m
[32m14:34:33[0m | [1mINFO    [0m | [36mbackend.strategies.core.market_structure[0m:[36mupdate[0m | [1mBOS fired: BEARISH | Broken level: 5832.42 | BOS count: 15 | Trend Confirmed: True[0m
[32m14:34:33[0m | [1mINFO    [0m | [36mbackend.strategies.core.market_structure[0m:[36mupdate[0m | [1mBOS fired: BEARISH | Broken level: 5832.42 | BOS count: 16 | Trend Confirmed: True[0m
[32m14:34:33[0m | [1mINFO    [0m | [36mbackend.strategies.core.market_structure[0m:[36mupdate[0m | [1mBOS fired: BEARISH | Broken level: 5832.42 | BOS count: 17 | Trend Confirmed: True[0m
[32m14:34:33[0m | [1mINFO    [0m | [36mbackend.strategies.core.market_structure[0m:[36mupdate[0m | [1mBOS fired: BEARISH | Broken level: 5832.42 | BOS count: 18 | Trend Confirmed: True[0m
[32m14:34:33[0m | [1mINFO    [0m | [36mbackend.strategies.core.market_structure[0m:[36mupdate[0m | [1mBOS fired: BEARISH | Broken level: 5832.42 | BOS count: 19 | Trend Confirmed: True[0m
[32m14:34:33[0m | [1mINFO    [0m | [36mbackend.strategies.core.market_structure[0m:[36mupdate[0m | [1mBOS fired: BEARISH | Broken level: 5832.42 | BOS count: 20 | Trend Confirmed: True[0m
[32m14:34:33[0m | [1mINFO    [0m | [36mbackend.strategies.core.market_structure[0m:[36mupdate[0m | [1mBOS fired: BEARISH | Broken level: 5832.42 | BOS count: 21 | Trend Confirmed: True[0m
[32m14:34:33[0m | [1mINFO    [0m | [36mbackend.strategies.core.market_structure[0m:[36mupdate[0m | [1mBOS fired: BEARISH | Broken level: 5832.42 | BOS count: 22 | Trend Confirmed: True[0m
[32m14:34:33[0m | [1mINFO    [0m | [36mbackend.strategies.core.market_structure[0m:[36mupdate[0m | [1mBOS fired: BEARISH | Broken level: 5832.42 | BOS count: 23 | Trend Confirmed: True[0m
[32m14:34:33[0m | [1mINFO    [0m | [36mbackend.strategies.core.market_structure[0m:[36mupdate[0m | [1mBOS fired: BEARISH | Broken level: 5832.42 | BOS count: 24 | Trend Confirmed: True[0m
[32m14:34:33[0m | [1mINFO    [0m | [36mbackend.strategies.core.market_structure[0m:[36mupdate[0m | [1mBOS fired: BEARISH | Broken level: 5832.42 | BOS count: 25 | Trend Confirmed: True[0m
[32m14:34:33[0m | [1mINFO    [0m | [36mbackend.strategies.core.market_structure[0m:[36mupdate[0m | [1mBOS fired: BEARISH | Broken level: 5832.42 | BOS count: 26 | Trend Confirmed: True[0m
[32m14:34:33[0m | [1mINFO    [0m | [36mbackend.strategies.core.market_structure[0m:[36mupdate[0m | [1mBOS fired: BEARISH | Broken level: 5798.605 | BOS count: 27 | Trend Confirmed: True[0m
[32m14:34:33[0m | [1mINFO    [0m | [36mbackend.strategies.core.market_structure[0m:[36mupdate[0m | [1mBOS fired: BEARISH | Broken level: 5795.301 | BOS count: 28 | Trend Confirmed: True[0m
[32m14:34:33[0m | [1mINFO    [0m | [36mbackend.strategies.core.market_structure[0m:[36mupdate[0m | [1mBOS fired: BEARISH | Broken level: 5795.301 | BOS count: 29 | Trend Confirmed: True[0m
[32m14:34:33[0m | [1mINFO    [0m | [36mbackend.strategies.core.market_structure[0m:[36mupdate[0m | [1mBOS fired: BEARISH | Broken level: 5795.301 | BOS count: 30 | Trend Confirmed: True[0m
[32m14:34:33[0m | [1mINFO    [0m | [36mbackend.strategies.core.market_structure[0m:[36mupdate[0m | [1mBOS fired: BEARISH | Broken level: 5795.301 | BOS count: 31 | Trend Confirmed: True[0m
[32m14:34:33[0m | [1mINFO    [0m | [36mbackend.strategies.core.market_structure[0m:[36mupdate[0m | [1mChoCH fired: BULLISH | Broken level: 5805.174 | BOS count: 1[0m
[32m14:34:33[0m | [1mINFO    [0m | [36mbackend.strategies.core.market_structure[0m:[36mupdate[0m | [1mBOS fired: BULLISH | Broken level: 5805.174 | BOS count: 2 | Trend Confirmed: True[0m
[32m14:34:33[0m | [1mINFO    [0m | [36mbackend.strategies.core.market_structure[0m:[36mupdate[0m | [1mBOS fired: BULLISH | Broken level: 5805.174 | BOS count: 3 | Trend Confirmed: True[0m
[32m14:34:33[0m | [1mINFO    [0m | [36mbackend.strategies.core.market_structure[0m:[36mupdate[0m | [1mBOS fired: BULLISH | Broken level: 5805.174 | BOS count: 4 | Trend Confirmed: True[0m
[32m14:34:33[0m | [1mINFO    [0m | [36mbackend.strategies.core.market_structure[0m:[36mupdate[0m | [1mBOS fired: BULLISH | Broken level: 5805.174 | BOS count: 5 | Trend Confirmed: True[0m
[32m14:34:33[0m | [1mINFO    [0m | [36mbackend.strategies.core.market_structure[0m:[36mupdate[0m | [1mBOS fired: BULLISH | Broken level: 5805.174 | BOS count: 6 | Trend Confirmed: True[0m
[32m14:34:33[0m | [1mINFO    [0m | [36mbackend.strategies.core.market_structure[0m:[36mupdate[0m | [1mBOS fired: BULLISH | Broken level: 5805.174 | BOS count: 7 | Trend Confirmed: True[0m
[32m14:34:33[0m | [1mINFO    [0m | [36mbackend.strategies.core.market_structure[0m:[36mupdate[0m | [1mBOS fired: BULLISH | Broken level: 5805.174 | BOS count: 8 | Trend Confirmed: True[0m
[32m14:34:33[0m | [1mINFO    [0m | [36mbackend.strategies.core.market_structure[0m:[36mupdate[0m | [1mBOS fired: BULLISH | Broken level: 5805.174 | BOS count: 9 | Trend Confirmed: True[0m
[32m14:34:33[0m | [1mINFO    [0m | [36mbackend.strategies.core.market_structure[0m:[36mupdate[0m | [1mBOS fired: BULLISH | Broken level: 5805.174 | BOS count: 10 | Trend Confirmed: True[0m
[32m14:34:33[0m | [1mINFO    [0m | [36mbackend.strategies.core.market_structure[0m:[36mupdate[0m | [1mBOS fired: BULLISH | Broken level: 5805.174 | BOS count: 11 | Trend Confirmed: True[0m
[32m14:34:33[0m | [1mINFO    [0m | [36mbackend.strategies.core.market_structure[0m:[36mupdate[0m | [1mBOS fired: BULLISH | Broken level: 5805.174 | BOS count: 12 | Trend Confirmed: True[0m
[32m14:34:33[0m | [1mINFO    [0m | [36mbackend.strategies.core.market_structure[0m:[36mupdate[0m | [1mBOS fired: BULLISH | Broken level: 5805.174 | BOS count: 13 | Trend Confirmed: True[0m
[32m14:34:33[0m | [1mINFO    [0m | [36mbackend.strategies.core.market_structure[0m:[36mupdate[0m | [1mBOS fired: BULLISH | Broken level: 5805.174 | BOS count: 14 | Trend Confirmed: True[0m
[32m14:34:33[0m | [1mINFO    [0m | [36mbackend.strategies.core.market_structure[0m:[36mupdate[0m | [1mBOS fired: BULLISH | Broken level: 5805.174 | BOS count: 15 | Trend Confirmed: True[0m
[32m14:34:33[0m | [1mINFO    [0m | [36mbackend.strategies.core.market_structure[0m:[36mupdate[0m | [1mBOS fired: BULLISH | Broken level: 5805.174 | BOS count: 16 | Trend Confirmed: True[0m
[32m14:34:33[0m | [1mINFO    [0m | [36mbackend.strategies.core.market_structure[0m:[36mupdate[0m | [1mBOS fired: BULLISH | Broken level: 5805.174 | BOS count: 17 | Trend Confirmed: True[0m
[32m14:34:33[0m | [1mINFO    [0m | [36mbackend.strategies.core.market_structure[0m:[36mupdate[0m | [1mBOS fired: BULLISH | Broken level: 5805.174 | BOS count: 18 | Trend Confirmed: True[0m
[32m14:34:33[0m | [1mINFO    [0m | [36mbackend.strategies.core.market_structure[0m:[36mupdate[0m | [1mChoCH fired: BEARISH | Broken level: 5809.685 | BOS count: 1[0m
[32m14:34:33[0m | [1mINFO    [0m | [36mbackend.strategies.core.market_structure[0m:[36mupdate[0m | [1mBOS fired: BEARISH | Broken level: 5809.685 | BOS count: 2 | Trend Confirmed: True[0m
[32m14:34:33[0m | [1mINFO    [0m | [36mbackend.strategies.core.market_structure[0m:[36mupdate[0m | [1mBOS fired: BEARISH | Broken level: 5809.685 | BOS count: 3 | Trend Confirmed: True[0m
[32m14:34:33[0m | [1mINFO    [0m | [36mbackend.strategies.core.market_structure[0m:[36mupdate[0m | [1mBOS fired: BEARISH | Broken level: 5809.685 | BOS count: 4 | Trend Confirmed: True[0m
[32m14:34:33[0m | [1mINFO    [0m | [36mbackend.strategies.core.market_structure[0m:[36mupdate[0m | [1mBOS fired: BEARISH | Broken level: 5809.685 | BOS count: 5 | Trend Confirmed: True[0m
[32m14:34:33[0m | [1mINFO    [0m | [36mbackend.strategies.core.market_structure[0m:[36mupdate[0m | [1mBOS fired: BEARISH | Broken level: 5809.685 | BOS count: 6 | Trend Confirmed: True[0m
[32m14:34:33[0m | [1mINFO    [0m | [36mbackend.strategies.core.market_structure[0m:[36mupdate[0m | [1mBOS fired: BEARISH | Broken level: 5809.685 | BOS count: 7 | Trend Confirmed: True[0m
[32m14:34:33[0m | [1mINFO    [0m | [36mbackend.strategies.core.market_structure[0m:[36mupdate[0m | [1mBOS fired: BEARISH | Broken level: 5809.685 | BOS count: 8 | Trend Confirmed: True[0m
[32m14:34:33[0m | [1mINFO    [0m | [36mbackend.strategies.core.market_structure[0m:[36mupdate[0m | [1mBOS fired: BEARISH | Broken level: 5809.685 | BOS count: 9 | Trend Confirmed: True[0m
[32m14:34:33[0m | [1mINFO    [0m | [36mbackend.strategies.core.market_structure[0m:[36mupdate[0m | [1mBOS fired: BEARISH | Broken level: 5809.685 | BOS count: 10 | Trend Confirmed: True[0m
[32m14:34:33[0m | [1mINFO    [0m | [36mbackend.strategies.core.market_structure[0m:[36mupdate[0m | [1mChoCH fired: BULLISH | Broken level: 5810.928 | BOS count: 1[0m
[32m14:34:33[0m | [1mINFO    [0m | [36mbackend.strategies.core.market_structure[0m:[36mupdate[0m | [1mBOS fired: BULLISH | Broken level: 5810.928 | BOS count: 2 | Trend Confirmed: True[0m
[32m14:34:33[0m | [1mINFO    [0m | [36mbackend.strategies.core.market_structure[0m:[36mupdate[0m | [1mBOS fired: BULLISH | Broken level: 5810.928 | BOS count: 3 | Trend Confirmed: True[0m
[32m14:34:33[0m | [1mINFO    [0m | [36mbackend.strategies.core.market_structure[0m:[36mupdate[0m | [1mBOS fired: BULLISH | Broken level: 5810.928 | BOS count: 4 | Trend Confirmed: True[0m
[32m14:34:33[0m | [1mINFO    [0m | [36mbackend.strategies.core.market_structure[0m:[36mupdate[0m | [1mBOS fired: BULLISH | Broken level: 5810.928 | BOS count: 5 | Trend Confirmed: True[0m
[32m14:34:33[0m | [1mINFO    [0m | [36mbackend.strategies.core.market_structure[0m:[36mupdate[0m | [1mBOS fired: BULLISH | Broken level: 5810.928 | BOS count: 6 | Trend Confirmed: True[0m
[32m14:34:33[0m | [1mINFO    [0m | [36mbackend.strategies.core.market_structure[0m:[36mupdate[0m | [1mBOS fired: BULLISH | Broken level: 5810.928 | BOS count: 7 | Trend Confirmed: True[0m
[32m14:34:33[0m | [1mINFO    [0m | [36mbackend.strategies.core.market_structure[0m:[36mupdate[0m | [1mBOS fired: BULLISH | Broken level: 5810.928 | BOS count: 8 | Trend Confirmed: True[0m
[32m14:34:33[0m | [1mINFO    [0m | [36mbackend.strategies.core.market_structure[0m:[36mupdate[0m | [1mBOS fired: BULLISH | Broken level: 5810.928 | BOS count: 9 | Trend Confirmed: True[0m
[32m14:34:33[0m | [1mINFO    [0m | [36mbackend.strategies.core.market_structure[0m:[36mupdate[0m | [1mBOS fired: BULLISH | Broken level: 5810.928 | BOS count: 10 | Trend Confirmed: True[0m
[32m14:34:33[0m | [1mINFO    [0m | [36mbackend.strategies.core.market_structure[0m:[36mupdate[0m | [1mBOS fired: BULLISH | Broken level: 5810.928 | BOS count: 11 | Trend Confirmed: True[0m
[32m14:34:33[0m | [1mINFO    [0m | [36mbackend.strategies.core.market_structure[0m:[36mupdate[0m | [1mBOS fired: BULLISH | Broken level: 5810.928 | BOS count: 12 | Trend Confirmed: True[0m
[32m14:34:33[0m | [1mINFO    [0m | [36mbackend.strategies.core.market_structure[0m:[36mupdate[0m | [1mBOS fired: BULLISH | Broken level: 5810.928 | BOS count: 13 | Trend Confirmed: True[0m
[32m14:34:33[0m | [1mINFO    [0m | [36mbackend.strategies.core.market_structure[0m:[36mupdate[0m | [1mBOS fired: BULLISH | Broken level: 5810.928 | BOS count: 14 | Trend Confirmed: True[0m
[32m14:34:33[0m | [1mINFO    [0m | [36mbackend.strategies.core.market_structure[0m:[36mupdate[0m | [1mBOS fired: BULLISH | Broken level: 5810.928 | BOS count: 15 | Trend Confirmed: True[0m
[32m14:34:33[0m | [1mINFO    [0m | [36mbackend.strategies.core.market_structure[0m:[36mupdate[0m | [1mBOS fired: BULLISH | Broken level: 5810.928 | BOS count: 16 | Trend Confirmed: True[0m
[32m14:34:33[0m | [1mINFO    [0m | [36mbackend.strategies.core.market_structure[0m:[36mupdate[0m | [1mBOS fired: BULLISH | Broken level: 5810.928 | BOS count: 17 | Trend Confirmed: True[0m
[32m14:34:33[0m | [1mINFO    [0m | [36mbackend.strategies.core.market_structure[0m:[36mupdate[0m | [1mBOS fired: BULLISH | Broken level: 5810.928 | BOS count: 18 | Trend Confirmed: True[0m
[32m14:34:33[0m | [1mINFO    [0m | [36mbackend.strategies.core.market_structure[0m:[36mupdate[0m | [1mBOS fired: BULLISH | Broken level: 5810.928 | BOS count: 19 | Trend Confirmed: True[0m
[32m14:34:33[0m | [1mINFO    [0m | [36mbackend.strategies.core.market_structure[0m:[36mupdate[0m | [1mBOS fired: BULLISH | Broken level: 5810.928 | BOS count: 20 | Trend Confirmed: True[0m
[32m14:34:33[0m | [1mINFO    [0m | [36mbackend.strategies.core.market_structure[0m:[36mupdate[0m | [1mBOS fired: BULLISH | Broken level: 5810.928 | BOS count: 21 | Trend Confirmed: True[0m
[32m14:34:34[0m | [1mINFO    [0m | [36mbackend.strategies.core.market_structure[0m:[36mupdate[0m | [1mChoCH fired: BEARISH | Broken level: 5802.765 | BOS count: 1[0m
[32m14:34:34[0m | [1mINFO    [0m | [36mbackend.strategies.core.market_structure[0m:[36mupdate[0m | [1mBOS fired: BEARISH | Broken level: 5802.765 | BOS count: 2 | Trend Confirmed: True[0m
[32m14:34:34[0m | [1mINFO    [0m | [36mbackend.strategies.core.market_structure[0m:[36mupdate[0m | [1mBOS fired: BEARISH | Broken level: 5802.765 | BOS count: 3 | Trend Confirmed: True[0m
[32m14:34:34[0m | [1mINFO    [0m | [36mbackend.strategies.core.market_structure[0m:[36mupdate[0m | [1mBOS fired: BEARISH | Broken level: 5802.765 | BOS count: 4 | Trend Confirmed: True[0m
[32m14:34:34[0m | [1mINFO    [0m | [36mbackend.strategies.core.market_structure[0m:[36mupdate[0m | [1mBOS fired: BEARISH | Broken level: 5802.765 | BOS count: 5 | Trend Confirmed: True[0m
[32m14:34:34[0m | [1mINFO    [0m | [36mbackend.strategies.core.market_structure[0m:[36mupdate[0m | [1mBOS fired: BEARISH | Broken level: 5802.765 | BOS count: 6 | Trend Confirmed: True[0m
[32m14:34:34[0m | [1mINFO    [0m | [36mbackend.strategies.core.market_structure[0m:[36mupdate[0m | [1mBOS fired: BEARISH | Broken level: 5802.765 | BOS count: 7 | Trend Confirmed: True[0m
[32m14:34:34[0m | [1mINFO    [0m | [36mbackend.strategies.core.market_structure[0m:[36mupdate[0m | [1mBOS fired: BEARISH | Broken level: 5802.765 | BOS count: 8 | Trend Confirmed: True[0m
[32m14:34:34[0m | [1mINFO    [0m | [36mbackend.strategies.core.market_structure[0m:[36mupdate[0m | [1mBOS fired: BEARISH | Broken level: 5802.765 | BOS count: 9 | Trend Confirmed: True[0m
[32m14:34:34[0m | [1mINFO    [0m | [36mbackend.strategies.core.market_structure[0m:[36mupdate[0m | [1mBOS fired: BEARISH | Broken level: 5802.765 | BOS count: 10 | Trend Confirmed: True[0m
[32m14:34:34[0m | [1mINFO    [0m | [36mbackend.strategies.core.market_structure[0m:[36mupdate[0m | [1mBOS fired: BEARISH | Broken level: 5802.765 | BOS count: 11 | Trend Confirmed: True[0m
[32m14:34:34[0m | [1mINFO    [0m | [36mbackend.strategies.core.market_structure[0m:[36mupdate[0m | [1mBOS fired: BEARISH | Broken level: 5802.765 | BOS count: 12 | Trend Confirmed: True[0m
[32m14:34:34[0m | [1mINFO    [0m | [36mbackend.strategies.core.market_structure[0m:[36mupdate[0m | [1mBOS fired: BEARISH | Broken level: 5771.18 | BOS count: 13 | Trend Confirmed: True[0m
[32m14:34:34[0m | [1mINFO    [0m | [36mbackend.strategies.core.market_structure[0m:[36mupdate[0m | [1mBOS fired: BEARISH | Broken level: 5771.18 | BOS count: 14 | Trend Confirmed: True[0m
[32m14:34:34[0m | [1mINFO    [0m | [36mbackend.strategies.core.market_structure[0m:[36mupdate[0m | [1mBOS fired: BEARISH | Broken level: 5771.18 | BOS count: 15 | Trend Confirmed: True[0m
[32m14:34:34[0m | [1mINFO    [0m | [36mbackend.strategies.core.market_structure[0m:[36mupdate[0m | [1mBOS fired: BEARISH | Broken level: 5771.18 | BOS count: 16 | Trend Confirmed: True[0m
[32m14:34:34[0m | [1mINFO    [0m | [36mbackend.strategies.core.market_structure[0m:[36mupdate[0m | [1mBOS fired: BEARISH | Broken level: 5771.18 | BOS count: 17 | Trend Confirmed: True[0m
[32m14:34:34[0m | [1mINFO    [0m | [36mbackend.strategies.core.market_structure[0m:[36mupdate[0m | [1mBOS fired: BEARISH | Broken level: 5771.18 | BOS count: 18 | Trend Confirmed: True[0m
[32m14:34:34[0m | [1mINFO    [0m | [36mbackend.strategies.core.market_structure[0m:[36mupdate[0m | [1mBOS fired: BEARISH | Broken level: 5771.18 | BOS count: 19 | Trend Confirmed: True[0m
[32m14:34:34[0m | [1mINFO    [0m | [36mbackend.strategies.core.market_structure[0m:[36mupdate[0m | [1mBOS fired: BEARISH | Broken level: 5771.18 | BOS count: 20 | Trend Confirmed: True[0m
[32m14:34:34[0m | [1mINFO    [0m | [36mbackend.strategies.core.market_structure[0m:[36mupdate[0m | [1mBOS fired: BEARISH | Broken level: 5766.119 | BOS count: 21 | Trend Confirmed: True[0m
[32m14:34:34[0m | [1mINFO    [0m | [36mbackend.strategies.core.market_structure[0m:[36mupdate[0m | [1mBOS fired: BEARISH | Broken level: 5766.119 | BOS count: 22 | Trend Confirmed: True[0m
[32m14:34:34[0m | [1mINFO    [0m | [36mbackend.strategies.core.market_structure[0m:[36mupdate[0m | [1mBOS fired: BEARISH | Broken level: 5766.119 | BOS count: 23 | Trend Confirmed: True[0m
[32m14:34:34[0m | [1mINFO    [0m | [36mbackend.strategies.core.market_structure[0m:[36mupdate[0m | [1mBOS fired: BEARISH | Broken level: 5766.119 | BOS count: 24 | Trend Confirmed: True[0m
[32m14:34:34[0m | [1mINFO    [0m | [36mbackend.strategies.core.market_structure[0m:[36mupdate[0m | [1mBOS fired: BEARISH | Broken level: 5766.119 | BOS count: 25 | Trend Confirmed: True[0m
[32m14:34:34[0m | [1mINFO    [0m | [36mbackend.strategies.core.market_structure[0m:[36mupdate[0m | [1mBOS fired: BEARISH | Broken level: 5766.119 | BOS count: 26 | Trend Confirmed: True[0m
[32m14:34:34[0m | [1mINFO    [0m | [36mbackend.strategies.core.market_structure[0m:[36mupdate[0m | [1mBOS fired: BEARISH | Broken level: 5766.119 | BOS count: 27 | Trend Confirmed: True[0m
[32m14:34:34[0m | [1mINFO    [0m | [36mbackend.strategies.core.market_structure[0m:[36mupdate[0m | [1mBOS fired: BEARISH | Broken level: 5766.119 | BOS count: 28 | Trend Confirmed: True[0m
[32m14:34:34[0m | [1mINFO    [0m | [36mbackend.strategies.core.market_structure[0m:[36mupdate[0m | [1mBOS fired: BEARISH | Broken level: 5753.957 | BOS count: 29 | Trend Confirmed: True[0m
[32m14:34:34[0m | [1mINFO    [0m | [36mbackend.strategies.core.market_structure[0m:[36mupdate[0m | [1mBOS fired: BEARISH | Broken level: 5753.957 | BOS count: 30 | Trend Confirmed: True[0m
[32m14:34:34[0m | [1mINFO    [0m | [36mbackend.strategies.core.market_structure[0m:[36mupdate[0m | [1mBOS fired: BEARISH | Broken level: 5753.957 | BOS count: 31 | Trend Confirmed: True[0m
[32m14:34:34[0m | [1mINFO    [0m | [36mbackend.strategies.core.market_structure[0m:[36mupdate[0m | [1mBOS fired: BEARISH | Broken level: 5747.962 | BOS count: 32 | Trend Confirmed: True[0m
[32m14:34:34[0m | [1mINFO    [0m | [36mbackend.strategies.core.market_structure[0m:[36mupdate[0m | [1mBOS fired: BEARISH | Broken level: 5747.962 | BOS count: 33 | Trend Confirmed: True[0m
[32m14:34:34[0m | [1mINFO    [0m | [36mbackend.strategies.core.market_structure[0m:[36mupdate[0m | [1mBOS fired: BEARISH | Broken level: 5747.962 | BOS count: 34 | Trend Confirmed: True[0m
[32m14:34:34[0m | [1mINFO    [0m | [36mbackend.strategies.core.market_structure[0m:[36mupdate[0m | [1mBOS fired: BEARISH | Broken level: 5747.962 | BOS count: 35 | Trend Confirmed: True[0m
[32m14:34:34[0m | [1mINFO    [0m | [36mbackend.strategies.core.market_structure[0m:[36mupdate[0m | [1mBOS fired: BEARISH | Broken level: 5747.962 | BOS count: 36 | Trend Confirmed: True[0m
[32m14:34:34[0m | [1mINFO    [0m | [36mbackend.strategies.core.market_structure[0m:[36mupdate[0m | [1mBOS fired: BEARISH | Broken level: 5747.962 | BOS count: 37 | Trend Confirmed: True[0m
[32m14:34:34[0m | [1mINFO    [0m | [36mbackend.strategies.core.market_structure[0m:[36mupdate[0m | [1mBOS fired: BEARISH | Broken level: 5747.962 | BOS count: 38 | Trend Confirmed: True[0m
[32m14:34:34[0m | [1mINFO    [0m | [36mbackend.strategies.core.market_structure[0m:[36mupdate[0m | [1mBOS fired: BEARISH | Broken level: 5747.962 | BOS count: 39 | Trend Confirmed: True[0m
[32m14:34:34[0m | [1mINFO    [0m | [36mbackend.strategies.core.market_structure[0m:[36mupdate[0m | [1mBOS fired: BEARISH | Broken level: 5747.962 | BOS count: 40 | Trend Confirmed: True[0m
[32m14:34:34[0m | [1mINFO    [0m | [36mbackend.strategies.core.market_structure[0m:[36mupdate[0m | [1mBOS fired: BEARISH | Broken level: 5739.668 | BOS count: 41 | Trend Confirmed: True[0m
[32m14:34:34[0m | [1mINFO    [0m | [36mbackend.strategies.core.market_structure[0m:[36mupdate[0m | [1mBOS fired: BEARISH | Broken level: 5739.668 | BOS count: 42 | Trend Confirmed: True[0m
[32m14:34:34[0m | [1mINFO    [0m | [36mbackend.strategies.core.market_structure[0m:[36mupdate[0m | [1mBOS fired: BEARISH | Broken level: 5739.668 | BOS count: 43 | Trend Confirmed: True[0m
[32m14:34:34[0m | [1mINFO    [0m | [36mbackend.strategies.core.market_structure[0m:[36mupdate[0m | [1mBOS fired: BEARISH | Broken level: 5739.668 | BOS count: 44 | Trend Confirmed: True[0m
[32m14:34:34[0m | [1mINFO    [0m | [36mbackend.strategies.core.market_structure[0m:[36mupdate[0m | [1mBOS fired: BEARISH | Broken level: 5739.668 | BOS count: 45 | Trend Confirmed: True[0m
[32m14:34:34[0m | [1mINFO    [0m | [36mbackend.strategies.core.market_structure[0m:[36mupdate[0m | [1mBOS fired: BEARISH | Broken level: 5739.668 | BOS count: 46 | Trend Confirmed: True[0m
[32m14:34:34[0m | [1mINFO    [0m | [36mbackend.strategies.core.market_structure[0m:[36mupdate[0m | [1mBOS fired: BEARISH | Broken level: 5739.668 | BOS count: 47 | Trend Confirmed: True[0m
[32m14:34:34[0m | [1mINFO    [0m | [36mbackend.strategies.core.market_structure[0m:[36mupdate[0m | [1mBOS fired: BEARISH | Broken level: 5739.668 | BOS count: 48 | Trend Confirmed: True[0m
[32m14:34:34[0m | [1mINFO    [0m | [36mbackend.strategies.core.market_structure[0m:[36mupdate[0m | [1mBOS fired: BEARISH | Broken level: 5722.196 | BOS count: 49 | Trend Confirmed: True[0m
[32m14:34:34[0m | [1mINFO    [0m | [36mbackend.strategies.core.market_structure[0m:[36mupdate[0m | [1mBOS fired: BEARISH | Broken level: 5720.867 | BOS count: 50 | Trend Confirmed: True[0m
[32m14:34:34[0m | [1mINFO    [0m | [36mbackend.strategies.core.market_structure[0m:[36mupdate[0m | [1mBOS fired: BEARISH | Broken level: 5720.867 | BOS count: 51 | Trend Confirmed: True[0m
[32m14:34:34[0m | [1mINFO    [0m | [36mbackend.strategies.core.market_structure[0m:[36mupdate[0m | [1mBOS fired: BEARISH | Broken level: 5720.867 | BOS count: 52 | Trend Confirmed: True[0m
[32m14:34:34[0m | [1mINFO    [0m | [36mbackend.strategies.core.market_structure[0m:[36mupdate[0m | [1mBOS fired: BEARISH | Broken level: 5720.867 | BOS count: 53 | Trend Confirmed: True[0m
[32m14:34:34[0m | [1mINFO    [0m | [36mbackend.strategies.core.market_structure[0m:[36mupdate[0m | [1mBOS fired: BEARISH | Broken level: 5720.867 | BOS count: 54 | Trend Confirmed: True[0m
[32m14:34:34[0m | [1mINFO    [0m | [36mbackend.strategies.core.market_structure[0m:[36mupdate[0m | [1mBOS fired: BEARISH | Broken level: 5720.867 | BOS count: 55 | Trend Confirmed: True[0m
[32m14:34:34[0m | [1mINFO    [0m | [36mbackend.strategies.core.market_structure[0m:[36mupdate[0m | [1mBOS fired: BEARISH | Broken level: 5720.867 | BOS count: 56 | Trend Confirmed: True[0m
[32m14:34:34[0m | [1mINFO    [0m | [36mbackend.strategies.core.market_structure[0m:[36mupdate[0m | [1mBOS fired: BEARISH | Broken level: 5720.867 | BOS count: 57 | Trend Confirmed: True[0m
[32m14:34:35[0m | [1mINFO    [0m | [36mbackend.strategies.core.market_structure[0m:[36mupdate[0m | [1mChoCH fired: BULLISH | Broken level: 5732.62 | BOS count: 1[0m
[32m14:34:35[0m | [1mINFO    [0m | [36mbackend.strategies.core.market_structure[0m:[36mupdate[0m | [1mBOS fired: BULLISH | Broken level: 5732.62 | BOS count: 2 | Trend Confirmed: True[0m
[32m14:34:35[0m | [1mINFO    [0m | [36mbackend.strategies.core.market_structure[0m:[36mupdate[0m | [1mBOS fired: BULLISH | Broken level: 5732.62 | BOS count: 3 | Trend Confirmed: True[0m
[32m14:34:35[0m | [1mINFO    [0m | [36mbackend.strategies.core.market_structure[0m:[36mupdate[0m | [1mBOS fired: BULLISH | Broken level: 5732.62 | BOS count: 4 | Trend Confirmed: True[0m
[32m14:34:35[0m | [1mINFO    [0m | [36mbackend.strategies.core.market_structure[0m:[36mupdate[0m | [1mBOS fired: BULLISH | Broken level: 5732.62 | BOS count: 5 | Trend Confirmed: True[0m
[32m14:34:35[0m | [1mINFO    [0m | [36mbackend.strategies.core.market_structure[0m:[36mupdate[0m | [1mBOS fired: BULLISH | Broken level: 5732.62 | BOS count: 6 | Trend Confirmed: True[0m
[32m14:34:35[0m | [1mINFO    [0m | [36mbackend.strategies.core.market_structure[0m:[36mupdate[0m | [1mBOS fired: BULLISH | Broken level: 5732.62 | BOS count: 7 | Trend Confirmed: True[0m
[32m14:34:35[0m | [1mINFO    [0m | [36mbackend.strategies.core.market_structure[0m:[36mupdate[0m | [1mBOS fired: BULLISH | Broken level: 5732.62 | BOS count: 8 | Trend Confirmed: True[0m
[32m14:34:35[0m | [1mINFO    [0m | [36mbackend.strategies.core.market_structure[0m:[36mupdate[0m | [1mBOS fired: BULLISH | Broken level: 5732.62 | BOS count: 9 | Trend Confirmed: True[0m
[32m14:34:35[0m | [1mINFO    [0m | [36mbackend.strategies.core.market_structure[0m:[36mupdate[0m | [1mBOS fired: BULLISH | Broken level: 5732.62 | BOS count: 10 | Trend Confirmed: True[0m
[32m14:34:35[0m | [1mINFO    [0m | [36mbackend.strategies.core.market_structure[0m:[36mupdate[0m | [1mBOS fired: BULLISH | Broken level: 5732.62 | BOS count: 11 | Trend Confirmed: True[0m
[32m14:34:35[0m | [1mINFO    [0m | [36mbackend.strategies.core.market_structure[0m:[36mupdate[0m | [1mBOS fired: BULLISH | Broken level: 5732.62 | BOS count: 12 | Trend Confirmed: True[0m
[32m14:34:35[0m | [1mINFO    [0m | [36mbackend.strategies.core.market_structure[0m:[36mupdate[0m | [1mBOS fired: BULLISH | Broken level: 5732.62 | BOS count: 13 | Trend Confirmed: True[0m
[32m14:34:35[0m | [1mINFO    [0m | [36mbackend.strategies.core.market_structure[0m:[36mupdate[0m | [1mBOS fired: BULLISH | Broken level: 5732.62 | BOS count: 14 | Trend Confirmed: True[0m
[32m14:34:35[0m | [1mINFO    [0m | [36mbackend.strategies.core.market_structure[0m:[36mupdate[0m | [1mBOS fired: BULLISH | Broken level: 5732.62 | BOS count: 15 | Trend Confirmed: True[0m
[32m14:34:35[0m | [1mINFO    [0m | [36mbackend.strategies.core.market_structure[0m:[36mupdate[0m | [1mBOS fired: BULLISH | Broken level: 5732.62 | BOS count: 16 | Trend Confirmed: True[0m
[32m14:34:35[0m | [1mINFO    [0m | [36mbackend.strategies.core.market_structure[0m:[36mupdate[0m | [1mBOS fired: BULLISH | Broken level: 5732.62 | BOS count: 17 | Trend Confirmed: True[0m
[32m14:34:35[0m | [1mINFO    [0m | [36mbackend.strategies.core.market_structure[0m:[36mupdate[0m | [1mBOS fired: BULLISH | Broken level: 5732.62 | BOS count: 18 | Trend Confirmed: True[0m
[32m14:34:35[0m | [1mINFO    [0m | [36mbackend.strategies.core.market_structure[0m:[36mupdate[0m | [1mBOS fired: BULLISH | Broken level: 5732.62 | BOS count: 19 | Trend Confirmed: True[0m
[32m14:34:35[0m | [1mINFO    [0m | [36mbackend.strategies.core.market_structure[0m:[36mupdate[0m | [1mBOS fired: BULLISH | Broken level: 5732.62 | BOS count: 20 | Trend Confirmed: True[0m
[32m14:34:35[0m | [1mINFO    [0m | [36mbackend.strategies.core.market_structure[0m:[36mupdate[0m | [1mBOS fired: BULLISH | Broken level: 5732.62 | BOS count: 21 | Trend Confirmed: True[0m
[32m14:34:35[0m | [1mINFO    [0m | [36mbackend.strategies.core.market_structure[0m:[36mupdate[0m | [1mBOS fired: BULLISH | Broken level: 5732.62 | BOS count: 22 | Trend Confirmed: True[0m
[32m14:34:35[0m | [1mINFO    [0m | [36mbackend.strategies.core.market_structure[0m:[36mupdate[0m | [1mBOS fired: BULLISH | Broken level: 5732.62 | BOS count: 23 | Trend Confirmed: True[0m
[32m14:34:35[0m | [1mINFO    [0m | [36mbackend.strategies.core.market_structure[0m:[36mupdate[0m | [1mBOS fired: BULLISH | Broken level: 5732.62 | BOS count: 24 | Trend Confirmed: True[0m
[32m14:34:35[0m | [1mINFO    [0m | [36mbackend.strategies.core.market_structure[0m:[36mupdate[0m | [1mBOS fired: BULLISH | Broken level: 5732.62 | BOS count: 25 | Trend Confirmed: True[0m
[32m14:34:35[0m | [1mINFO    [0m | [36mbackend.strategies.core.market_structure[0m:[36mupdate[0m | [1mBOS fired: BULLISH | Broken level: 5732.62 | BOS count: 26 | Trend Confirmed: True[0m
[32m14:34:35[0m | [1mINFO    [0m | [36mbackend.strategies.core.market_structure[0m:[36mupdate[0m | [1mBOS fired: BULLISH | Broken level: 5732.62 | BOS count: 27 | Trend Confirmed: True[0m
[32m14:34:35[0m | [1mINFO    [0m | [36mbackend.strategies.core.market_structure[0m:[36mupdate[0m | [1mBOS fired: BULLISH | Broken level: 5732.62 | BOS count: 28 | Trend Confirmed: True[0m
[32m14:34:35[0m | [1mINFO    [0m | [36mbackend.strategies.core.market_structure[0m:[36mupdate[0m | [1mChoCH fired: BEARISH | Broken level: 5752.265 | BOS count: 1[0m
[32m14:34:35[0m | [1mINFO    [0m | [36mbackend.strategies.core.market_structure[0m:[36mupdate[0m | [1mBOS fired: BEARISH | Broken level: 5752.265 | BOS count: 2 | Trend Confirmed: True[0m
[32m14:34:35[0m | [1mINFO    [0m | [36mbackend.strategies.core.market_structure[0m:[36mupdate[0m | [1mBOS fired: BEARISH | Broken level: 5752.265 | BOS count: 3 | Trend Confirmed: True[0m
[32m14:34:36[0m | [1mINFO    [0m | [36mbackend.strategies.core.market_structure[0m:[36mupdate[0m | [1mBOS fired: BEARISH | Broken level: 5752.265 | BOS count: 4 | Trend Confirmed: True[0m
[32m14:34:36[0m | [1mINFO    [0m | [36mbackend.strategies.core.market_structure[0m:[36mupdate[0m | [1mBOS fired: BEARISH | Broken level: 5752.265 | BOS count: 5 | Trend Confirmed: True[0m
[32m14:34:36[0m | [1mINFO    [0m | [36mbackend.strategies.core.market_structure[0m:[36mupdate[0m | [1mBOS fired: BEARISH | Broken level: 5741.989 | BOS count: 6 | Trend Confirmed: True[0m
[32m14:34:36[0m | [1mINFO    [0m | [36mbackend.strategies.core.market_structure[0m:[36mupdate[0m | [1mBOS fired: BEARISH | Broken level: 5741.989 | BOS count: 7 | Trend Confirmed: True[0m
[32m14:34:36[0m | [1mINFO    [0m | [36mbackend.strategies.core.market_structure[0m:[36mupdate[0m | [1mBOS fired: BEARISH | Broken level: 5741.989 | BOS count: 8 | Trend Confirmed: True[0m
[32m14:34:36[0m | [1mINFO    [0m | [36mbackend.strategies.core.market_structure[0m:[36mupdate[0m | [1mBOS fired: BEARISH | Broken level: 5741.989 | BOS count: 9 | Trend Confirmed: True[0m
[32m14:34:36[0m | [1mINFO    [0m | [36mbackend.strategies.core.market_structure[0m:[36mupdate[0m | [1mBOS fired: BEARISH | Broken level: 5741.989 | BOS count: 10 | Trend Confirmed: True[0m
[32m14:34:36[0m | [1mINFO    [0m | [36mbackend.strategies.core.market_structure[0m:[36mupdate[0m | [1mBOS fired: BEARISH | Broken level: 5741.989 | BOS count: 11 | Trend Confirmed: True[0m
[32m14:34:36[0m | [1mINFO    [0m | [36mbackend.strategies.core.market_structure[0m:[36mupdate[0m | [1mBOS fired: BEARISH | Broken level: 5741.989 | BOS count: 12 | Trend Confirmed: True[0m
[32m14:34:36[0m | [1mINFO    [0m | [36mbackend.strategies.core.market_structure[0m:[36mupdate[0m | [1mBOS fired: BEARISH | Broken level: 5727.447 | BOS count: 13 | Trend Confirmed: True[0m
[32m14:34:36[0m | [1mINFO    [0m | [36mbackend.strategies.core.market_structure[0m:[36mupdate[0m | [1mBOS fired: BEARISH | Broken level: 5726.92 | BOS count: 14 | Trend Confirmed: True[0m
[32m14:34:36[0m | [1mINFO    [0m | [36mbackend.strategies.core.market_structure[0m:[36mupdate[0m | [1mChoCH fired: BULLISH | Broken level: 5736.69 | BOS count: 1[0m
[32m14:34:36[0m | [1mINFO    [0m | [36mbackend.strategies.core.market_structure[0m:[36mupdate[0m | [1mChoCH fired: BEARISH | Broken level: 5725.771 | BOS count: 1[0m
[32m14:34:36[0m | [1mINFO    [0m | [36mbackend.strategies.core.market_structure[0m:[36mupdate[0m | [1mBOS fired: BEARISH | Broken level: 5725.771 | BOS count: 2 | Trend Confirmed: True[0m
[32m14:34:36[0m | [1mINFO    [0m | [36mbackend.strategies.core.market_structure[0m:[36mupdate[0m | [1mBOS fired: BEARISH | Broken level: 5725.771 | BOS count: 3 | Trend Confirmed: True[0m
[32m14:34:36[0m | [1mINFO    [0m | [36mbackend.strategies.core.market_structure[0m:[36mupdate[0m | [1mBOS fired: BEARISH | Broken level: 5725.771 | BOS count: 4 | Trend Confirmed: True[0m
[32m14:34:36[0m | [1mINFO    [0m | [36mbackend.strategies.core.market_structure[0m:[36mupdate[0m | [1mBOS fired: BEARISH | Broken level: 5725.771 | BOS count: 5 | Trend Confirmed: True[0m
[32m14:34:36[0m | [1mINFO    [0m | [36mbackend.strategies.core.market_structure[0m:[36mupdate[0m | [1mBOS fired: BEARISH | Broken level: 5714.298 | BOS count: 6 | Trend Confirmed: True[0m
[32m14:34:36[0m | [1mINFO    [0m | [36mbackend.strategies.core.market_structure[0m:[36mupdate[0m | [1mBOS fired: BEARISH | Broken level: 5714.298 | BOS count: 7 | Trend Confirmed: True[0m
[32m14:34:36[0m | [1mINFO    [0m | [36mbackend.strategies.core.market_structure[0m:[36mupdate[0m | [1mBOS fired: BEARISH | Broken level: 5714.298 | BOS count: 8 | Trend Confirmed: True[0m
[32m14:34:36[0m | [1mINFO    [0m | [36mbackend.strategies.core.market_structure[0m:[36mupdate[0m | [1mBOS fired: BEARISH | Broken level: 5714.298 | BOS count: 9 | Trend Confirmed: True[0m
[32m14:34:36[0m | [1mINFO    [0m | [36mbackend.strategies.core.market_structure[0m:[36mupdate[0m | [1mBOS fired: BEARISH | Broken level: 5714.298 | BOS count: 10 | Trend Confirmed: True[0m
[32m14:34:36[0m | [1mINFO    [0m | [36mbackend.strategies.core.market_structure[0m:[36mupdate[0m | [1mBOS fired: BEARISH | Broken level: 5714.298 | BOS count: 11 | Trend Confirmed: True[0m
[32m14:34:36[0m | [1mINFO    [0m | [36mbackend.strategies.core.market_structure[0m:[36mupdate[0m | [1mBOS fired: BEARISH | Broken level: 5714.298 | BOS count: 12 | Trend Confirmed: True[0m
[32m14:34:36[0m | [1mINFO    [0m | [36mbackend.strategies.core.market_structure[0m:[36mupdate[0m | [1mBOS fired: BEARISH | Broken level: 5700.53 | BOS count: 13 | Trend Confirmed: True[0m
[32m14:34:36[0m | [1mINFO    [0m | [36mbackend.strategies.core.market_structure[0m:[36mupdate[0m | [1mBOS fired: BEARISH | Broken level: 5700.53 | BOS count: 14 | Trend Confirmed: True[0m
[32m14:34:36[0m | [1mINFO    [0m | [36mbackend.strategies.core.market_structure[0m:[36mupdate[0m | [1mBOS fired: BEARISH | Broken level: 5700.53 | BOS count: 15 | Trend Confirmed: True[0m
[32m14:34:36[0m | [1mINFO    [0m | [36mbackend.strategies.core.market_structure[0m:[36mupdate[0m | [1mBOS fired: BEARISH | Broken level: 5699.617 | BOS count: 16 | Trend Confirmed: True[0m
[32m14:34:36[0m | [1mINFO    [0m | [36mbackend.strategies.core.market_structure[0m:[36mupdate[0m | [1mBOS fired: BEARISH | Broken level: 5699.617 | BOS count: 17 | Trend Confirmed: True[0m
[32m14:34:36[0m | [1mINFO    [0m | [36mbackend.strategies.core.market_structure[0m:[36mupdate[0m | [1mBOS fired: BEARISH | Broken level: 5699.617 | BOS count: 18 | Trend Confirmed: True[0m
[32m14:34:36[0m | [1mINFO    [0m | [36mbackend.strategies.core.market_structure[0m:[36mupdate[0m | [1mChoCH fired: BULLISH | Broken level: 5706.379 | BOS count: 1[0m
[32m14:34:36[0m | [1mINFO    [0m | [36mbackend.strategies.core.market_structure[0m:[36mupdate[0m | [1mBOS fired: BULLISH | Broken level: 5706.379 | BOS count: 2 | Trend Confirmed: True[0m
[32m14:34:36[0m | [1mINFO    [0m | [36mbackend.strategies.core.market_structure[0m:[36mupdate[0m | [1mBOS fired: BULLISH | Broken level: 5706.379 | BOS count: 3 | Trend Confirmed: True[0m
[32m14:34:36[0m | [1mINFO    [0m | [36mbackend.strategies.core.market_structure[0m:[36mupdate[0m | [1mBOS fired: BULLISH | Broken level: 5706.379 | BOS count: 4 | Trend Confirmed: True[0m
[32m14:34:36[0m | [1mINFO    [0m | [36mbackend.strategies.core.market_structure[0m:[36mupdate[0m | [1mBOS fired: BULLISH | Broken level: 5706.379 | BOS count: 5 | Trend Confirmed: True[0m
[32m14:34:36[0m | [1mINFO    [0m | [36mbackend.strategies.core.market_structure[0m:[36mupdate[0m | [1mBOS fired: BULLISH | Broken level: 5706.379 | BOS count: 6 | Trend Confirmed: True[0m
[32m14:34:36[0m | [1mINFO    [0m | [36mbackend.strategies.core.market_structure[0m:[36mupdate[0m | [1mBOS fired: BULLISH | Broken level: 5706.379 | BOS count: 7 | Trend Confirmed: True[0m
[32m14:34:36[0m | [1mINFO    [0m | [36mbackend.strategies.core.market_structure[0m:[36mupdate[0m | [1mBOS fired: BULLISH | Broken level: 5706.379 | BOS count: 8 | Trend Confirmed: True[0m
[32m14:34:36[0m | [1mINFO    [0m | [36mbackend.strategies.core.market_structure[0m:[36mupdate[0m | [1mBOS fired: BULLISH | Broken level: 5706.379 | BOS count: 9 | Trend Confirmed: True[0m
[32m14:34:37[0m | [1mINFO    [0m | [36mbackend.strategies.core.market_structure[0m:[36mupdate[0m | [1mBOS fired: BULLISH | Broken level: 5706.379 | BOS count: 10 | Trend Confirmed: True[0m
[32m14:34:37[0m | [1mINFO    [0m | [36mbackend.strategies.core.market_structure[0m:[36mupdate[0m | [1mBOS fired: BULLISH | Broken level: 5713.559 | BOS count: 11 | Trend Confirmed: True[0m
[32m14:34:37[0m | [1mINFO    [0m | [36mbackend.strategies.core.market_structure[0m:[36mupdate[0m | [1mBOS fired: BULLISH | Broken level: 5713.559 | BOS count: 12 | Trend Confirmed: True[0m
[32m14:34:37[0m | [1mINFO    [0m | [36mbackend.strategies.core.market_structure[0m:[36mupdate[0m | [1mBOS fired: BULLISH | Broken level: 5713.559 | BOS count: 13 | Trend Confirmed: True[0m
[32m14:34:37[0m | [1mINFO    [0m | [36mbackend.strategies.core.market_structure[0m:[36mupdate[0m | [1mBOS fired: BULLISH | Broken level: 5754.061 | BOS count: 14 | Trend Confirmed: True[0m
[32m14:34:37[0m | [1mINFO    [0m | [36mbackend.strategies.core.market_structure[0m:[36mupdate[0m | [1mBOS fired: BULLISH | Broken level: 5754.061 | BOS count: 15 | Trend Confirmed: True[0m
[32m14:34:37[0m | [1mINFO    [0m | [36mbackend.strategies.core.market_structure[0m:[36mupdate[0m | [1mBOS fired: BULLISH | Broken level: 5754.061 | BOS count: 16 | Trend Confirmed: True[0m
[32m14:34:37[0m | [1mINFO    [0m | [36mbackend.strategies.core.market_structure[0m:[36mupdate[0m | [1mBOS fired: BULLISH | Broken level: 5754.061 | BOS count: 17 | Trend Confirmed: True[0m
[32m14:34:37[0m | [1mINFO    [0m | [36mbackend.strategies.core.market_structure[0m:[36mupdate[0m | [1mBOS fired: BULLISH | Broken level: 5754.061 | BOS count: 18 | Trend Confirmed: True[0m
[32m14:34:37[0m | [1mINFO    [0m | [36mbackend.strategies.core.market_structure[0m:[36mupdate[0m | [1mBOS fired: BULLISH | Broken level: 5754.061 | BOS count: 19 | Trend Confirmed: True[0m
[32m14:34:37[0m | [1mINFO    [0m | [36mbackend.strategies.core.market_structure[0m:[36mupdate[0m | [1mBOS fired: BULLISH | Broken level: 5754.061 | BOS count: 20 | Trend Confirmed: True[0m
[32m14:34:37[0m | [1mINFO    [0m | [36mbackend.strategies.core.market_structure[0m:[36mupdate[0m | [1mChoCH fired: BEARISH | Broken level: 5735.965 | BOS count: 1[0m
[32m14:34:37[0m | [1mINFO    [0m | [36mbackend.strategies.core.market_structure[0m:[36mupdate[0m | [1mBOS fired: BEARISH | Broken level: 5735.965 | BOS count: 2 | Trend Confirmed: True[0m
[32m14:34:37[0m | [1mINFO    [0m | [36mbackend.strategies.core.market_structure[0m:[36mupdate[0m | [1mBOS fired: BEARISH | Broken level: 5735.965 | BOS count: 3 | Trend Confirmed: True[0m
[32m14:34:37[0m | [1mINFO    [0m | [36mbackend.strategies.core.market_structure[0m:[36mupdate[0m | [1mBOS fired: BEARISH | Broken level: 5735.965 | BOS count: 4 | Trend Confirmed: True[0m
[32m14:34:37[0m | [1mINFO    [0m | [36mbackend.strategies.core.market_structure[0m:[36mupdate[0m | [1mBOS fired: BEARISH | Broken level: 5735.965 | BOS count: 5 | Trend Confirmed: True[0m
[32m14:34:37[0m | [1mINFO    [0m | [36mbackend.strategies.core.market_structure[0m:[36mupdate[0m | [1mBOS fired: BEARISH | Broken level: 5735.965 | BOS count: 6 | Trend Confirmed: True[0m
[32m14:34:37[0m | [1mINFO    [0m | [36mbackend.strategies.core.market_structure[0m:[36mupdate[0m | [1mBOS fired: BEARISH | Broken level: 5735.965 | BOS count: 7 | Trend Confirmed: True[0m
[32m14:34:37[0m | [1mINFO    [0m | [36mbackend.strategies.core.market_structure[0m:[36mupdate[0m | [1mBOS fired: BEARISH | Broken level: 5735.965 | BOS count: 8 | Trend Confirmed: True[0m
[32m14:34:37[0m | [1mINFO    [0m | [36mbackend.strategies.core.market_structure[0m:[36mupdate[0m | [1mBOS fired: BEARISH | Broken level: 5735.965 | BOS count: 9 | Trend Confirmed: True[0m
[32m14:34:37[0m | [1mINFO    [0m | [36mbackend.strategies.core.market_structure[0m:[36mupdate[0m | [1mBOS fired: BEARISH | Broken level: 5723.507 | BOS count: 10 | Trend Confirmed: True[0m
[32m14:34:37[0m | [1mINFO    [0m | [36mbackend.strategies.core.market_structure[0m:[36mupdate[0m | [1mBOS fired: BEARISH | Broken level: 5723.507 | BOS count: 11 | Trend Confirmed: True[0m
[32m14:34:37[0m | [1mINFO    [0m | [36mbackend.strategies.core.market_structure[0m:[36mupdate[0m | [1mBOS fired: BEARISH | Broken level: 5723.507 | BOS count: 12 | Trend Confirmed: True[0m
[32m14:34:37[0m | [1mINFO    [0m | [36mbackend.strategies.core.market_structure[0m:[36mupdate[0m | [1mBOS fired: BEARISH | Broken level: 5723.507 | BOS count: 13 | Trend Confirmed: True[0m
[32m14:34:37[0m | [1mINFO    [0m | [36mbackend.strategies.core.market_structure[0m:[36mupdate[0m | [1mBOS fired: BEARISH | Broken level: 5723.507 | BOS count: 14 | Trend Confirmed: True[0m
[32m14:34:37[0m | [1mINFO    [0m | [36mbackend.strategies.core.market_structure[0m:[36mupdate[0m | [1mChoCH fired: BULLISH | Broken level: 5744.773 | BOS count: 1[0m
[32m14:34:37[0m | [1mINFO    [0m | [36mbackend.strategies.core.market_structure[0m:[36mupdate[0m | [1mBOS fired: BULLISH | Broken level: 5749.145 | BOS count: 2 | Trend Confirmed: True[0m
[32m14:34:37[0m | [1mINFO    [0m | [36mbackend.strategies.core.market_structure[0m:[36mupdate[0m | [1mBOS fired: BULLISH | Broken level: 5749.145 | BOS count: 3 | Trend Confirmed: True[0m
[32m14:34:37[0m | [1mINFO    [0m | [36mbackend.strategies.core.market_structure[0m:[36mupdate[0m | [1mChoCH fired: BEARISH | Broken level: 5736.397 | BOS count: 1[0m
[32m14:34:37[0m | [1mINFO    [0m | [36mbackend.strategies.core.market_structure[0m:[36mupdate[0m | [1mBOS fired: BEARISH | Broken level: 5736.397 | BOS count: 2 | Trend Confirmed: True[0m
[32m14:34:37[0m | [1mINFO    [0m | [36mbackend.strategies.core.market_structure[0m:[36mupdate[0m | [1mBOS fired: BEARISH | Broken level: 5736.397 | BOS count: 3 | Trend Confirmed: True[0m
[32m14:34:37[0m | [1mINFO    [0m | [36mbackend.strategies.core.market_structure[0m:[36mupdate[0m | [1mBOS fired: BEARISH | Broken level: 5736.397 | BOS count: 4 | Trend Confirmed: True[0m
[32m14:34:37[0m | [1mINFO    [0m | [36mbackend.strategies.core.market_structure[0m:[36mupdate[0m | [1mBOS fired: BEARISH | Broken level: 5736.397 | BOS count: 5 | Trend Confirmed: True[0m
[32m14:34:38[0m | [1mINFO    [0m | [36mbackend.strategies.core.market_structure[0m:[36mupdate[0m | [1mChoCH fired: BULLISH | Broken level: 5752.016 | BOS count: 1[0m
[32m14:34:38[0m | [1mINFO    [0m | [36mbackend.strategies.core.market_structure[0m:[36mupdate[0m | [1mBOS fired: BULLISH | Broken level: 5752.016 | BOS count: 2 | Trend Confirmed: True[0m
[32m14:34:38[0m | [1mINFO    [0m | [36mbackend.strategies.core.market_structure[0m:[36mupdate[0m | [1mBOS fired: BULLISH | Broken level: 5752.016 | BOS count: 3 | Trend Confirmed: True[0m
[32m14:34:38[0m | [1mINFO    [0m | [36mbackend.strategies.core.market_structure[0m:[36mupdate[0m | [1mBOS fired: BULLISH | Broken level: 5752.016 | BOS count: 4 | Trend Confirmed: True[0m
[32m14:34:38[0m | [1mINFO    [0m | [36mbackend.strategies.core.market_structure[0m:[36mupdate[0m | [1mBOS fired: BULLISH | Broken level: 5752.016 | BOS count: 5 | Trend Confirmed: True[0m
[32m14:34:38[0m | [1mINFO    [0m | [36mbackend.strategies.core.market_structure[0m:[36mupdate[0m | [1mBOS fired: BULLISH | Broken level: 5752.016 | BOS count: 6 | Trend Confirmed: True[0m
[32m14:34:38[0m | [1mINFO    [0m | [36mbackend.strategies.core.market_structure[0m:[36mupdate[0m | [1mBOS fired: BULLISH | Broken level: 5752.016 | BOS count: 7 | Trend Confirmed: True[0m
[32m14:34:38[0m | [1mINFO    [0m | [36mbackend.strategies.core.market_structure[0m:[36mupdate[0m | [1mBOS fired: BULLISH | Broken level: 5752.016 | BOS count: 8 | Trend Confirmed: True[0m
[32m14:34:38[0m | [1mINFO    [0m | [36mbackend.strategies.core.market_structure[0m:[36mupdate[0m | [1mBOS fired: BULLISH | Broken level: 5752.016 | BOS count: 9 | Trend Confirmed: True[0m
[32m14:34:38[0m | [1mINFO    [0m | [36mbackend.strategies.core.market_structure[0m:[36mupdate[0m | [1mBOS fired: BULLISH | Broken level: 5752.016 | BOS count: 10 | Trend Confirmed: True[0m
[32m14:34:38[0m | [1mINFO    [0m | [36mbackend.strategies.core.market_structure[0m:[36mupdate[0m | [1mBOS fired: BULLISH | Broken level: 5752.016 | BOS count: 11 | Trend Confirmed: True[0m
[32m14:34:38[0m | [1mINFO    [0m | [36mbackend.strategies.core.market_structure[0m:[36mupdate[0m | [1mBOS fired: BULLISH | Broken level: 5752.016 | BOS count: 12 | Trend Confirmed: True[0m
[32m14:34:38[0m | [1mINFO    [0m | [36mbackend.strategies.core.market_structure[0m:[36mupdate[0m | [1mBOS fired: BULLISH | Broken level: 5752.016 | BOS count: 13 | Trend Confirmed: True[0m
[32m14:34:38[0m | [1mINFO    [0m | [36mbackend.strategies.core.market_structure[0m:[36mupdate[0m | [1mBOS fired: BULLISH | Broken level: 5752.016 | BOS count: 14 | Trend Confirmed: True[0m
[32m14:34:38[0m | [1mINFO    [0m | [36mbackend.strategies.core.market_structure[0m:[36mupdate[0m | [1mBOS fired: BULLISH | Broken level: 5752.016 | BOS count: 15 | Trend Confirmed: True[0m
[32m14:34:38[0m | [1mINFO    [0m | [36mbackend.strategies.core.market_structure[0m:[36mupdate[0m | [1mBOS fired: BULLISH | Broken level: 5752.016 | BOS count: 16 | Trend Confirmed: True[0m
[32m14:34:38[0m | [1mINFO    [0m | [36mbackend.strategies.core.market_structure[0m:[36mupdate[0m | [1mBOS fired: BULLISH | Broken level: 5752.016 | BOS count: 17 | Trend Confirmed: True[0m
[32m14:34:38[0m | [1mINFO    [0m | [36mbackend.strategies.core.market_structure[0m:[36mupdate[0m | [1mBOS fired: BULLISH | Broken level: 5752.016 | BOS count: 18 | Trend Confirmed: True[0m
[32m14:34:38[0m | [1mINFO    [0m | [36mbackend.strategies.core.market_structure[0m:[36mupdate[0m | [1mBOS fired: BULLISH | Broken level: 5752.016 | BOS count: 19 | Trend Confirmed: True[0m
[32m14:34:38[0m | [1mINFO    [0m | [36mbackend.strategies.core.market_structure[0m:[36mupdate[0m | [1mBOS fired: BULLISH | Broken level: 5752.016 | BOS count: 20 | Trend Confirmed: True[0m
[32m14:34:38[0m | [1mINFO    [0m | [36mbackend.strategies.core.market_structure[0m:[36mupdate[0m | [1mBOS fired: BULLISH | Broken level: 5752.016 | BOS count: 21 | Trend Confirmed: True[0m
[32m14:34:38[0m | [1mINFO    [0m | [36mbackend.strategies.core.market_structure[0m:[36mupdate[0m | [1mBOS fired: BULLISH | Broken level: 5752.016 | BOS count: 22 | Trend Confirmed: True[0m
[32m14:34:38[0m | [1mINFO    [0m | [36mbackend.strategies.core.market_structure[0m:[36mupdate[0m | [1mBOS fired: BULLISH | Broken level: 5778.79 | BOS count: 23 | Trend Confirmed: True[0m
[32m14:34:38[0m | [1mINFO    [0m | [36mbackend.strategies.core.market_structure[0m:[36mupdate[0m | [1mBOS fired: BULLISH | Broken level: 5750.103 | BOS count: 24 | Trend Confirmed: True[0m
[32m14:34:38[0m | [1mINFO    [0m | [36mbackend.strategies.core.market_structure[0m:[36mupdate[0m | [1mBOS fired: BULLISH | Broken level: 5750.103 | BOS count: 25 | Trend Confirmed: True[0m
[32m14:34:38[0m | [1mINFO    [0m | [36mbackend.strategies.core.market_structure[0m:[36mupdate[0m | [1mBOS fired: BULLISH | Broken level: 5750.103 | BOS count: 26 | Trend Confirmed: True[0m
[32m14:34:38[0m | [1mINFO    [0m | [36mbackend.strategies.core.market_structure[0m:[36mupdate[0m | [1mBOS fired: BULLISH | Broken level: 5750.103 | BOS count: 27 | Trend Confirmed: True[0m
[32m14:34:38[0m | [1mINFO    [0m | [36mbackend.strategies.core.market_structure[0m:[36mupdate[0m | [1mBOS fired: BULLISH | Broken level: 5750.103 | BOS count: 28 | Trend Confirmed: True[0m
[32m14:34:38[0m | [1mINFO    [0m | [36mbackend.strategies.core.market_structure[0m:[36mupdate[0m | [1mBOS fired: BULLISH | Broken level: 5750.103 | BOS count: 29 | Trend Confirmed: True[0m
[32m14:34:38[0m | [1mINFO    [0m | [36mbackend.strategies.core.market_structure[0m:[36mupdate[0m | [1mBOS fired: BULLISH | Broken level: 5750.103 | BOS count: 30 | Trend Confirmed: True[0m
[32m14:34:38[0m | [1mINFO    [0m | [36mbackend.strategies.core.market_structure[0m:[36mupdate[0m | [1mBOS fired: BULLISH | Broken level: 5750.103 | BOS count: 31 | Trend Confirmed: True[0m
[32m14:34:38[0m | [1mINFO    [0m | [36mbackend.strategies.core.market_structure[0m:[36mupdate[0m | [1mBOS fired: BULLISH | Broken level: 5750.103 | BOS count: 32 | Trend Confirmed: True[0m
[32m14:34:38[0m | [1mINFO    [0m | [36mbackend.strategies.core.market_structure[0m:[36mupdate[0m | [1mBOS fired: BULLISH | Broken level: 5750.103 | BOS count: 33 | Trend Confirmed: True[0m
[32m14:34:38[0m | [1mINFO    [0m | [36mbackend.strategies.core.market_structure[0m:[36mupdate[0m | [1mBOS fired: BULLISH | Broken level: 5750.103 | BOS count: 34 | Trend Confirmed: True[0m
[32m14:34:38[0m | [1mINFO    [0m | [36mbackend.strategies.core.market_structure[0m:[36mupdate[0m | [1mBOS fired: BULLISH | Broken level: 5750.103 | BOS count: 35 | Trend Confirmed: True[0m
[32m14:34:38[0m | [1mINFO    [0m | [36mbackend.strategies.core.market_structure[0m:[36mupdate[0m | [1mBOS fired: BULLISH | Broken level: 5750.103 | BOS count: 36 | Trend Confirmed: True[0m
[32m14:34:38[0m | [1mINFO    [0m | [36mbackend.strategies.core.market_structure[0m:[36mupdate[0m | [1mBOS fired: BULLISH | Broken level: 5768.398 | BOS count: 37 | Trend Confirmed: True[0m
[32m14:34:38[0m | [1mINFO    [0m | [36mbackend.strategies.core.market_structure[0m:[36mupdate[0m | [1mBOS fired: BULLISH | Broken level: 5768.398 | BOS count: 38 | Trend Confirmed: True[0m
[32m14:34:38[0m | [1mINFO    [0m | [36mbackend.strategies.core.market_structure[0m:[36mupdate[0m | [1mBOS fired: BULLISH | Broken level: 5768.398 | BOS count: 39 | Trend Confirmed: True[0m
[32m14:34:38[0m | [1mINFO    [0m | [36mbackend.strategies.core.market_structure[0m:[36mupdate[0m | [1mBOS fired: BULLISH | Broken level: 5768.398 | BOS count: 40 | Trend Confirmed: True[0m
[32m14:34:38[0m | [1mINFO    [0m | [36mbackend.strategies.core.market_structure[0m:[36mupdate[0m | [1mBOS fired: BULLISH | Broken level: 5768.398 | BOS count: 41 | Trend Confirmed: True[0m
[32m14:34:38[0m | [1mINFO    [0m | [36mbackend.strategies.core.market_structure[0m:[36mupdate[0m | [1mBOS fired: BULLISH | Broken level: 5766.3 | BOS count: 42 | Trend Confirmed: True[0m
[32m14:34:38[0m | [1mINFO    [0m | [36mbackend.strategies.core.market_structure[0m:[36mupdate[0m | [1mBOS fired: BULLISH | Broken level: 5766.3 | BOS count: 43 | Trend Confirmed: True[0m
[32m14:34:38[0m | [1mINFO    [0m | [36mbackend.strategies.core.market_structure[0m:[36mupdate[0m | [1mChoCH fired: BEARISH | Broken level: 5761.531 | BOS count: 1[0m
[32m14:34:38[0m | [1mINFO    [0m | [36mbackend.strategies.core.market_structure[0m:[36mupdate[0m | [1mBOS fired: BEARISH | Broken level: 5761.531 | BOS count: 2 | Trend Confirmed: True[0m
[32m14:34:38[0m | [1mINFO    [0m | [36mbackend.strategies.core.market_structure[0m:[36mupdate[0m | [1mBOS fired: BEARISH | Broken level: 5761.531 | BOS count: 3 | Trend Confirmed: True[0m
[32m14:34:38[0m | [1mINFO    [0m | [36mbackend.strategies.core.market_structure[0m:[36mupdate[0m | [1mBOS fired: BEARISH | Broken level: 5761.531 | BOS count: 4 | Trend Confirmed: True[0m
[32m14:34:38[0m | [1mINFO    [0m | [36mbackend.strategies.core.market_structure[0m:[36mupdate[0m | [1mBOS fired: BEARISH | Broken level: 5761.531 | BOS count: 5 | Trend Confirmed: True[0m
[32m14:34:38[0m | [1mINFO    [0m | [36mbackend.strategies.core.market_structure[0m:[36mupdate[0m | [1mBOS fired: BEARISH | Broken level: 5761.531 | BOS count: 6 | Trend Confirmed: True[0m
[32m14:34:38[0m | [1mINFO    [0m | [36mbackend.strategies.core.market_structure[0m:[36mupdate[0m | [1mBOS fired: BEARISH | Broken level: 5761.531 | BOS count: 7 | Trend Confirmed: True[0m
[32m14:34:38[0m | [1mINFO    [0m | [36mbackend.strategies.core.market_structure[0m:[36mupdate[0m | [1mBOS fired: BEARISH | Broken level: 5761.531 | BOS count: 8 | Trend Confirmed: True[0m
[32m14:34:39[0m | [1mINFO    [0m | [36mbackend.strategies.core.market_structure[0m:[36mupdate[0m | [1mBOS fired: BEARISH | Broken level: 5752.124 | BOS count: 9 | Trend Confirmed: True[0m
[32m14:34:39[0m | [1mINFO    [0m | [36mbackend.strategies.core.market_structure[0m:[36mupdate[0m | [1mBOS fired: BEARISH | Broken level: 5752.124 | BOS count: 10 | Trend Confirmed: True[0m
[32m14:34:39[0m | [1mINFO    [0m | [36mbackend.strategies.core.market_structure[0m:[36mupdate[0m | [1mBOS fired: BEARISH | Broken level: 5752.124 | BOS count: 11 | Trend Confirmed: True[0m
[32m14:34:39[0m | [1mINFO    [0m | [36mbackend.strategies.core.market_structure[0m:[36mupdate[0m | [1mBOS fired: BEARISH | Broken level: 5752.124 | BOS count: 12 | Trend Confirmed: True[0m
[32m14:34:39[0m | [1mINFO    [0m | [36mbackend.strategies.core.market_structure[0m:[36mupdate[0m | [1mBOS fired: BEARISH | Broken level: 5752.124 | BOS count: 13 | Trend Confirmed: True[0m
[32m14:34:39[0m | [1mINFO    [0m | [36mbackend.strategies.core.market_structure[0m:[36mupdate[0m | [1mBOS fired: BEARISH | Broken level: 5752.124 | BOS count: 14 | Trend Confirmed: True[0m
[32m14:34:39[0m | [1mINFO    [0m | [36mbackend.strategies.core.market_structure[0m:[36mupdate[0m | [1mChoCH fired: BULLISH | Broken level: 5761.354 | BOS count: 1[0m
[32m14:34:39[0m | [1mINFO    [0m | [36mbackend.strategies.core.market_structure[0m:[36mupdate[0m | [1mBOS fired: BULLISH | Broken level: 5761.354 | BOS count: 2 | Trend Confirmed: True[0m
[32m14:34:39[0m | [1mINFO    [0m | [36mbackend.strategies.core.market_structure[0m:[36mupdate[0m | [1mBOS fired: BULLISH | Broken level: 5761.354 | BOS count: 3 | Trend Confirmed: True[0m
[32m14:34:39[0m | [1mINFO    [0m | [36mbackend.strategies.core.market_structure[0m:[36mupdate[0m | [1mBOS fired: BULLISH | Broken level: 5761.354 | BOS count: 4 | Trend Confirmed: True[0m
[32m14:34:39[0m | [1mINFO    [0m | [36mbackend.strategies.core.market_structure[0m:[36mupdate[0m | [1mBOS fired: BULLISH | Broken level: 5761.354 | BOS count: 5 | Trend Confirmed: True[0m
[32m14:34:39[0m | [1mINFO    [0m | [36mbackend.strategies.core.market_structure[0m:[36mupdate[0m | [1mBOS fired: BULLISH | Broken level: 5761.354 | BOS count: 6 | Trend Confirmed: True[0m
[32m14:34:39[0m | [1mINFO    [0m | [36mbackend.strategies.core.market_structure[0m:[36mupdate[0m | [1mBOS fired: BULLISH | Broken level: 5761.354 | BOS count: 7 | Trend Confirmed: True[0m
[32m14:34:39[0m | [1mINFO    [0m | [36mbackend.strategies.core.market_structure[0m:[36mupdate[0m | [1mBOS fired: BULLISH | Broken level: 5761.354 | BOS count: 8 | Trend Confirmed: True[0m
[32m14:34:39[0m | [1mINFO    [0m | [36mbackend.strategies.core.market_structure[0m:[36mupdate[0m | [1mBOS fired: BULLISH | Broken level: 5761.354 | BOS count: 9 | Trend Confirmed: True[0m
[32m14:34:39[0m | [1mINFO    [0m | [36mbackend.strategies.core.market_structure[0m:[36mupdate[0m | [1mBOS fired: BULLISH | Broken level: 5761.354 | BOS count: 10 | Trend Confirmed: True[0m
[32m14:34:39[0m | [1mINFO    [0m | [36mbackend.strategies.core.market_structure[0m:[36mupdate[0m | [1mBOS fired: BULLISH | Broken level: 5761.354 | BOS count: 11 | Trend Confirmed: True[0m
[32m14:34:39[0m | [1mINFO    [0m | [36mbackend.strategies.core.market_structure[0m:[36mupdate[0m | [1mBOS fired: BULLISH | Broken level: 5772.443 | BOS count: 12 | Trend Confirmed: True[0m
[32m14:34:39[0m | [1mINFO    [0m | [36mbackend.strategies.core.market_structure[0m:[36mupdate[0m | [1mChoCH fired: BEARISH | Broken level: 5622.584 | BOS count: 1[0m
[32m14:34:39[0m | [1mINFO    [0m | [36mbackend.strategies.core.market_structure[0m:[36mupdate[0m | [1mBOS fired: BEARISH | Broken level: 5622.584 | BOS count: 2 | Trend Confirmed: True[0m
[32m14:34:39[0m | [1mINFO    [0m | [36mbackend.strategies.core.market_structure[0m:[36mupdate[0m | [1mBOS fired: BEARISH | Broken level: 5622.584 | BOS count: 3 | Trend Confirmed: True[0m
[32m14:34:39[0m | [1mINFO    [0m | [36mbackend.strategies.core.market_structure[0m:[36mupdate[0m | [1mBOS fired: BEARISH | Broken level: 5622.584 | BOS count: 4 | Trend Confirmed: True[0m
[32m14:34:40[0m | [1mINFO    [0m | [36mbackend.strategies.core.market_structure[0m:[36mupdate[0m | [1mBOS fired: BEARISH | Broken level: 5622.584 | BOS count: 5 | Trend Confirmed: True[0m
[32m14:34:40[0m | [1mINFO    [0m | [36mbackend.strategies.core.market_structure[0m:[36mupdate[0m | [1mBOS fired: BEARISH | Broken level: 5622.584 | BOS count: 6 | Trend Confirmed: True[0m
[32m14:34:40[0m | [1mINFO    [0m | [36mbackend.strategies.core.market_structure[0m:[36mupdate[0m | [1mBOS fired: BEARISH | Broken level: 5622.584 | BOS count: 7 | Trend Confirmed: True[0m
[32m14:34:40[0m | [1mINFO    [0m | [36mbackend.strategies.core.market_structure[0m:[36mupdate[0m | [1mBOS fired: BEARISH | Broken level: 5622.584 | BOS count: 8 | Trend Confirmed: True[0m
[32m14:34:40[0m | [1mINFO    [0m | [36mbackend.strategies.core.market_structure[0m:[36mupdate[0m | [1mBOS fired: BEARISH | Broken level: 5607.871 | BOS count: 9 | Trend Confirmed: True[0m
[32m14:34:40[0m | [1mINFO    [0m | [36mbackend.strategies.core.market_structure[0m:[36mupdate[0m | [1mBOS fired: BEARISH | Broken level: 5617.848 | BOS count: 10 | Trend Confirmed: True[0m
[32m14:34:40[0m | [1mINFO    [0m | [36mbackend.strategies.core.market_structure[0m:[36mupdate[0m | [1mBOS fired: BEARISH | Broken level: 5617.848 | BOS count: 11 | Trend Confirmed: True[0m
[32m14:34:40[0m | [1mINFO    [0m | [36mbackend.strategies.core.market_structure[0m:[36mupdate[0m | [1mBOS fired: BEARISH | Broken level: 5617.848 | BOS count: 12 | Trend Confirmed: True[0m
[32m14:34:40[0m | [1mINFO    [0m | [36mbackend.strategies.core.market_structure[0m:[36mupdate[0m | [1mBOS fired: BEARISH | Broken level: 5617.848 | BOS count: 13 | Trend Confirmed: True[0m
[32m14:34:40[0m | [1mINFO    [0m | [36mbackend.strategies.core.market_structure[0m:[36mupdate[0m | [1mBOS fired: BEARISH | Broken level: 5617.848 | BOS count: 14 | Trend Confirmed: True[0m
[32m14:34:40[0m | [1mINFO    [0m | [36mbackend.strategies.core.market_structure[0m:[36mupdate[0m | [1mBOS fired: BEARISH | Broken level: 5617.848 | BOS count: 15 | Trend Confirmed: True[0m
[32m14:34:40[0m | [1mINFO    [0m | [36mbackend.strategies.core.market_structure[0m:[36mupdate[0m | [1mBOS fired: BEARISH | Broken level: 5617.848 | BOS count: 16 | Trend Confirmed: True[0m
[32m14:34:40[0m | [1mINFO    [0m | [36mbackend.strategies.core.market_structure[0m:[36mupdate[0m | [1mBOS fired: BEARISH | Broken level: 5617.848 | BOS count: 17 | Trend Confirmed: True[0m
[32m14:34:40[0m | [1mINFO    [0m | [36mbackend.strategies.core.market_structure[0m:[36mupdate[0m | [1mBOS fired: BEARISH | Broken level: 5617.848 | BOS count: 18 | Trend Confirmed: True[0m
[32m14:34:40[0m | [1mINFO    [0m | [36mbackend.strategies.core.market_structure[0m:[36mupdate[0m | [1mBOS fired: BEARISH | Broken level: 5595.022 | BOS count: 19 | Trend Confirmed: True[0m
[32m14:34:40[0m | [1mINFO    [0m | [36mbackend.strategies.core.market_structure[0m:[36mupdate[0m | [1mBOS fired: BEARISH | Broken level: 5595.022 | BOS count: 20 | Trend Confirmed: True[0m
[32m14:34:40[0m | [1mINFO    [0m | [36mbackend.strategies.core.market_structure[0m:[36mupdate[0m | [1mBOS fired: BEARISH | Broken level: 5595.022 | BOS count: 21 | Trend Confirmed: True[0m
[32m14:34:40[0m | [1mINFO    [0m | [36mbackend.strategies.core.market_structure[0m:[36mupdate[0m | [1mBOS fired: BEARISH | Broken level: 5595.022 | BOS count: 22 | Trend Confirmed: True[0m
[32m14:34:40[0m | [1mINFO    [0m | [36mbackend.strategies.core.market_structure[0m:[36mupdate[0m | [1mBOS fired: BEARISH | Broken level: 5595.022 | BOS count: 23 | Trend Confirmed: True[0m
[32m14:34:40[0m | [1mINFO    [0m | [36mbackend.strategies.core.market_structure[0m:[36mupdate[0m | [1mBOS fired: BEARISH | Broken level: 5595.022 | BOS count: 24 | Trend Confirmed: True[0m
[32m14:34:40[0m | [1mINFO    [0m | [36mbackend.strategies.core.market_structure[0m:[36mupdate[0m | [1mBOS fired: BEARISH | Broken level: 5595.022 | BOS count: 25 | Trend Confirmed: True[0m
[32m14:34:40[0m | [1mINFO    [0m | [36mbackend.strategies.core.market_structure[0m:[36mupdate[0m | [1mBOS fired: BEARISH | Broken level: 5583.127 | BOS count: 26 | Trend Confirmed: True[0m
[32m14:34:40[0m | [1mINFO    [0m | [36mbackend.strategies.core.market_structure[0m:[36mupdate[0m | [1mBOS fired: BEARISH | Broken level: 5583.127 | BOS count: 27 | Trend Confirmed: True[0m
[32m14:34:40[0m | [1mINFO    [0m | [36mbackend.strategies.core.market_structure[0m:[36mupdate[0m | [1mBOS fired: BEARISH | Broken level: 5583.127 | BOS count: 28 | Trend Confirmed: True[0m
[32m14:34:40[0m | [1mINFO    [0m | [36mbackend.strategies.core.market_structure[0m:[36mupdate[0m | [1mBOS fired: BEARISH | Broken level: 5583.127 | BOS count: 29 | Trend Confirmed: True[0m
[32m14:34:40[0m | [1mINFO    [0m | [36mbackend.strategies.core.market_structure[0m:[36mupdate[0m | [1mBOS fired: BEARISH | Broken level: 5583.127 | BOS count: 30 | Trend Confirmed: True[0m
[32m14:34:40[0m | [1mINFO    [0m | [36mbackend.strategies.core.market_structure[0m:[36mupdate[0m | [1mBOS fired: BEARISH | Broken level: 5583.127 | BOS count: 31 | Trend Confirmed: True[0m
[32m14:34:40[0m | [1mINFO    [0m | [36mbackend.strategies.core.market_structure[0m:[36mupdate[0m | [1mBOS fired: BEARISH | Broken level: 5583.127 | BOS count: 32 | Trend Confirmed: True[0m
[32m14:34:40[0m | [1mINFO    [0m | [36mbackend.strategies.core.market_structure[0m:[36mupdate[0m | [1mBOS fired: BEARISH | Broken level: 5583.127 | BOS count: 33 | Trend Confirmed: True[0m
[32m14:34:40[0m | [1mINFO    [0m | [36mbackend.strategies.core.market_structure[0m:[36mupdate[0m | [1mBOS fired: BEARISH | Broken level: 5566.778 | BOS count: 34 | Trend Confirmed: True[0m
[32m14:34:40[0m | [1mINFO    [0m | [36mbackend.strategies.core.market_structure[0m:[36mupdate[0m | [1mChoCH fired: BULLISH | Broken level: 5576.823 | BOS count: 1[0m
[32m14:34:40[0m | [1mINFO    [0m | [36mbackend.strategies.core.market_structure[0m:[36mupdate[0m | [1mBOS fired: BULLISH | Broken level: 5576.823 | BOS count: 2 | Trend Confirmed: True[0m
[32m14:34:40[0m | [1mINFO    [0m | [36mbackend.strategies.core.market_structure[0m:[36mupdate[0m | [1mBOS fired: BULLISH | Broken level: 5576.823 | BOS count: 3 | Trend Confirmed: True[0m
[32m14:34:40[0m | [1mINFO    [0m | [36mbackend.strategies.core.market_structure[0m:[36mupdate[0m | [1mBOS fired: BULLISH | Broken level: 5576.823 | BOS count: 4 | Trend Confirmed: True[0m
[32m14:34:40[0m | [1mINFO    [0m | [36mbackend.strategies.core.market_structure[0m:[36mupdate[0m | [1mBOS fired: BULLISH | Broken level: 5576.823 | BOS count: 5 | Trend Confirmed: True[0m
[32m14:34:40[0m | [1mINFO    [0m | [36mbackend.strategies.core.market_structure[0m:[36mupdate[0m | [1mBOS fired: BULLISH | Broken level: 5576.823 | BOS count: 6 | Trend Confirmed: True[0m
[32m14:34:40[0m | [1mINFO    [0m | [36mbackend.strategies.core.market_structure[0m:[36mupdate[0m | [1mBOS fired: BULLISH | Broken level: 5576.823 | BOS count: 7 | Trend Confirmed: True[0m
[32m14:34:40[0m | [1mINFO    [0m | [36mbackend.strategies.core.market_structure[0m:[36mupdate[0m | [1mBOS fired: BULLISH | Broken level: 5576.823 | BOS count: 8 | Trend Confirmed: True[0m
[32m14:34:40[0m | [1mINFO    [0m | [36mbackend.strategies.core.market_structure[0m:[36mupdate[0m | [1mBOS fired: BULLISH | Broken level: 5576.823 | BOS count: 9 | Trend Confirmed: True[0m
[32m14:34:40[0m | [1mINFO    [0m | [36mbackend.strategies.core.market_structure[0m:[36mupdate[0m | [1mBOS fired: BULLISH | Broken level: 5576.823 | BOS count: 10 | Trend Confirmed: True[0m
[32m14:34:41[0m | [1mINFO    [0m | [36mbackend.strategies.core.market_structure[0m:[36mupdate[0m | [1mBOS fired: BULLISH | Broken level: 5650.145 | BOS count: 11 | Trend Confirmed: True[0m
[32m14:34:42[0m | [1mINFO    [0m | [36mbackend.strategies.core.market_structure[0m:[36mupdate[0m | [1mChoCH fired: BEARISH | Broken level: 5724.675 | BOS count: 1[0m
[32m14:34:42[0m | [1mINFO    [0m | [36mbackend.strategies.core.market_structure[0m:[36mupdate[0m | [1mBOS fired: BEARISH | Broken level: 5724.675 | BOS count: 2 | Trend Confirmed: True[0m
[32m14:34:42[0m | [1mINFO    [0m | [36mbackend.strategies.core.market_structure[0m:[36mupdate[0m | [1mBOS fired: BEARISH | Broken level: 5724.675 | BOS count: 3 | Trend Confirmed: True[0m
[32m14:34:42[0m | [1mINFO    [0m | [36mbackend.strategies.core.market_structure[0m:[36mupdate[0m | [1mBOS fired: BEARISH | Broken level: 5724.675 | BOS count: 4 | Trend Confirmed: True[0m
[32m14:34:42[0m | [1mINFO    [0m | [36mbackend.strategies.core.market_structure[0m:[36mupdate[0m | [1mBOS fired: BEARISH | Broken level: 5724.675 | BOS count: 5 | Trend Confirmed: True[0m
[32m14:34:42[0m | [1mINFO    [0m | [36mbackend.strategies.core.market_structure[0m:[36mupdate[0m | [1mBOS fired: BEARISH | Broken level: 5724.675 | BOS count: 6 | Trend Confirmed: True[0m
[32m14:34:42[0m | [1mINFO    [0m | [36mbackend.strategies.core.market_structure[0m:[36mupdate[0m | [1mBOS fired: BEARISH | Broken level: 5724.675 | BOS count: 7 | Trend Confirmed: True[0m
[32m14:34:42[0m | [1mINFO    [0m | [36mbackend.strategies.core.market_structure[0m:[36mupdate[0m | [1mBOS fired: BEARISH | Broken level: 5724.675 | BOS count: 8 | Trend Confirmed: True[0m
[32m14:34:42[0m | [1mINFO    [0m | [36mbackend.strategies.core.market_structure[0m:[36mupdate[0m | [1mBOS fired: BEARISH | Broken level: 5724.675 | BOS count: 9 | Trend Confirmed: True[0m
[32m14:34:42[0m | [1mINFO    [0m | [36mbackend.strategies.core.market_structure[0m:[36mupdate[0m | [1mBOS fired: BEARISH | Broken level: 5724.675 | BOS count: 10 | Trend Confirmed: True[0m
[32m14:34:42[0m | [1mINFO    [0m | [36mbackend.strategies.core.market_structure[0m:[36mupdate[0m | [1mBOS fired: BEARISH | Broken level: 5724.675 | BOS count: 11 | Trend Confirmed: True[0m
[32m14:34:42[0m | [1mINFO    [0m | [36mbackend.strategies.core.market_structure[0m:[36mupdate[0m | [1mBOS fired: BEARISH | Broken level: 5724.675 | BOS count: 12 | Trend Confirmed: True[0m
[32m14:34:42[0m | [1mINFO    [0m | [36mbackend.strategies.core.market_structure[0m:[36mupdate[0m | [1mBOS fired: BEARISH | Broken level: 5724.675 | BOS count: 13 | Trend Confirmed: True[0m
[32m14:34:42[0m | [1mINFO    [0m | [36mbackend.strategies.core.market_structure[0m:[36mupdate[0m | [1mBOS fired: BEARISH | Broken level: 5724.675 | BOS count: 14 | Trend Confirmed: True[0m
[32m14:34:42[0m | [1mINFO    [0m | [36mbackend.strategies.core.market_structure[0m:[36mupdate[0m | [1mBOS fired: BEARISH | Broken level: 5724.675 | BOS count: 15 | Trend Confirmed: True[0m
[32m14:34:42[0m | [1mINFO    [0m | [36mbackend.strategies.core.market_structure[0m:[36mupdate[0m | [1mBOS fired: BEARISH | Broken level: 5724.675 | BOS count: 16 | Trend Confirmed: True[0m
[32m14:34:42[0m | [1mINFO    [0m | [36mbackend.strategies.core.market_structure[0m:[36mupdate[0m | [1mBOS fired: BEARISH | Broken level: 5724.675 | BOS count: 17 | Trend Confirmed: True[0m
[32m14:34:42[0m | [1mINFO    [0m | [36mbackend.strategies.core.market_structure[0m:[36mupdate[0m | [1mBOS fired: BEARISH | Broken level: 5715.586 | BOS count: 18 | Trend Confirmed: True[0m
[32m14:34:42[0m | [1mINFO    [0m | [36mbackend.strategies.core.market_structure[0m:[36mupdate[0m | [1mBOS fired: BEARISH | Broken level: 5715.586 | BOS count: 19 | Trend Confirmed: True[0m
[32m14:34:42[0m | [1mINFO    [0m | [36mbackend.strategies.core.market_structure[0m:[36mupdate[0m | [1mBOS fired: BEARISH | Broken level: 5791.366 | BOS count: 20 | Trend Confirmed: True[0m
[32m14:34:42[0m | [1mINFO    [0m | [36mbackend.strategies.core.market_structure[0m:[36mupdate[0m | [1mBOS fired: BEARISH | Broken level: 5791.366 | BOS count: 21 | Trend Confirmed: True[0m
[32m14:34:42[0m | [1mINFO    [0m | [36mbackend.strategies.core.market_structure[0m:[36mupdate[0m | [1mBOS fired: BEARISH | Broken level: 5784.049 | BOS count: 22 | Trend Confirmed: True[0m
[32m14:34:42[0m | [1mINFO    [0m | [36mbackend.strategies.core.market_structure[0m:[36mupdate[0m | [1mBOS fired: BEARISH | Broken level: 5784.049 | BOS count: 23 | Trend Confirmed: True[0m
[32m14:34:42[0m | [1mINFO    [0m | [36mbackend.strategies.core.market_structure[0m:[36mupdate[0m | [1mBOS fired: BEARISH | Broken level: 5784.049 | BOS count: 24 | Trend Confirmed: True[0m
[32m14:34:43[0m | [1mINFO    [0m | [36mbackend.strategies.core.market_structure[0m:[36mupdate[0m | [1mBOS fired: BEARISH | Broken level: 5767.912 | BOS count: 25 | Trend Confirmed: True[0m
[32m14:34:43[0m | [1mINFO    [0m | [36mbackend.strategies.core.market_structure[0m:[36mupdate[0m | [1mBOS fired: BEARISH | Broken level: 5767.912 | BOS count: 26 | Trend Confirmed: True[0m
[32m14:34:43[0m | [1mINFO    [0m | [36mbackend.strategies.core.market_structure[0m:[36mupdate[0m | [1mBOS fired: BEARISH | Broken level: 5767.912 | BOS count: 27 | Trend Confirmed: True[0m
[32m14:34:43[0m | [1mINFO    [0m | [36mbackend.strategies.core.market_structure[0m:[36mupdate[0m | [1mBOS fired: BEARISH | Broken level: 5767.912 | BOS count: 28 | Trend Confirmed: True[0m
[32m14:34:43[0m | [1mINFO    [0m | [36mbackend.strategies.core.market_structure[0m:[36mupdate[0m | [1mBOS fired: BEARISH | Broken level: 5767.912 | BOS count: 29 | Trend Confirmed: True[0m
[32m14:34:43[0m | [1mINFO    [0m | [36mbackend.strategies.core.market_structure[0m:[36mupdate[0m | [1mBOS fired: BEARISH | Broken level: 5767.912 | BOS count: 30 | Trend Confirmed: True[0m
[32m14:34:43[0m | [1mINFO    [0m | [36mbackend.strategies.core.market_structure[0m:[36mupdate[0m | [1mBOS fired: BEARISH | Broken level: 5767.912 | BOS count: 31 | Trend Confirmed: True[0m
[32m14:34:43[0m | [1mINFO    [0m | [36mbackend.strategies.core.market_structure[0m:[36mupdate[0m | [1mBOS fired: BEARISH | Broken level: 5767.912 | BOS count: 32 | Trend Confirmed: True[0m
[32m14:34:43[0m | [1mINFO    [0m | [36mbackend.strategies.core.market_structure[0m:[36mupdate[0m | [1mBOS fired: BEARISH | Broken level: 5767.912 | BOS count: 33 | Trend Confirmed: True[0m
[32m14:34:43[0m | [1mINFO    [0m | [36mbackend.strategies.core.market_structure[0m:[36mupdate[0m | [1mBOS fired: BEARISH | Broken level: 5765.963 | BOS count: 34 | Trend Confirmed: True[0m
[32m14:34:43[0m | [1mINFO    [0m | [36mbackend.strategies.core.market_structure[0m:[36mupdate[0m | [1mBOS fired: BEARISH | Broken level: 5765.963 | BOS count: 35 | Trend Confirmed: True[0m
[32m14:34:43[0m | [1mINFO    [0m | [36mbackend.strategies.core.market_structure[0m:[36mupdate[0m | [1mBOS fired: BEARISH | Broken level: 5765.963 | BOS count: 36 | Trend Confirmed: True[0m
[32m14:34:43[0m | [1mINFO    [0m | [36mbackend.strategies.core.market_structure[0m:[36mupdate[0m | [1mBOS fired: BEARISH | Broken level: 5765.963 | BOS count: 37 | Trend Confirmed: True[0m
[32m14:34:43[0m | [1mINFO    [0m | [36mbackend.strategies.core.market_structure[0m:[36mupdate[0m | [1mBOS fired: BEARISH | Broken level: 5765.963 | BOS count: 38 | Trend Confirmed: True[0m
[32m14:34:43[0m | [1mINFO    [0m | [36mbackend.strategies.core.market_structure[0m:[36mupdate[0m | [1mBOS fired: BEARISH | Broken level: 5765.963 | BOS count: 39 | Trend Confirmed: True[0m
[32m14:34:43[0m | [1mINFO    [0m | [36mbackend.strategies.core.market_structure[0m:[36mupdate[0m | [1mBOS fired: BEARISH | Broken level: 5765.963 | BOS count: 40 | Trend Confirmed: True[0m
[32m14:34:43[0m | [1mINFO    [0m | [36mbackend.strategies.core.market_structure[0m:[36mupdate[0m | [1mBOS fired: BEARISH | Broken level: 5765.963 | BOS count: 41 | Trend Confirmed: True[0m
[32m14:34:43[0m | [1mINFO    [0m | [36mbackend.strategies.core.market_structure[0m:[36mupdate[0m | [1mBOS fired: BEARISH | Broken level: 5765.963 | BOS count: 42 | Trend Confirmed: True[0m
[32m14:34:43[0m | [1mINFO    [0m | [36mbackend.strategies.core.market_structure[0m:[36mupdate[0m | [1mBOS fired: BEARISH | Broken level: 5765.963 | BOS count: 43 | Trend Confirmed: True[0m
[32m14:34:43[0m | [1mINFO    [0m | [36mbackend.strategies.core.market_structure[0m:[36mupdate[0m | [1mBOS fired: BEARISH | Broken level: 5765.963 | BOS count: 44 | Trend Confirmed: True[0m
[32m14:34:43[0m | [1mINFO    [0m | [36mbackend.strategies.core.market_structure[0m:[36mupdate[0m | [1mBOS fired: BEARISH | Broken level: 5765.963 | BOS count: 45 | Trend Confirmed: True[0m
[32m14:34:43[0m | [1mINFO    [0m | [36mbackend.strategies.core.market_structure[0m:[36mupdate[0m | [1mBOS fired: BEARISH | Broken level: 5765.963 | BOS count: 46 | Trend Confirmed: True[0m
[32m14:34:43[0m | [1mINFO    [0m | [36mbackend.strategies.core.market_structure[0m:[36mupdate[0m | [1mBOS fired: BEARISH | Broken level: 5765.963 | BOS count: 47 | Trend Confirmed: True[0m
[32m14:34:43[0m | [1mINFO    [0m | [36mbackend.strategies.core.market_structure[0m:[36mupdate[0m | [1mBOS fired: BEARISH | Broken level: 5765.963 | BOS count: 48 | Trend Confirmed: True[0m
[32m14:34:43[0m | [1mINFO    [0m | [36mbackend.strategies.core.market_structure[0m:[36mupdate[0m | [1mBOS fired: BEARISH | Broken level: 5765.963 | BOS count: 49 | Trend Confirmed: True[0m
[32m14:34:43[0m | [1mINFO    [0m | [36mbackend.strategies.core.market_structure[0m:[36mupdate[0m | [1mBOS fired: BEARISH | Broken level: 5765.963 | BOS count: 50 | Trend Confirmed: True[0m
[32m14:34:43[0m | [1mINFO    [0m | [36mbackend.strategies.core.market_structure[0m:[36mupdate[0m | [1mBOS fired: BEARISH | Broken level: 5765.963 | BOS count: 51 | Trend Confirmed: True[0m
[32m14:34:43[0m | [1mINFO    [0m | [36mbackend.strategies.core.market_structure[0m:[36mupdate[0m | [1mBOS fired: BEARISH | Broken level: 5765.963 | BOS count: 52 | Trend Confirmed: True[0m
[32m14:34:43[0m | [1mINFO    [0m | [36mbackend.strategies.core.market_structure[0m:[36mupdate[0m | [1mBOS fired: BEARISH | Broken level: 5765.963 | BOS count: 53 | Trend Confirmed: True[0m
[32m14:34:43[0m | [1mINFO    [0m | [36mbackend.strategies.core.market_structure[0m:[36mupdate[0m | [1mBOS fired: BEARISH | Broken level: 5719.076 | BOS count: 54 | Trend Confirmed: True[0m
[32m14:34:43[0m | [1mINFO    [0m | [36mbackend.strategies.core.market_structure[0m:[36mupdate[0m | [1mBOS fired: BEARISH | Broken level: 5719.076 | BOS count: 55 | Trend Confirmed: True[0m
[32m14:34:43[0m | [1mINFO    [0m | [36mbackend.strategies.core.market_structure[0m:[36mupdate[0m | [1mBOS fired: BEARISH | Broken level: 5719.076 | BOS count: 56 | Trend Confirmed: True[0m
[32m14:34:43[0m | [1mINFO    [0m | [36mbackend.strategies.core.market_structure[0m:[36mupdate[0m | [1mBOS fired: BEARISH | Broken level: 5716.75 | BOS count: 57 | Trend Confirmed: True[0m
[32m14:34:43[0m | [1mINFO    [0m | [36mbackend.strategies.core.market_structure[0m:[36mupdate[0m | [1mBOS fired: BEARISH | Broken level: 5716.75 | BOS count: 58 | Trend Confirmed: True[0m
[32m14:34:43[0m | [1mINFO    [0m | [36mbackend.strategies.core.market_structure[0m:[36mupdate[0m | [1mBOS fired: BEARISH | Broken level: 5716.75 | BOS count: 59 | Trend Confirmed: True[0m
[32m14:34:43[0m | [1mINFO    [0m | [36mbackend.strategies.core.market_structure[0m:[36mupdate[0m | [1mBOS fired: BEARISH | Broken level: 5716.75 | BOS count: 60 | Trend Confirmed: True[0m
[32m14:34:43[0m | [1mINFO    [0m | [36mbackend.strategies.core.market_structure[0m:[36mupdate[0m | [1mBOS fired: BEARISH | Broken level: 5716.75 | BOS count: 61 | Trend Confirmed: True[0m
[32m14:34:43[0m | [1mINFO    [0m | [36mbackend.strategies.core.market_structure[0m:[36mupdate[0m | [1mBOS fired: BEARISH | Broken level: 5716.75 | BOS count: 62 | Trend Confirmed: True[0m
[32m14:34:43[0m | [1mINFO    [0m | [36mbackend.strategies.core.market_structure[0m:[36mupdate[0m | [1mBOS fired: BEARISH | Broken level: 5716.75 | BOS count: 63 | Trend Confirmed: True[0m
[32m14:34:43[0m | [1mINFO    [0m | [36mbackend.strategies.core.market_structure[0m:[36mupdate[0m | [1mBOS fired: BEARISH | Broken level: 5716.75 | BOS count: 64 | Trend Confirmed: True[0m
[32m14:34:43[0m | [1mINFO    [0m | [36mbackend.strategies.core.market_structure[0m:[36mupdate[0m | [1mBOS fired: BEARISH | Broken level: 5716.75 | BOS count: 65 | Trend Confirmed: True[0m
[32m14:34:43[0m | [1mINFO    [0m | [36mbackend.strategies.core.market_structure[0m:[36mupdate[0m | [1mBOS fired: BEARISH | Broken level: 5716.75 | BOS count: 66 | Trend Confirmed: True[0m
[32m14:34:43[0m | [1mINFO    [0m | [36mbackend.strategies.core.market_structure[0m:[36mupdate[0m | [1mBOS fired: BEARISH | Broken level: 5716.75 | BOS count: 67 | Trend Confirmed: True[0m
[32m14:34:43[0m | [1mINFO    [0m | [36mbackend.strategies.core.market_structure[0m:[36mupdate[0m | [1mBOS fired: BEARISH | Broken level: 5700.143 | BOS count: 68 | Trend Confirmed: True[0m
[32m14:34:43[0m | [1mINFO    [0m | [36mbackend.strategies.core.market_structure[0m:[36mupdate[0m | [1mBOS fired: BEARISH | Broken level: 5700.143 | BOS count: 69 | Trend Confirmed: True[0m
[32m14:34:43[0m | [1mINFO    [0m | [36mbackend.strategies.core.market_structure[0m:[36mupdate[0m | [1mBOS fired: BEARISH | Broken level: 5700.143 | BOS count: 70 | Trend Confirmed: True[0m
[32m14:34:43[0m | [1mINFO    [0m | [36mbackend.strategies.core.market_structure[0m:[36mupdate[0m | [1mBOS fired: BEARISH | Broken level: 5700.143 | BOS count: 71 | Trend Confirmed: True[0m
[32m14:34:43[0m | [1mINFO    [0m | [36mbackend.strategies.core.market_structure[0m:[36mupdate[0m | [1mBOS fired: BEARISH | Broken level: 5700.143 | BOS count: 72 | Trend Confirmed: True[0m
[32m14:34:44[0m | [1mINFO    [0m | [36mbackend.strategies.core.market_structure[0m:[36mupdate[0m | [1mChoCH fired: BULLISH | Broken level: 5710.676 | BOS count: 1[0m
[32m14:34:44[0m | [1mINFO    [0m | [36mbackend.strategies.core.market_structure[0m:[36mupdate[0m | [1mBOS fired: BULLISH | Broken level: 5710.676 | BOS count: 2 | Trend Confirmed: True[0m
[32m14:34:44[0m | [1mINFO    [0m | [36mbackend.strategies.core.market_structure[0m:[36mupdate[0m | [1mBOS fired: BULLISH | Broken level: 5710.676 | BOS count: 3 | Trend Confirmed: True[0m
[32m14:34:44[0m | [1mINFO    [0m | [36mbackend.strategies.core.market_structure[0m:[36mupdate[0m | [1mBOS fired: BULLISH | Broken level: 5710.676 | BOS count: 4 | Trend Confirmed: True[0m
[32m14:34:44[0m | [1mINFO    [0m | [36mbackend.strategies.core.market_structure[0m:[36mupdate[0m | [1mBOS fired: BULLISH | Broken level: 5710.676 | BOS count: 5 | Trend Confirmed: True[0m
[32m14:34:44[0m | [1mINFO    [0m | [36mbackend.strategies.core.market_structure[0m:[36mupdate[0m | [1mBOS fired: BULLISH | Broken level: 5710.676 | BOS count: 6 | Trend Confirmed: True[0m
[32m14:34:44[0m | [1mINFO    [0m | [36mbackend.strategies.core.market_structure[0m:[36mupdate[0m | [1mBOS fired: BULLISH | Broken level: 5710.676 | BOS count: 7 | Trend Confirmed: True[0m
[32m14:34:44[0m | [1mINFO    [0m | [36mbackend.strategies.core.market_structure[0m:[36mupdate[0m | [1mBOS fired: BULLISH | Broken level: 5710.676 | BOS count: 8 | Trend Confirmed: True[0m
[32m14:34:44[0m | [1mINFO    [0m | [36mbackend.strategies.core.market_structure[0m:[36mupdate[0m | [1mBOS fired: BULLISH | Broken level: 5710.676 | BOS count: 9 | Trend Confirmed: True[0m
[32m14:34:44[0m | [1mINFO    [0m | [36mbackend.strategies.core.market_structure[0m:[36mupdate[0m | [1mBOS fired: BULLISH | Broken level: 5710.676 | BOS count: 10 | Trend Confirmed: True[0m
[32m14:34:44[0m | [1mINFO    [0m | [36mbackend.strategies.core.market_structure[0m:[36mupdate[0m | [1mBOS fired: BULLISH | Broken level: 5710.676 | BOS count: 11 | Trend Confirmed: True[0m
[32m14:34:44[0m | [1mINFO    [0m | [36mbackend.strategies.core.market_structure[0m:[36mupdate[0m | [1mBOS fired: BULLISH | Broken level: 5710.676 | BOS count: 12 | Trend Confirmed: True[0m
[32m14:34:44[0m | [1mINFO    [0m | [36mbackend.strategies.core.market_structure[0m:[36mupdate[0m | [1mBOS fired: BULLISH | Broken level: 5710.676 | BOS count: 13 | Trend Confirmed: True[0m
[32m14:34:44[0m | [1mINFO    [0m | [36mbackend.strategies.core.market_structure[0m:[36mupdate[0m | [1mBOS fired: BULLISH | Broken level: 5710.676 | BOS count: 14 | Trend Confirmed: True[0m
[32m14:34:44[0m | [1mINFO    [0m | [36mbackend.strategies.core.market_structure[0m:[36mupdate[0m | [1mBOS fired: BULLISH | Broken level: 5726.542 | BOS count: 15 | Trend Confirmed: True[0m
[32m14:34:44[0m | [1mINFO    [0m | [36mbackend.strategies.core.market_structure[0m:[36mupdate[0m | [1mBOS fired: BULLISH | Broken level: 5726.542 | BOS count: 16 | Trend Confirmed: True[0m
[32m14:34:44[0m | [1mINFO    [0m | [36mbackend.strategies.core.market_structure[0m:[36mupdate[0m | [1mBOS fired: BULLISH | Broken level: 5726.542 | BOS count: 17 | Trend Confirmed: True[0m
[32m14:34:44[0m | [1mINFO    [0m | [36mbackend.strategies.core.market_structure[0m:[36mupdate[0m | [1mBOS fired: BULLISH | Broken level: 5726.542 | BOS count: 18 | Trend Confirmed: True[0m
[32m14:34:44[0m | [1mINFO    [0m | [36mbackend.strategies.core.market_structure[0m:[36mupdate[0m | [1mBOS fired: BULLISH | Broken level: 5726.542 | BOS count: 19 | Trend Confirmed: True[0m
[32m14:34:44[0m | [1mINFO    [0m | [36mbackend.strategies.core.market_structure[0m:[36mupdate[0m | [1mBOS fired: BULLISH | Broken level: 5726.542 | BOS count: 20 | Trend Confirmed: True[0m
[32m14:34:44[0m | [1mINFO    [0m | [36mbackend.strategies.core.market_structure[0m:[36mupdate[0m | [1mBOS fired: BULLISH | Broken level: 5726.542 | BOS count: 21 | Trend Confirmed: True[0m
[32m14:34:44[0m | [1mINFO    [0m | [36mbackend.strategies.core.market_structure[0m:[36mupdate[0m | [1mBOS fired: BULLISH | Broken level: 5726.542 | BOS count: 22 | Trend Confirmed: True[0m
[32m14:34:44[0m | [1mINFO    [0m | [36mbackend.strategies.core.market_structure[0m:[36mupdate[0m | [1mBOS fired: BULLISH | Broken level: 5726.542 | BOS count: 23 | Trend Confirmed: True[0m
[32m14:34:44[0m | [1mINFO    [0m | [36mbackend.strategies.core.market_structure[0m:[36mupdate[0m | [1mBOS fired: BULLISH | Broken level: 5726.542 | BOS count: 24 | Trend Confirmed: True[0m
[32m14:34:44[0m | [1mINFO    [0m | [36mbackend.strategies.core.market_structure[0m:[36mupdate[0m | [1mBOS fired: BULLISH | Broken level: 5726.542 | BOS count: 25 | Trend Confirmed: True[0m
[32m14:34:44[0m | [1mINFO    [0m | [36mbackend.strategies.core.market_structure[0m:[36mupdate[0m | [1mBOS fired: BULLISH | Broken level: 5726.542 | BOS count: 26 | Trend Confirmed: True[0m
[32m14:34:44[0m | [1mINFO    [0m | [36mbackend.strategies.core.market_structure[0m:[36mupdate[0m | [1mBOS fired: BULLISH | Broken level: 5737.927 | BOS count: 27 | Trend Confirmed: True[0m
[32m14:34:44[0m | [1mINFO    [0m | [36mbackend.strategies.core.market_structure[0m:[36mupdate[0m | [1mBOS fired: BULLISH | Broken level: 5737.927 | BOS count: 28 | Trend Confirmed: True[0m
[32m14:34:44[0m | [1mINFO    [0m | [36mbackend.strategies.core.market_structure[0m:[36mupdate[0m | [1mBOS fired: BULLISH | Broken level: 5737.927 | BOS count: 29 | Trend Confirmed: True[0m
[32m14:34:44[0m | [1mINFO    [0m | [36mbackend.strategies.core.market_structure[0m:[36mupdate[0m | [1mBOS fired: BULLISH | Broken level: 5737.927 | BOS count: 30 | Trend Confirmed: True[0m
[32m14:34:44[0m | [1mINFO    [0m | [36mbackend.strategies.core.market_structure[0m:[36mupdate[0m | [1mBOS fired: BULLISH | Broken level: 5737.927 | BOS count: 31 | Trend Confirmed: True[0m
[32m14:34:44[0m | [1mINFO    [0m | [36mbackend.strategies.core.market_structure[0m:[36mupdate[0m | [1mBOS fired: BULLISH | Broken level: 5737.927 | BOS count: 32 | Trend Confirmed: True[0m
[32m14:34:44[0m | [1mINFO    [0m | [36mbackend.strategies.core.market_structure[0m:[36mupdate[0m | [1mBOS fired: BULLISH | Broken level: 5737.927 | BOS count: 33 | Trend Confirmed: True[0m
[32m14:34:44[0m | [1mINFO    [0m | [36mbackend.strategies.core.market_structure[0m:[36mupdate[0m | [1mBOS fired: BULLISH | Broken level: 5737.927 | BOS count: 34 | Trend Confirmed: True[0m
[32m14:34:44[0m | [1mINFO    [0m | [36mbackend.strategies.core.market_structure[0m:[36mupdate[0m | [1mBOS fired: BULLISH | Broken level: 5737.927 | BOS count: 35 | Trend Confirmed: True[0m
[32m14:34:44[0m | [1mINFO    [0m | [36mbackend.strategies.core.market_structure[0m:[36mupdate[0m | [1mBOS fired: BULLISH | Broken level: 5737.927 | BOS count: 36 | Trend Confirmed: True[0m
[32m14:34:44[0m | [1mINFO    [0m | [36mbackend.strategies.core.market_structure[0m:[36mupdate[0m | [1mBOS fired: BULLISH | Broken level: 5737.927 | BOS count: 37 | Trend Confirmed: True[0m
[32m14:34:44[0m | [1mINFO    [0m | [36mbackend.strategies.core.market_structure[0m:[36mupdate[0m | [1mBOS fired: BULLISH | Broken level: 5737.927 | BOS count: 38 | Trend Confirmed: True[0m
[32m14:34:44[0m | [1mINFO    [0m | [36mbackend.strategies.core.market_structure[0m:[36mupdate[0m | [1mBOS fired: BULLISH | Broken level: 5737.927 | BOS count: 39 | Trend Confirmed: True[0m
[32m14:34:44[0m | [1mINFO    [0m | [36mbackend.strategies.core.market_structure[0m:[36mupdate[0m | [1mBOS fired: BULLISH | Broken level: 5737.927 | BOS count: 40 | Trend Confirmed: True[0m
[32m14:34:44[0m | [1mINFO    [0m | [36mbackend.strategies.core.market_structure[0m:[36mupdate[0m | [1mBOS fired: BULLISH | Broken level: 5737.927 | BOS count: 41 | Trend Confirmed: True[0m
[32m14:34:44[0m | [1mINFO    [0m | [36mbackend.strategies.core.market_structure[0m:[36mupdate[0m | [1mBOS fired: BULLISH | Broken level: 5732.652 | BOS count: 42 | Trend Confirmed: True[0m
[32m14:34:44[0m | [1mINFO    [0m | [36mbackend.strategies.core.market_structure[0m:[36mupdate[0m | [1mBOS fired: BULLISH | Broken level: 5732.652 | BOS count: 43 | Trend Confirmed: True[0m
[32m14:34:44[0m | [1mINFO    [0m | [36mbackend.strategies.core.market_structure[0m:[36mupdate[0m | [1mBOS fired: BULLISH | Broken level: 5732.652 | BOS count: 44 | Trend Confirmed: True[0m
[32m14:34:44[0m | [1mINFO    [0m | [36mbackend.strategies.core.market_structure[0m:[36mupdate[0m | [1mBOS fired: BULLISH | Broken level: 5732.652 | BOS count: 45 | Trend Confirmed: True[0m
[32m14:34:44[0m | [1mINFO    [0m | [36mbackend.strategies.core.market_structure[0m:[36mupdate[0m | [1mBOS fired: BULLISH | Broken level: 5732.652 | BOS count: 46 | Trend Confirmed: True[0m
[32m14:34:44[0m | [1mINFO    [0m | [36mbackend.strategies.core.market_structure[0m:[36mupdate[0m | [1mBOS fired: BULLISH | Broken level: 5783.09 | BOS count: 47 | Trend Confirmed: True[0m
[32m14:34:44[0m | [1mINFO    [0m | [36mbackend.strategies.core.market_structure[0m:[36mupdate[0m | [1mBOS fired: BULLISH | Broken level: 5783.09 | BOS count: 48 | Trend Confirmed: True[0m
[32m14:34:44[0m | [1mINFO    [0m | [36mbackend.strategies.core.market_structure[0m:[36mupdate[0m | [1mBOS fired: BULLISH | Broken level: 5783.09 | BOS count: 49 | Trend Confirmed: True[0m
[32m14:34:44[0m | [1mINFO    [0m | [36mbackend.strategies.core.market_structure[0m:[36mupdate[0m | [1mBOS fired: BULLISH | Broken level: 5783.09 | BOS count: 50 | Trend Confirmed: True[0m
[32m14:34:44[0m | [1mINFO    [0m | [36mbackend.strategies.core.market_structure[0m:[36mupdate[0m | [1mBOS fired: BULLISH | Broken level: 5783.09 | BOS count: 51 | Trend Confirmed: True[0m
[32m14:34:44[0m | [1mINFO    [0m | [36mbackend.strategies.core.market_structure[0m:[36mupdate[0m | [1mBOS fired: BULLISH | Broken level: 5783.09 | BOS count: 52 | Trend Confirmed: True[0m
[32m14:34:44[0m | [1mINFO    [0m | [36mbackend.strategies.core.market_structure[0m:[36mupdate[0m | [1mBOS fired: BULLISH | Broken level: 5783.09 | BOS count: 53 | Trend Confirmed: True[0m
[32m14:34:44[0m | [1mINFO    [0m | [36mbackend.strategies.core.market_structure[0m:[36mupdate[0m | [1mBOS fired: BULLISH | Broken level: 5783.09 | BOS count: 54 | Trend Confirmed: True[0m
[32m14:34:44[0m | [1mINFO    [0m | [36mbackend.strategies.core.market_structure[0m:[36mupdate[0m | [1mBOS fired: BULLISH | Broken level: 5783.09 | BOS count: 55 | Trend Confirmed: True[0m
[32m14:34:44[0m | [1mINFO    [0m | [36mbackend.strategies.core.market_structure[0m:[36mupdate[0m | [1mBOS fired: BULLISH | Broken level: 5783.09 | BOS count: 56 | Trend Confirmed: True[0m
[32m14:34:44[0m | [1mINFO    [0m | [36mbackend.strategies.core.market_structure[0m:[36mupdate[0m | [1mBOS fired: BULLISH | Broken level: 5791.023 | BOS count: 57 | Trend Confirmed: True[0m
[32m14:34:44[0m | [1mINFO    [0m | [36mbackend.strategies.core.market_structure[0m:[36mupdate[0m | [1mBOS fired: BULLISH | Broken level: 5791.023 | BOS count: 58 | Trend Confirmed: True[0m
[32m14:34:44[0m | [1mINFO    [0m | [36mbackend.strategies.core.market_structure[0m:[36mupdate[0m | [1mBOS fired: BULLISH | Broken level: 5791.023 | BOS count: 59 | Trend Confirmed: True[0m
[32m14:34:44[0m | [1mINFO    [0m | [36mbackend.strategies.core.market_structure[0m:[36mupdate[0m | [1mBOS fired: BULLISH | Broken level: 5791.023 | BOS count: 60 | Trend Confirmed: True[0m
[32m14:34:44[0m | [1mINFO    [0m | [36mbackend.strategies.core.market_structure[0m:[36mupdate[0m | [1mBOS fired: BULLISH | Broken level: 5791.023 | BOS count: 61 | Trend Confirmed: True[0m
[32m14:34:44[0m | [1mINFO    [0m | [36mbackend.strategies.core.market_structure[0m:[36mupdate[0m | [1mBOS fired: BULLISH | Broken level: 5791.023 | BOS count: 62 | Trend Confirmed: True[0m
[32m14:34:44[0m | [1mINFO    [0m | [36mbackend.strategies.core.market_structure[0m:[36mupdate[0m | [1mBOS fired: BULLISH | Broken level: 5791.023 | BOS count: 63 | Trend Confirmed: True[0m
[32m14:34:44[0m | [1mINFO    [0m | [36mbackend.strategies.core.market_structure[0m:[36mupdate[0m | [1mBOS fired: BULLISH | Broken level: 5758.009 | BOS count: 64 | Trend Confirmed: True[0m
[32m14:34:44[0m | [1mINFO    [0m | [36mbackend.strategies.core.market_structure[0m:[36mupdate[0m | [1mBOS fired: BULLISH | Broken level: 5758.009 | BOS count: 65 | Trend Confirmed: True[0m
[32m14:34:44[0m | [1mINFO    [0m | [36mbackend.strategies.core.market_structure[0m:[36mupdate[0m | [1mBOS fired: BULLISH | Broken level: 5758.009 | BOS count: 66 | Trend Confirmed: True[0m
[32m14:34:44[0m | [1mINFO    [0m | [36mbackend.strategies.core.market_structure[0m:[36mupdate[0m | [1mBOS fired: BULLISH | Broken level: 5758.009 | BOS count: 67 | Trend Confirmed: True[0m
[32m14:34:44[0m | [1mINFO    [0m | [36mbackend.strategies.core.market_structure[0m:[36mupdate[0m | [1mChoCH fired: BEARISH | Broken level: 5745.598 | BOS count: 1[0m
[32m14:34:44[0m | [1mINFO    [0m | [36mbackend.strategies.core.market_structure[0m:[36mupdate[0m | [1mBOS fired: BEARISH | Broken level: 5745.598 | BOS count: 2 | Trend Confirmed: True[0m
[32m14:34:44[0m | [1mINFO    [0m | [36mbackend.strategies.core.market_structure[0m:[36mupdate[0m | [1mBOS fired: BEARISH | Broken level: 5745.598 | BOS count: 3 | Trend Confirmed: True[0m
[32m14:34:44[0m | [1mINFO    [0m | [36mbackend.strategies.core.market_structure[0m:[36mupdate[0m | [1mBOS fired: BEARISH | Broken level: 5745.598 | BOS count: 4 | Trend Confirmed: True[0m
[32m14:34:44[0m | [1mINFO    [0m | [36mbackend.strategies.core.market_structure[0m:[36mupdate[0m | [1mBOS fired: BEARISH | Broken level: 5745.598 | BOS count: 5 | Trend Confirmed: True[0m
[32m14:34:44[0m | [1mINFO    [0m | [36mbackend.strategies.core.market_structure[0m:[36mupdate[0m | [1mBOS fired: BEARISH | Broken level: 5745.598 | BOS count: 6 | Trend Confirmed: True[0m
[32m14:34:44[0m | [1mINFO    [0m | [36mbackend.strategies.core.market_structure[0m:[36mupdate[0m | [1mBOS fired: BEARISH | Broken level: 5735.519 | BOS count: 7 | Trend Confirmed: True[0m
[32m14:34:45[0m | [1mINFO    [0m | [36mbackend.strategies.core.market_structure[0m:[36mupdate[0m | [1mChoCH fired: BULLISH | Broken level: 5762.434 | BOS count: 1[0m
[32m14:34:45[0m | [1mINFO    [0m | [36mbackend.strategies.core.market_structure[0m:[36mupdate[0m | [1mBOS fired: BULLISH | Broken level: 5762.434 | BOS count: 2 | Trend Confirmed: True[0m
[32m14:34:45[0m | [1mINFO    [0m | [36mbackend.strategies.core.market_structure[0m:[36mupdate[0m | [1mBOS fired: BULLISH | Broken level: 5762.434 | BOS count: 3 | Trend Confirmed: True[0m
[32m14:34:45[0m | [1mINFO    [0m | [36mbackend.strategies.core.market_structure[0m:[36mupdate[0m | [1mBOS fired: BULLISH | Broken level: 5762.434 | BOS count: 4 | Trend Confirmed: True[0m
[32m14:34:45[0m | [1mINFO    [0m | [36mbackend.strategies.core.market_structure[0m:[36mupdate[0m | [1mBOS fired: BULLISH | Broken level: 5762.434 | BOS count: 5 | Trend Confirmed: True[0m
[32m14:34:45[0m | [1mINFO    [0m | [36mbackend.strategies.core.market_structure[0m:[36mupdate[0m | [1mBOS fired: BULLISH | Broken level: 5762.434 | BOS count: 6 | Trend Confirmed: True[0m
[32m14:34:45[0m | [1mINFO    [0m | [36mbackend.strategies.core.market_structure[0m:[36mupdate[0m | [1mBOS fired: BULLISH | Broken level: 5762.434 | BOS count: 7 | Trend Confirmed: True[0m
[32m14:34:45[0m | [1mINFO    [0m | [36mbackend.strategies.core.market_structure[0m:[36mupdate[0m | [1mBOS fired: BULLISH | Broken level: 5762.434 | BOS count: 8 | Trend Confirmed: True[0m
[32m14:34:45[0m | [1mINFO    [0m | [36mbackend.strategies.core.market_structure[0m:[36mupdate[0m | [1mBOS fired: BULLISH | Broken level: 5762.434 | BOS count: 9 | Trend Confirmed: True[0m
[32m14:34:45[0m | [1mINFO    [0m | [36mbackend.strategies.core.market_structure[0m:[36mupdate[0m | [1mChoCH fired: BEARISH | Broken level: 5747.801 | BOS count: 1[0m
[32m14:34:45[0m | [1mINFO    [0m | [36mbackend.strategies.core.market_structure[0m:[36mupdate[0m | [1mBOS fired: BEARISH | Broken level: 5747.801 | BOS count: 2 | Trend Confirmed: True[0m
[32m14:34:45[0m | [1mINFO    [0m | [36mbackend.strategies.core.market_structure[0m:[36mupdate[0m | [1mBOS fired: BEARISH | Broken level: 5747.801 | BOS count: 3 | Trend Confirmed: True[0m
[32m14:34:45[0m | [1mINFO    [0m | [36mbackend.strategies.core.market_structure[0m:[36mupdate[0m | [1mBOS fired: BEARISH | Broken level: 5747.801 | BOS count: 4 | Trend Confirmed: True[0m
[32m14:34:45[0m | [1mINFO    [0m | [36mbackend.strategies.core.market_structure[0m:[36mupdate[0m | [1mBOS fired: BEARISH | Broken level: 5747.801 | BOS count: 5 | Trend Confirmed: True[0m
[32m14:34:45[0m | [1mINFO    [0m | [36mbackend.strategies.core.market_structure[0m:[36mupdate[0m | [1mChoCH fired: BULLISH | Broken level: 5759.346 | BOS count: 1[0m
[32m14:34:45[0m | [1mINFO    [0m | [36mbackend.strategies.core.market_structure[0m:[36mupdate[0m | [1mChoCH fired: BEARISH | Broken level: 5745.814 | BOS count: 1[0m
[32m14:34:45[0m | [1mINFO    [0m | [36mbackend.strategies.core.market_structure[0m:[36mupdate[0m | [1mBOS fired: BEARISH | Broken level: 5745.814 | BOS count: 2 | Trend Confirmed: True[0m
[32m14:34:45[0m | [1mINFO    [0m | [36mbackend.strategies.core.market_structure[0m:[36mupdate[0m | [1mBOS fired: BEARISH | Broken level: 5745.814 | BOS count: 3 | Trend Confirmed: True[0m
[32m14:34:45[0m | [1mINFO    [0m | [36mbackend.strategies.core.market_structure[0m:[36mupdate[0m | [1mBOS fired: BEARISH | Broken level: 5745.814 | BOS count: 4 | Trend Confirmed: True[0m
[32m14:34:45[0m | [1mINFO    [0m | [36mbackend.strategies.core.market_structure[0m:[36mupdate[0m | [1mBOS fired: BEARISH | Broken level: 5745.814 | BOS count: 5 | Trend Confirmed: True[0m
[32m14:34:45[0m | [1mINFO    [0m | [36mbackend.strategies.core.market_structure[0m:[36mupdate[0m | [1mBOS fired: BEARISH | Broken level: 5745.814 | BOS count: 6 | Trend Confirmed: True[0m
[32m14:34:45[0m | [1mINFO    [0m | [36mbackend.strategies.core.market_structure[0m:[36mupdate[0m | [1mBOS fired: BEARISH | Broken level: 5745.814 | BOS count: 7 | Trend Confirmed: True[0m
[32m14:34:45[0m | [1mINFO    [0m | [36mbackend.strategies.core.market_structure[0m:[36mupdate[0m | [1mBOS fired: BEARISH | Broken level: 5745.814 | BOS count: 8 | Trend Confirmed: True[0m
[32m14:34:45[0m | [1mINFO    [0m | [36mbackend.strategies.core.market_structure[0m:[36mupdate[0m | [1mBOS fired: BEARISH | Broken level: 5745.814 | BOS count: 9 | Trend Confirmed: True[0m
[32m14:34:45[0m | [1mINFO    [0m | [36mbackend.strategies.core.market_structure[0m:[36mupdate[0m | [1mBOS fired: BEARISH | Broken level: 5745.814 | BOS count: 10 | Trend Confirmed: True[0m
[32m14:34:45[0m | [1mINFO    [0m | [36mbackend.strategies.core.market_structure[0m:[36mupdate[0m | [1mBOS fired: BEARISH | Broken level: 5745.814 | BOS count: 11 | Trend Confirmed: True[0m
[32m14:34:45[0m | [1mINFO    [0m | [36mbackend.strategies.core.market_structure[0m:[36mupdate[0m | [1mBOS fired: BEARISH | Broken level: 5745.814 | BOS count: 12 | Trend Confirmed: True[0m
[32m14:34:45[0m | [1mINFO    [0m | [36mbackend.strategies.core.market_structure[0m:[36mupdate[0m | [1mBOS fired: BEARISH | Broken level: 5745.814 | BOS count: 13 | Trend Confirmed: True[0m
[32m14:34:45[0m | [1mINFO    [0m | [36mbackend.strategies.core.market_structure[0m:[36mupdate[0m | [1mBOS fired: BEARISH | Broken level: 5745.814 | BOS count: 14 | Trend Confirmed: True[0m
[32m14:34:45[0m | [1mINFO    [0m | [36mbackend.strategies.core.market_structure[0m:[36mupdate[0m | [1mBOS fired: BEARISH | Broken level: 5745.814 | BOS count: 15 | Trend Confirmed: True[0m
[32m14:34:45[0m | [1mINFO    [0m | [36mbackend.strategies.core.market_structure[0m:[36mupdate[0m | [1mBOS fired: BEARISH | Broken level: 5745.814 | BOS count: 16 | Trend Confirmed: True[0m
[32m14:34:45[0m | [1mINFO    [0m | [36mbackend.strategies.core.market_structure[0m:[36mupdate[0m | [1mBOS fired: BEARISH | Broken level: 5745.814 | BOS count: 17 | Trend Confirmed: True[0m
[32m14:34:45[0m | [1mINFO    [0m | [36mbackend.strategies.core.market_structure[0m:[36mupdate[0m | [1mBOS fired: BEARISH | Broken level: 5745.814 | BOS count: 18 | Trend Confirmed: True[0m
[32m14:34:45[0m | [1mINFO    [0m | [36mbackend.strategies.core.market_structure[0m:[36mupdate[0m | [1mBOS fired: BEARISH | Broken level: 5745.814 | BOS count: 19 | Trend Confirmed: True[0m
[32m14:34:45[0m | [1mINFO    [0m | [36mbackend.strategies.core.market_structure[0m:[36mupdate[0m | [1mBOS fired: BEARISH | Broken level: 5745.814 | BOS count: 20 | Trend Confirmed: True[0m
[32m14:34:45[0m | [1mINFO    [0m | [36mbackend.strategies.core.market_structure[0m:[36mupdate[0m | [1mBOS fired: BEARISH | Broken level: 5745.814 | BOS count: 21 | Trend Confirmed: True[0m
[32m14:34:45[0m | [1mINFO    [0m | [36mbackend.strategies.core.market_structure[0m:[36mupdate[0m | [1mChoCH fired: BULLISH | Broken level: 5732.855 | BOS count: 1[0m
[32m14:34:45[0m | [1mINFO    [0m | [36mbackend.strategies.core.market_structure[0m:[36mupdate[0m | [1mBOS fired: BULLISH | Broken level: 5732.855 | BOS count: 2 | Trend Confirmed: True[0m
[32m14:34:45[0m | [1mINFO    [0m | [36mbackend.strategies.core.market_structure[0m:[36mupdate[0m | [1mBOS fired: BULLISH | Broken level: 5732.855 | BOS count: 3 | Trend Confirmed: True[0m
[32m14:34:45[0m | [1mINFO    [0m | [36mbackend.strategies.core.market_structure[0m:[36mupdate[0m | [1mBOS fired: BULLISH | Broken level: 5732.855 | BOS count: 4 | Trend Confirmed: True[0m
[32m14:34:45[0m | [1mINFO    [0m | [36mbackend.strategies.core.market_structure[0m:[36mupdate[0m | [1mBOS fired: BULLISH | Broken level: 5732.855 | BOS count: 5 | Trend Confirmed: True[0m
[32m14:34:45[0m | [1mINFO    [0m | [36mbackend.strategies.core.market_structure[0m:[36mupdate[0m | [1mBOS fired: BULLISH | Broken level: 5732.855 | BOS count: 6 | Trend Confirmed: True[0m
[32m14:34:45[0m | [1mINFO    [0m | [36mbackend.strategies.core.market_structure[0m:[36mupdate[0m | [1mBOS fired: BULLISH | Broken level: 5732.855 | BOS count: 7 | Trend Confirmed: True[0m
[32m14:34:45[0m | [1mINFO    [0m | [36mbackend.strategies.core.market_structure[0m:[36mupdate[0m | [1mBOS fired: BULLISH | Broken level: 5732.855 | BOS count: 8 | Trend Confirmed: True[0m
[32m14:34:45[0m | [1mINFO    [0m | [36mbackend.strategies.core.market_structure[0m:[36mupdate[0m | [1mBOS fired: BULLISH | Broken level: 5732.855 | BOS count: 9 | Trend Confirmed: True[0m
[32m14:34:45[0m | [1mINFO    [0m | [36mbackend.strategies.core.market_structure[0m:[36mupdate[0m | [1mBOS fired: BULLISH | Broken level: 5732.855 | BOS count: 10 | Trend Confirmed: True[0m
[32m14:34:45[0m | [1mINFO    [0m | [36mbackend.strategies.core.market_structure[0m:[36mupdate[0m | [1mBOS fired: BULLISH | Broken level: 5732.855 | BOS count: 11 | Trend Confirmed: True[0m
[32m14:34:45[0m | [1mINFO    [0m | [36mbackend.strategies.core.market_structure[0m:[36mupdate[0m | [1mBOS fired: BULLISH | Broken level: 5732.855 | BOS count: 12 | Trend Confirmed: True[0m
[32m14:34:45[0m | [1mINFO    [0m | [36mbackend.strategies.core.market_structure[0m:[36mupdate[0m | [1mBOS fired: BULLISH | Broken level: 5732.855 | BOS count: 13 | Trend Confirmed: True[0m
[32m14:34:45[0m | [1mINFO    [0m | [36mbackend.strategies.core.market_structure[0m:[36mupdate[0m | [1mBOS fired: BULLISH | Broken level: 5732.855 | BOS count: 14 | Trend Confirmed: True[0m
[32m14:34:46[0m | [1mINFO    [0m | [36mbackend.strategies.core.market_structure[0m:[36mupdate[0m | [1mBOS fired: BULLISH | Broken level: 5744.012 | BOS count: 15 | Trend Confirmed: True[0m
[32m14:34:46[0m | [1mINFO    [0m | [36mbackend.strategies.core.market_structure[0m:[36mupdate[0m | [1mBOS fired: BULLISH | Broken level: 5744.012 | BOS count: 16 | Trend Confirmed: True[0m
[32m14:34:46[0m | [1mINFO    [0m | [36mbackend.strategies.core.market_structure[0m:[36mupdate[0m | [1mBOS fired: BULLISH | Broken level: 5744.012 | BOS count: 17 | Trend Confirmed: True[0m
[32m14:34:46[0m | [1mINFO    [0m | [36mbackend.strategies.core.market_structure[0m:[36mupdate[0m | [1mBOS fired: BULLISH | Broken level: 5744.012 | BOS count: 18 | Trend Confirmed: True[0m
[32m14:34:46[0m | [1mINFO    [0m | [36mbackend.strategies.core.market_structure[0m:[36mupdate[0m | [1mBOS fired: BULLISH | Broken level: 5690.81 | BOS count: 19 | Trend Confirmed: True[0m
[32m14:34:46[0m | [1mINFO    [0m | [36mbackend.strategies.core.market_structure[0m:[36mupdate[0m | [1mBOS fired: BULLISH | Broken level: 5690.81 | BOS count: 20 | Trend Confirmed: True[0m
[32m14:34:46[0m | [1mINFO    [0m | [36mbackend.strategies.core.market_structure[0m:[36mupdate[0m | [1mBOS fired: BULLISH | Broken level: 5690.81 | BOS count: 21 | Trend Confirmed: True[0m
[32m14:34:46[0m | [1mINFO    [0m | [36mbackend.strategies.core.market_structure[0m:[36mupdate[0m | [1mBOS fired: BULLISH | Broken level: 5690.81 | BOS count: 22 | Trend Confirmed: True[0m
[32m14:34:46[0m | [1mINFO    [0m | [36mbackend.strategies.core.market_structure[0m:[36mupdate[0m | [1mBOS fired: BULLISH | Broken level: 5690.81 | BOS count: 23 | Trend Confirmed: True[0m
[32m14:34:46[0m | [1mINFO    [0m | [36mbackend.strategies.core.market_structure[0m:[36mupdate[0m | [1mBOS fired: BULLISH | Broken level: 5690.81 | BOS count: 24 | Trend Confirmed: True[0m
[32m14:34:46[0m | [1mINFO    [0m | [36mbackend.strategies.core.market_structure[0m:[36mupdate[0m | [1mBOS fired: BULLISH | Broken level: 5690.81 | BOS count: 25 | Trend Confirmed: True[0m
[32m14:34:46[0m | [1mINFO    [0m | [36mbackend.strategies.core.market_structure[0m:[36mupdate[0m | [1mBOS fired: BULLISH | Broken level: 5690.81 | BOS count: 26 | Trend Confirmed: True[0m
[32m14:34:46[0m | [1mINFO    [0m | [36mbackend.strategies.core.market_structure[0m:[36mupdate[0m | [1mBOS fired: BULLISH | Broken level: 5690.81 | BOS count: 27 | Trend Confirmed: True[0m
[32m14:34:46[0m | [1mINFO    [0m | [36mbackend.strategies.core.market_structure[0m:[36mupdate[0m | [1mBOS fired: BULLISH | Broken level: 5690.81 | BOS count: 28 | Trend Confirmed: True[0m
[32m14:34:46[0m | [1mINFO    [0m | [36mbackend.strategies.core.market_structure[0m:[36mupdate[0m | [1mBOS fired: BULLISH | Broken level: 5690.81 | BOS count: 29 | Trend Confirmed: True[0m
[32m14:34:46[0m | [1mINFO    [0m | [36mbackend.strategies.core.market_structure[0m:[36mupdate[0m | [1mBOS fired: BULLISH | Broken level: 5690.81 | BOS count: 30 | Trend Confirmed: True[0m
[32m14:34:46[0m | [1mINFO    [0m | [36mbackend.strategies.core.market_structure[0m:[36mupdate[0m | [1mBOS fired: BULLISH | Broken level: 5690.81 | BOS count: 31 | Trend Confirmed: True[0m
[32m14:34:46[0m | [1mINFO    [0m | [36mbackend.strategies.core.market_structure[0m:[36mupdate[0m | [1mBOS fired: BULLISH | Broken level: 5690.359 | BOS count: 32 | Trend Confirmed: True[0m
[32m14:34:46[0m | [1mINFO    [0m | [36mbackend.strategies.core.market_structure[0m:[36mupdate[0m | [1mBOS fired: BULLISH | Broken level: 5690.359 | BOS count: 33 | Trend Confirmed: True[0m
[32m14:34:46[0m | [1mINFO    [0m | [36mbackend.strategies.core.market_structure[0m:[36mupdate[0m | [1mBOS fired: BULLISH | Broken level: 5690.359 | BOS count: 34 | Trend Confirmed: True[0m
[32m14:34:46[0m | [1mINFO    [0m | [36mbackend.strategies.core.market_structure[0m:[36mupdate[0m | [1mBOS fired: BULLISH | Broken level: 5690.359 | BOS count: 35 | Trend Confirmed: True[0m
[32m14:34:47[0m | [1mINFO    [0m | [36mbackend.strategies.core.market_structure[0m:[36mupdate[0m | [1mChoCH fired: BEARISH | Broken level: 5611.005 | BOS count: 1[0m
[32m14:34:47[0m | [1mINFO    [0m | [36mbackend.strategies.core.market_structure[0m:[36mupdate[0m | [1mBOS fired: BEARISH | Broken level: 5611.005 | BOS count: 2 | Trend Confirmed: True[0m
[32m14:34:47[0m | [1mINFO    [0m | [36mbackend.strategies.core.market_structure[0m:[36mupdate[0m | [1mBOS fired: BEARISH | Broken level: 5611.005 | BOS count: 3 | Trend Confirmed: True[0m
[32m14:34:47[0m | [1mINFO    [0m | [36mbackend.strategies.core.market_structure[0m:[36mupdate[0m | [1mBOS fired: BEARISH | Broken level: 5611.005 | BOS count: 4 | Trend Confirmed: True[0m
[32m14:34:47[0m | [1mINFO    [0m | [36mbackend.strategies.core.market_structure[0m:[36mupdate[0m | [1mBOS fired: BEARISH | Broken level: 5611.005 | BOS count: 5 | Trend Confirmed: True[0m
[32m14:34:49[0m | [1mINFO    [0m | [36mbackend.strategies.core.market_structure[0m:[36mupdate[0m | [1mBOS fired: BEARISH | Broken level: 5640.182 | BOS count: 6 | Trend Confirmed: True[0m
[32m14:34:49[0m | [1mINFO    [0m | [36mbackend.strategies.core.market_structure[0m:[36mupdate[0m | [1mBOS fired: BEARISH | Broken level: 5640.182 | BOS count: 7 | Trend Confirmed: True[0m
[32m14:34:49[0m | [1mINFO    [0m | [36mbackend.strategies.core.market_structure[0m:[36mupdate[0m | [1mBOS fired: BEARISH | Broken level: 5640.182 | BOS count: 8 | Trend Confirmed: True[0m
[32m14:34:49[0m | [1mINFO    [0m | [36mbackend.strategies.core.market_structure[0m:[36mupdate[0m | [1mBOS fired: BEARISH | Broken level: 5640.182 | BOS count: 9 | Trend Confirmed: True[0m
[32m14:34:49[0m | [1mINFO    [0m | [36mbackend.strategies.core.market_structure[0m:[36mupdate[0m | [1mBOS fired: BEARISH | Broken level: 5640.182 | BOS count: 10 | Trend Confirmed: True[0m
[32m14:34:49[0m | [1mINFO    [0m | [36mbackend.strategies.core.market_structure[0m:[36mupdate[0m | [1mBOS fired: BEARISH | Broken level: 5640.182 | BOS count: 11 | Trend Confirmed: True[0m
[32m14:34:49[0m | [1mINFO    [0m | [36mbackend.strategies.core.market_structure[0m:[36mupdate[0m | [1mBOS fired: BEARISH | Broken level: 5640.182 | BOS count: 12 | Trend Confirmed: True[0m
[32m14:34:49[0m | [1mINFO    [0m | [36mbackend.strategies.core.market_structure[0m:[36mupdate[0m | [1mBOS fired: BEARISH | Broken level: 5640.182 | BOS count: 13 | Trend Confirmed: True[0m
[32m14:34:49[0m | [1mINFO    [0m | [36mbackend.strategies.core.market_structure[0m:[36mupdate[0m | [1mBOS fired: BEARISH | Broken level: 5640.182 | BOS count: 14 | Trend Confirmed: True[0m
[32m14:34:49[0m | [1mINFO    [0m | [36mbackend.strategies.core.market_structure[0m:[36mupdate[0m | [1mBOS fired: BEARISH | Broken level: 5640.182 | BOS count: 15 | Trend Confirmed: True[0m
[32m14:34:50[0m | [1mINFO    [0m | [36mbackend.strategies.core.market_structure[0m:[36mupdate[0m | [1mChoCH fired: BULLISH | Broken level: 5562.719 | BOS count: 1[0m
[32m14:34:50[0m | [1mINFO    [0m | [36mbackend.strategies.core.market_structure[0m:[36mupdate[0m | [1mBOS fired: BULLISH | Broken level: 5562.719 | BOS count: 2 | Trend Confirmed: True[0m
[32m14:34:50[0m | [1mINFO    [0m | [36mbackend.strategies.core.market_structure[0m:[36mupdate[0m | [1mBOS fired: BULLISH | Broken level: 5562.719 | BOS count: 3 | Trend Confirmed: True[0m
[32m14:34:50[0m | [1mINFO    [0m | [36mbackend.strategies.core.market_structure[0m:[36mupdate[0m | [1mBOS fired: BULLISH | Broken level: 5562.719 | BOS count: 4 | Trend Confirmed: True[0m
[32m14:34:50[0m | [1mINFO    [0m | [36mbackend.strategies.core.market_structure[0m:[36mupdate[0m | [1mBOS fired: BULLISH | Broken level: 5562.719 | BOS count: 5 | Trend Confirmed: True[0m
[32m14:34:50[0m | [1mINFO    [0m | [36mbackend.strategies.core.market_structure[0m:[36mupdate[0m | [1mBOS fired: BULLISH | Broken level: 5562.719 | BOS count: 6 | Trend Confirmed: True[0m
[32m14:34:50[0m | [1mINFO    [0m | [36mbackend.strategies.core.market_structure[0m:[36mupdate[0m | [1mBOS fired: BULLISH | Broken level: 5562.719 | BOS count: 7 | Trend Confirmed: True[0m
[32m14:34:50[0m | [1mINFO    [0m | [36mbackend.strategies.core.market_structure[0m:[36mupdate[0m | [1mBOS fired: BULLISH | Broken level: 5562.719 | BOS count: 8 | Trend Confirmed: True[0m
[32m14:34:50[0m | [1mINFO    [0m | [36mbackend.strategies.core.market_structure[0m:[36mupdate[0m | [1mBOS fired: BULLISH | Broken level: 5562.719 | BOS count: 9 | Trend Confirmed: True[0m
[32m14:34:50[0m | [1mINFO    [0m | [36mbackend.strategies.core.market_structure[0m:[36mupdate[0m | [1mBOS fired: BULLISH | Broken level: 5562.719 | BOS count: 10 | Trend Confirmed: True[0m
[32m14:34:50[0m | [1mINFO    [0m | [36mbackend.strategies.core.market_structure[0m:[36mupdate[0m | [1mBOS fired: BULLISH | Broken level: 5562.719 | BOS count: 11 | Trend Confirmed: True[0m
[32m14:34:50[0m | [1mINFO    [0m | [36mbackend.strategies.core.market_structure[0m:[36mupdate[0m | [1mBOS fired: BULLISH | Broken level: 5562.719 | BOS count: 12 | Trend Confirmed: True[0m
[32m14:34:50[0m | [1mINFO    [0m | [36mbackend.strategies.core.market_structure[0m:[36mupdate[0m | [1mBOS fired: BULLISH | Broken level: 5562.719 | BOS count: 13 | Trend Confirmed: True[0m
[32m14:34:50[0m | [1mINFO    [0m | [36mbackend.strategies.core.market_structure[0m:[36mupdate[0m | [1mBOS fired: BULLISH | Broken level: 5562.719 | BOS count: 14 | Trend Confirmed: True[0m
[32m14:34:50[0m | [1mINFO    [0m | [36mbackend.strategies.core.market_structure[0m:[36mupdate[0m | [1mBOS fired: BULLISH | Broken level: 5562.719 | BOS count: 15 | Trend Confirmed: True[0m
[32m14:34:50[0m | [1mINFO    [0m | [36mbackend.strategies.core.market_structure[0m:[36mupdate[0m | [1mBOS fired: BULLISH | Broken level: 5562.719 | BOS count: 16 | Trend Confirmed: True[0m
[32m14:34:50[0m | [1mINFO    [0m | [36mbackend.strategies.core.market_structure[0m:[36mupdate[0m | [1mBOS fired: BULLISH | Broken level: 5562.719 | BOS count: 17 | Trend Confirmed: True[0m
[32m14:34:50[0m | [1mINFO    [0m | [36mbackend.strategies.core.market_structure[0m:[36mupdate[0m | [1mBOS fired: BULLISH | Broken level: 5562.719 | BOS count: 18 | Trend Confirmed: True[0m
[32m14:34:50[0m | [1mINFO    [0m | [36mbackend.strategies.core.market_structure[0m:[36mupdate[0m | [1mBOS fired: BULLISH | Broken level: 5562.719 | BOS count: 19 | Trend Confirmed: True[0m
[32m14:34:50[0m | [1mINFO    [0m | [36mbackend.strategies.core.market_structure[0m:[36mupdate[0m | [1mBOS fired: BULLISH | Broken level: 5562.719 | BOS count: 20 | Trend Confirmed: True[0m
[32m14:34:50[0m | [1mINFO    [0m | [36mbackend.strategies.core.market_structure[0m:[36mupdate[0m | [1mBOS fired: BULLISH | Broken level: 5562.719 | BOS count: 21 | Trend Confirmed: True[0m
[32m14:34:50[0m | [1mINFO    [0m | [36mbackend.strategies.core.market_structure[0m:[36mupdate[0m | [1mBOS fired: BULLISH | Broken level: 5562.719 | BOS count: 22 | Trend Confirmed: True[0m
[32m14:34:50[0m | [1mINFO    [0m | [36mbackend.strategies.core.market_structure[0m:[36mupdate[0m | [1mBOS fired: BULLISH | Broken level: 5562.719 | BOS count: 23 | Trend Confirmed: True[0m
[32m14:34:50[0m | [1mINFO    [0m | [36mbackend.strategies.core.market_structure[0m:[36mupdate[0m | [1mBOS fired: BULLISH | Broken level: 5562.719 | BOS count: 24 | Trend Confirmed: True[0m
[32m14:34:50[0m | [1mINFO    [0m | [36mbackend.strategies.core.market_structure[0m:[36mupdate[0m | [1mBOS fired: BULLISH | Broken level: 5562.719 | BOS count: 25 | Trend Confirmed: True[0m
[32m14:34:50[0m | [1mINFO    [0m | [36mbackend.strategies.core.market_structure[0m:[36mupdate[0m | [1mBOS fired: BULLISH | Broken level: 5562.719 | BOS count: 26 | Trend Confirmed: True[0m
[32m14:34:50[0m | [1mINFO    [0m | [36mbackend.strategies.core.market_structure[0m:[36mupdate[0m | [1mBOS fired: BULLISH | Broken level: 5562.719 | BOS count: 27 | Trend Confirmed: True[0m
[32m14:34:50[0m | [1mINFO    [0m | [36mbackend.strategies.core.market_structure[0m:[36mupdate[0m | [1mBOS fired: BULLISH | Broken level: 5562.719 | BOS count: 28 | Trend Confirmed: True[0m
[32m14:34:50[0m | [1mINFO    [0m | [36mbackend.strategies.core.market_structure[0m:[36mupdate[0m | [1mBOS fired: BULLISH | Broken level: 5681.041 | BOS count: 29 | Trend Confirmed: True[0m
[32m14:34:50[0m | [1mINFO    [0m | [36mbackend.strategies.core.market_structure[0m:[36mupdate[0m | [1mBOS fired: BULLISH | Broken level: 5681.041 | BOS count: 30 | Trend Confirmed: True[0m
[32m14:34:50[0m | [1mINFO    [0m | [36mbackend.strategies.core.market_structure[0m:[36mupdate[0m | [1mBOS fired: BULLISH | Broken level: 5681.041 | BOS count: 31 | Trend Confirmed: True[0m
[32m14:34:50[0m | [1mINFO    [0m | [36mbackend.strategies.core.market_structure[0m:[36mupdate[0m | [1mBOS fired: BULLISH | Broken level: 5681.041 | BOS count: 32 | Trend Confirmed: True[0m
[32m14:34:50[0m | [1mINFO    [0m | [36mbackend.strategies.core.market_structure[0m:[36mupdate[0m | [1mBOS fired: BULLISH | Broken level: 5681.041 | BOS count: 33 | Trend Confirmed: True[0m
[32m14:34:50[0m | [1mINFO    [0m | [36mbackend.strategies.core.market_structure[0m:[36mupdate[0m | [1mBOS fired: BULLISH | Broken level: 5717.806 | BOS count: 34 | Trend Confirmed: True[0m
[32m14:34:50[0m | [1mINFO    [0m | [36mbackend.strategies.core.market_structure[0m:[36mupdate[0m | [1mBOS fired: BULLISH | Broken level: 5717.806 | BOS count: 35 | Trend Confirmed: True[0m
[32m14:34:50[0m | [1mINFO    [0m | [36mbackend.strategies.core.market_structure[0m:[36mupdate[0m | [1mBOS fired: BULLISH | Broken level: 5717.806 | BOS count: 36 | Trend Confirmed: True[0m
[32m14:34:50[0m | [1mINFO    [0m | [36mbackend.strategies.core.market_structure[0m:[36mupdate[0m | [1mBOS fired: BULLISH | Broken level: 5717.806 | BOS count: 37 | Trend Confirmed: True[0m
[32m14:34:50[0m | [1mINFO    [0m | [36mbackend.strategies.core.market_structure[0m:[36mupdate[0m | [1mBOS fired: BULLISH | Broken level: 5717.806 | BOS count: 38 | Trend Confirmed: True[0m
[32m14:34:50[0m | [1mINFO    [0m | [36mbackend.strategies.core.market_structure[0m:[36mupdate[0m | [1mBOS fired: BULLISH | Broken level: 5717.806 | BOS count: 39 | Trend Confirmed: True[0m
[32m14:34:50[0m | [1mINFO    [0m | [36mbackend.strategies.core.market_structure[0m:[36mupdate[0m | [1mBOS fired: BULLISH | Broken level: 5727.059 | BOS count: 40 | Trend Confirmed: True[0m
[32m14:34:50[0m | [1mINFO    [0m | [36mbackend.strategies.core.market_structure[0m:[36mupdate[0m | [1mBOS fired: BULLISH | Broken level: 5727.059 | BOS count: 41 | Trend Confirmed: True[0m
[32m14:34:51[0m | [1mINFO    [0m | [36mbackend.strategies.core.market_structure[0m:[36mupdate[0m | [1mChoCH fired: BEARISH | Broken level: 5668.252 | BOS count: 1[0m
[32m14:34:51[0m | [1mINFO    [0m | [36mbackend.strategies.core.market_structure[0m:[36mupdate[0m | [1mBOS fired: BEARISH | Broken level: 5668.252 | BOS count: 2 | Trend Confirmed: True[0m
[32m14:34:51[0m | [1mINFO    [0m | [36mbackend.strategies.core.market_structure[0m:[36mupdate[0m | [1mBOS fired: BEARISH | Broken level: 5668.252 | BOS count: 3 | Trend Confirmed: True[0m
[32m14:34:51[0m | [1mINFO    [0m | [36mbackend.strategies.core.market_structure[0m:[36mupdate[0m | [1mBOS fired: BEARISH | Broken level: 5668.252 | BOS count: 4 | Trend Confirmed: True[0m
[32m14:34:51[0m | [1mINFO    [0m | [36mbackend.strategies.core.market_structure[0m:[36mupdate[0m | [1mBOS fired: BEARISH | Broken level: 5668.252 | BOS count: 5 | Trend Confirmed: True[0m
[32m14:34:51[0m | [1mINFO    [0m | [36mbackend.strategies.core.market_structure[0m:[36mupdate[0m | [1mBOS fired: BEARISH | Broken level: 5668.252 | BOS count: 6 | Trend Confirmed: True[0m
[32m14:34:51[0m | [1mINFO    [0m | [36mbackend.strategies.core.market_structure[0m:[36mupdate[0m | [1mBOS fired: BEARISH | Broken level: 5668.252 | BOS count: 7 | Trend Confirmed: True[0m
[32m14:34:51[0m | [1mINFO    [0m | [36mbackend.strategies.core.market_structure[0m:[36mupdate[0m | [1mChoCH fired: BULLISH | Broken level: 5684.736 | BOS count: 1[0m
[32m14:34:51[0m | [1mINFO    [0m | [36mbackend.strategies.core.market_structure[0m:[36mupdate[0m | [1mBOS fired: BULLISH | Broken level: 5684.736 | BOS count: 2 | Trend Confirmed: True[0m
[32m14:34:51[0m | [1mINFO    [0m | [36mbackend.strategies.core.market_structure[0m:[36mupdate[0m | [1mBOS fired: BULLISH | Broken level: 5684.736 | BOS count: 3 | Trend Confirmed: True[0m
[32m14:34:51[0m | [1mINFO    [0m | [36mbackend.strategies.core.market_structure[0m:[36mupdate[0m | [1mBOS fired: BULLISH | Broken level: 5684.736 | BOS count: 4 | Trend Confirmed: True[0m
[32m14:34:52[0m | [1mINFO    [0m | [36mbackend.strategies.core.market_structure[0m:[36mupdate[0m | [1mBOS fired: BULLISH | Broken level: 5767.997 | BOS count: 5 | Trend Confirmed: True[0m
[32m14:34:52[0m | [1mINFO    [0m | [36mbackend.strategies.core.market_structure[0m:[36mupdate[0m | [1mBOS fired: BULLISH | Broken level: 5767.997 | BOS count: 6 | Trend Confirmed: True[0m
[32m14:34:52[0m | [1mINFO    [0m | [36mbackend.strategies.core.market_structure[0m:[36mupdate[0m | [1mBOS fired: BULLISH | Broken level: 5767.997 | BOS count: 7 | Trend Confirmed: True[0m
[32m14:34:52[0m | [1mINFO    [0m | [36mbackend.strategies.core.market_structure[0m:[36mupdate[0m | [1mBOS fired: BULLISH | Broken level: 5768.549 | BOS count: 8 | Trend Confirmed: True[0m
[32m14:34:52[0m | [1mINFO    [0m | [36mbackend.strategies.core.market_structure[0m:[36mupdate[0m | [1mBOS fired: BULLISH | Broken level: 5768.549 | BOS count: 9 | Trend Confirmed: True[0m
[32m14:34:52[0m | [1mINFO    [0m | [36mbackend.strategies.core.market_structure[0m:[36mupdate[0m | [1mBOS fired: BULLISH | Broken level: 5768.549 | BOS count: 10 | Trend Confirmed: True[0m
[32m14:34:52[0m | [1mINFO    [0m | [36mbackend.strategies.core.market_structure[0m:[36mupdate[0m | [1mChoCH fired: BEARISH | Broken level: 5752.617 | BOS count: 1[0m
[32m14:34:52[0m | [1mINFO    [0m | [36mbackend.strategies.core.market_structure[0m:[36mupdate[0m | [1mBOS fired: BEARISH | Broken level: 5752.617 | BOS count: 2 | Trend Confirmed: True[0m
[32m14:34:52[0m | [1mINFO    [0m | [36mbackend.strategies.core.market_structure[0m:[36mupdate[0m | [1mBOS fired: BEARISH | Broken level: 5752.617 | BOS count: 3 | Trend Confirmed: True[0m
[32m14:34:52[0m | [1mINFO    [0m | [36mbackend.strategies.core.market_structure[0m:[36mupdate[0m | [1mBOS fired: BEARISH | Broken level: 5752.617 | BOS count: 4 | Trend Confirmed: True[0m
[32m14:34:52[0m | [1mINFO    [0m | [36mbackend.strategies.core.market_structure[0m:[36mupdate[0m | [1mBOS fired: BEARISH | Broken level: 5752.617 | BOS count: 5 | Trend Confirmed: True[0m
[32m14:34:52[0m | [1mINFO    [0m | [36mbackend.strategies.core.market_structure[0m:[36mupdate[0m | [1mBOS fired: BEARISH | Broken level: 5736.79 | BOS count: 6 | Trend Confirmed: True[0m
[32m14:34:52[0m | [1mINFO    [0m | [36mbackend.strategies.core.market_structure[0m:[36mupdate[0m | [1mBOS fired: BEARISH | Broken level: 5851.954 | BOS count: 7 | Trend Confirmed: True[0m
[32m14:34:53[0m | [1mINFO    [0m | [36mbackend.strategies.core.market_structure[0m:[36mupdate[0m | [1mBOS fired: BEARISH | Broken level: 5886.386 | BOS count: 8 | Trend Confirmed: True[0m
[32m14:34:53[0m | [1mINFO    [0m | [36mbackend.strategies.core.market_structure[0m:[36mupdate[0m | [1mBOS fired: BEARISH | Broken level: 5877.622 | BOS count: 9 | Trend Confirmed: True[0m
[32m14:34:53[0m | [1mINFO    [0m | [36mbackend.strategies.core.market_structure[0m:[36mupdate[0m | [1mBOS fired: BEARISH | Broken level: 5877.622 | BOS count: 10 | Trend Confirmed: True[0m
[32m14:34:53[0m | [1mINFO    [0m | [36mbackend.strategies.core.market_structure[0m:[36mupdate[0m | [1mBOS fired: BEARISH | Broken level: 5877.622 | BOS count: 11 | Trend Confirmed: True[0m
[32m14:34:53[0m | [1mINFO    [0m | [36mbackend.strategies.core.market_structure[0m:[36mupdate[0m | [1mBOS fired: BEARISH | Broken level: 5877.622 | BOS count: 12 | Trend Confirmed: True[0m
[32m14:34:53[0m | [1mINFO    [0m | [36mbackend.strategies.core.market_structure[0m:[36mupdate[0m | [1mBOS fired: BEARISH | Broken level: 5877.622 | BOS count: 13 | Trend Confirmed: True[0m
[32m14:34:53[0m | [1mINFO    [0m | [36mbackend.strategies.core.market_structure[0m:[36mupdate[0m | [1mBOS fired: BEARISH | Broken level: 5877.622 | BOS count: 14 | Trend Confirmed: True[0m
[32m14:34:53[0m | [1mINFO    [0m | [36mbackend.strategies.core.market_structure[0m:[36mupdate[0m | [1mBOS fired: BEARISH | Broken level: 5877.622 | BOS count: 15 | Trend Confirmed: True[0m
[32m14:34:53[0m | [1mINFO    [0m | [36mbackend.strategies.core.market_structure[0m:[36mupdate[0m | [1mBOS fired: BEARISH | Broken level: 5877.622 | BOS count: 16 | Trend Confirmed: True[0m
[32m14:34:53[0m | [1mINFO    [0m | [36mbackend.strategies.core.market_structure[0m:[36mupdate[0m | [1mBOS fired: BEARISH | Broken level: 5877.622 | BOS count: 17 | Trend Confirmed: True[0m
[32m14:34:53[0m | [1mINFO    [0m | [36mbackend.strategies.core.market_structure[0m:[36mupdate[0m | [1mBOS fired: BEARISH | Broken level: 5877.622 | BOS count: 18 | Trend Confirmed: True[0m
[32m14:34:53[0m | [1mINFO    [0m | [36mbackend.strategies.core.market_structure[0m:[36mupdate[0m | [1mBOS fired: BEARISH | Broken level: 5837.245 | BOS count: 19 | Trend Confirmed: True[0m
[32m14:34:53[0m | [1mINFO    [0m | [36mbackend.strategies.core.market_structure[0m:[36mupdate[0m | [1mBOS fired: BEARISH | Broken level: 5837.245 | BOS count: 20 | Trend Confirmed: True[0m
[32m14:34:53[0m | [1mINFO    [0m | [36mbackend.strategies.core.market_structure[0m:[36mupdate[0m | [1mBOS fired: BEARISH | Broken level: 5834.688 | BOS count: 21 | Trend Confirmed: True[0m
[32m14:34:53[0m | [1mINFO    [0m | [36mbackend.strategies.core.market_structure[0m:[36mupdate[0m | [1mBOS fired: BEARISH | Broken level: 5834.688 | BOS count: 22 | Trend Confirmed: True[0m
[32m14:34:53[0m | [1mINFO    [0m | [36mbackend.strategies.core.market_structure[0m:[36mupdate[0m | [1mBOS fired: BEARISH | Broken level: 5834.688 | BOS count: 23 | Trend Confirmed: True[0m
[32m14:34:53[0m | [1mINFO    [0m | [36mbackend.strategies.core.market_structure[0m:[36mupdate[0m | [1mBOS fired: BEARISH | Broken level: 5834.688 | BOS count: 24 | Trend Confirmed: True[0m
[32m14:34:53[0m | [1mINFO    [0m | [36mbackend.strategies.core.market_structure[0m:[36mupdate[0m | [1mBOS fired: BEARISH | Broken level: 5834.688 | BOS count: 25 | Trend Confirmed: True[0m
[32m14:34:53[0m | [1mINFO    [0m | [36mbackend.strategies.core.market_structure[0m:[36mupdate[0m | [1mBOS fired: BEARISH | Broken level: 5834.688 | BOS count: 26 | Trend Confirmed: True[0m
[32m14:34:53[0m | [1mINFO    [0m | [36mbackend.strategies.core.market_structure[0m:[36mupdate[0m | [1mBOS fired: BEARISH | Broken level: 5834.688 | BOS count: 27 | Trend Confirmed: True[0m
[32m14:34:53[0m | [1mINFO    [0m | [36mbackend.strategies.core.market_structure[0m:[36mupdate[0m | [1mBOS fired: BEARISH | Broken level: 5834.688 | BOS count: 28 | Trend Confirmed: True[0m
[32m14:34:54[0m | [1mINFO    [0m | [36mbackend.strategies.core.market_structure[0m:[36mupdate[0m | [1mBOS fired: BEARISH | Broken level: 5834.688 | BOS count: 29 | Trend Confirmed: True[0m
[32m14:34:54[0m | [1mINFO    [0m | [36mbackend.strategies.core.market_structure[0m:[36mupdate[0m | [1mBOS fired: BEARISH | Broken level: 5834.688 | BOS count: 30 | Trend Confirmed: True[0m
[32m14:34:54[0m | [1mINFO    [0m | [36mbackend.strategies.core.market_structure[0m:[36mupdate[0m | [1mBOS fired: BEARISH | Broken level: 5834.688 | BOS count: 31 | Trend Confirmed: True[0m
[32m14:34:54[0m | [1mINFO    [0m | [36mbackend.strategies.core.market_structure[0m:[36mupdate[0m | [1mBOS fired: BEARISH | Broken level: 5834.688 | BOS count: 32 | Trend Confirmed: True[0m
[32m14:34:54[0m | [1mINFO    [0m | [36mbackend.strategies.core.market_structure[0m:[36mupdate[0m | [1mBOS fired: BEARISH | Broken level: 5834.688 | BOS count: 33 | Trend Confirmed: True[0m
[32m14:34:54[0m | [1mINFO    [0m | [36mbackend.strategies.core.market_structure[0m:[36mupdate[0m | [1mBOS fired: BEARISH | Broken level: 5806.492 | BOS count: 34 | Trend Confirmed: True[0m
[32m14:34:54[0m | [1mINFO    [0m | [36mbackend.strategies.core.market_structure[0m:[36mupdate[0m | [1mBOS fired: BEARISH | Broken level: 5806.492 | BOS count: 35 | Trend Confirmed: True[0m
[32m14:34:54[0m | [1mINFO    [0m | [36mbackend.strategies.core.market_structure[0m:[36mupdate[0m | [1mChoCH fired: BULLISH | Broken level: 5817.074 | BOS count: 1[0m
[32m14:34:54[0m | [1mINFO    [0m | [36mbackend.strategies.core.market_structure[0m:[36mupdate[0m | [1mBOS fired: BULLISH | Broken level: 5817.074 | BOS count: 2 | Trend Confirmed: True[0m
[32m14:34:54[0m | [1mINFO    [0m | [36mbackend.strategies.core.market_structure[0m:[36mupdate[0m | [1mBOS fired: BULLISH | Broken level: 5817.074 | BOS count: 3 | Trend Confirmed: True[0m
[32m14:34:54[0m | [1mINFO    [0m | [36mbackend.strategies.core.market_structure[0m:[36mupdate[0m | [1mBOS fired: BULLISH | Broken level: 5817.074 | BOS count: 4 | Trend Confirmed: True[0m
[32m14:34:54[0m | [1mINFO    [0m | [36mbackend.strategies.core.market_structure[0m:[36mupdate[0m | [1mBOS fired: BULLISH | Broken level: 5817.074 | BOS count: 5 | Trend Confirmed: True[0m
[32m14:34:54[0m | [1mINFO    [0m | [36mbackend.strategies.core.market_structure[0m:[36mupdate[0m | [1mBOS fired: BULLISH | Broken level: 5817.074 | BOS count: 6 | Trend Confirmed: True[0m
[32m14:34:54[0m | [1mINFO    [0m | [36mbackend.strategies.core.market_structure[0m:[36mupdate[0m | [1mBOS fired: BULLISH | Broken level: 5817.074 | BOS count: 7 | Trend Confirmed: True[0m
[32m14:34:54[0m | [1mINFO    [0m | [36mbackend.strategies.core.market_structure[0m:[36mupdate[0m | [1mBOS fired: BULLISH | Broken level: 5817.074 | BOS count: 8 | Trend Confirmed: True[0m
[32m14:34:54[0m | [1mINFO    [0m | [36mbackend.strategies.core.market_structure[0m:[36mupdate[0m | [1mBOS fired: BULLISH | Broken level: 5817.074 | BOS count: 9 | Trend Confirmed: True[0m
[32m14:34:54[0m | [1mINFO    [0m | [36mbackend.strategies.core.market_structure[0m:[36mupdate[0m | [1mChoCH fired: BEARISH | Broken level: 5810.977 | BOS count: 1[0m
[32m14:34:54[0m | [1mINFO    [0m | [36mbackend.strategies.core.market_structure[0m:[36mupdate[0m | [1mBOS fired: BEARISH | Broken level: 5810.977 | BOS count: 2 | Trend Confirmed: True[0m
[32m14:34:54[0m | [1mINFO    [0m | [36mbackend.strategies.core.market_structure[0m:[36mupdate[0m | [1mBOS fired: BEARISH | Broken level: 5810.977 | BOS count: 3 | Trend Confirmed: True[0m
[32m14:34:54[0m | [1mINFO    [0m | [36mbackend.strategies.core.market_structure[0m:[36mupdate[0m | [1mBOS fired: BEARISH | Broken level: 5810.977 | BOS count: 4 | Trend Confirmed: True[0m
[32m14:34:54[0m | [1mINFO    [0m | [36mbackend.strategies.core.market_structure[0m:[36mupdate[0m | [1mBOS fired: BEARISH | Broken level: 5810.977 | BOS count: 5 | Trend Confirmed: True[0m
[32m14:34:54[0m | [1mINFO    [0m | [36mbackend.strategies.core.market_structure[0m:[36mupdate[0m | [1mChoCH fired: BULLISH | Broken level: 5820.568 | BOS count: 1[0m
[32m14:34:54[0m | [1mINFO    [0m | [36mbackend.strategies.core.market_structure[0m:[36mupdate[0m | [1mBOS fired: BULLISH | Broken level: 5820.568 | BOS count: 2 | Trend Confirmed: True[0m
[32m14:34:54[0m | [1mINFO    [0m | [36mbackend.strategies.core.market_structure[0m:[36mupdate[0m | [1mChoCH fired: BEARISH | Broken level: 5812.329 | BOS count: 1[0m
[32m14:34:54[0m | [1mINFO    [0m | [36mbackend.strategies.core.market_structure[0m:[36mupdate[0m | [1mBOS fired: BEARISH | Broken level: 5812.329 | BOS count: 2 | Trend Confirmed: True[0m
[32m14:34:54[0m | [1mINFO    [0m | [36mbackend.strategies.core.market_structure[0m:[36mupdate[0m | [1mBOS fired: BEARISH | Broken level: 5812.329 | BOS count: 3 | Trend Confirmed: True[0m
[32m14:34:54[0m | [1mINFO    [0m | [36mbackend.strategies.core.market_structure[0m:[36mupdate[0m | [1mBOS fired: BEARISH | Broken level: 5812.329 | BOS count: 4 | Trend Confirmed: True[0m
[32m14:34:54[0m | [1mINFO    [0m | [36mbackend.strategies.core.market_structure[0m:[36mupdate[0m | [1mBOS fired: BEARISH | Broken level: 5812.329 | BOS count: 5 | Trend Confirmed: True[0m
[32m14:34:54[0m | [1mINFO    [0m | [36mbackend.strategies.core.market_structure[0m:[36mupdate[0m | [1mBOS fired: BEARISH | Broken level: 5812.329 | BOS count: 6 | Trend Confirmed: True[0m
[32m14:34:54[0m | [1mINFO    [0m | [36mbackend.strategies.core.market_structure[0m:[36mupdate[0m | [1mBOS fired: BEARISH | Broken level: 5812.329 | BOS count: 7 | Trend Confirmed: True[0m
[32m14:34:54[0m | [1mINFO    [0m | [36mbackend.strategies.core.market_structure[0m:[36mupdate[0m | [1mBOS fired: BEARISH | Broken level: 5804.93 | BOS count: 8 | Trend Confirmed: True[0m
[32m14:34:54[0m | [1mINFO    [0m | [36mbackend.strategies.core.market_structure[0m:[36mupdate[0m | [1mBOS fired: BEARISH | Broken level: 5804.93 | BOS count: 9 | Trend Confirmed: True[0m
[32m14:34:54[0m | [1mINFO    [0m | [36mbackend.strategies.core.market_structure[0m:[36mupdate[0m | [1mBOS fired: BEARISH | Broken level: 5804.93 | BOS count: 10 | Trend Confirmed: True[0m
[32m14:34:54[0m | [1mINFO    [0m | [36mbackend.strategies.core.market_structure[0m:[36mupdate[0m | [1mBOS fired: BEARISH | Broken level: 5804.93 | BOS count: 11 | Trend Confirmed: True[0m
[32m14:34:54[0m | [1mINFO    [0m | [36mbackend.strategies.core.market_structure[0m:[36mupdate[0m | [1mBOS fired: BEARISH | Broken level: 5804.93 | BOS count: 12 | Trend Confirmed: True[0m
[32m14:34:54[0m | [1mINFO    [0m | [36mbackend.strategies.core.market_structure[0m:[36mupdate[0m | [1mBOS fired: BEARISH | Broken level: 5804.93 | BOS count: 13 | Trend Confirmed: True[0m
[32m14:34:54[0m | [1mINFO    [0m | [36mbackend.strategies.core.market_structure[0m:[36mupdate[0m | [1mBOS fired: BEARISH | Broken level: 5776.756 | BOS count: 14 | Trend Confirmed: True[0m
[32m14:34:54[0m | [1mINFO    [0m | [36mbackend.strategies.core.market_structure[0m:[36mupdate[0m | [1mBOS fired: BEARISH | Broken level: 5776.756 | BOS count: 15 | Trend Confirmed: True[0m
[32m14:34:54[0m | [1mINFO    [0m | [36mbackend.strategies.core.market_structure[0m:[36mupdate[0m | [1mBOS fired: BEARISH | Broken level: 5776.756 | BOS count: 16 | Trend Confirmed: True[0m
[32m14:34:54[0m | [1mINFO    [0m | [36mbackend.strategies.core.market_structure[0m:[36mupdate[0m | [1mBOS fired: BEARISH | Broken level: 5776.756 | BOS count: 17 | Trend Confirmed: True[0m
[32m14:34:54[0m | [1mINFO    [0m | [36mbackend.strategies.core.market_structure[0m:[36mupdate[0m | [1mBOS fired: BEARISH | Broken level: 5776.756 | BOS count: 18 | Trend Confirmed: True[0m
[32m14:34:54[0m | [1mINFO    [0m | [36mbackend.strategies.core.market_structure[0m:[36mupdate[0m | [1mBOS fired: BEARISH | Broken level: 5776.756 | BOS count: 19 | Trend Confirmed: True[0m
[32m14:34:54[0m | [1mINFO    [0m | [36mbackend.strategies.core.market_structure[0m:[36mupdate[0m | [1mBOS fired: BEARISH | Broken level: 5776.756 | BOS count: 20 | Trend Confirmed: True[0m
[32m14:34:54[0m | [1mINFO    [0m | [36mbackend.strategies.core.market_structure[0m:[36mupdate[0m | [1mBOS fired: BEARISH | Broken level: 5776.756 | BOS count: 21 | Trend Confirmed: True[0m
[32m14:34:54[0m | [1mINFO    [0m | [36mbackend.strategies.core.market_structure[0m:[36mupdate[0m | [1mBOS fired: BEARISH | Broken level: 5776.756 | BOS count: 22 | Trend Confirmed: True[0m
[32m14:34:54[0m | [1mINFO    [0m | [36mbackend.strategies.core.market_structure[0m:[36mupdate[0m | [1mBOS fired: BEARISH | Broken level: 5776.756 | BOS count: 23 | Trend Confirmed: True[0m
[32m14:34:55[0m | [1mINFO    [0m | [36mbackend.strategies.core.market_structure[0m:[36mupdate[0m | [1mChoCH fired: BULLISH | Broken level: 5781.741 | BOS count: 1[0m
[32m14:34:55[0m | [1mINFO    [0m | [36mbackend.strategies.core.market_structure[0m:[36mupdate[0m | [1mBOS fired: BULLISH | Broken level: 5781.741 | BOS count: 2 | Trend Confirmed: True[0m
[32m14:34:55[0m | [1mINFO    [0m | [36mbackend.strategies.core.market_structure[0m:[36mupdate[0m | [1mBOS fired: BULLISH | Broken level: 5781.741 | BOS count: 3 | Trend Confirmed: True[0m
[32m14:34:55[0m | [1mINFO    [0m | [36mbackend.strategies.core.market_structure[0m:[36mupdate[0m | [1mBOS fired: BULLISH | Broken level: 5781.741 | BOS count: 4 | Trend Confirmed: True[0m
[32m14:34:55[0m | [1mINFO    [0m | [36mbackend.strategies.core.market_structure[0m:[36mupdate[0m | [1mBOS fired: BULLISH | Broken level: 5781.741 | BOS count: 5 | Trend Confirmed: True[0m
[32m14:34:55[0m | [1mINFO    [0m | [36mbackend.strategies.core.market_structure[0m:[36mupdate[0m | [1mBOS fired: BULLISH | Broken level: 5781.741 | BOS count: 6 | Trend Confirmed: True[0m
[32m14:34:55[0m | [1mINFO    [0m | [36mbackend.strategies.core.market_structure[0m:[36mupdate[0m | [1mBOS fired: BULLISH | Broken level: 5781.741 | BOS count: 7 | Trend Confirmed: True[0m
[32m14:34:55[0m | [1mINFO    [0m | [36mbackend.strategies.core.market_structure[0m:[36mupdate[0m | [1mBOS fired: BULLISH | Broken level: 5781.741 | BOS count: 8 | Trend Confirmed: True[0m
[32m14:34:55[0m | [1mINFO    [0m | [36mbackend.strategies.core.market_structure[0m:[36mupdate[0m | [1mBOS fired: BULLISH | Broken level: 5781.741 | BOS count: 9 | Trend Confirmed: True[0m
[32m14:34:55[0m | [1mINFO    [0m | [36mbackend.strategies.core.market_structure[0m:[36mupdate[0m | [1mBOS fired: BULLISH | Broken level: 5781.741 | BOS count: 10 | Trend Confirmed: True[0m
[32m14:34:55[0m | [1mINFO    [0m | [36mbackend.strategies.core.market_structure[0m:[36mupdate[0m | [1mBOS fired: BULLISH | Broken level: 5781.741 | BOS count: 11 | Trend Confirmed: True[0m
[32m14:34:55[0m | [1mINFO    [0m | [36mbackend.strategies.core.market_structure[0m:[36mupdate[0m | [1mBOS fired: BULLISH | Broken level: 5795.073 | BOS count: 12 | Trend Confirmed: True[0m
[32m14:34:55[0m | [1mINFO    [0m | [36mbackend.strategies.core.market_structure[0m:[36mupdate[0m | [1mBOS fired: BULLISH | Broken level: 5795.073 | BOS count: 13 | Trend Confirmed: True[0m
[32m14:34:55[0m | [1mINFO    [0m | [36mbackend.strategies.core.market_structure[0m:[36mupdate[0m | [1mBOS fired: BULLISH | Broken level: 5795.073 | BOS count: 14 | Trend Confirmed: True[0m
[32m14:34:55[0m | [1mINFO    [0m | [36mbackend.strategies.core.market_structure[0m:[36mupdate[0m | [1mBOS fired: BULLISH | Broken level: 5795.073 | BOS count: 15 | Trend Confirmed: True[0m
[32m14:34:55[0m | [1mINFO    [0m | [36mbackend.strategies.core.market_structure[0m:[36mupdate[0m | [1mBOS fired: BULLISH | Broken level: 5795.073 | BOS count: 16 | Trend Confirmed: True[0m
[32m14:34:55[0m | [1mINFO    [0m | [36mbackend.strategies.core.market_structure[0m:[36mupdate[0m | [1mBOS fired: BULLISH | Broken level: 5795.073 | BOS count: 17 | Trend Confirmed: True[0m
[32m14:34:55[0m | [1mINFO    [0m | [36mbackend.strategies.core.market_structure[0m:[36mupdate[0m | [1mBOS fired: BULLISH | Broken level: 5795.073 | BOS count: 18 | Trend Confirmed: True[0m
[32m14:34:55[0m | [1mINFO    [0m | [36mbackend.strategies.core.market_structure[0m:[36mupdate[0m | [1mBOS fired: BULLISH | Broken level: 5795.073 | BOS count: 19 | Trend Confirmed: True[0m
[32m14:34:55[0m | [1mINFO    [0m | [36mbackend.strategies.core.market_structure[0m:[36mupdate[0m | [1mBOS fired: BULLISH | Broken level: 5795.073 | BOS count: 20 | Trend Confirmed: True[0m
[32m14:34:55[0m | [1mINFO    [0m | [36mbackend.strategies.core.market_structure[0m:[36mupdate[0m | [1mBOS fired: BULLISH | Broken level: 5795.073 | BOS count: 21 | Trend Confirmed: True[0m
[32m14:34:55[0m | [1mINFO    [0m | [36mbackend.strategies.core.market_structure[0m:[36mupdate[0m | [1mBOS fired: BULLISH | Broken level: 5795.073 | BOS count: 22 | Trend Confirmed: True[0m
[32m14:34:55[0m | [1mINFO    [0m | [36mbackend.strategies.core.market_structure[0m:[36mupdate[0m | [1mBOS fired: BULLISH | Broken level: 5795.073 | BOS count: 23 | Trend Confirmed: True[0m
[32m14:34:55[0m | [1mINFO    [0m | [36mbackend.strategies.core.market_structure[0m:[36mupdate[0m | [1mBOS fired: BULLISH | Broken level: 5751.701 | BOS count: 24 | Trend Confirmed: True[0m
[32m14:34:55[0m | [1mINFO    [0m | [36mbackend.strategies.core.market_structure[0m:[36mupdate[0m | [1mBOS fired: BULLISH | Broken level: 5751.701 | BOS count: 25 | Trend Confirmed: True[0m
[32m14:34:55[0m | [1mINFO    [0m | [36mbackend.strategies.core.market_structure[0m:[36mupdate[0m | [1mBOS fired: BULLISH | Broken level: 5751.701 | BOS count: 26 | Trend Confirmed: True[0m
[32m14:34:55[0m | [1mINFO    [0m | [36mbackend.strategies.core.market_structure[0m:[36mupdate[0m | [1mBOS fired: BULLISH | Broken level: 5751.701 | BOS count: 27 | Trend Confirmed: True[0m
[32m14:34:55[0m | [1mINFO    [0m | [36mbackend.strategies.core.market_structure[0m:[36mupdate[0m | [1mBOS fired: BULLISH | Broken level: 5751.701 | BOS count: 28 | Trend Confirmed: True[0m
[32m14:34:55[0m | [1mINFO    [0m | [36mbackend.strategies.core.market_structure[0m:[36mupdate[0m | [1mBOS fired: BULLISH | Broken level: 5751.701 | BOS count: 29 | Trend Confirmed: True[0m
[32m14:34:55[0m | [1mINFO    [0m | [36mbackend.strategies.core.market_structure[0m:[36mupdate[0m | [1mBOS fired: BULLISH | Broken level: 5751.701 | BOS count: 30 | Trend Confirmed: True[0m
[32m14:34:55[0m | [1mINFO    [0m | [36mbackend.strategies.core.market_structure[0m:[36mupdate[0m | [1mBOS fired: BULLISH | Broken level: 5751.701 | BOS count: 31 | Trend Confirmed: True[0m
[32m14:34:55[0m | [1mINFO    [0m | [36mbackend.strategies.core.market_structure[0m:[36mupdate[0m | [1mBOS fired: BULLISH | Broken level: 5751.701 | BOS count: 32 | Trend Confirmed: True[0m
[32m14:34:55[0m | [1mINFO    [0m | [36mbackend.strategies.core.market_structure[0m:[36mupdate[0m | [1mBOS fired: BULLISH | Broken level: 5751.701 | BOS count: 33 | Trend Confirmed: True[0m
[32m14:34:55[0m | [1mINFO    [0m | [36mbackend.strategies.core.market_structure[0m:[36mupdate[0m | [1mBOS fired: BULLISH | Broken level: 5751.701 | BOS count: 34 | Trend Confirmed: True[0m
[32m14:34:55[0m | [1mINFO    [0m | [36mbackend.strategies.core.market_structure[0m:[36mupdate[0m | [1mBOS fired: BULLISH | Broken level: 5751.701 | BOS count: 35 | Trend Confirmed: True[0m
[32m14:34:55[0m | [1mINFO    [0m | [36mbackend.strategies.core.market_structure[0m:[36mupdate[0m | [1mBOS fired: BULLISH | Broken level: 5751.701 | BOS count: 36 | Trend Confirmed: True[0m
[32m14:34:55[0m | [1mINFO    [0m | [36mbackend.strategies.core.market_structure[0m:[36mupdate[0m | [1mBOS fired: BULLISH | Broken level: 5751.701 | BOS count: 37 | Trend Confirmed: True[0m
[32m14:34:55[0m | [1mINFO    [0m | [36mbackend.strategies.core.market_structure[0m:[36mupdate[0m | [1mBOS fired: BULLISH | Broken level: 5751.701 | BOS count: 38 | Trend Confirmed: True[0m
[32m14:34:55[0m | [1mINFO    [0m | [36mbackend.strategies.core.market_structure[0m:[36mupdate[0m | [1mBOS fired: BULLISH | Broken level: 5751.701 | BOS count: 39 | Trend Confirmed: True[0m
[32m14:34:55[0m | [1mINFO    [0m | [36mbackend.strategies.core.market_structure[0m:[36mupdate[0m | [1mBOS fired: BULLISH | Broken level: 5751.701 | BOS count: 40 | Trend Confirmed: True[0m
[32m14:34:55[0m | [1mINFO    [0m | [36mbackend.strategies.core.market_structure[0m:[36mupdate[0m | [1mBOS fired: BULLISH | Broken level: 5751.701 | BOS count: 41 | Trend Confirmed: True[0m
[32m14:34:55[0m | [1mINFO    [0m | [36mbackend.strategies.core.market_structure[0m:[36mupdate[0m | [1mBOS fired: BULLISH | Broken level: 5751.701 | BOS count: 42 | Trend Confirmed: True[0m
[32m14:34:55[0m | [1mINFO    [0m | [36mbackend.strategies.core.market_structure[0m:[36mupdate[0m | [1mBOS fired: BULLISH | Broken level: 5751.701 | BOS count: 43 | Trend Confirmed: True[0m
[32m14:34:55[0m | [1mINFO    [0m | [36mbackend.strategies.core.market_structure[0m:[36mupdate[0m | [1mBOS fired: BULLISH | Broken level: 5751.701 | BOS count: 44 | Trend Confirmed: True[0m
[32m14:34:55[0m | [1mINFO    [0m | [36mbackend.strategies.core.market_structure[0m:[36mupdate[0m | [1mBOS fired: BULLISH | Broken level: 5751.701 | BOS count: 45 | Trend Confirmed: True[0m
[32m14:34:55[0m | [1mINFO    [0m | [36mbackend.strategies.core.market_structure[0m:[36mupdate[0m | [1mBOS fired: BULLISH | Broken level: 5751.701 | BOS count: 46 | Trend Confirmed: True[0m
[32m14:34:55[0m | [1mINFO    [0m | [36mbackend.strategies.core.market_structure[0m:[36mupdate[0m | [1mBOS fired: BULLISH | Broken level: 5751.701 | BOS count: 47 | Trend Confirmed: True[0m
[32m14:34:55[0m | [1mINFO    [0m | [36mbackend.strategies.core.market_structure[0m:[36mupdate[0m | [1mBOS fired: BULLISH | Broken level: 5751.701 | BOS count: 48 | Trend Confirmed: True[0m
[32m14:34:55[0m | [1mINFO    [0m | [36mbackend.strategies.core.market_structure[0m:[36mupdate[0m | [1mBOS fired: BULLISH | Broken level: 5751.701 | BOS count: 49 | Trend Confirmed: True[0m
[32m14:34:55[0m | [1mINFO    [0m | [36mbackend.strategies.core.market_structure[0m:[36mupdate[0m | [1mBOS fired: BULLISH | Broken level: 5751.701 | BOS count: 50 | Trend Confirmed: True[0m
[32m14:34:56[0m | [1mINFO    [0m | [36mbackend.strategies.core.market_structure[0m:[36mupdate[0m | [1mBOS fired: BULLISH | Broken level: 5871.154 | BOS count: 51 | Trend Confirmed: True[0m
[32m14:34:56[0m | [1mINFO    [0m | [36mbackend.strategies.core.market_structure[0m:[36mupdate[0m | [1mBOS fired: BULLISH | Broken level: 5871.154 | BOS count: 52 | Trend Confirmed: True[0m
[32m14:34:56[0m | [1mINFO    [0m | [36mbackend.strategies.core.market_structure[0m:[36mupdate[0m | [1mBOS fired: BULLISH | Broken level: 5871.154 | BOS count: 53 | Trend Confirmed: True[0m
[32m14:34:56[0m | [1mINFO    [0m | [36mbackend.strategies.core.market_structure[0m:[36mupdate[0m | [1mBOS fired: BULLISH | Broken level: 5871.154 | BOS count: 54 | Trend Confirmed: True[0m
[32m14:34:56[0m | [1mINFO    [0m | [36mbackend.strategies.core.market_structure[0m:[36mupdate[0m | [1mBOS fired: BULLISH | Broken level: 5871.154 | BOS count: 55 | Trend Confirmed: True[0m
[32m14:34:56[0m | [1mINFO    [0m | [36mbackend.strategies.core.market_structure[0m:[36mupdate[0m | [1mBOS fired: BULLISH | Broken level: 5886.071 | BOS count: 56 | Trend Confirmed: True[0m
[32m14:34:56[0m | [1mINFO    [0m | [36mbackend.strategies.core.market_structure[0m:[36mupdate[0m | [1mBOS fired: BULLISH | Broken level: 5945.143 | BOS count: 57 | Trend Confirmed: True[0m
[32m14:34:56[0m | [1mINFO    [0m | [36mbackend.strategies.core.market_structure[0m:[36mupdate[0m | [1mBOS fired: BULLISH | Broken level: 5945.143 | BOS count: 58 | Trend Confirmed: True[0m
[32m14:34:56[0m | [1mINFO    [0m | [36mbackend.strategies.core.market_structure[0m:[36mupdate[0m | [1mChoCH fired: BEARISH | Broken level: 5934.94 | BOS count: 1[0m
[32m14:34:56[0m | [1mINFO    [0m | [36mbackend.strategies.core.market_structure[0m:[36mupdate[0m | [1mBOS fired: BEARISH | Broken level: 5934.94 | BOS count: 2 | Trend Confirmed: True[0m
[32m14:34:56[0m | [1mINFO    [0m | [36mbackend.strategies.core.market_structure[0m:[36mupdate[0m | [1mBOS fired: BEARISH | Broken level: 5934.94 | BOS count: 3 | Trend Confirmed: True[0m
[32m14:34:56[0m | [1mINFO    [0m | [36mbackend.strategies.core.market_structure[0m:[36mupdate[0m | [1mBOS fired: BEARISH | Broken level: 5934.94 | BOS count: 4 | Trend Confirmed: True[0m
[32m14:34:56[0m | [1mINFO    [0m | [36mbackend.strategies.core.market_structure[0m:[36mupdate[0m | [1mBOS fired: BEARISH | Broken level: 5934.94 | BOS count: 5 | Trend Confirmed: True[0m
[32m14:34:56[0m | [1mINFO    [0m | [36mbackend.strategies.core.market_structure[0m:[36mupdate[0m | [1mBOS fired: BEARISH | Broken level: 5934.94 | BOS count: 6 | Trend Confirmed: True[0m
[32m14:34:56[0m | [1mINFO    [0m | [36mbackend.strategies.core.market_structure[0m:[36mupdate[0m | [1mBOS fired: BEARISH | Broken level: 5934.94 | BOS count: 7 | Trend Confirmed: True[0m
[32m14:34:56[0m | [1mINFO    [0m | [36mbackend.strategies.core.market_structure[0m:[36mupdate[0m | [1mBOS fired: BEARISH | Broken level: 5934.94 | BOS count: 8 | Trend Confirmed: True[0m
[32m14:34:56[0m | [1mINFO    [0m | [36mbackend.strategies.core.market_structure[0m:[36mupdate[0m | [1mBOS fired: BEARISH | Broken level: 5934.94 | BOS count: 9 | Trend Confirmed: True[0m
[32m14:34:56[0m | [1mINFO    [0m | [36mbackend.strategies.core.market_structure[0m:[36mupdate[0m | [1mBOS fired: BEARISH | Broken level: 5934.94 | BOS count: 10 | Trend Confirmed: True[0m
[32m14:34:56[0m | [1mINFO    [0m | [36mbackend.strategies.core.market_structure[0m:[36mupdate[0m | [1mBOS fired: BEARISH | Broken level: 5934.94 | BOS count: 11 | Trend Confirmed: True[0m
[32m14:34:56[0m | [1mINFO    [0m | [36mbackend.strategies.core.market_structure[0m:[36mupdate[0m | [1mBOS fired: BEARISH | Broken level: 5934.94 | BOS count: 12 | Trend Confirmed: True[0m
[32m14:34:56[0m | [1mINFO    [0m | [36mbackend.strategies.core.market_structure[0m:[36mupdate[0m | [1mBOS fired: BEARISH | Broken level: 5934.94 | BOS count: 13 | Trend Confirmed: True[0m
[32m14:34:56[0m | [1mINFO    [0m | [36mbackend.strategies.core.market_structure[0m:[36mupdate[0m | [1mBOS fired: BEARISH | Broken level: 5934.94 | BOS count: 14 | Trend Confirmed: True[0m
[32m14:34:56[0m | [1mINFO    [0m | [36mbackend.strategies.core.market_structure[0m:[36mupdate[0m | [1mBOS fired: BEARISH | Broken level: 5916.422 | BOS count: 15 | Trend Confirmed: True[0m
[32m14:34:56[0m | [1mINFO    [0m | [36mbackend.strategies.core.market_structure[0m:[36mupdate[0m | [1mBOS fired: BEARISH | Broken level: 5916.422 | BOS count: 16 | Trend Confirmed: True[0m
[32m14:34:56[0m | [1mINFO    [0m | [36mbackend.strategies.core.market_structure[0m:[36mupdate[0m | [1mBOS fired: BEARISH | Broken level: 5916.422 | BOS count: 17 | Trend Confirmed: True[0m
[32m14:34:56[0m | [1mINFO    [0m | [36mbackend.strategies.core.market_structure[0m:[36mupdate[0m | [1mBOS fired: BEARISH | Broken level: 5916.422 | BOS count: 18 | Trend Confirmed: True[0m
[32m14:34:56[0m | [1mINFO    [0m | [36mbackend.strategies.core.market_structure[0m:[36mupdate[0m | [1mBOS fired: BEARISH | Broken level: 5916.422 | BOS count: 19 | Trend Confirmed: True[0m
[32m14:34:57[0m | [1mINFO    [0m | [36mbackend.strategies.core.market_structure[0m:[36mupdate[0m | [1mChoCH fired: BULLISH | Broken level: 5918.404 | BOS count: 1[0m
[32m14:34:57[0m | [1mINFO    [0m | [36mbackend.strategies.core.market_structure[0m:[36mupdate[0m | [1mBOS fired: BULLISH | Broken level: 5918.404 | BOS count: 2 | Trend Confirmed: True[0m
[32m14:34:57[0m | [1mINFO    [0m | [36mbackend.strategies.core.market_structure[0m:[36mupdate[0m | [1mBOS fired: BULLISH | Broken level: 5918.404 | BOS count: 3 | Trend Confirmed: True[0m
[32m14:34:57[0m | [1mINFO    [0m | [36mbackend.strategies.core.market_structure[0m:[36mupdate[0m | [1mBOS fired: BULLISH | Broken level: 5918.404 | BOS count: 4 | Trend Confirmed: True[0m
[32m14:34:57[0m | [1mINFO    [0m | [36mbackend.strategies.core.market_structure[0m:[36mupdate[0m | [1mBOS fired: BULLISH | Broken level: 5918.404 | BOS count: 5 | Trend Confirmed: True[0m
[32m14:34:57[0m | [1mINFO    [0m | [36mbackend.strategies.core.market_structure[0m:[36mupdate[0m | [1mBOS fired: BULLISH | Broken level: 5918.404 | BOS count: 6 | Trend Confirmed: True[0m
[32m14:34:57[0m | [1mINFO    [0m | [36mbackend.strategies.core.market_structure[0m:[36mupdate[0m | [1mBOS fired: BULLISH | Broken level: 5928.798 | BOS count: 7 | Trend Confirmed: True[0m
[32m14:34:57[0m | [1mINFO    [0m | [36mbackend.strategies.core.market_structure[0m:[36mupdate[0m | [1mBOS fired: BULLISH | Broken level: 5928.798 | BOS count: 8 | Trend Confirmed: True[0m
[32m14:34:57[0m | [1mINFO    [0m | [36mbackend.strategies.core.market_structure[0m:[36mupdate[0m | [1mBOS fired: BULLISH | Broken level: 5928.798 | BOS count: 9 | Trend Confirmed: True[0m
[32m14:34:57[0m | [1mINFO    [0m | [36mbackend.strategies.core.market_structure[0m:[36mupdate[0m | [1mBOS fired: BULLISH | Broken level: 5928.798 | BOS count: 10 | Trend Confirmed: True[0m
[32m14:34:57[0m | [1mINFO    [0m | [36mbackend.strategies.core.market_structure[0m:[36mupdate[0m | [1mBOS fired: BULLISH | Broken level: 5928.798 | BOS count: 11 | Trend Confirmed: True[0m
[32m14:34:57[0m | [1mINFO    [0m | [36mbackend.strategies.core.market_structure[0m:[36mupdate[0m | [1mBOS fired: BULLISH | Broken level: 5928.798 | BOS count: 12 | Trend Confirmed: True[0m
[32m14:34:57[0m | [1mINFO    [0m | [36mbackend.strategies.core.market_structure[0m:[36mupdate[0m | [1mBOS fired: BULLISH | Broken level: 5928.798 | BOS count: 13 | Trend Confirmed: True[0m
[32m14:34:57[0m | [1mINFO    [0m | [36mbackend.strategies.core.market_structure[0m:[36mupdate[0m | [1mBOS fired: BULLISH | Broken level: 5928.798 | BOS count: 14 | Trend Confirmed: True[0m
[32m14:34:57[0m | [1mINFO    [0m | [36mbackend.strategies.core.market_structure[0m:[36mupdate[0m | [1mBOS fired: BULLISH | Broken level: 5928.798 | BOS count: 15 | Trend Confirmed: True[0m
[32m14:34:57[0m | [1mINFO    [0m | [36mbackend.strategies.core.market_structure[0m:[36mupdate[0m | [1mBOS fired: BULLISH | Broken level: 5928.798 | BOS count: 16 | Trend Confirmed: True[0m
[32m14:34:57[0m | [1mINFO    [0m | [36mbackend.strategies.core.market_structure[0m:[36mupdate[0m | [1mBOS fired: BULLISH | Broken level: 5928.798 | BOS count: 17 | Trend Confirmed: True[0m
[32m14:34:57[0m | [1mINFO    [0m | [36mbackend.strategies.core.market_structure[0m:[36mupdate[0m | [1mBOS fired: BULLISH | Broken level: 5928.798 | BOS count: 18 | Trend Confirmed: True[0m
[32m14:34:57[0m | [1mINFO    [0m | [36mbackend.strategies.core.market_structure[0m:[36mupdate[0m | [1mBOS fired: BULLISH | Broken level: 5928.798 | BOS count: 19 | Trend Confirmed: True[0m
[32m14:34:57[0m | [1mINFO    [0m | [36mbackend.strategies.core.market_structure[0m:[36mupdate[0m | [1mBOS fired: BULLISH | Broken level: 5928.798 | BOS count: 20 | Trend Confirmed: True[0m
[32m14:34:57[0m | [1mINFO    [0m | [36mbackend.strategies.core.market_structure[0m:[36mupdate[0m | [1mBOS fired: BULLISH | Broken level: 5928.798 | BOS count: 21 | Trend Confirmed: True[0m
[32m14:34:57[0m | [1mINFO    [0m | [36mbackend.strategies.core.market_structure[0m:[36mupdate[0m | [1mBOS fired: BULLISH | Broken level: 5928.798 | BOS count: 22 | Trend Confirmed: True[0m
[32m14:34:57[0m | [1mINFO    [0m | [36mbackend.strategies.core.market_structure[0m:[36mupdate[0m | [1mBOS fired: BULLISH | Broken level: 5928.798 | BOS count: 23 | Trend Confirmed: True[0m
[32m14:34:57[0m | [1mINFO    [0m | [36mbackend.strategies.core.market_structure[0m:[36mupdate[0m | [1mBOS fired: BULLISH | Broken level: 5928.798 | BOS count: 24 | Trend Confirmed: True[0m
[32m14:34:57[0m | [1mINFO    [0m | [36mbackend.strategies.core.market_structure[0m:[36mupdate[0m | [1mBOS fired: BULLISH | Broken level: 5928.798 | BOS count: 25 | Trend Confirmed: True[0m
[32m14:34:57[0m | [1mINFO    [0m | [36mbackend.strategies.core.market_structure[0m:[36mupdate[0m | [1mBOS fired: BULLISH | Broken level: 5928.798 | BOS count: 26 | Trend Confirmed: True[0m
[32m14:34:57[0m | [1mINFO    [0m | [36mbackend.strategies.core.market_structure[0m:[36mupdate[0m | [1mBOS fired: BULLISH | Broken level: 5928.798 | BOS count: 27 | Trend Confirmed: True[0m
[32m14:34:57[0m | [1mINFO    [0m | [36mbackend.strategies.core.market_structure[0m:[36mupdate[0m | [1mBOS fired: BULLISH | Broken level: 5928.798 | BOS count: 28 | Trend Confirmed: True[0m
[32m14:34:57[0m | [1mINFO    [0m | [36mbackend.strategies.core.market_structure[0m:[36mupdate[0m | [1mBOS fired: BULLISH | Broken level: 5928.798 | BOS count: 29 | Trend Confirmed: True[0m
[32m14:34:57[0m | [1mINFO    [0m | [36mbackend.strategies.core.market_structure[0m:[36mupdate[0m | [1mBOS fired: BULLISH | Broken level: 5928.798 | BOS count: 30 | Trend Confirmed: True[0m
[32m14:34:57[0m | [1mINFO    [0m | [36mbackend.strategies.core.market_structure[0m:[36mupdate[0m | [1mBOS fired: BULLISH | Broken level: 5928.798 | BOS count: 31 | Trend Confirmed: True[0m
[32m14:34:57[0m | [1mINFO    [0m | [36mbackend.strategies.core.market_structure[0m:[36mupdate[0m | [1mBOS fired: BULLISH | Broken level: 5928.798 | BOS count: 32 | Trend Confirmed: True[0m
[32m14:34:57[0m | [1mINFO    [0m | [36mbackend.strategies.core.market_structure[0m:[36mupdate[0m | [1mBOS fired: BULLISH | Broken level: 5928.798 | BOS count: 33 | Trend Confirmed: True[0m
[32m14:34:57[0m | [1mINFO    [0m | [36mbackend.strategies.core.market_structure[0m:[36mupdate[0m | [1mBOS fired: BULLISH | Broken level: 5928.798 | BOS count: 34 | Trend Confirmed: True[0m
[32m14:34:57[0m | [1mINFO    [0m | [36mbackend.strategies.core.market_structure[0m:[36mupdate[0m | [1mBOS fired: BULLISH | Broken level: 5928.798 | BOS count: 35 | Trend Confirmed: True[0m
[32m14:34:57[0m | [1mINFO    [0m | [36mbackend.strategies.core.market_structure[0m:[36mupdate[0m | [1mBOS fired: BULLISH | Broken level: 5928.798 | BOS count: 36 | Trend Confirmed: True[0m
[32m14:34:57[0m | [1mINFO    [0m | [36mbackend.strategies.core.market_structure[0m:[36mupdate[0m | [1mBOS fired: BULLISH | Broken level: 5928.798 | BOS count: 37 | Trend Confirmed: True[0m
[32m14:34:57[0m | [1mINFO    [0m | [36mbackend.strategies.core.market_structure[0m:[36mupdate[0m | [1mBOS fired: BULLISH | Broken level: 5928.798 | BOS count: 38 | Trend Confirmed: True[0m
[32m14:34:57[0m | [1mINFO    [0m | [36mbackend.strategies.core.market_structure[0m:[36mupdate[0m | [1mBOS fired: BULLISH | Broken level: 5928.798 | BOS count: 39 | Trend Confirmed: True[0m
[32m14:34:57[0m | [1mINFO    [0m | [36mbackend.strategies.core.market_structure[0m:[36mupdate[0m | [1mBOS fired: BULLISH | Broken level: 5928.798 | BOS count: 40 | Trend Confirmed: True[0m
[32m14:34:57[0m | [1mINFO    [0m | [36mbackend.strategies.core.market_structure[0m:[36mupdate[0m | [1mBOS fired: BULLISH | Broken level: 5928.798 | BOS count: 41 | Trend Confirmed: True[0m
[32m14:34:57[0m | [1mINFO    [0m | [36mbackend.strategies.core.market_structure[0m:[36mupdate[0m | [1mBOS fired: BULLISH | Broken level: 5928.798 | BOS count: 42 | Trend Confirmed: True[0m
[32m14:34:57[0m | [1mINFO    [0m | [36mbackend.strategies.core.market_structure[0m:[36mupdate[0m | [1mBOS fired: BULLISH | Broken level: 6000.034 | BOS count: 43 | Trend Confirmed: True[0m
[32m14:34:57[0m | [1mINFO    [0m | [36mbackend.strategies.core.market_structure[0m:[36mupdate[0m | [1mBOS fired: BULLISH | Broken level: 6000.034 | BOS count: 44 | Trend Confirmed: True[0m
[32m14:34:57[0m | [1mINFO    [0m | [36mbackend.strategies.core.market_structure[0m:[36mupdate[0m | [1mBOS fired: BULLISH | Broken level: 6000.034 | BOS count: 45 | Trend Confirmed: True[0m
[32m14:34:57[0m | [1mINFO    [0m | [36mbackend.strategies.core.market_structure[0m:[36mupdate[0m | [1mBOS fired: BULLISH | Broken level: 6000.034 | BOS count: 46 | Trend Confirmed: True[0m
[32m14:34:57[0m | [1mINFO    [0m | [36mbackend.strategies.core.market_structure[0m:[36mupdate[0m | [1mBOS fired: BULLISH | Broken level: 6000.034 | BOS count: 47 | Trend Confirmed: True[0m
[32m14:34:57[0m | [1mINFO    [0m | [36mbackend.strategies.core.market_structure[0m:[36mupdate[0m | [1mBOS fired: BULLISH | Broken level: 6000.034 | BOS count: 48 | Trend Confirmed: True[0m
[32m14:34:57[0m | [1mINFO    [0m | [36mbackend.strategies.core.market_structure[0m:[36mupdate[0m | [1mBOS fired: BULLISH | Broken level: 6000.034 | BOS count: 49 | Trend Confirmed: True[0m
[32m14:34:57[0m | [1mINFO    [0m | [36mbackend.strategies.core.market_structure[0m:[36mupdate[0m | [1mBOS fired: BULLISH | Broken level: 6000.034 | BOS count: 50 | Trend Confirmed: True[0m
[32m14:34:57[0m | [1mINFO    [0m | [36mbackend.strategies.core.market_structure[0m:[36mupdate[0m | [1mBOS fired: BULLISH | Broken level: 6000.034 | BOS count: 51 | Trend Confirmed: True[0m
[32m14:34:57[0m | [1mINFO    [0m | [36mbackend.strategies.core.market_structure[0m:[36mupdate[0m | [1mBOS fired: BULLISH | Broken level: 6000.034 | BOS count: 52 | Trend Confirmed: True[0m
[32m14:34:57[0m | [1mINFO    [0m | [36mbackend.strategies.core.market_structure[0m:[36mupdate[0m | [1mBOS fired: BULLISH | Broken level: 6000.034 | BOS count: 53 | Trend Confirmed: True[0m
[32m14:34:58[0m | [1mINFO    [0m | [36mbackend.strategies.core.market_structure[0m:[36mupdate[0m | [1mBOS fired: BULLISH | Broken level: 6000.034 | BOS count: 54 | Trend Confirmed: True[0m
[32m14:34:58[0m | [1mINFO    [0m | [36mbackend.strategies.core.market_structure[0m:[36mupdate[0m | [1mBOS fired: BULLISH | Broken level: 6000.034 | BOS count: 55 | Trend Confirmed: True[0m
[32m14:34:58[0m | [1mINFO    [0m | [36mbackend.strategies.core.market_structure[0m:[36mupdate[0m | [1mBOS fired: BULLISH | Broken level: 6000.034 | BOS count: 56 | Trend Confirmed: True[0m
[32m14:34:58[0m | [1mINFO    [0m | [36mbackend.strategies.core.market_structure[0m:[36mupdate[0m | [1mBOS fired: BULLISH | Broken level: 6000.034 | BOS count: 57 | Trend Confirmed: True[0m
[32m14:34:58[0m | [1mINFO    [0m | [36mbackend.strategies.core.market_structure[0m:[36mupdate[0m | [1mBOS fired: BULLISH | Broken level: 6162.269 | BOS count: 58 | Trend Confirmed: True[0m
[32m14:34:58[0m | [1mINFO    [0m | [36mbackend.strategies.core.market_structure[0m:[36mupdate[0m | [1mBOS fired: BULLISH | Broken level: 6149.342 | BOS count: 59 | Trend Confirmed: True[0m
[32m14:34:58[0m | [1mINFO    [0m | [36mbackend.strategies.core.market_structure[0m:[36mupdate[0m | [1mBOS fired: BULLISH | Broken level: 6149.342 | BOS count: 60 | Trend Confirmed: True[0m
[32m14:34:58[0m | [1mINFO    [0m | [36mbackend.strategies.core.market_structure[0m:[36mupdate[0m | [1mBOS fired: BULLISH | Broken level: 6149.342 | BOS count: 61 | Trend Confirmed: True[0m
[32m14:34:58[0m | [1mINFO    [0m | [36mbackend.strategies.core.market_structure[0m:[36mupdate[0m | [1mBOS fired: BULLISH | Broken level: 6149.342 | BOS count: 62 | Trend Confirmed: True[0m
[32m14:34:58[0m | [1mINFO    [0m | [36mbackend.strategies.core.market_structure[0m:[36mupdate[0m | [1mBOS fired: BULLISH | Broken level: 6149.342 | BOS count: 63 | Trend Confirmed: True[0m
[32m14:34:58[0m | [1mINFO    [0m | [36mbackend.strategies.core.market_structure[0m:[36mupdate[0m | [1mBOS fired: BULLISH | Broken level: 6149.342 | BOS count: 64 | Trend Confirmed: True[0m
[32m14:34:58[0m | [1mINFO    [0m | [36mbackend.strategies.core.market_structure[0m:[36mupdate[0m | [1mBOS fired: BULLISH | Broken level: 6149.342 | BOS count: 65 | Trend Confirmed: True[0m
[32m14:34:58[0m | [1mINFO    [0m | [36mbackend.strategies.core.market_structure[0m:[36mupdate[0m | [1mBOS fired: BULLISH | Broken level: 6149.342 | BOS count: 66 | Trend Confirmed: True[0m
[32m14:34:58[0m | [1mINFO    [0m | [36mbackend.strategies.core.market_structure[0m:[36mupdate[0m | [1mBOS fired: BULLISH | Broken level: 6149.342 | BOS count: 67 | Trend Confirmed: True[0m
[32m14:34:58[0m | [1mINFO    [0m | [36mbackend.strategies.core.market_structure[0m:[36mupdate[0m | [1mBOS fired: BULLISH | Broken level: 6149.342 | BOS count: 68 | Trend Confirmed: True[0m
[32m14:34:58[0m | [1mINFO    [0m | [36mbackend.strategies.core.market_structure[0m:[36mupdate[0m | [1mBOS fired: BULLISH | Broken level: 6149.342 | BOS count: 69 | Trend Confirmed: True[0m
[32m14:34:58[0m | [1mINFO    [0m | [36mbackend.strategies.core.market_structure[0m:[36mupdate[0m | [1mBOS fired: BULLISH | Broken level: 6149.342 | BOS count: 70 | Trend Confirmed: True[0m
[32m14:34:58[0m | [1mINFO    [0m | [36mbackend.strategies.core.market_structure[0m:[36mupdate[0m | [1mBOS fired: BULLISH | Broken level: 6149.342 | BOS count: 71 | Trend Confirmed: True[0m
[32m14:34:58[0m | [1mINFO    [0m | [36mbackend.strategies.core.market_structure[0m:[36mupdate[0m | [1mBOS fired: BULLISH | Broken level: 6149.342 | BOS count: 72 | Trend Confirmed: True[0m
[32m14:34:58[0m | [1mINFO    [0m | [36mbackend.strategies.core.market_structure[0m:[36mupdate[0m | [1mBOS fired: BULLISH | Broken level: 6149.342 | BOS count: 73 | Trend Confirmed: True[0m
[32m14:34:58[0m | [1mINFO    [0m | [36mbackend.strategies.core.market_structure[0m:[36mupdate[0m | [1mBOS fired: BULLISH | Broken level: 6149.342 | BOS count: 74 | Trend Confirmed: True[0m
[32m14:34:59[0m | [1mINFO    [0m | [36mbackend.strategies.core.market_structure[0m:[36mupdate[0m | [1mBOS fired: BULLISH | Broken level: 6096.709 | BOS count: 75 | Trend Confirmed: True[0m
[32m14:34:59[0m | [1mINFO    [0m | [36mbackend.strategies.core.market_structure[0m:[36mupdate[0m | [1mBOS fired: BULLISH | Broken level: 6096.709 | BOS count: 76 | Trend Confirmed: True[0m
[32m14:34:59[0m | [1mINFO    [0m | [36mbackend.strategies.core.market_structure[0m:[36mupdate[0m | [1mBOS fired: BULLISH | Broken level: 6096.709 | BOS count: 77 | Trend Confirmed: True[0m
[32m14:34:59[0m | [1mINFO    [0m | [36mbackend.strategies.core.market_structure[0m:[36mupdate[0m | [1mBOS fired: BULLISH | Broken level: 6096.709 | BOS count: 78 | Trend Confirmed: True[0m
[32m14:34:59[0m | [1mINFO    [0m | [36mbackend.strategies.core.market_structure[0m:[36mupdate[0m | [1mChoCH fired: BEARISH | Broken level: 6083.54 | BOS count: 1[0m
[32m14:34:59[0m | [1mINFO    [0m | [36mbackend.strategies.core.market_structure[0m:[36mupdate[0m | [1mBOS fired: BEARISH | Broken level: 6083.54 | BOS count: 2 | Trend Confirmed: True[0m
[32m14:34:59[0m | [1mINFO    [0m | [36mbackend.strategies.core.market_structure[0m:[36mupdate[0m | [1mBOS fired: BEARISH | Broken level: 6083.54 | BOS count: 3 | Trend Confirmed: True[0m
[32m14:34:59[0m | [1mINFO    [0m | [36mbackend.strategies.core.market_structure[0m:[36mupdate[0m | [1mBOS fired: BEARISH | Broken level: 6083.54 | BOS count: 4 | Trend Confirmed: True[0m
[32m14:34:59[0m | [1mINFO    [0m | [36mbackend.strategies.core.market_structure[0m:[36mupdate[0m | [1mBOS fired: BEARISH | Broken level: 6083.54 | BOS count: 5 | Trend Confirmed: True[0m
[32m14:34:59[0m | [1mINFO    [0m | [36mbackend.strategies.core.market_structure[0m:[36mupdate[0m | [1mBOS fired: BEARISH | Broken level: 6083.54 | BOS count: 6 | Trend Confirmed: True[0m
[32m14:34:59[0m | [1mINFO    [0m | [36mbackend.strategies.core.market_structure[0m:[36mupdate[0m | [1mBOS fired: BEARISH | Broken level: 6083.54 | BOS count: 7 | Trend Confirmed: True[0m
[32m14:34:59[0m | [1mINFO    [0m | [36mbackend.strategies.core.market_structure[0m:[36mupdate[0m | [1mBOS fired: BEARISH | Broken level: 6056.867 | BOS count: 8 | Trend Confirmed: True[0m
[32m14:34:59[0m | [1mINFO    [0m | [36mbackend.strategies.core.market_structure[0m:[36mupdate[0m | [1mBOS fired: BEARISH | Broken level: 6056.867 | BOS count: 9 | Trend Confirmed: True[0m
[32m14:34:59[0m | [1mINFO    [0m | [36mbackend.strategies.core.market_structure[0m:[36mupdate[0m | [1mBOS fired: BEARISH | Broken level: 6056.867 | BOS count: 10 | Trend Confirmed: True[0m
[32m14:34:59[0m | [1mINFO    [0m | [36mbackend.strategies.core.market_structure[0m:[36mupdate[0m | [1mBOS fired: BEARISH | Broken level: 6056.867 | BOS count: 11 | Trend Confirmed: True[0m
[32m14:34:59[0m | [1mINFO    [0m | [36mbackend.strategies.core.market_structure[0m:[36mupdate[0m | [1mBOS fired: BEARISH | Broken level: 6056.867 | BOS count: 12 | Trend Confirmed: True[0m
[32m14:34:59[0m | [1mINFO    [0m | [36mbackend.strategies.core.market_structure[0m:[36mupdate[0m | [1mBOS fired: BEARISH | Broken level: 6056.867 | BOS count: 13 | Trend Confirmed: True[0m
[32m14:34:59[0m | [1mINFO    [0m | [36mbackend.strategies.core.market_structure[0m:[36mupdate[0m | [1mBOS fired: BEARISH | Broken level: 6056.867 | BOS count: 14 | Trend Confirmed: True[0m
[32m14:34:59[0m | [1mINFO    [0m | [36mbackend.strategies.core.market_structure[0m:[36mupdate[0m | [1mBOS fired: BEARISH | Broken level: 6056.867 | BOS count: 15 | Trend Confirmed: True[0m
[32m14:34:59[0m | [1mINFO    [0m | [36mbackend.strategies.core.market_structure[0m:[36mupdate[0m | [1mBOS fired: BEARISH | Broken level: 6056.867 | BOS count: 16 | Trend Confirmed: True[0m
[32m14:34:59[0m | [1mINFO    [0m | [36mbackend.strategies.core.market_structure[0m:[36mupdate[0m | [1mBOS fired: BEARISH | Broken level: 6056.867 | BOS count: 17 | Trend Confirmed: True[0m
[32m14:35:00[0m | [1mINFO    [0m | [36mbackend.strategies.core.market_structure[0m:[36mupdate[0m | [1mBOS fired: BEARISH | Broken level: 6056.867 | BOS count: 18 | Trend Confirmed: True[0m
[32m14:35:00[0m | [1mINFO    [0m | [36mbackend.strategies.core.market_structure[0m:[36mupdate[0m | [1mBOS fired: BEARISH | Broken level: 6056.867 | BOS count: 19 | Trend Confirmed: True[0m
[32m14:35:00[0m | [1mINFO    [0m | [36mbackend.strategies.core.market_structure[0m:[36mupdate[0m | [1mBOS fired: BEARISH | Broken level: 6056.867 | BOS count: 20 | Trend Confirmed: True[0m
[32m14:35:00[0m | [1mINFO    [0m | [36mbackend.strategies.core.market_structure[0m:[36mupdate[0m | [1mBOS fired: BEARISH | Broken level: 6056.867 | BOS count: 21 | Trend Confirmed: True[0m
[32m14:35:00[0m | [1mINFO    [0m | [36mbackend.strategies.core.market_structure[0m:[36mupdate[0m | [1mBOS fired: BEARISH | Broken level: 6056.867 | BOS count: 22 | Trend Confirmed: True[0m
[32m14:35:00[0m | [1mINFO    [0m | [36mbackend.strategies.core.market_structure[0m:[36mupdate[0m | [1mBOS fired: BEARISH | Broken level: 6056.867 | BOS count: 23 | Trend Confirmed: True[0m
[32m14:35:00[0m | [1mINFO    [0m | [36mbackend.strategies.core.market_structure[0m:[36mupdate[0m | [1mBOS fired: BEARISH | Broken level: 6056.867 | BOS count: 24 | Trend Confirmed: True[0m
[32m14:35:00[0m | [1mINFO    [0m | [36mbackend.strategies.core.market_structure[0m:[36mupdate[0m | [1mBOS fired: BEARISH | Broken level: 6043.121 | BOS count: 25 | Trend Confirmed: True[0m
[32m14:35:00[0m | [1mINFO    [0m | [36mbackend.strategies.core.market_structure[0m:[36mupdate[0m | [1mChoCH fired: BULLISH | Broken level: 6057.718 | BOS count: 1[0m
[32m14:35:00[0m | [1mINFO    [0m | [36mbackend.strategies.core.market_structure[0m:[36mupdate[0m | [1mBOS fired: BULLISH | Broken level: 6057.718 | BOS count: 2 | Trend Confirmed: True[0m
[32m14:35:00[0m | [1mINFO    [0m | [36mbackend.strategies.core.market_structure[0m:[36mupdate[0m | [1mBOS fired: BULLISH | Broken level: 6057.718 | BOS count: 3 | Trend Confirmed: True[0m
[32m14:35:00[0m | [1mINFO    [0m | [36mbackend.strategies.core.market_structure[0m:[36mupdate[0m | [1mBOS fired: BULLISH | Broken level: 6057.718 | BOS count: 4 | Trend Confirmed: True[0m
[32m14:35:00[0m | [1mINFO    [0m | [36mbackend.strategies.core.market_structure[0m:[36mupdate[0m | [1mBOS fired: BULLISH | Broken level: 6051.613 | BOS count: 5 | Trend Confirmed: True[0m
[32m14:35:01[0m | [1mINFO    [0m | [36mbackend.strategies.core.market_structure[0m:[36mupdate[0m | [1mBOS fired: BULLISH | Broken level: 6010.453 | BOS count: 6 | Trend Confirmed: True[0m
[32m14:35:01[0m | [1mINFO    [0m | [36mbackend.strategies.core.market_structure[0m:[36mupdate[0m | [1mBOS fired: BULLISH | Broken level: 6010.453 | BOS count: 7 | Trend Confirmed: True[0m
[32m14:35:01[0m | [1mINFO    [0m | [36mbackend.strategies.core.market_structure[0m:[36mupdate[0m | [1mChoCH fired: BEARISH | Broken level: 5996.507 | BOS count: 1[0m
[32m14:35:01[0m | [1mINFO    [0m | [36mbackend.strategies.core.market_structure[0m:[36mupdate[0m | [1mBOS fired: BEARISH | Broken level: 5996.507 | BOS count: 2 | Trend Confirmed: True[0m
[32m14:35:01[0m | [1mINFO    [0m | [36mbackend.strategies.core.market_structure[0m:[36mupdate[0m | [1mBOS fired: BEARISH | Broken level: 5996.507 | BOS count: 3 | Trend Confirmed: True[0m
[32m14:35:01[0m | [1mINFO    [0m | [36mbackend.strategies.core.market_structure[0m:[36mupdate[0m | [1mBOS fired: BEARISH | Broken level: 5996.507 | BOS count: 4 | Trend Confirmed: True[0m
[32m14:35:01[0m | [1mINFO    [0m | [36mbackend.strategies.core.market_structure[0m:[36mupdate[0m | [1mBOS fired: BEARISH | Broken level: 5996.507 | BOS count: 5 | Trend Confirmed: True[0m
[32m14:35:01[0m | [1mINFO    [0m | [36mbackend.strategies.core.market_structure[0m:[36mupdate[0m | [1mBOS fired: BEARISH | Broken level: 5996.507 | BOS count: 6 | Trend Confirmed: True[0m
[32m14:35:01[0m | [1mINFO    [0m | [36mbackend.strategies.core.market_structure[0m:[36mupdate[0m | [1mBOS fired: BEARISH | Broken level: 5990.222 | BOS count: 7 | Trend Confirmed: True[0m
[32m14:35:01[0m | [1mINFO    [0m | [36mbackend.strategies.core.market_structure[0m:[36mupdate[0m | [1mBOS fired: BEARISH | Broken level: 5988.708 | BOS count: 8 | Trend Confirmed: True[0m
[32m14:35:01[0m | [1mINFO    [0m | [36mbackend.strategies.core.market_structure[0m:[36mupdate[0m | [1mBOS fired: BEARISH | Broken level: 5988.708 | BOS count: 9 | Trend Confirmed: True[0m
[32m14:35:01[0m | [1mINFO    [0m | [36mbackend.strategies.core.market_structure[0m:[36mupdate[0m | [1mBOS fired: BEARISH | Broken level: 5988.708 | BOS count: 10 | Trend Confirmed: True[0m
[32m14:35:01[0m | [1mINFO    [0m | [36mbackend.strategies.core.market_structure[0m:[36mupdate[0m | [1mBOS fired: BEARISH | Broken level: 5988.708 | BOS count: 11 | Trend Confirmed: True[0m
[32m14:35:01[0m | [1mINFO    [0m | [36mbackend.strategies.core.market_structure[0m:[36mupdate[0m | [1mBOS fired: BEARISH | Broken level: 5988.708 | BOS count: 12 | Trend Confirmed: True[0m
[32m14:35:01[0m | [1mINFO    [0m | [36mbackend.strategies.core.market_structure[0m:[36mupdate[0m | [1mBOS fired: BEARISH | Broken level: 5988.708 | BOS count: 13 | Trend Confirmed: True[0m
[32m14:35:01[0m | [1mINFO    [0m | [36mbackend.strategies.core.market_structure[0m:[36mupdate[0m | [1mBOS fired: BEARISH | Broken level: 5988.708 | BOS count: 14 | Trend Confirmed: True[0m
[32m14:35:01[0m | [1mINFO    [0m | [36mbackend.strategies.core.market_structure[0m:[36mupdate[0m | [1mBOS fired: BEARISH | Broken level: 5988.708 | BOS count: 15 | Trend Confirmed: True[0m
[32m14:35:01[0m | [1mINFO    [0m | [36mbackend.strategies.core.market_structure[0m:[36mupdate[0m | [1mBOS fired: BEARISH | Broken level: 5968.345 | BOS count: 16 | Trend Confirmed: True[0m
[32m14:35:01[0m | [1mINFO    [0m | [36mbackend.strategies.core.market_structure[0m:[36mupdate[0m | [1mBOS fired: BEARISH | Broken level: 5967.277 | BOS count: 17 | Trend Confirmed: True[0m
[32m14:35:01[0m | [1mINFO    [0m | [36mbackend.strategies.core.market_structure[0m:[36mupdate[0m | [1mBOS fired: BEARISH | Broken level: 5967.277 | BOS count: 18 | Trend Confirmed: True[0m
[32m14:35:01[0m | [1mINFO    [0m | [36mbackend.strategies.core.market_structure[0m:[36mupdate[0m | [1mBOS fired: BEARISH | Broken level: 5967.277 | BOS count: 19 | Trend Confirmed: True[0m
[32m14:35:01[0m | [1mINFO    [0m | [36mbackend.strategies.core.market_structure[0m:[36mupdate[0m | [1mBOS fired: BEARISH | Broken level: 5967.277 | BOS count: 20 | Trend Confirmed: True[0m
[32m14:35:01[0m | [1mINFO    [0m | [36mbackend.strategies.core.market_structure[0m:[36mupdate[0m | [1mBOS fired: BEARISH | Broken level: 5967.277 | BOS count: 21 | Trend Confirmed: True[0m
[32m14:35:01[0m | [1mINFO    [0m | [36mbackend.strategies.core.market_structure[0m:[36mupdate[0m | [1mBOS fired: BEARISH | Broken level: 5967.277 | BOS count: 22 | Trend Confirmed: True[0m
[32m14:35:01[0m | [1mINFO    [0m | [36mbackend.strategies.core.market_structure[0m:[36mupdate[0m | [1mBOS fired: BEARISH | Broken level: 5967.277 | BOS count: 23 | Trend Confirmed: True[0m
[32m14:35:01[0m | [1mINFO    [0m | [36mbackend.strategies.core.market_structure[0m:[36mupdate[0m | [1mBOS fired: BEARISH | Broken level: 5967.277 | BOS count: 24 | Trend Confirmed: True[0m
[32m14:35:01[0m | [1mINFO    [0m | [36mbackend.strategies.core.market_structure[0m:[36mupdate[0m | [1mBOS fired: BEARISH | Broken level: 5967.277 | BOS count: 25 | Trend Confirmed: True[0m
[32m14:35:01[0m | [1mINFO    [0m | [36mbackend.strategies.core.market_structure[0m:[36mupdate[0m | [1mBOS fired: BEARISH | Broken level: 5967.277 | BOS count: 26 | Trend Confirmed: True[0m
[32m14:35:01[0m | [1mINFO    [0m | [36mbackend.strategies.core.market_structure[0m:[36mupdate[0m | [1mBOS fired: BEARISH | Broken level: 5954.954 | BOS count: 27 | Trend Confirmed: True[0m
[32m14:35:01[0m | [1mINFO    [0m | [36mbackend.strategies.core.market_structure[0m:[36mupdate[0m | [1mBOS fired: BEARISH | Broken level: 5954.954 | BOS count: 28 | Trend Confirmed: True[0m
[32m14:35:02[0m | [1mINFO    [0m | [36mbackend.strategies.core.market_structure[0m:[36mupdate[0m | [1mChoCH fired: BULLISH | Broken level: 5969.268 | BOS count: 1[0m
[32m14:35:02[0m | [1mINFO    [0m | [36mbackend.strategies.core.market_structure[0m:[36mupdate[0m | [1mBOS fired: BULLISH | Broken level: 5972.04 | BOS count: 2 | Trend Confirmed: True[0m
[32m14:35:02[0m | [1mINFO    [0m | [36mbackend.strategies.core.market_structure[0m:[36mupdate[0m | [1mBOS fired: BULLISH | Broken level: 5972.04 | BOS count: 3 | Trend Confirmed: True[0m
[32m14:35:02[0m | [1mINFO    [0m | [36mbackend.strategies.core.market_structure[0m:[36mupdate[0m | [1mBOS fired: BULLISH | Broken level: 5972.04 | BOS count: 4 | Trend Confirmed: True[0m
[32m14:35:02[0m | [1mINFO    [0m | [36mbackend.strategies.core.market_structure[0m:[36mupdate[0m | [1mBOS fired: BULLISH | Broken level: 5972.04 | BOS count: 5 | Trend Confirmed: True[0m
[32m14:35:02[0m | [1mINFO    [0m | [36mbackend.strategies.core.market_structure[0m:[36mupdate[0m | [1mBOS fired: BULLISH | Broken level: 5972.04 | BOS count: 6 | Trend Confirmed: True[0m
[32m14:35:02[0m | [1mINFO    [0m | [36mbackend.strategies.core.market_structure[0m:[36mupdate[0m | [1mBOS fired: BULLISH | Broken level: 5972.04 | BOS count: 7 | Trend Confirmed: True[0m
[32m14:35:02[0m | [1mINFO    [0m | [36mbackend.strategies.core.market_structure[0m:[36mupdate[0m | [1mBOS fired: BULLISH | Broken level: 5972.04 | BOS count: 8 | Trend Confirmed: True[0m
[32m14:35:02[0m | [1mINFO    [0m | [36mbackend.strategies.core.market_structure[0m:[36mupdate[0m | [1mBOS fired: BULLISH | Broken level: 5972.04 | BOS count: 9 | Trend Confirmed: True[0m
[32m14:35:02[0m | [1mINFO    [0m | [36mbackend.strategies.core.market_structure[0m:[36mupdate[0m | [1mBOS fired: BULLISH | Broken level: 5972.04 | BOS count: 10 | Trend Confirmed: True[0m
[32m14:35:02[0m | [1mINFO    [0m | [36mbackend.strategies.core.market_structure[0m:[36mupdate[0m | [1mBOS fired: BULLISH | Broken level: 5972.04 | BOS count: 11 | Trend Confirmed: True[0m
[32m14:35:02[0m | [1mINFO    [0m | [36mbackend.strategies.core.market_structure[0m:[36mupdate[0m | [1mBOS fired: BULLISH | Broken level: 5972.04 | BOS count: 12 | Trend Confirmed: True[0m
[32m14:35:02[0m | [1mINFO    [0m | [36mbackend.strategies.core.market_structure[0m:[36mupdate[0m | [1mBOS fired: BULLISH | Broken level: 5972.04 | BOS count: 13 | Trend Confirmed: True[0m
[32m14:35:02[0m | [1mINFO    [0m | [36mbackend.strategies.core.market_structure[0m:[36mupdate[0m | [1mBOS fired: BULLISH | Broken level: 5972.04 | BOS count: 14 | Trend Confirmed: True[0m
[32m14:35:02[0m | [1mINFO    [0m | [36mbackend.strategies.core.market_structure[0m:[36mupdate[0m | [1mBOS fired: BULLISH | Broken level: 5972.04 | BOS count: 15 | Trend Confirmed: True[0m
[32m14:35:02[0m | [1mINFO    [0m | [36mbackend.strategies.core.market_structure[0m:[36mupdate[0m | [1mBOS fired: BULLISH | Broken level: 5972.04 | BOS count: 16 | Trend Confirmed: True[0m
[32m14:35:02[0m | [1mINFO    [0m | [36mbackend.strategies.core.market_structure[0m:[36mupdate[0m | [1mBOS fired: BULLISH | Broken level: 6003.34 | BOS count: 17 | Trend Confirmed: True[0m
[32m14:35:02[0m | [1mINFO    [0m | [36mbackend.strategies.core.market_structure[0m:[36mupdate[0m | [1mBOS fired: BULLISH | Broken level: 6003.34 | BOS count: 18 | Trend Confirmed: True[0m
[32m14:35:02[0m | [1mINFO    [0m | [36mbackend.strategies.core.market_structure[0m:[36mupdate[0m | [1mBOS fired: BULLISH | Broken level: 6003.34 | BOS count: 19 | Trend Confirmed: True[0m
[32m14:35:02[0m | [1mINFO    [0m | [36mbackend.strategies.core.market_structure[0m:[36mupdate[0m | [1mBOS fired: BULLISH | Broken level: 5914.539 | BOS count: 20 | Trend Confirmed: True[0m
[32m14:35:02[0m | [1mINFO    [0m | [36mbackend.strategies.core.market_structure[0m:[36mupdate[0m | [1mBOS fired: BULLISH | Broken level: 5914.539 | BOS count: 21 | Trend Confirmed: True[0m
[32m14:35:02[0m | [1mINFO    [0m | [36mbackend.strategies.core.market_structure[0m:[36mupdate[0m | [1mBOS fired: BULLISH | Broken level: 5914.539 | BOS count: 22 | Trend Confirmed: True[0m
[32m14:35:02[0m | [1mINFO    [0m | [36mbackend.strategies.core.market_structure[0m:[36mupdate[0m | [1mBOS fired: BULLISH | Broken level: 5914.539 | BOS count: 23 | Trend Confirmed: True[0m
[32m14:35:02[0m | [1mINFO    [0m | [36mbackend.strategies.core.market_structure[0m:[36mupdate[0m | [1mBOS fired: BULLISH | Broken level: 5914.539 | BOS count: 24 | Trend Confirmed: True[0m
[32m14:35:02[0m | [1mINFO    [0m | [36mbackend.strategies.core.market_structure[0m:[36mupdate[0m | [1mBOS fired: BULLISH | Broken level: 5914.539 | BOS count: 25 | Trend Confirmed: True[0m
[32m14:35:02[0m | [1mINFO    [0m | [36mbackend.strategies.core.market_structure[0m:[36mupdate[0m | [1mBOS fired: BULLISH | Broken level: 5914.539 | BOS count: 26 | Trend Confirmed: True[0m
[32m14:35:02[0m | [1mINFO    [0m | [36mbackend.strategies.core.market_structure[0m:[36mupdate[0m | [1mBOS fired: BULLISH | Broken level: 5914.539 | BOS count: 27 | Trend Confirmed: True[0m
[32m14:35:02[0m | [1mINFO    [0m | [36mbackend.strategies.core.market_structure[0m:[36mupdate[0m | [1mBOS fired: BULLISH | Broken level: 5914.539 | BOS count: 28 | Trend Confirmed: True[0m
[32m14:35:02[0m | [1mINFO    [0m | [36mbackend.strategies.core.market_structure[0m:[36mupdate[0m | [1mBOS fired: BULLISH | Broken level: 5914.539 | BOS count: 29 | Trend Confirmed: True[0m
[32m14:35:02[0m | [1mINFO    [0m | [36mbackend.strategies.core.market_structure[0m:[36mupdate[0m | [1mBOS fired: BULLISH | Broken level: 5914.539 | BOS count: 30 | Trend Confirmed: True[0m
[32m14:35:02[0m | [1mINFO    [0m | [36mbackend.backtester.engine[0m:[36mrun[0m | [1m[ENGINE] \u2550\u2550\u2550 Starting backtest engine \u2550\u2550\u2550[0m
[32m14:35:02[0m | [1mINFO    [0m | [36mbackend.backtester.engine[0m:[36mrun[0m | [1m[ENGINE] Balance: $10000.0 | Signals: 406 | Candles: 20000[0m
[32m14:35:02[0m | [1mINFO    [0m | [36mbackend.backtester.engine[0m:[36mrun[0m | [1m[ENGINE] Risk config: risk_pct=1.0% | min_rr=None | tp_count=1[0m
[32m14:35:02[0m | [1mINFO    [0m | [36mbackend.backtester.engine[0m:[36m_costs_for[0m | [1m[COSTS] Crash 1000 Index | spread=2.00p slippage=1.00p commission=$0.00/lot swap_long=0.0000/lot/day swap_short=0.0000/lot/day stops_level=2.00p | broker_source=ASSET_CLASS_DEFAULT | per-field={'slippage_pips': 'ASSET_CLASS_DEFAULT', 'commission_per_lot': 'ASSET_CLASS_DEFAULT', 'spread_pips': 'ASSET_CLASS_DEFAULT', 'swap_long_per_lot_per_day': 'ASSET_CLASS_DEFAULT', 'swap_short_per_lot_per_day': 'ASSET_CLASS_DEFAULT', 'stops_level_pips': 'ASSET_CLASS_DEFAULT', 'exit_slippage_pips': 'DEFAULT_EQUALS_SLIPPAGE_PIPS'}[0m
C:\Users\ikchr\Documents\AlgoEdge\backend\backtester\engine.py:754: FutureWarning: The behavior of DatetimeProperties.to_pydatetime is deprecated, in a future version this will return a Series containing python datetime objects instead of an ndarray. To retain the old behavior, call `np.array` on the result
  dt_arr = dt_series.dt.to_pydatetime()
[32m14:35:07[0m | [1mINFO    [0m | [36mbackend.risk.position_sizer[0m:[36mcalculate_lot_size[0m | [1m[SIZER] Crash 1000 Index: lot=2.818 | risk=$99.96 (1.00%) | source=InstrumentProfile[0m
[32m14:35:07[0m | [1mINFO    [0m | [36mbackend.risk.engine[0m:[36mevaluate_signal[0m | [1m{"event": "trade_approved", "direction": "BUY", "symbol": "Crash 1000 Index", "entry": 6069.389, "sl": 6033.917035714286, "risk_dollars": 99.95999535714324, "lots": 2.818, "tp_count": 1, "last_tp_rr": 5.0, "binding_constraint": "none"}[0m
[32m14:35:07[0m | [1mINFO    [0m | [36mbackend.risk.position_sizer[0m:[36mcalculate_lot_size[0m | [1m[SIZER] Crash 1000 Index: lot=0.818 | risk=$14.99 (0.15%) | source=InstrumentProfile[0m
[32m14:35:07[0m | [1mINFO    [0m | [36mbackend.risk.engine[0m:[36mevaluate_signal[0m | [1m{"event": "trade_approved", "direction": "BUY", "symbol": "Crash 1000 Index", "entry": 6026.867, "sl": 6008.537142857143, "risk_dollars": 14.97549328571399, "lots": 0.818, "tp_count": 1, "last_tp_rr": 5.0, "binding_constraint": "lot_max"}[0m
[32m14:35:07[0m | [1mINFO    [0m | [36mbackend.risk.position_sizer[0m:[36mcalculate_lot_size[0m | [1m[SIZER] Crash 1000 Index: lot=4.109 | risk=$99.97 (1.00%) | source=InstrumentProfile[0m
[32m14:35:07[0m | [1mINFO    [0m | [36mbackend.risk.engine[0m:[36mevaluate_signal[0m | [1m{"event": "trade_approved", "direction": "BUY", "symbol": "Crash 1000 Index", "entry": 6024.325, "sl": 5999.996321428571, "risk_dollars": 99.9665402500018, "lots": 4.109, "tp_count": 1, "last_tp_rr": 5.0, "binding_constraint": "none"}[0m
[32m14:35:07[0m | [1mINFO    [0m | [36mbackend.risk.position_sizer[0m:[36mcalculate_lot_size[0m | [1m[SIZER] Crash 1000 Index: lot=6.519 | risk=$99.97 (1.00%) | source=InstrumentProfile[0m
[32m14:35:07[0m | [1mINFO    [0m | [36mbackend.risk.engine[0m:[36mevaluate_signal[0m | [1m{"event": "trade_approved", "direction": "BUY", "symbol": "Crash 1000 Index", "entry": 6083.587, "sl": 6068.252035714286, "risk_dollars": 99.96863217857417, "lots": 6.519, "tp_count": 1, "last_tp_rr": 5.0, "binding_constraint": "none"}[0m
[32m14:35:07[0m | [1mINFO    [0m | [36mbackend.risk.breakeven_manager[0m:[36mcheck_breakeven[0m | [1mBreak-even triggered: SL 6068.26004 -> 6083.60000[0m
[32m14:35:07[0m | [1mINFO    [0m | [36mbackend.risk.position_sizer[0m:[36mcalculate_lot_size[0m | [1m[SIZER] Crash 1000 Index: lot=7.529 | risk=$99.98 (1.00%) | source=InstrumentProfile[0m
[32m14:35:07[0m | [1mINFO    [0m | [36mbackend.risk.engine[0m:[36mevaluate_signal[0m | [1m{"event": "trade_approved", "direction": "BUY", "symbol": "Crash 1000 Index", "entry": 5999.904, "sl": 5986.625035714285, "risk_dollars": 99.97732210714913, "lots": 7.529, "tp_count": 1, "last_tp_rr": 5.0, "binding_constraint": "none"}[0m
[32m14:35:07[0m | [1mINFO    [0m | [36mbackend.risk.position_sizer[0m:[36mcalculate_lot_size[0m | [1m[SIZER] Crash 1000 Index: lot=0.769 | risk=$13.99 (0.14%) | source=InstrumentProfile[0m
[32m14:35:07[0m | [1mINFO    [0m | [36mbackend.risk.engine[0m:[36mevaluate_signal[0m | [1m{"event": "trade_approved", "direction": "BUY", "symbol": "Crash 1000 Index", "entry": 5992.267, "sl": 5974.080285714286, "risk_dollars": 13.985583285713764, "lots": 0.769, "tp_count": 1, "last_tp_rr": 5.0, "binding_constraint": "none"}[0m
[32m14:35:07[0m | [1mINFO    [0m | [36mbackend.risk.position_sizer[0m:[36mcalculate_lot_size[0m | [1m[SIZER] Crash 1000 Index: lot=7.595 | risk=$99.96 (1.00%) | source=InstrumentProfile[0m
[32m14:35:07[0m | [1mINFO    [0m | [36mbackend.risk.engine[0m:[36mevaluate_signal[0m | [1m{"event": "trade_approved", "direction": "BUY", "symbol": "Crash 1000 Index", "entry": 5874.2, "sl": 5861.038107142857, "risk_dollars": 99.96457624999688, "lots": 7.595, "tp_count": 1, "last_tp_rr": 5.0, "binding_constraint": "none"}[0m
[32m14:35:07[0m | [1mINFO    [0m | [36mbackend.risk.position_sizer[0m:[36mcalculate_lot_size[0m | [1m[SIZER] Crash 1000 Index: lot=4.52 | risk=$99.99 (1.00%) | source=InstrumentProfile[0m
[32m14:35:07[0m | [1mINFO    [0m | [36mbackend.risk.engine[0m:[36mevaluate_signal[0m | [1m{"event": "trade_approved", "direction": "BUY", "symbol": "Crash 1000 Index", "entry": 5877.433, "sl": 5855.312285714285, "risk_dollars": 99.96350785714479, "lots": 4.52, "tp_count": 1, "last_tp_rr": 5.0, "binding_constraint": "lot_max"}[0m
[32m14:35:07[0m | [1mINFO    [0m | [36mbackend.risk.breakeven_manager[0m:[36mcheck_breakeven[0m | [1mBreak-even triggered: SL 5855.31729 -> 5877.44300[0m
[32m14:35:07[0m | [1mINFO    [0m | [36mbackend.risk.position_sizer[0m:[36mcalculate_lot_size[0m | [1m[SIZER] Crash 1000 Index: lot=1.558 | risk=$99.98 (1.00%) | source=InstrumentProfile[0m
[32m14:35:07[0m | [1mINFO    [0m | [36mbackend.risk.engine[0m:[36mevaluate_signal[0m | [1m{"event": "trade_approved", "direction": "BUY", "symbol": "Crash 1000 Index", "entry": 5992.564, "sl": 5928.392678571428, "risk_dollars": 99.97891878571502, "lots": 1.558, "tp_count": 1, "last_tp_rr": 5.0, "binding_constraint": "none"}[0m
[32m14:35:07[0m | [1mINFO    [0m | [36mbackend.risk.breakeven_manager[0m:[36mcheck_breakeven[0m | [1mBreak-even triggered: SL 5928.39768 -> 5992.57400[0m
[32m14:35:08[0m | [1mINFO    [0m | [36mbackend.risk.position_sizer[0m:[36mcalculate_lot_size[0m | [1m[SIZER] Crash 1000 Index: lot=4.334 | risk=$99.99 (1.00%) | source=InstrumentProfile[0m
[32m14:35:08[0m | [1mINFO    [0m | [36mbackend.risk.engine[0m:[36mevaluate_signal[0m | [1m{"event": "trade_approved", "direction": "BUY", "symbol": "Crash 1000 Index", "entry": 5893.272, "sl": 5870.202035714286, "risk_dollars": 99.96215525000041, "lots": 4.334, "tp_count": 1, "last_tp_rr": 5.0, "binding_constraint": "lot_max"}[0m
[32m14:35:08[0m | [1mINFO    [0m | [36mbackend.risk.breakeven_manager[0m:[36mcheck_breakeven[0m | [1mBreak-even triggered: SL 5870.20804 -> 5893.28300[0m
[32m14:35:08[0m | [1mINFO    [0m | [36mbackend.risk.position_sizer[0m:[36mcalculate_lot_size[0m | [1m[SIZER] Crash 1000 Index: lot=10.0 | risk=$89.53 (0.90%) | source=InstrumentProfile[0m
[32m14:35:08[0m | [1mINFO    [0m | [36mbackend.risk.engine[0m:[36mevaluate_signal[0m | [1m{"event": "trade_approved", "direction": "BUY", "symbol": "Crash 1000 Index", "entry": 5972.699, "sl": 5963.746214285715, "risk_dollars": 89.527857142848, "lots": 10.0, "tp_count": 1, "last_tp_rr": 5.0, "binding_constraint": "lot_max"}[0m
[32m14:35:08[0m | [1mINFO    [0m | [36mbackend.risk.breakeven_manager[0m:[36mcheck_breakeven[0m | [1mBreak-even triggered: SL 5963.74721 -> 5972.70500[0m
[32m14:35:08[0m | [1mINFO    [0m | [36mbackend.risk.position_sizer[0m:[36mcalculate_lot_size[0m | [1m[SIZER] Crash 1000 Index: lot=3.335 | risk=$99.97 (1.00%) | source=InstrumentProfile[0m
[32m14:35:08[0m | [1mINFO    [0m | [36mbackend.risk.engine[0m:[36mevaluate_signal[0m | [1m{"event": "trade_approved", "direction": "BUY", "symbol": "Crash 1000 Index", "entry": 5970.412, "sl": 5940.436785714285, "risk_dollars": 99.9673396428598, "lots": 3.335, "tp_count": 1, "last_tp_rr": 5.0, "binding_constraint": "none"}[0m
[32m14:35:08[0m | [1mINFO    [0m | [36mbackend.risk.position_sizer[0m:[36mcalculate_lot_size[0m | [1m[SIZER] Crash 1000 Index: lot=0.693 | risk=$14.98 (0.15%) | source=InstrumentProfile[0m
[32m14:35:08[0m | [1mINFO    [0m | [36mbackend.risk.engine[0m:[36mevaluate_signal[0m | [1m{"event": "trade_approved", "direction": "BUY", "symbol": "Crash 1000 Index", "entry": 6022.69, "sl": 6001.071857142857, "risk_dollars": 14.959754857142698, "lots": 0.693, "tp_count": 1, "last_tp_rr": 5.0, "binding_constraint": "lot_max"}[0m
[32m14:35:08[0m | [1mINFO    [0m | [36mbackend.risk.position_sizer[0m:[36mcalculate_lot_size[0m | [1m[SIZER] Crash 1000 Index: lot=1.171 | risk=$11.99 (0.12%) | source=InstrumentProfile[0m
[32m14:35:08[0m | [1mINFO    [0m | [36mbackend.risk.engine[0m:[36mevaluate_signal[0m | [1m{"event": "trade_approved", "direction": "BUY", "symbol": "Crash 1000 Index", "entry": 5965.696, "sl": 5955.456357142857, "risk_dollars": 11.99062178571425, "lots": 1.171, "tp_count": 1, "last_tp_rr": 5.0, "binding_constraint": "none"}[0m
[32m14:35:08[0m | [1mINFO    [0m | [36mbackend.risk.position_sizer[0m:[36mcalculate_lot_size[0m | [1m[SIZER] Crash 1000 Index: lot=0.564 | risk=$16.99 (0.17%) | source=InstrumentProfile[0m
[32m14:35:08[0m | [1mINFO    [0m | [36mbackend.risk.engine[0m:[36mevaluate_signal[0m | [1m{"event": "trade_approved", "direction": "BUY", "symbol": "Crash 1000 Index", "entry": 5957.608, "sl": 5927.479285714286, "risk_dollars": 16.962466142857274, "lots": 0.564, "tp_count": 1, "last_tp_rr": 5.0, "binding_constraint": "lot_max"}[0m
[32m14:35:08[0m | [1mINFO    [0m | [36mbackend.risk.breakeven_manager[0m:[36mcheck_breakeven[0m | [1mBreak-even triggered: SL 5927.48629 -> 5957.62000[0m
[32m14:35:08[0m | [1mINFO    [0m | [36mbackend.risk.position_sizer[0m:[36mcalculate_lot_size[0m | [1m[SIZER] Crash 1000 Index: lot=8.886 | risk=$99.96 (1.00%) | source=InstrumentProfile[0m
[32m14:35:08[0m | [1mINFO    [0m | [36mbackend.risk.engine[0m:[36mevaluate_signal[0m | [1m{"event": "trade_approved", "direction": "BUY", "symbol": "Crash 1000 Index", "entry": 5937.681, "sl": 5926.431428571429, "risk_dollars": 99.95244214284943, "lots": 8.886, "tp_count": 1, "last_tp_rr": 5.0, "binding_constraint": "lot_max"}[0m
[32m14:35:08[0m | [1mINFO    [0m | [36mbackend.risk.position_sizer[0m:[36mcalculate_lot_size[0m | [1m[SIZER] Crash 1000 Index: lot=0.601 | risk=$9.99 (0.10%) | source=InstrumentProfile[0m
[32m14:35:08[0m | [1mINFO    [0m | [36mbackend.risk.engine[0m:[36mevaluate_signal[0m | [1m{"event": "trade_approved", "direction": "BUY", "symbol": "Crash 1000 Index", "entry": 5943.046, "sl": 5926.42425, "risk_dollars": 9.989671750000149, "lots": 0.601, "tp_count": 1, "last_tp_rr": 5.0, "binding_constraint": "none"}[0m
[32m14:35:08[0m | [1mINFO    [0m | [36mbackend.risk.position_sizer[0m:[36mcalculate_lot_size[0m | [1m[SIZER] Crash 1000 Index: lot=3.551 | risk=$99.97 (1.00%) | source=InstrumentProfile[0m
[32m14:35:08[0m | [1mINFO    [0m | [36mbackend.risk.engine[0m:[36mevaluate_signal[0m | [1m{"event": "trade_approved", "direction": "BUY", "symbol": "Crash 1000 Index", "entry": 5898.688, "sl": 5870.535964285715, "risk_dollars": 99.96787882142738, "lots": 3.551, "tp_count": 1, "last_tp_rr": 5.0, "binding_constraint": "none"}[0m
[32m14:35:08[0m | [1mINFO    [0m | [36mbackend.risk.position_sizer[0m:[36mcalculate_lot_size[0m | [1m[SIZER] Crash 1000 Index: lot=6.824 | risk=$99.97 (1.00%) | source=InstrumentProfile[0m
[32m14:35:08[0m | [1mINFO    [0m | [36mbackend.risk.engine[0m:[36mevaluate_signal[0m | [1m{"event": "trade_approved", "direction": "BUY", "symbol": "Crash 1000 Index", "entry": 5872.819, "sl": 5858.1695, "risk_dollars": 99.96818800000302, "lots": 6.824, "tp_count": 1, "last_tp_rr": 5.0, "binding_constraint": "none"}[0m
[32m14:35:08[0m | [33m[1mWARNING [0m | [36mbackend.strategies.base_strategy[0m:[36mlog_event[0m | [33m[1m[DJA] [Crash 1000 Index] Max consecutive losses (4) reached. Cooldown until 2026-08-31T01:35:08.156535+00:00[0m
[32m14:35:08[0m | [33m[1mWARNING [0m | [36mbackend.services.bot_service[0m:[36m_log_event[0m | [33m[1m[BT-DJA] [Crash 1000 Index] Max consecutive losses (4) reached. Cooldown until 2026-08-31T01:35:08.156535+00:00[0m
[32m14:35:08[0m | [1mINFO    [0m | [36mbackend.risk.position_sizer[0m:[36mcalculate_lot_size[0m | [1m[SIZER] Crash 1000 Index: lot=5.49 | risk=$99.97 (1.00%) | source=InstrumentProfile[0m
[32m14:35:08[0m | [1mINFO    [0m | [36mbackend.risk.engine[0m:[36mevaluate_signal[0m | [1m{"event": "trade_approved", "direction": "BUY", "symbol": "Crash 1000 Index", "entry": 5883.534, "sl": 5865.324, "risk_dollars": 99.97290000000021, "lots": 5.49, "tp_count": 1, "last_tp_rr": 5.0, "binding_constraint": "none"}[0m
[32m14:35:08[0m | [33m[1mWARNING [0m | [36mbackend.strategies.base_strategy[0m:[36mlog_event[0m | [33m[1m[DJA] [Crash 1000 Index] Max consecutive losses (5) reached. Cooldown until 2026-08-31T01:35:08.167083+00:00[0m
[32m14:35:08[0m | [33m[1mWARNING [0m | [36mbackend.services.bot_service[0m:[36m_log_event[0m | [33m[1m[BT-DJA] [Crash 1000 Index] Max consecutive losses (5) reached. Cooldown until 2026-08-31T01:35:08.167083+00:00[0m
[32m14:35:08[0m | [1mINFO    [0m | [36mbackend.risk.position_sizer[0m:[36mcalculate_lot_size[0m | [1m[SIZER] Crash 1000 Index: lot=0.644 | risk=$9.98 (0.10%) | source=InstrumentProfile[0m
[32m14:35:08[0m | [1mINFO    [0m | [36mbackend.risk.engine[0m:[36mevaluate_signal[0m | [1m{"event": "trade_approved", "direction": "BUY", "symbol": "Crash 1000 Index", "entry": 5856.723, "sl": 5841.221285714286, "risk_dollars": 9.98310399999989, "lots": 0.644, "tp_count": 1, "last_tp_rr": 5.0, "binding_constraint": "none"}[0m
[32m14:35:08[0m | [1mINFO    [0m | [36mbackend.risk.breakeven_manager[0m:[36mcheck_breakeven[0m | [1mBreak-even triggered: SL 5841.22429 -> 5856.73100[0m
[32m14:35:08[0m | [1mINFO    [0m | [36mbackend.risk.position_sizer[0m:[36mcalculate_lot_size[0m | [1m[SIZER] Crash 1000 Index: lot=5.492 | risk=$99.97 (1.00%) | source=InstrumentProfile[0m
[32m14:35:08[0m | [1mINFO    [0m | [36mbackend.risk.engine[0m:[36mevaluate_signal[0m | [1m{"event": "trade_approved", "direction": "BUY", "symbol": "Crash 1000 Index", "entry": 5870.562, "sl": 5852.3596071428565, "risk_dollars": 99.96754157143168, "lots": 5.492, "tp_count": 1, "last_tp_rr": 5.0, "binding_constraint": "none"}[0m
[32m14:35:08[0m | [1mINFO    [0m | [36mbackend.risk.breakeven_manager[0m:[36mcheck_breakeven[0m | [1mBreak-even triggered: SL 5852.36461 -> 5870.57200[0m
[32m14:35:08[0m | [1mINFO    [0m | [36mbackend.risk.position_sizer[0m:[36mcalculate_lot_size[0m | [1m[SIZER] Crash 1000 Index: lot=2.569 | risk=$99.96 (1.00%) | source=InstrumentProfile[0m
[32m14:35:08[0m | [1mINFO    [0m | [36mbackend.risk.engine[0m:[36mevaluate_signal[0m | [1m{"event": "trade_approved", "direction": "BUY", "symbol": "Crash 1000 Index", "entry": 5899.863, "sl": 5860.953107142856, "risk_dollars": 99.95951475000257, "lots": 2.569, "tp_count": 1, "last_tp_rr": 5.0, "binding_constraint": "none"}[0m
[32m14:35:08[0m | [1mINFO    [0m | [36mbackend.risk.position_sizer[0m:[36mcalculate_lot_size[0m | [1m[SIZER] Crash 1000 Index: lot=5.628 | risk=$99.98 (1.00%) | source=InstrumentProfile[0m
[32m14:35:08[0m | [1mINFO    [0m | [36mbackend.risk.engine[0m:[36mevaluate_signal[0m | [1m{"event": "trade_approved", "direction": "BUY", "symbol": "Crash 1000 Index", "entry": 5802.222, "sl": 5784.457714285714, "risk_dollars": 99.97739999999884, "lots": 5.628, "tp_count": 1, "last_tp_rr": 5.0, "binding_constraint": "none"}[0m
[32m14:35:08[0m | [1mINFO    [0m | [36mbackend.risk.breakeven_manager[0m:[36mcheck_breakeven[0m | [1mBreak-even triggered: SL 5784.46071 -> 5802.23000[0m
[32m14:35:08[0m | [1mINFO    [0m | [36mbackend.risk.position_sizer[0m:[36mcalculate_lot_size[0m | [1m[SIZER] Crash 1000 Index: lot=4.889 | risk=$99.98 (1.00%) | source=InstrumentProfile[0m
[32m14:35:08[0m | [1mINFO    [0m | [36mbackend.risk.engine[0m:[36mevaluate_signal[0m | [1m{"event": "trade_approved", "direction": "BUY", "symbol": "Crash 1000 Index", "entry": 5879.574, "sl": 5859.123857142858, "risk_dollars": 99.98074842856751, "lots": 4.889, "tp_count": 1, "last_tp_rr": 5.0, "binding_constraint": "none"}[0m
[32m14:35:08[0m | [1mINFO    [0m | [36mbackend.risk.breakeven_manager[0m:[36mcheck_breakeven[0m | [1mBreak-even triggered: SL 5859.12686 -> 5879.58200[0m
[32m14:35:08[0m | [1mINFO    [0m | [36mbackend.risk.position_sizer[0m:[36mcalculate_lot_size[0m | [1m[SIZER] Crash 1000 Index: lot=1.588 | risk=$99.95 (1.00%) | source=InstrumentProfile[0m
[32m14:35:08[0m | [1mINFO    [0m | [36mbackend.risk.engine[0m:[36mevaluate_signal[0m | [1m{"event": "trade_approved", "direction": "BUY", "symbol": "Crash 1000 Index", "entry": 5979.627, "sl": 5916.688071428572, "risk_dollars": 99.94701857142883, "lots": 1.588, "tp_count": 1, "last_tp_rr": 5.0, "binding_constraint": "none"}[0m
[32m14:35:08[0m | [1mINFO    [0m | [36mbackend.risk.position_sizer[0m:[36mcalculate_lot_size[0m | [1m[SIZER] Crash 1000 Index: lot=0.481 | risk=$9.98 (0.10%) | source=InstrumentProfile[0m
[32m14:35:08[0m | [1mINFO    [0m | [36mbackend.risk.engine[0m:[36mevaluate_signal[0m | [1m{"event": "trade_approved", "direction": "BUY", "symbol": "Crash 1000 Index", "entry": 5902.565, "sl": 5881.81875, "risk_dollars": 9.978946249999632, "lots": 0.481, "tp_count": 1, "last_tp_rr": 5.0, "binding_constraint": "none"}[0m
[32m14:35:08[0m | [1mINFO    [0m | [36mbackend.risk.breakeven_manager[0m:[36mcheck_breakeven[0m | [1mBreak-even triggered: SL 5881.82075 -> 5902.57200[0m
[32m14:35:08[0m | [1mINFO    [0m | [36mbackend.risk.position_sizer[0m:[36mcalculate_lot_size[0m | [1m[SIZER] Crash 1000 Index: lot=2.872 | risk=$99.99 (1.00%) | source=InstrumentProfile[0m
[32m14:35:08[0m | [1mINFO    [0m | [36mbackend.risk.engine[0m:[36mevaluate_signal[0m | [1m{"event": "trade_approved", "direction": "BUY", "symbol": "Crash 1000 Index", "entry": 6045.202, "sl": 6010.386142857144, "risk_dollars": 99.99114171428431, "lots": 2.872, "tp_count": 1, "last_tp_rr": 5.0, "binding_constraint": "none"}[0m
[32m14:35:08[0m | [1mINFO    [0m | [36mbackend.risk.breakeven_manager[0m:[36mcheck_breakeven[0m | [1mBreak-even triggered: SL 6010.39014 -> 6045.21100[0m
[32m14:35:08[0m | [1mINFO    [0m | [36mbackend.risk.position_sizer[0m:[36mcalculate_lot_size[0m | [1m[SIZER] Crash 1000 Index: lot=2.896 | risk=$99.98 (1.00%) | source=InstrumentProfile[0m
[32m14:35:08[0m | [1mINFO    [0m | [36mbackend.risk.engine[0m:[36mevaluate_signal[0m | [1m{"event": "trade_approved", "direction": "BUY", "symbol": "Crash 1000 Index", "entry": 6004.341, "sl": 5969.816535714285, "risk_dollars": 99.98284857143096, "lots": 2.896, "tp_count": 1, "last_tp_rr": 5.0, "binding_constraint": "none"}[0m
[32m14:35:08[0m | [1mINFO    [0m | [36mbackend.risk.breakeven_manager[0m:[36mcheck_breakeven[0m | [1mBreak-even triggered: SL 5969.82154 -> 6004.35100[0m
[32m14:35:08[0m | [1mINFO    [0m | [36mbackend.risk.position_sizer[0m:[36mcalculate_lot_size[0m | [1m[SIZER] Crash 1000 Index: lot=3.556 | risk=$99.97 (1.00%) | source=InstrumentProfile[0m
[32m14:35:08[0m | [1mINFO    [0m | [36mbackend.risk.engine[0m:[36mevaluate_signal[0m | [1m{"event": "trade_approved", "direction": "BUY", "symbol": "Crash 1000 Index", "entry": 5823.74, "sl": 5795.625928571428, "risk_dollars": 99.97363800000225, "lots": 3.556, "tp_count": 1, "last_tp_rr": 5.0, "binding_constraint": "none"}[0m
[32m14:35:08[0m | [1mINFO    [0m | [36mbackend.risk.position_sizer[0m:[36mcalculate_lot_size[0m | [1m[SIZER] Crash 1000 Index: lot=2.269 | risk=$99.98 (1.00%) | source=InstrumentProfile[0m
[32m14:35:08[0m | [1mINFO    [0m | [36mbackend.risk.engine[0m:[36mevaluate_signal[0m | [1m{"event": "trade_approved", "direction": "BUY", "symbol": "Crash 1000 Index", "entry": 5756.405, "sl": 5712.3429642857145, "risk_dollars": 99.97675903571319, "lots": 2.269, "tp_count": 1, "last_tp_rr": 5.0, "binding_constraint": "none"}[0m
[32m14:35:08[0m | [1mINFO    [0m | [36mbackend.risk.position_sizer[0m:[36mcalculate_lot_size[0m | [1m[SIZER] Crash 1000 Index: lot=0.569 | risk=$9.98 (0.10%) | source=InstrumentProfile[0m
[32m14:35:08[0m | [1mINFO    [0m | [36mbackend.risk.engine[0m:[36mevaluate_signal[0m | [1m{"event": "trade_approved", "direction": "BUY", "symbol": "Crash 1000 Index", "entry": 5717.903, "sl": 5700.359714285714, "risk_dollars": 9.964586285714423, "lots": 0.569, "tp_count": 1, "last_tp_rr": 5.0, "binding_constraint": "lot_max"}[0m
[32m14:35:08[0m | [1mINFO    [0m | [36mbackend.risk.breakeven_manager[0m:[36mcheck_breakeven[0m | [1mBreak-even triggered: SL 5700.37771 -> 5717.92600[0m
[32m14:35:08[0m | [1mINFO    [0m | [36mbackend.risk.position_sizer[0m:[36mcalculate_lot_size[0m | [1m[SIZER] Crash 1000 Index: lot=1.144 | risk=$18.99 (0.19%) | source=InstrumentProfile[0m
[32m14:35:08[0m | [1mINFO    [0m | [36mbackend.risk.engine[0m:[36mevaluate_signal[0m | [1m{"event": "trade_approved", "direction": "BUY", "symbol": "Crash 1000 Index", "entry": 5747.799, "sl": 5731.2005714285715, "risk_dollars": 18.97200385714276, "lots": 1.144, "tp_count": 1, "last_tp_rr": 5.0, "binding_constraint": "lot_max"}[0m
[32m14:35:08[0m | [1mINFO    [0m | [36mbackend.risk.breakeven_manager[0m:[36mcheck_breakeven[0m | [1mBreak-even triggered: SL 5731.20757 -> 5747.81100[0m
[32m14:35:08[0m | [1mINFO    [0m | [36mbackend.risk.position_sizer[0m:[36mcalculate_lot_size[0m | [1m[SIZER] Crash 1000 Index: lot=3.293 | risk=$99.97 (1.00%) | source=InstrumentProfile[0m
[32m14:35:08[0m | [1mINFO    [0m | [36mbackend.risk.engine[0m:[36mevaluate_signal[0m | [1m{"event": "trade_approved", "direction": "BUY", "symbol": "Crash 1000 Index", "entry": 5742.742, "sl": 5712.384749999999, "risk_dollars": 99.96642425000307, "lots": 3.293, "tp_count": 1, "last_tp_rr": 5.0, "binding_constraint": "none"}[0m
[32m14:35:08[0m | [1mINFO    [0m | [36mbackend.risk.position_sizer[0m:[36mcalculate_lot_size[0m | [1m[SIZER] Crash 1000 Index: lot=7.849 | risk=$99.98 (1.00%) | source=InstrumentProfile[0m
[32m14:35:08[0m | [1mINFO    [0m | [36mbackend.risk.engine[0m:[36mevaluate_signal[0m | [1m{"event": "trade_approved", "direction": "BUY", "symbol": "Crash 1000 Index", "entry": 5739.117, "sl": 5726.379535714285, "risk_dollars": 99.97635717857587, "lots": 7.849, "tp_count": 1, "last_tp_rr": 5.0, "binding_constraint": "none"}[0m
[32m14:35:08[0m | [1mINFO    [0m | [36mbackend.risk.position_sizer[0m:[36mcalculate_lot_size[0m | [1m[SIZER] Crash 1000 Index: lot=8.64 | risk=$99.97 (1.00%) | source=InstrumentProfile[0m
[32m14:35:08[0m | [1mINFO    [0m | [36mbackend.risk.engine[0m:[36mevaluate_signal[0m | [1m{"event": "trade_approved", "direction": "BUY", "symbol": "Crash 1000 Index", "entry": 5773.301, "sl": 5761.730071428571, "risk_dollars": 99.97282285714871, "lots": 8.64, "tp_count": 1, "last_tp_rr": 5.0, "binding_constraint": "none"}[0m
[32m14:35:08[0m | [1mINFO    [0m | [36mbackend.risk.position_sizer[0m:[36mcalculate_lot_size[0m | [1m[SIZER] Crash 1000 Index: lot=5.776 | risk=$99.97 (1.00%) | source=InstrumentProfile[0m
[32m14:35:08[0m | [1mINFO    [0m | [36mbackend.risk.engine[0m:[36mevaluate_signal[0m | [1m{"event": "trade_approved", "direction": "BUY", "symbol": "Crash 1000 Index", "entry": 5752.354, "sl": 5735.046357142857, "risk_dollars": 99.96894514285817, "lots": 5.776, "tp_count": 1, "last_tp_rr": 5.0, "binding_constraint": "none"}[0m
[32m14:35:08[0m | [33m[1mWARNING [0m | [36mbackend.strategies.base_strategy[0m:[36mlog_event[0m | [33m[1m[DJA] [Crash 1000 Index] Max consecutive losses (4) reached. Cooldown until 2026-08-31T01:35:08.553404+00:00[0m
[32m14:35:08[0m | [33m[1mWARNING [0m | [36mbackend.services.bot_service[0m:[36m_log_event[0m | [33m[1m[BT-DJA] [Crash 1000 Index] Max consecutive losses (4) reached. Cooldown until 2026-08-31T01:35:08.553404+00:00[0m
[32m14:35:08[0m | [1mINFO    [0m | [36mbackend.risk.position_sizer[0m:[36mcalculate_lot_size[0m | [1m[SIZER] Crash 1000 Index: lot=8.884 | risk=$99.97 (1.00%) | source=InstrumentProfile[0m
[32m14:35:08[0m | [1mINFO    [0m | [36mbackend.risk.engine[0m:[36mevaluate_signal[0m | [1m{"event": "trade_approved", "direction": "BUY", "symbol": "Crash 1000 Index", "entry": 5766.316, "sl": 5755.0629285714285, "risk_dollars": 99.9722865714272, "lots": 8.884, "tp_count": 1, "last_tp_rr": 5.0, "binding_constraint": "none"}[0m
[32m14:35:08[0m | [33m[1mWARNING [0m | [36mbackend.strategies.base_strategy[0m:[36mlog_event[0m | [33m[1m[DJA] [Crash 1000 Index] Max consecutive losses (5) reached. Cooldown until 2026-08-31T01:35:08.561782+00:00[0m
[32m14:35:08[0m | [33m[1mWARNING [0m | [36mbackend.services.bot_service[0m:[36m_log_event[0m | [33m[1m[BT-DJA] [Crash 1000 Index] Max consecutive losses (5) reached. Cooldown until 2026-08-31T01:35:08.561782+00:00[0m
[32m14:35:08[0m | [1mINFO    [0m | [36mbackend.risk.position_sizer[0m:[36mcalculate_lot_size[0m | [1m[SIZER] Crash 1000 Index: lot=3.823 | risk=$99.99 (1.00%) | source=InstrumentProfile[0m
[32m14:35:08[0m | [1mINFO    [0m | [36mbackend.risk.engine[0m:[36mevaluate_signal[0m | [1m{"event": "trade_approved", "direction": "BUY", "symbol": "Crash 1000 Index", "entry": 5767.676, "sl": 5741.522, "risk_dollars": 99.98674200000173, "lots": 3.823, "tp_count": 1, "last_tp_rr": 5.0, "binding_constraint": "none"}[0m
[32m14:35:08[0m | [1mINFO    [0m | [36mbackend.risk.breakeven_manager[0m:[36mcheck_breakeven[0m | [1mBreak-even triggered: SL 5741.52900 -> 5767.68800[0m
[32m14:35:08[0m | [1mINFO    [0m | [36mbackend.risk.position_sizer[0m:[36mcalculate_lot_size[0m | [1m[SIZER] Crash 1000 Index: lot=3.198 | risk=$99.97 (1.00%) | source=InstrumentProfile[0m
[32m14:35:08[0m | [1mINFO    [0m | [36mbackend.risk.engine[0m:[36mevaluate_signal[0m | [1m{"event": "trade_approved", "direction": "BUY", "symbol": "Crash 1000 Index", "entry": 5783.915, "sl": 5752.6552142857145, "risk_dollars": 99.96879471428502, "lots": 3.198, "tp_count": 1, "last_tp_rr": 5.0, "binding_constraint": "none"}[0m
[32m14:35:08[0m | [1mINFO    [0m | [36mbackend.risk.position_sizer[0m:[36mcalculate_lot_size[0m | [1m[SIZER] Crash 1000 Index: lot=9.937 | risk=$99.96 (1.00%) | source=InstrumentProfile[0m
[32m14:35:08[0m | [1mINFO    [0m | [36mbackend.risk.engine[0m:[36mevaluate_signal[0m | [1m{"event": "trade_approved", "direction": "BUY", "symbol": "Crash 1000 Index", "entry": 5603.428, "sl": 5593.368285714286, "risk_dollars": 99.96338085714109, "lots": 9.937, "tp_count": 1, "last_tp_rr": 5.0, "binding_constraint": "none"}[0m
[32m14:35:08[0m | [1mINFO    [0m | [36mbackend.risk.position_sizer[0m:[36mcalculate_lot_size[0m | [1m[SIZER] Crash 1000 Index: lot=0.592 | risk=$10.00 (0.10%) | source=InstrumentProfile[0m
[32m14:35:08[0m | [1mINFO    [0m | [36mbackend.risk.engine[0m:[36mevaluate_signal[0m | [1m{"event": "trade_approved", "direction": "BUY", "symbol": "Crash 1000 Index", "entry": 5644.468, "sl": 5627.579928571428, "risk_dollars": 9.997738285714323, "lots": 0.592, "tp_count": 1, "last_tp_rr": 5.0, "binding_constraint": "none"}[0m
[32m14:35:08[0m | [1mINFO    [0m | [36mbackend.risk.breakeven_manager[0m:[36mcheck_breakeven[0m | [1mBreak-even triggered: SL 5627.58593 -> 5644.47900[0m
[32m14:35:08[0m | [1mINFO    [0m | [36mbackend.risk.position_sizer[0m:[36mcalculate_lot_size[0m | [1m[SIZER] Crash 1000 Index: lot=7.737 | risk=$99.97 (1.00%) | source=InstrumentProfile[0m
[32m14:35:08[0m | [1mINFO    [0m | [36mbackend.risk.engine[0m:[36mevaluate_signal[0m | [1m{"event": "trade_approved", "direction": "BUY", "symbol": "Crash 1000 Index", "entry": 5765.576, "sl": 5752.655035714285, "risk_dollars": 99.96950067857652, "lots": 7.737, "tp_count": 1, "last_tp_rr": 5.0, "binding_constraint": "none"}[0m
[32m14:35:08[0m | [1mINFO    [0m | [36mbackend.risk.position_sizer[0m:[36mcalculate_lot_size[0m | [1m[SIZER] Crash 1000 Index: lot=1.85 | risk=$99.95 (1.00%) | source=InstrumentProfile[0m
[32m14:35:08[0m | [1mINFO    [0m | [36mbackend.risk.engine[0m:[36mevaluate_signal[0m | [1m{"event": "trade_approved", "direction": "BUY", "symbol": "Crash 1000 Index", "entry": 5724.142, "sl": 5670.116821428572, "risk_dollars": 99.94658035714201, "lots": 1.85, "tp_count": 1, "last_tp_rr": 5.0, "binding_constraint": "none"}[0m
[32m14:35:08[0m | [1mINFO    [0m | [36mbackend.risk.breakeven_manager[0m:[36mcheck_breakeven[0m | [1mBreak-even triggered: SL 5670.12082 -> 5724.15100[0m
[32m14:35:08[0m | [1mINFO    [0m | [36mbackend.risk.position_sizer[0m:[36mcalculate_lot_size[0m | [1m[SIZER] Crash 1000 Index: lot=4.309 | risk=$99.99 (1.00%) | source=InstrumentProfile[0m
[32m14:35:08[0m | [1mINFO    [0m | [36mbackend.risk.engine[0m:[36mevaluate_signal[0m | [1m{"event": "trade_approved", "direction": "BUY", "symbol": "Crash 1000 Index", "entry": 5718.594, "sl": 5695.389964285714, "risk_dollars": 99.98618989285822, "lots": 4.309, "tp_count": 1, "last_tp_rr": 5.0, "binding_constraint": "none"}[0m
[32m14:35:08[0m | [1mINFO    [0m | [36mbackend.risk.breakeven_manager[0m:[36mcheck_breakeven[0m | [1mBreak-even triggered: SL 5695.39396 -> 5718.60300[0m
[32m14:35:08[0m | [1mINFO    [0m | [36mbackend.risk.position_sizer[0m:[36mcalculate_lot_size[0m | [1m[SIZER] Crash 1000 Index: lot=1.696 | risk=$99.97 (1.00%) | source=InstrumentProfile[0m
[32m14:35:08[0m | [1mINFO    [0m | [36mbackend.risk.engine[0m:[36mevaluate_signal[0m | [1m{"event": "trade_approved", "direction": "BUY", "symbol": "Crash 1000 Index", "entry": 5778.542, "sl": 5719.600071428572, "risk_dollars": 99.96551085714262, "lots": 1.696, "tp_count": 1, "last_tp_rr": 5.0, "binding_constraint": "none"}[0m
[32m14:35:08[0m | [1mINFO    [0m | [36mbackend.risk.position_sizer[0m:[36mcalculate_lot_size[0m | [1m[SIZER] Crash 1000 Index: lot=3.838 | risk=$99.97 (1.00%) | source=InstrumentProfile[0m
[32m14:35:08[0m | [1mINFO    [0m | [36mbackend.risk.engine[0m:[36mevaluate_signal[0m | [1m{"event": "trade_approved", "direction": "BUY", "symbol": "Crash 1000 Index", "entry": 5737.416, "sl": 5711.3691071428575, "risk_dollars": 99.96797478571355, "lots": 3.838, "tp_count": 1, "last_tp_rr": 5.0, "binding_constraint": "none"}[0m
[32m14:35:08[0m | [1mINFO    [0m | [36mbackend.risk.breakeven_manager[0m:[36mcheck_breakeven[0m | [1mBreak-even triggered: SL 5711.37011 -> 5737.42200[0m
[32m14:35:08[0m | [1mINFO    [0m | [36mbackend.risk.position_sizer[0m:[36mcalculate_lot_size[0m | [1m[SIZER] Crash 1000 Index: lot=4.425 | risk=$99.97 (1.00%) | source=InstrumentProfile[0m
[32m14:35:08[0m | [1mINFO    [0m | [36mbackend.risk.engine[0m:[36mevaluate_signal[0m | [1m{"event": "trade_approved", "direction": "BUY", "symbol": "Crash 1000 Index", "entry": 5700.054, "sl": 5677.460999999999, "risk_dollars": 99.97402500000335, "lots": 4.425, "tp_count": 1, "last_tp_rr": 5.0, "binding_constraint": "none"}[0m
[32m14:35:08[0m | [1mINFO    [0m | [36mbackend.risk.position_sizer[0m:[36mcalculate_lot_size[0m | [1m[SIZER] Crash 1000 Index: lot=5.735 | risk=$99.98 (1.00%) | source=InstrumentProfile[0m
[32m14:35:08[0m | [1mINFO    [0m | [36mbackend.risk.engine[0m:[36mevaluate_signal[0m | [1m{"event": "trade_approved", "direction": "BUY", "symbol": "Crash 1000 Index", "entry": 5694.023, "sl": 5676.590071428571, "risk_dollars": 99.9778453571472, "lots": 5.735, "tp_count": 1, "last_tp_rr": 5.0, "binding_constraint": "none"}[0m
[32m14:35:08[0m | [1mINFO    [0m | [36mbackend.risk.position_sizer[0m:[36mcalculate_lot_size[0m | [1m[SIZER] Crash 1000 Index: lot=3.384 | risk=$99.97 (1.00%) | source=InstrumentProfile[0m
[32m14:35:08[0m | [1mINFO    [0m | [36mbackend.risk.engine[0m:[36mevaluate_signal[0m | [1m{"event": "trade_approved", "direction": "BUY", "symbol": "Crash 1000 Index", "entry": 5644.264, "sl": 5614.722142857142, "risk_dollars": 99.96964457143193, "lots": 3.384, "tp_count": 1, "last_tp_rr": 5.0, "binding_constraint": "none"}[0m
[32m14:35:08[0m | [1mINFO    [0m | [36mbackend.risk.position_sizer[0m:[36mcalculate_lot_size[0m | [1m[SIZER] Crash 1000 Index: lot=1.357 | risk=$99.93 (1.00%) | source=InstrumentProfile[0m
[32m14:35:08[0m | [1mINFO    [0m | [36mbackend.risk.engine[0m:[36mevaluate_signal[0m | [1m{"event": "trade_approved", "direction": "BUY", "symbol": "Crash 1000 Index", "entry": 5619.765, "sl": 5546.12275, "risk_dollars": 99.93253324999984, "lots": 1.357, "tp_count": 1, "last_tp_rr": 5.0, "binding_constraint": "none"}[0m
[32m14:35:08[0m | [1mINFO    [0m | [36mbackend.risk.breakeven_manager[0m:[36mcheck_breakeven[0m | [1mBreak-even triggered: SL 5546.12775 -> 5619.77500[0m
[32m14:35:08[0m | [1mINFO    [0m | [36mbackend.risk.position_sizer[0m:[36mcalculate_lot_size[0m | [1m[SIZER] Crash 1000 Index: lot=7.934 | risk=$99.97 (1.00%) | source=InstrumentProfile[0m
[32m14:35:08[0m | [1mINFO    [0m | [36mbackend.risk.engine[0m:[36mevaluate_signal[0m | [1m{"event": "trade_approved", "direction": "BUY", "symbol": "Crash 1000 Index", "entry": 5723.633, "sl": 5711.032964285715, "risk_dollars": 99.96868335713549, "lots": 7.934, "tp_count": 1, "last_tp_rr": 5.0, "binding_constraint": "none"}[0m
[32m14:35:08[0m | [1mINFO    [0m | [36mbackend.risk.position_sizer[0m:[36mcalculate_lot_size[0m | [1m[SIZER] Crash 1000 Index: lot=8.116 | risk=$99.97 (1.00%) | source=InstrumentProfile[0m
[32m14:35:08[0m | [1mINFO    [0m | [36mbackend.risk.engine[0m:[36mevaluate_signal[0m | [1m{"event": "trade_approved", "direction": "BUY", "symbol": "Crash 1000 Index", "entry": 5709.6, "sl": 5697.282214285714, "risk_dollars": 99.95883107143415, "lots": 8.116, "tp_count": 1, "last_tp_rr": 5.0, "binding_constraint": "lot_max"}[0m
[32m14:35:08[0m | [1mINFO    [0m | [36mbackend.risk.position_sizer[0m:[36mcalculate_lot_size[0m | [1m[SIZER] Crash 1000 Index: lot=4.894 | risk=$99.97 (1.00%) | source=InstrumentProfile[0m
[32m14:35:08[0m | [1mINFO    [0m | [36mbackend.risk.engine[0m:[36mevaluate_signal[0m | [1m{"event": "trade_approved", "direction": "BUY", "symbol": "Crash 1000 Index", "entry": 5678.744, "sl": 5658.317678571429, "risk_dollars": 99.96641707142696, "lots": 4.894, "tp_count": 1, "last_tp_rr": 5.0, "binding_constraint": "none"}[0m
[32m14:35:08[0m | [1mINFO    [0m | [36mbackend.risk.breakeven_manager[0m:[36mcheck_breakeven[0m | [1mBreak-even triggered: SL 5658.32368 -> 5678.75500[0m
[32m14:35:08[0m | [1mINFO    [0m | [36mbackend.risk.position_sizer[0m:[36mcalculate_lot_size[0m | [1m[SIZER] Crash 1000 Index: lot=3.443 | risk=$99.98 (1.00%) | source=InstrumentProfile[0m
[32m14:35:08[0m | [1mINFO    [0m | [36mbackend.risk.engine[0m:[36mevaluate_signal[0m | [1m{"event": "trade_approved", "direction": "BUY", "symbol": "Crash 1000 Index", "entry": 5769.824, "sl": 5740.7853214285715, "risk_dollars": 99.98017032142707, "lots": 3.443, "tp_count": 1, "last_tp_rr": 5.0, "binding_constraint": "none"}[0m
[32m14:35:08[0m | [1mINFO    [0m | [36mbackend.risk.position_sizer[0m:[36mcalculate_lot_size[0m | [1m[SIZER] Crash 1000 Index: lot=5.48 | risk=$99.97 (1.00%) | source=InstrumentProfile[0m
[32m14:35:08[0m | [1mINFO    [0m | [36mbackend.risk.engine[0m:[36mevaluate_signal[0m | [1m{"event": "trade_approved", "direction": "BUY", "symbol": "Crash 1000 Index", "entry": 5755.608, "sl": 5737.366071428572, "risk_dollars": 99.96576857142882, "lots": 5.48, "tp_count": 1, "last_tp_rr": 5.0, "binding_constraint": "none"}[0m
[32m14:35:08[0m | [1mINFO    [0m | [36mbackend.risk.position_sizer[0m:[36mcalculate_lot_size[0m | [1m[SIZER] Crash 1000 Index: lot=6.692 | risk=$99.98 (1.00%) | source=InstrumentProfile[0m
[32m14:35:08[0m | [1mINFO    [0m | [36mbackend.risk.engine[0m:[36mevaluate_signal[0m | [1m{"event": "trade_approved", "direction": "BUY", "symbol": "Crash 1000 Index", "entry": 5762.485, "sl": 5747.544964285715, "risk_dollars": 99.97871899999477, "lots": 6.692, "tp_count": 1, "last_tp_rr": 5.0, "binding_constraint": "none"}[0m
[32m14:35:08[0m | [1mINFO    [0m | [36mbackend.risk.engine[0m:[36mevaluate_signal[0m | [1mScaling down risk from $100.00 to $31.34 to honor 3.0% daily drawdown.[0m
[32m14:35:08[0m | [1mINFO    [0m | [36mbackend.risk.position_sizer[0m:[36mcalculate_lot_size[0m | [1m[SIZER] Crash 1000 Index: lot=1.241 | risk=$31.31 (0.31%) | source=InstrumentProfile[0m
[32m14:35:09[0m | [1mINFO    [0m | [36mbackend.risk.engine[0m:[36mevaluate_signal[0m | [1m{"event": "trade_approved", "direction": "BUY", "symbol": "Crash 1000 Index", "entry": 5757.362, "sl": 5732.129892857142, "risk_dollars": 31.313044964286515, "lots": 1.241, "tp_count": 1, "last_tp_rr": 5.0, "binding_constraint": "daily_dd"}[0m
[32m14:35:09[0m | [1mINFO    [0m | [36mbackend.risk.breakeven_manager[0m:[36mcheck_breakeven[0m | [1mBreak-even triggered: SL 5732.13089 -> 5757.36800[0m
[32m14:35:09[0m | [1mINFO    [0m | [36mbackend.risk.position_sizer[0m:[36mcalculate_lot_size[0m | [1m[SIZER] Crash 1000 Index: lot=0.388 | risk=$9.98 (0.10%) | source=InstrumentProfile[0m
[32m14:35:09[0m | [1mINFO    [0m | [36mbackend.risk.engine[0m:[36mevaluate_signal[0m | [1m{"event": "trade_approved", "direction": "BUY", "symbol": "Crash 1000 Index", "entry": 5792.314, "sl": 5766.604892857144, "risk_dollars": 9.975133571428415, "lots": 0.388, "tp_count": 1, "last_tp_rr": 5.0, "binding_constraint": "none"}[0m
[32m14:35:09[0m | [1mINFO    [0m | [36mbackend.risk.position_sizer[0m:[36mcalculate_lot_size[0m | [1m[SIZER] Crash 1000 Index: lot=7.219 | risk=$99.97 (1.00%) | source=InstrumentProfile[0m
[32m14:35:09[0m | [1mINFO    [0m | [36mbackend.risk.engine[0m:[36mevaluate_signal[0m | [1m{"event": "trade_approved", "direction": "BUY", "symbol": "Crash 1000 Index", "entry": 5780.318, "sl": 5766.469964285714, "risk_dollars": 99.96896982143207, "lots": 7.219, "tp_count": 1, "last_tp_rr": 5.0, "binding_constraint": "none"}[0m
[32m14:35:09[0m | [1mINFO    [0m | [36mbackend.risk.breakeven_manager[0m:[36mcheck_breakeven[0m | [1mBreak-even triggered: SL 5766.47996 -> 5780.33300[0m
[32m14:35:09[0m | [1mINFO    [0m | [36mbackend.risk.position_sizer[0m:[36mcalculate_lot_size[0m | [1m[SIZER] Crash 1000 Index: lot=3.778 | risk=$99.99 (1.00%) | source=InstrumentProfile[0m
[32m14:35:09[0m | [1mINFO    [0m | [36mbackend.risk.engine[0m:[36mevaluate_signal[0m | [1m{"event": "trade_approved", "direction": "BUY", "symbol": "Crash 1000 Index", "entry": 5876.825, "sl": 5850.359678571429, "risk_dollars": 99.98598435714071, "lots": 3.778, "tp_count": 1, "last_tp_rr": 5.0, "binding_constraint": "none"}[0m
[32m14:35:09[0m | [1mINFO    [0m | [36mbackend.risk.breakeven_manager[0m:[36mcheck_breakeven[0m | [1mBreak-even triggered: SL 5850.36468 -> 5876.83500[0m
[32m14:35:09[0m | [1mINFO    [0m | [36mbackend.risk.position_sizer[0m:[36mcalculate_lot_size[0m | [1m[SIZER] Crash 1000 Index: lot=2.185 | risk=$99.99 (1.00%) | source=InstrumentProfile[0m
[32m14:35:09[0m | [1mINFO    [0m | [36mbackend.risk.engine[0m:[36mevaluate_signal[0m | [1m{"event": "trade_approved", "direction": "BUY", "symbol": "Crash 1000 Index", "entry": 5961.502, "sl": 5915.7420357142855, "risk_dollars": 99.98552196428703, "lots": 2.185, "tp_count": 1, "last_tp_rr": 5.0, "binding_constraint": "none"}[0m
[32m14:35:09[0m | [1mINFO    [0m | [36mbackend.risk.breakeven_manager[0m:[36mcheck_breakeven[0m | [1mBreak-even triggered: SL 5915.75004 -> 5961.51500[0m
[32m14:35:09[0m | [1mINFO    [0m | [36mbackend.risk.position_sizer[0m:[36mcalculate_lot_size[0m | [1m[SIZER] Crash 1000 Index: lot=2.673 | risk=$99.96 (1.00%) | source=InstrumentProfile[0m
[32m14:35:09[0m | [1mINFO    [0m | [36mbackend.risk.engine[0m:[36mevaluate_signal[0m | [1m{"event": "trade_approved", "direction": "BUY", "symbol": "Crash 1000 Index", "entry": 6171.385, "sl": 6133.988892857143, "risk_dollars": 99.95979439285821, "lots": 2.673, "tp_count": 1, "last_tp_rr": 5.0, "binding_constraint": "none"}[0m
[32m14:35:09[0m | [1mINFO    [0m | [36mbackend.risk.position_sizer[0m:[36mcalculate_lot_size[0m | [1m[SIZER] Crash 1000 Index: lot=4.674 | risk=$99.97 (1.00%) | source=InstrumentProfile[0m
[32m14:35:09[0m | [1mINFO    [0m | [36mbackend.risk.engine[0m:[36mevaluate_signal[0m | [1m{"event": "trade_approved", "direction": "BUY", "symbol": "Crash 1000 Index", "entry": 6153.595, "sl": 6132.206035714286, "risk_dollars": 99.9720190714267, "lots": 4.674, "tp_count": 1, "last_tp_rr": 5.0, "binding_constraint": "none"}[0m
[32m14:35:09[0m | [1mINFO    [0m | [36mbackend.risk.position_sizer[0m:[36mcalculate_lot_size[0m | [1m[SIZER] Crash 1000 Index: lot=3.961 | risk=$99.99 (1.00%) | source=InstrumentProfile[0m
[32m14:35:09[0m | [1mINFO    [0m | [36mbackend.risk.engine[0m:[36mevaluate_signal[0m | [1m{"event": "trade_approved", "direction": "BUY", "symbol": "Crash 1000 Index", "entry": 6105.192, "sl": 6079.948892857143, "risk_dollars": 99.96270428571489, "lots": 3.961, "tp_count": 1, "last_tp_rr": 5.0, "binding_constraint": "lot_max"}[0m
[32m14:35:09[0m | [1mINFO    [0m | [36mbackend.risk.position_sizer[0m:[36mcalculate_lot_size[0m | [1m[SIZER] Crash 1000 Index: lot=0.463 | risk=$9.98 (0.10%) | source=InstrumentProfile[0m
[32m14:35:09[0m | [1mINFO    [0m | [36mbackend.risk.engine[0m:[36mevaluate_signal[0m | [1m{"event": "trade_approved", "direction": "BUY", "symbol": "Crash 1000 Index", "entry": 6058.227, "sl": 6036.675392857143, "risk_dollars": 9.978394107142552, "lots": 0.463, "tp_count": 1, "last_tp_rr": 5.0, "binding_constraint": "none"}[0m
[32m14:35:09[0m | [33m[1mWARNING [0m | [36mbackend.strategies.base_strategy[0m:[36mlog_event[0m | [33m[1m[DJA] [Crash 1000 Index] Max consecutive losses (4) reached. Cooldown until 2026-08-31T01:35:09.250824+00:00[0m
[32m14:35:09[0m | [33m[1mWARNING [0m | [36mbackend.services.bot_service[0m:[36m_log_event[0m | [33m[1m[BT-DJA] [Crash 1000 Index] Max consecutive losses (4) reached. Cooldown until 2026-08-31T01:35:09.250824+00:00[0m
[32m14:35:09[0m | [1mINFO    [0m | [36mbackend.risk.position_sizer[0m:[36mcalculate_lot_size[0m | [1m[SIZER] Crash 1000 Index: lot=8.223 | risk=$99.97 (1.00%) | source=InstrumentProfile[0m
[32m14:35:09[0m | [1mINFO    [0m | [36mbackend.risk.engine[0m:[36mevaluate_signal[0m | [1m{"event": "trade_approved", "direction": "BUY", "symbol": "Crash 1000 Index", "entry": 6066.993, "sl": 6054.8361428571425, "risk_dollars": 99.96583628572066, "lots": 8.223, "tp_count": 1, "last_tp_rr": 5.0, "binding_constraint": "none"}[0m
[32m14:35:09[0m | [1mINFO    [0m | [36mbackend.risk.breakeven_manager[0m:[36mcheck_breakeven[0m | [1mBreak-even triggered: SL 6054.83814 -> 6067.00000[0m
[32m14:35:09[0m | [1mINFO    [0m | [36mbackend.risk.position_sizer[0m:[36mcalculate_lot_size[0m | [1m[SIZER] Crash 1000 Index: lot=0.53 | risk=$9.99 (0.10%) | source=InstrumentProfile[0m
[32m14:35:09[0m | [1mINFO    [0m | [36mbackend.risk.engine[0m:[36mevaluate_signal[0m | [1m{"event": "trade_approved", "direction": "BUY", "symbol": "Crash 1000 Index", "entry": 6010.519, "sl": 5991.667142857143, "risk_dollars": 9.991484285714542, "lots": 0.53, "tp_count": 1, "last_tp_rr": 5.0, "binding_constraint": "none"}[0m
[32m14:35:09[0m | [1mINFO    [0m | [36mbackend.risk.position_sizer[0m:[36mcalculate_lot_size[0m | [1m[SIZER] Crash 1000 Index: lot=1.572 | risk=$29.99 (0.30%) | source=InstrumentProfile[0m
[32m14:35:09[0m | [1mINFO    [0m | [36mbackend.risk.engine[0m:[36mevaluate_signal[0m | [1m{"event": "trade_approved", "direction": "BUY", "symbol": "Crash 1000 Index", "entry": 6004.185, "sl": 5985.108, "risk_dollars": 29.989044000000355, "lots": 1.572, "tp_count": 1, "last_tp_rr": 5.0, "binding_constraint": "none"}[0m
[32m14:35:09[0m | [1mINFO    [0m | [36mbackend.risk.position_sizer[0m:[36mcalculate_lot_size[0m | [1m[SIZER] Crash 1000 Index: lot=6.105 | risk=$99.97 (1.00%) | source=InstrumentProfile[0m
[32m14:35:09[0m | [1mINFO    [0m | [36mbackend.risk.engine[0m:[36mevaluate_signal[0m | [1m{"event": "trade_approved", "direction": "BUY", "symbol": "Crash 1000 Index", "entry": 5971.929, "sl": 5955.554142857143, "risk_dollars": 99.9685028571411, "lots": 6.105, "tp_count": 1, "last_tp_rr": 5.0, "binding_constraint": "none"}[0m
[32m14:35:09[0m | [1mINFO    [0m | [36mbackend.risk.breakeven_manager[0m:[36mcheck_breakeven[0m | [1mBreak-even triggered: SL 5955.55614 -> 5971.93600[0m
[32m14:35:09[0m | [1mINFO    [0m | [36mbackend.risk.position_sizer[0m:[36mcalculate_lot_size[0m | [1m[SIZER] Crash 1000 Index: lot=2.874 | risk=$99.98 (1.00%) | source=InstrumentProfile[0m
[32m14:35:09[0m | [1mINFO    [0m | [36mbackend.risk.engine[0m:[36mevaluate_signal[0m | [1m{"event": "trade_approved", "direction": "BUY", "symbol": "Crash 1000 Index", "entry": 5929.503, "sl": 5894.715964285714, "risk_dollars": 99.9779406428568, "lots": 2.874, "tp_count": 1, "last_tp_rr": 5.0, "binding_constraint": "none"}[0m
[32m14:35:10[0m | [1mINFO    [0m | [36mbackend.backtester.engine[0m:[36mrun[0m | [1m[ENGINE] Gate telemetry: 19700 candidates, 19294 blocked. Top blockers: [('daily_trade_cap', 15263), ('drift_regime_active', 2711), ('pullback_within_atr', 533)][0m
[32m14:35:10[0m | [1mINFO    [0m | [36mbackend.backtester.report[0m:[36mapply_bar_level_drawdown[0m | [1m[REPORT] max_drawdown_pct corrected from closed-trade basis 13.71% -> bar-level basis 15.98% (abs $1,598.11, 20002 equity points)[0m
[32m14:35:10[0m | [1mINFO    [0m | [36mbackend.backtester.engine[0m:[36mrun[0m | [1m[ENGINE] \u2550\u2550\u2550 Backtest engine complete \u2550\u2550\u2550[0m
[32m14:35:10[0m | [1mINFO    [0m | [36mbackend.backtester.engine[0m:[36mrun[0m | [1m[ENGINE] Trades: 71 (29W / 42L) | Invalid: 0[0m
[32m14:35:10[0m | [1mINFO    [0m | [36mbackend.backtester.engine[0m:[36mrun[0m | [1m[ENGINE] P&L: $417.00 | Final balance: $10417.00[0m
[32m14:35:10[0m | [1mINFO    [0m | [36mbackend.backtester.engine[0m:[36mrun[0m | [1m[ENGINE] Best trade: $499.89 | Worst trade: $-168.67[0m
[32m14:35:10[0m | [1mINFO    [0m | [36mbackend.backtester.engine[0m:[36mrun[0m | [1m[ENGINE] Leg-level hit rates: TP1=11.3% TP2=0.0% TP3=0.0% SL=57.7% BE=21.1% TRAIL=0.0% | max_dd=15.98% (bar-level)[0m
[32m14:35:10[0m | [1mINFO    [0m | [36mbackend.backtester.engine[0m:[36mrun[0m | [1m[ENGINE] Cost model applied: {'CRASH 1000 INDEX': {'slippage_pips': 1.0, 'commission_per_lot': 0.0, 'spread_pips': 2.0, 'swap_long_per_lot_per_day': 0.0, 'swap_short_per_lot_per_day': 0.0, 'stops_level_pips': 2.0, 'exit_slippage_pips': 1.0, 'sources': {'slippage_pips': 'ASSET_CLASS_DEFAULT', 'commission_per_lot': 'ASSET_CLASS_DEFAULT', 'spread_pips': 'ASSET_CLASS_DEFAULT', 'swap_long_per_lot_per_day': 'ASSET_CLASS_DEFAULT', 'swap_short_per_lot_per_day': 'ASSET_CLASS_DEFAULT', 'stops_level_pips': 'ASSET_CLASS_DEFAULT', 'exit_slippage_pips': 'DEFAULT_EQUALS_SLIPPAGE_PIPS'}, 'broker_source': 'ASSET_CLASS_DEFAULT'}}[0m
  signals=406  trades=71  P&L=$+417.00
  --- gate telemetry (B7) ---
  candidates evaluated: 19700
    crash_symbol_only          eval= 19700 pass= 19700 (100%)
    daily_risk_cap             eval=  4437 pass=  4437 (100%)
    daily_trade_cap            eval= 19700 pass=  4437 (23%)
    drift_regime_active        eval=  3975 pass=  1264 (32%)
    jump_cooldown              eval=  4385 pass=  4174 (95%)
    min_rrr_drift              eval=   481 pass=   406 (84%)
    post_jump_ema_reclaim      eval=    68 pass=    42 (62%)
    pullback_within_atr        eval=  1238 pass=   705 (57%)
  blocked by: {'daily_trade_cap': 15263, 'drift_regime_active': 2711, 'pullback_within_atr': 533, 'jump_cooldown': 211, 'min_rrr_drift': 75, 'post_jump_ema_reclaim': 26}
